Time (s);Fᵧ (N) --sensor: Force --remote: 1 --Run1;Fᵧ (N) --sensor: Force --remote: 1 --Run2;Fᵧ (N) --sensor: Force --remote: 1 --Run3
0.0000000000;-0.4995908838;-0.4104428728;-0.4817612816
0.0100000000;-0.4817612816;-0.4104428728;-0.4691756800
0.0200000000;-0.4817612816;-0.4104428728;-0.4796636813
0.0300000000;-0.4965168144;-0.4282724750;-0.4817612816
0.0400000000;-0.4995908838;-0.4282724750;-0.4665408895
0.0500000000;-0.4840305037;-0.4104428728;-0.4794920595
0.0600000000;-0.4817612816;-0.4282724750;-0.4817612816
0.0700000000;-0.4817612816;-0.4282724750;-0.4817612816
0.0800000000;-0.4979551404;-0.4104428728;-0.4817612816
0.0900000000;-0.4832584237;-0.4282724750;-0.4817612816
0.1000000000;-0.4817612816;-0.4104428728;-0.4817612816
0.1100000000;-0.4983103046;-0.4104428728;-0.4817612816
0.1200000000;-0.4995908838;-0.4104428728;-0.4817612816
0.1300000000;-0.4828802943;-0.4104428728;-0.4650506921
0.1400000000;-0.4985382135;-0.4104428728;-0.4807086113
0.1500000000;-0.4995908838;-0.4104428728;-0.4817612816
0.1600000000;-0.4995908838;-0.4104428728;-0.4817612816
0.1700000000;-0.4995908838;-0.4104428728;-0.4817612816
0.1800000000;-0.4826123366;-0.4104428728;-0.4817612816
0.1900000000;-0.4987786893;-0.4104428728;-0.4817612816
0.2000000000;-0.4995908838;-0.4104428728;-0.4647084145
0.2100000000;-0.4995908838;-0.4104428728;-0.4810170332
0.2200000000;-0.4995908838;-0.4104428728;-0.4817612816
0.2300000000;-0.4824480921;-0.4104428728;-0.4817612816
0.2400000000;-0.4989295861;-0.4104428728;-0.4817612816
0.2500000000;-0.4995908838;-0.4104428728;-0.4817612816
0.2600000000;-0.4995908838;-0.4104428728;-0.4817612816
0.2700000000;-0.4995908838;-0.4104428728;-0.4817612816
0.2800000000;-0.4995908838;-0.4104428728;-0.4645074469
0.2900000000;-0.4995908838;-0.4104428728;-0.4812035443
0.3000000000;-0.4995908838;-0.4104428728;-0.4644724825
0.3100000000;-0.4995908838;-0.4104428728;-0.4812364137
0.3200000000;-0.4822711272;-0.4104428728;-0.4817612816
0.3300000000;-0.4990952237;-0.4104428728;-0.4817612816
0.3400000000;-0.4822435248;-0.4104428728;-0.4644139226
0.3500000000;-0.4817612816;-0.4104428728;-0.4812917476
0.3600000000;-0.4991334058;-0.4104428728;-0.4643891574
0.3700000000;-0.4995908838;-0.4104428728;-0.4813152556
0.3800000000;-0.4995908838;-0.4104428728;-0.4817612816
0.3900000000;-0.4821860426;-0.4104428728;-0.4643564404
0.4000000000;-0.4991760121;-0.4104428728;-0.4639316794
0.4100000000;-0.4995908838;-0.4104428728;-0.4639316794
0.4200000000;-0.4821576952;-0.4104428728;-0.4813648680
0.4300000000;-0.4817612816;-0.4104428728;-0.4817612816
0.4400000000;-0.4992113550;-0.4104428728;-0.4643112082
0.4500000000;-0.4995908838;-0.4104428728;-0.4813896668
0.4600000000;-0.4995908838;-0.4104428728;-0.4642957036
0.4700000000;-0.4995908838;-0.4104428728;-0.4814045439
0.4800000000;-0.4995908838;-0.4104428728;-0.4817612816
0.4900000000;-0.4995908838;-0.4104428728;-0.4817612816
0.5000000000;-0.4995908838;-0.4104428728;-0.4817612816
0.5100000000;-0.4820915748;-0.4282724750;-0.4817612816
0.5200000000;-0.4992666000;-0.4282724750;-0.4817612816
0.5300000000;-0.4820797707;-0.4104428728;-0.4642501685
0.5400000000;-0.4992779857;-0.4104428728;-0.4814483835
0.5500000000;-0.4995908838;-0.4104428728;-0.4817612816
0.5600000000;-0.4995908838;-0.4282724750;-0.4817612816
0.5700000000;-0.4995908838;-0.4104428728;-0.4817612816
0.5800000000;-0.4995908838;-0.4282724750;-0.4817612816
0.5900000000;-0.4995908838;-0.4104428728;-0.4817612816
0.6000000000;-0.4995908838;-0.4104428728;-0.4817612816
0.6100000000;-0.4995908838;-0.4282724750;-0.4817612816
0.6200000000;-0.4820356491;-0.4104428728;-0.4817612816
0.6300000000;-0.4993206753;-0.4282724750;-0.4817612816
0.6400000000;-0.5171543123;-0.4282724750;-0.4817612816
0.6500000000;-0.4998531414;-0.4104428728;-0.4817612816
0.6600000000;-0.4995908838;-0.4104428728;-0.4817612816
0.6700000000;-0.4820160429;-0.4104428728;-0.4817612816
0.6800000000;-0.4993397121;-0.4282724750;-0.4817612816
0.6900000000;-0.4995908838;-0.4104428728;-0.4817612816
0.7000000000;-0.4995908838;-0.4104428728;-0.4817612816
0.7100000000;-0.4995908838;-0.4104428728;-0.4817612816
0.7200000000;-0.4995908838;-0.4282724750;-0.4817612816
0.7300000000;-0.4995908838;-0.4104428728;-0.4817612816
0.7400000000;-0.4995908838;-0.4104428728;-0.4817612816
0.7500000000;-0.5171918632;-0.4104428728;-0.4817612816
0.7600000000;-0.4998166116;-0.4104428728;-0.4641574072
0.7700000000;-0.4995908838;-0.4104428728;-0.4815383763
0.7800000000;-0.4995908838;-0.4104428728;-0.4817612816
0.7900000000;-0.4995908838;-0.4282724750;-0.4817612816
0.8000000000;-0.4819761276;-0.4104428728;-0.4817612816
0.8100000000;-0.4993785961;-0.4104428728;-0.4817612816
0.8200000000;-0.4995908838;-0.4104428728;-0.4993810944
0.8300000000;-0.4995908838;-0.4104428728;-0.4819686309
0.8400000000;-0.4995908838;-0.4104428728;-0.4817612816
0.8500000000;-0.4995908838;-0.4104428728;-0.4817612816
0.8600000000;-0.4995908838;-0.4104428728;-0.4993905256
0.8700000000;-0.4995908838;-0.4104428728;-0.4819594130
0.8800000000;-0.4995908838;-0.4104428728;-0.4817612816
0.8900000000;-0.4995908838;-0.4282724750;-0.4817612816
0.9000000000;-0.4819530201;-0.4104428728;-0.4817612816
0.9100000000;-0.4994011854;-0.4282724750;-0.4817612816
0.9200000000;-0.4819489826;-0.4104428728;-0.4817612816
0.9300000000;-0.4994051384;-0.4104428728;-0.4641174248
0.9400000000;-0.4995908838;-0.4104428728;-0.4815774515
0.9500000000;-0.4995908838;-0.4104428728;-0.4817612816
0.9600000000;-0.4995908838;-0.4104428728;-0.4817612816
0.9700000000;-0.4995908838;-0.4282724750;-0.4817612816
0.9800000000;-0.4995908838;-0.4104428728;-0.4817612816
0.9900000000;-0.4995908838;-0.4282724750;-0.4817612816
1.0000000000;-0.4995908838;-0.4104428728;-0.4817612816
1.0100000000;-0.4995908838;-0.4104428728;-0.4817612816
1.0200000000;-0.4995908838;-0.4104428728;-0.4817612816
1.0300000000;-0.4995908838;-0.4104428728;-0.4817612816
1.0400000000;-0.4995908838;-0.4282724750;-0.4817612816
1.0500000000;-0.4995908838;-0.4104428728;-0.4817612816
1.0600000000;-0.4995908838;-0.4104428728;-0.4817612816
1.0700000000;-0.4995908838;-0.4282724750;-0.4817612816
1.0800000000;-0.4995908838;-0.4104428728;-0.4817612816
1.0900000000;-0.4995908838;-0.4104428728;-0.4817612816
1.1000000000;-0.4995908838;-0.4104428728;-0.4817612816
1.1100000000;-0.4995908838;-0.4282724750;-0.4817612816
1.1200000000;-0.4995908838;-0.4104428728;-0.4994358319
1.1300000000;-0.4995908838;-0.4104428728;-0.4819149966
1.1400000000;-0.4995908838;-0.4104428728;-0.4817612816
1.1500000000;-0.4995908838;-0.4104428728;-0.4817612816
1.1600000000;-0.4995908838;-0.4104428728;-0.4640815186
1.1700000000;-0.4995908838;-0.4104428728;-0.4816126911
1.1800000000;-0.4995908838;-0.4104428728;-0.4817612816
1.1900000000;-0.4995908838;-0.4282724750;-0.4817612816
1.2000000000;-0.4995908838;-0.4104428728;-0.4817612816
1.2100000000;-0.5172766894;-0.4104428728;-0.4817612816
1.2200000000;-0.4997335298;-0.4104428728;-0.4817612816
1.2300000000;-0.4995908838;-0.4104428728;-0.4817612816
1.2400000000;-0.4995908838;-0.4104428728;-0.4640720787
1.2500000000;-0.4995908838;-0.4282724750;-0.4816219792
1.2600000000;-0.4995908838;-0.4104428728;-0.4817612816
1.2700000000;-0.4995908838;-0.4104428728;-0.4817612816
1.2800000000;-0.5172843741;-0.4104428728;-0.4817612816
1.2900000000;-0.4997259643;-0.4104428728;-0.4817612816
1.3000000000;-0.4818953464;-0.4104428728;-0.4817612816
1.3100000000;-0.4994578196;-0.4104428728;-0.4817612816
1.3200000000;-0.4995908838;-0.4104428728;-0.4817612816
1.3300000000;-0.4995908838;-0.4104428728;-0.4817612816
1.3400000000;-0.4995908838;-0.4104428728;-0.4817612816
1.3500000000;-0.4995908838;-0.4104428728;-0.4817612816
1.3600000000;-0.4995908838;-0.4104428728;-0.4817612816
1.3700000000;-0.4995908838;-0.4104428728;-0.4817612816
1.3800000000;-0.4995908838;-0.4104428728;-0.4640581369
1.3900000000;-0.4995908838;-0.4282724750;-0.4816357147
1.4000000000;-0.4995908838;-0.4104428728;-0.4817612816
1.4100000000;-0.4995908838;-0.4104428728;-0.4817612816
1.4200000000;-0.5172975173;-0.4104428728;-0.4817612816
1.4300000000;-0.5174204860;-0.4104428728;-0.4817612816
1.4400000000;-0.4997121792;-0.4104428728;-0.4817612816
1.4500000000;-0.4995908838;-0.4104428728;-0.4817612816
1.4600000000;-0.4995908838;-0.4104428728;-0.4817612816
1.4700000000;-0.4995908838;-0.4104428728;-0.4817612816
1.4800000000;-0.5173024039;-0.4104428728;-0.4817612816
1.4900000000;-0.4997081889;-0.4104428728;-0.4817612816
1.5000000000;-0.4995908838;-0.4104428728;-0.4817612816
1.5100000000;-0.4995908838;-0.4104428728;-0.4994751022
1.5200000000;-0.4995908838;-0.4104428728;-0.4818763161
1.5300000000;-0.4995908838;-0.3926132706;-0.4817612816
1.5400000000;-0.4995908838;-0.4104428728;-0.4817612816
1.5500000000;-0.5173076358;-0.4104428728;-0.4817612816
1.5600000000;-0.4997030241;-0.4282724750;-0.4817612816
1.5700000000;-0.4995908838;-0.4104428728;-0.4817612816
1.5800000000;-0.4995908838;-0.4282724750;-0.4817612816
1.5900000000;-0.5173104225;-0.4104428728;-0.4640417429
1.6000000000;-0.4997002720;-0.4104428728;-0.4816518934
1.6100000000;-0.4995908838;-0.4104428728;-0.4817612816
1.6200000000;-0.4995908838;-0.4104428728;-0.4817612816
1.6300000000;-0.5173130748;-0.4104428728;-0.4817612816
1.6400000000;-0.4996976517;-0.4104428728;-0.4640384473
1.6500000000;-0.4995908838;-0.4104428728;-0.4816551492
1.6600000000;-0.4995908838;-0.4104428728;-0.4817612816
1.6700000000;-0.4995908838;-0.4104428728;-0.4817612816
1.6800000000;-0.5173162157;-0.4104428728;-0.4817612816
1.6900000000;-0.5174204860;-0.4104428728;-0.4817612816
1.7000000000;-0.4996939485;-0.4104428728;-0.4640347441
1.7100000000;-0.4995908838;-0.4104428728;-0.4816588092
1.7200000000;-0.4995908838;-0.4104428728;-0.4817612816
1.7300000000;-0.4995908838;-0.4104428728;-0.4817612816
1.7400000000;-0.4995908838;-0.3926132706;-0.4640324148
1.7500000000;-0.5173203165;-0.4104428728;-0.4639316794
1.7600000000;-0.4996904936;-0.4104428728;-0.4639316794
1.7700000000;-0.5173214295;-0.4104428728;-0.4816622252
1.7800000000;-0.5174204860;-0.4104428728;-0.4640301885
1.7900000000;-0.5174204860;-0.4104428728;-0.4639316794
1.8000000000;-0.4996883162;-0.4104428728;-0.4639316794
1.8100000000;-0.4995908838;-0.4104428728;-0.4816643787
1.8200000000;-0.4995908838;-0.4104428728;-0.4817612816
1.8300000000;-0.5173246251;-0.4104428728;-0.4640275402
1.8400000000;-0.5174204860;-0.4104428728;-0.4639316794
1.8500000000;-0.4996857248;-0.4104428728;-0.4639316794
1.8600000000;-0.5173261468;-0.4104428728;-0.4816669424
1.8700000000;-0.5174204860;-0.3926132706;-0.4817612816
1.8800000000;-0.5174204860;-0.4104428728;-0.4640250307
1.8900000000;-0.5174204860;-0.4104428728;-0.4816684165
1.9000000000;-0.5174204860;-0.4104428728;-0.4817612816
1.9100000000;-0.5174204860;-0.4104428728;-0.4817612816
1.9200000000;-0.4996823200;-0.3926132706;-0.4640231157
1.9300000000;-0.5172376182;-0.4104428728;-0.4639316794
1.9400000000;-0.5085736231;-0.4104428728;-0.4639316794
1.9500000000;-0.4996360232;-0.4104428728;-0.4816712308
1.9600000000;-0.4995908838;-0.4104428728;-0.4817612816
1.9700000000;-0.5173313357;-0.4282724750;-0.4817612816
1.9800000000;-0.5174204860;-0.4104428728;-0.4640203861
1.9900000000;-0.4996791513;-0.4104428728;-0.4639316794
2.0000000000;-0.4995908838;-0.4104428728;-0.4639316794
2.0100000000;-0.4995908838;-0.4104428728;-0.4639316794
2.0200000000;-0.5173335102;-0.4104428728;-0.4816743058
2.0300000000;-0.4996774373;-0.4104428728;-0.4817612816
2.0400000000;-0.4995908838;-0.4104428728;-0.4817612816
2.0500000000;-0.4995908838;-0.4104428728;-0.4640174006
2.0600000000;-0.4995908838;-0.4104428728;-0.4816759705
2.0700000000;-0.5173355812;-0.4104428728;-0.4817612816
2.0800000000;-0.4996753862;-0.4104428728;-0.4817612816
2.0900000000;-0.5173363822;-0.3926132706;-0.4640157832
2.1000000000;-0.5174204860;-0.4104428728;-0.4816775727
2.1100000000;-0.5174204860;-0.4104428728;-0.4640149971
2.1200000000;-0.4996738139;-0.4104428728;-0.4639316794
2.1300000000;-0.5173379397;-0.4104428728;-0.4816787353
2.1400000000;-0.5174204860;-0.4104428728;-0.4817612816
2.1500000000;-0.5174204860;-0.4104428728;-0.4640134683
2.1600000000;-0.4996722992;-0.3926132706;-0.4816798662
2.1700000000;-0.5173394406;-0.4104428728;-0.4640127247
2.1800000000;-0.5174204860;-0.4104428728;-0.4639316794
2.1900000000;-0.5174204860;-0.4104428728;-0.4816809664
2.2000000000;-0.5174204860;-0.4104428728;-0.4817612816
2.2100000000;-0.5174204860;-0.4104428728;-0.4817612816
2.2200000000;-0.4996701280;-0.4104428728;-0.4640109236
2.2300000000;-0.5173415924;-0.4104428728;-0.4816823880
2.2400000000;-0.5174204860;-0.4104428728;-0.4817612816
2.2500000000;-0.5174204860;-0.4104428728;-0.4640098809
2.2600000000;-0.5174204860;-0.4104428728;-0.4816834216
2.2700000000;-0.4996684052;-0.4104428728;-0.4817612816
2.2800000000;-0.5173433001;-0.4104428728;-0.4640088653
2.2900000000;-0.5174204860;-0.3926132706;-0.4816844284
2.3000000000;-0.4996674071;-0.4104428728;-0.4640082027
2.3100000000;-0.5173442897;-0.4104428728;-0.4816850853
2.3200000000;-0.5174204860;-0.4104428728;-0.4817612816
2.3300000000;-0.5174204860;-0.4104428728;-0.4640072299
2.3400000000;-0.4996661155;-0.4104428728;-0.4816860498
2.3500000000;-0.4995908838;-0.4104428728;-0.4640065950
2.3600000000;-0.4995908838;-0.4282724750;-0.4639316794
2.3700000000;-0.5173461947;-0.4104428728;-0.4639316794
2.3800000000;-0.4996648668;-0.4104428728;-0.4639316794
2.3900000000;-0.5173468087;-0.4104428728;-0.4639316794
2.4000000000;-0.4996642579;-0.4104428728;-0.4639316794
2.4100000000;-0.4995908838;-0.4104428728;-0.4639316794
2.4200000000;-0.5173477109;-0.4282724750;-0.4639316794
2.4300000000;-0.5174204860;-0.4282724750;-0.4639316794
2.4400000000;-0.4996630696;-0.4282724750;-0.4639316794
2.4500000000;-0.5173485912;-0.4104428728;-0.4816893868
2.4600000000;-0.4996624898;-0.4104428728;-0.4640032854
2.4700000000;-0.5173491664;-0.4282724750;-0.4639316794
2.4800000000;-0.5174204860;-0.4104428728;-0.4639316794
2.4900000000;-0.5174204860;-0.4282724750;-0.4639316794
2.5000000000;-0.5174204860;-0.4282724750;-0.4816908077
2.5100000000;-0.4996610801;-0.4282724750;-0.4817612816
2.5200000000;-0.5351102460;-0.4104428728;-0.4817612816
2.5300000000;-0.4997301797;-0.4104428728;-0.4817612816
2.5400000000;-0.4995908838;-0.4104428728;-0.4817612816
2.5500000000;-0.5173513779;-0.4282724750;-0.4640007874
2.5600000000;-0.5174204860;-0.4104428728;-0.4816924404
2.5700000000;-0.4996594602;-0.4104428728;-0.4640002558
2.5800000000;-0.5351134608;-0.4104428728;-0.4816929679
2.5900000000;-0.5174885389;-0.4282724750;-0.4639997323
2.6000000000;-0.4996586779;-0.4282724750;-0.4816934874
2.6100000000;-0.4995908838;-0.4282724750;-0.4639992167
2.6200000000;-0.5173532035;-0.4282724750;-0.4816939991
2.6300000000;-0.5174204860;-0.4104428728;-0.4639987089
2.6400000000;-0.4996576622;-0.4104428728;-0.4639316794
2.6500000000;-0.4995908838;-0.4282724750;-0.4639316794
2.6600000000;-0.4995908838;-0.4104428728;-0.4816949996
2.6700000000;-0.5173544495;-0.4104428728;-0.4817612816
2.6800000000;-0.5174204860;-0.4104428728;-0.4817612816
2.6900000000;-0.4996564347;-0.4104428728;-0.4817612816
2.7000000000;-0.5173551752;-0.4104428728;-0.4639969902
2.7100000000;-0.5174204860;-0.4104428728;-0.4639316794
2.7200000000;-0.5174204860;-0.4104428728;-0.4816964458
2.7300000000;-0.5174204860;-0.4104428728;-0.4817612816
2.7400000000;-0.5174204860;-0.4282724750;-0.4817612816
2.7500000000;-0.5174204860;-0.4104428728;-0.4817612816
2.7600000000;-0.5174204860;-0.4104428728;-0.4817612816
2.7700000000;-0.4996545617;-0.4104428728;-0.4817612816
2.7800000000;-0.4995908838;-0.4104428728;-0.4639951307
2.7900000000;-0.4995908838;-0.4282724750;-0.4639316794
2.8000000000;-0.4995908838;-0.4104428728;-0.4816982787
2.8100000000;-0.5173577049;-0.4104428728;-0.4817612816
2.8200000000;-0.4996534445;-0.4104428728;-0.4817612816
2.8300000000;-0.5173581439;-0.4104428728;-0.4817612816
2.8400000000;-0.5174204860;-0.4282724750;-0.4639938042
2.8500000000;-0.4996527929;-0.4104428728;-0.4816993725
2.8600000000;-0.5173587911;-0.4104428728;-0.4817612816
2.8700000000;-0.4818842458;-0.4282724750;-0.4817612816
2.8800000000;-0.4817612816;-0.3926132706;-0.4817612816
2.8900000000;-0.4639927404;-0.3926132706;-0.4817612816
2.9000000000;-0.4639316794;-0.4104428728;-0.4639925320
2.9100000000;-0.4994695925;-0.4282724750;-0.4639316794
2.9200000000;-0.4818217216;-0.4282724750;-0.4639316794
2.9300000000;-0.4639919152;-0.4282724750;-0.4817010457
2.9400000000;-0.4461621102;-0.4282724750;-0.4817612816
2.9500000000;-0.4461020772;-0.4282724750;-0.4639915109
2.9600000000;-0.4461020772;-0.3926132706;-0.4639316794
2.9700000000;-0.4283319077;-0.3747836684;-0.4639316794
2.9800000000;-0.4282724750;-0.3747836684;-0.4817020464
2.9900000000;-0.4105019119;-0.3747836684;-0.4817612816
3.0000000000;-0.4282136308;-0.3569540662;-0.4639905236
3.0100000000;-0.4638143781;-0.3569540662;-0.4817026309
3.0200000000;-0.4817028232;-0.3926132706;-0.4639901377
3.0300000000;-0.4817612816;-0.3926132706;-0.4817030143
3.0400000000;-0.4817612816;-0.4104428728;-0.4817612816
3.0500000000;-0.4284461418;-0.4104428728;-0.4639895683
3.0600000000;-0.4105005744;-0.4104428728;-0.4639316794
3.0700000000;-0.3571266126;-0.4104428728;-0.4639316794
3.0800000000;-0.3924986096;-0.4104428728;-0.4817039511
3.0900000000;-0.4103857261;-0.4104428728;-0.4817612816
3.1000000000;-0.4282155108;-0.4104428728;-0.4817612816
3.1100000000;-0.4638181139;-0.4104428728;-0.4817612816
3.1200000000;-0.4817046791;-0.4282724750;-0.4817612816
3.1300000000;-0.4817612816;-0.4104428728;-0.4817612816
3.1400000000;-0.4995346384;-0.4104428728;-0.4639879247
3.1500000000;-0.4640438164;-0.4104428728;-0.4817052131
3.1600000000;-0.4639316794;-0.4104428728;-0.4817612816
3.1700000000;-0.4639316794;-0.4282724750;-0.4817612816
3.1800000000;-0.4461576217;-0.4461020772;-0.4639872239
3.1900000000;-0.4638763074;-0.4461020772;-0.4817059096
3.2000000000;-0.4817060810;-0.4461020772;-0.4639868799
3.2100000000;-0.4817612816;-0.4461020772;-0.4817062514
3.2200000000;-0.4462117989;-0.4461020772;-0.4639865402
3.2300000000;-0.4461020772;-0.4461020772;-0.4283818601
3.2400000000;-0.4461020772;-0.4461020772;-0.4282724750
3.2500000000;-0.4638773203;-0.4282724750;-0.4282724750
3.2600000000;-0.4639316794;-0.4282724750;-0.4460478834
3.2700000000;-0.4461561068;-0.4461020772;-0.4638776498
3.2800000000;-0.4283263414;-0.4461020772;-0.4639316794
3.2900000000;-0.4104965769;-0.4461020772;-0.4639316794
3.3000000000;-0.3748907541;-0.4461020772;-0.4639316794
3.3100000000;-0.3747836684;-0.4282724750;-0.4817078990
3.3200000000;-0.3747836684;-0.4461020772;-0.4639849025
3.3300000000;-0.3747836684;-0.4995908838;-0.4639316794
3.3400000000;-0.4103370582;-0.5174204860;-0.4817083743
3.3500000000;-0.4104428728;-0.5174204860;-0.4639844301
3.3600000000;-0.4282198798;-0.5174204860;-0.4639316794
3.3700000000;-0.4104953133;-0.5174204860;-0.4639316794
3.3800000000;-0.4104428728;-0.4995908838;-0.4817089949
3.3900000000;-0.4104428728;-0.4995908838;-0.4817612816
3.4000000000;-0.3926652524;-0.4995908838;-0.4817612816
3.4100000000;-0.4103910421;-0.5174204860;-0.4639835101
3.4200000000;-0.4282207946;-0.4995908838;-0.4817096011
3.4300000000;-0.4282724750;-0.4995908838;-0.4639832105
3.4400000000;-0.4460506946;-0.4995908838;-0.4639316794
3.4500000000;-0.4461020772;-0.4995908838;-0.4639316794
3.4600000000;-0.4461020772;-0.4817612816;-0.4817101935
3.4700000000;-0.4461020772;-0.4817612816;-0.4817612816
3.4800000000;-0.4816596876;-0.4461020772;-0.4817612816
3.4900000000;-0.4639823321;-0.4817612816;-0.4817612816
3.5000000000;-0.4817107724;-0.4817612816;-0.4817612816
3.5100000000;-0.5706574600;-0.4817612816;-0.4817612816
3.5200000000;-0.7131443130;-0.4639316794;-0.4817612816
3.5300000000;-0.7846641846;-0.4995908838;-0.4817612816
3.5400000000;-0.8204238367;-0.3747836684;-0.4639816226
3.5500000000;-0.6606566179;-0.3034652596;-0.4994912763
3.5600000000;-0.6067920931;-0.3391244640;-0.4818109466
3.5700000000;-0.5532284782;-0.3569540662;-0.4817612816
3.5800000000;-0.4641786287;-0.3391244640;-0.4639810692
3.5900000000;-0.4105906331;-0.3212948618;-0.4639316794
3.6000000000;-0.3748819039;-0.3212948618;-0.4639316794
3.6100000000;-0.3925642878;-0.3569540662;-0.4639316794
3.6200000000;-0.4281747778;-0.3747836684;-0.4639316794
3.6300000000;-0.4460533621;-0.4104428728;-0.4461507923
3.6400000000;-0.4638830970;-0.4282724750;-0.4283210574
3.6500000000;-0.4461505276;-0.4639316794;-0.4638347786
3.6600000000;-0.4105395109;-0.4995908838;-0.4639316794
3.6700000000;-0.3748800454;-0.4995908838;-0.4639316794
3.6800000000;-0.3036574940;-0.5352500881;-0.4639316794
3.6900000000;-0.2501202412;-0.5174204860;-0.4461500066
3.7000000000;-0.2321946518;-0.5174204860;-0.4461020772
3.7100000000;-0.2143649218;-0.4995908838;-0.4283201481
3.7200000000;-0.2143646675;-0.4817612816;-0.4282250562
3.7200533333;-0.2321468509;-0.4817612816;-0.4104428728
3.7300266667;-0.2143645424;-0.4639316794;-0.4104428728
3.7500000000;-0.2143172487;-0.4461020772;-0.3926604392
3.7600000000;-0.2498823648;-0.4639316794;-0.3926132706
3.7700000000;-0.2855418168;-0.4639316794;-0.4103959525
3.7800000000;-0.3745496825;-0.4639316794;-0.3926600678
3.7900000000;-0.4459153785;-0.4639316794;-0.4103961981
3.8000000000;-0.5172342747;-0.4461020772;-0.4104428728
3.8100000000;-0.5352036566;-0.4461020772;-0.3926597022
3.8200000000;-0.4996835057;-0.5530796903;-0.3926132706
3.8300000000;-0.4106738278;-0.5530796903;-0.4103966818
3.8400000000;-0.3393087506;-0.5887388947;-0.4282264034
3.8500000000;-0.3213408147;-0.5887388947;-0.4104888257
3.8600000000;-0.3568623967;-0.5887388947;-0.4282266402
3.8700000000;-0.3747379512;-0.5887388947;-0.4282724750
3.8800000000;-0.3036476609;-0.6065684969;-0.4282724750
3.8900000000;-0.2501129050;-0.6243980991;-0.4282724750
3.9000000000;-0.1966237512;-0.6422277013;-0.4282724750
3.9100000000;-0.1431345992;-0.6422277013;-0.4282724750
3.9200000000;-0.1074299126;-0.6243980991;-0.4282724750
3.9300000000;-0.0717704802;-0.6243980991;-0.4282724750
3.9400000000;-0.0538957401;-0.5887388947;-0.4460571661
3.9500000000;-0.0360660250;-0.5709092925;-0.4283172733
3.9600000000;-0.0538061430;-0.5530796903;-0.4282724750
3.9700000000;-0.0894208848;-0.5530796903;-0.4104874471
3.9800000000;-0.1250803115;-0.5709092925;-0.4104428728
3.9900000000;-0.2318807358;-0.5887388947;-0.4282281225
4.0000000000;-0.3210736495;-0.5887388947;-0.4282724750
4.0100000000;-0.3746512696;-0.6065684969;-0.4460579442
4.0200000000;-0.4103548248;-0.6243980991;-0.4105309208
4.0300000000;-0.4282285595;-0.6422277013;-0.4282285595
4.0400000000;-0.4104866804;-0.6422277013;-0.4282724750
4.0500000000;-0.3748710690;-0.6778869057;-0.4282724750
4.0600000000;-0.3569976596;-0.7492053145;-0.4282724750
4.0700000000;-0.3747401813;-0.8205237232;-0.4104863599
4.0800000000;-0.3925698893;-0.8383533254;-0.4282290937
4.0900000000;-0.3926132706;-0.8561829276;-0.4282724750
4.1000000000;-0.3926132706;-0.8918421320;-0.4104860440
4.1100000000;-0.3748267353;-0.8918421320;-0.4104428728
4.1200000000;-0.2680638341;-0.9096717342;-0.4104428728
4.1300000000;-0.1788723436;-0.8918421320;-0.4104428728
4.1400000000;-0.3031659600;-0.8918421320;-0.4282297179
4.1500000000;-0.2145305227;-0.9275013364;-0.4104855276
4.1600000000;-0.3032524947;-0.9275013364;-0.4282299220
4.1700000000;-0.2501038081;-0.9809901430;-0.4104853245
4.1800000000;-0.2144019504;-1.0166493473;-0.4104428728
4.1900000000;-0.1609551935;-0.9809901430;-0.4104428728
4.2000000000;-0.0896786357;-0.9275013364;-0.4104428728
4.2100000000;0.0172152727;-0.8740125298;-0.4104428728
4.2200000000;0.0708305297;-0.7313757123;-0.4282305228
4.2300000000;0.0353808895;-0.5530796903;-0.4282724750
4.2400000000;-0.0714298967;-0.3569540662;-0.4282724750
4.2500000000;-0.1961960393;-0.1964876465;-0.4460604190
4.2600000000;-0.2498517699;-0.0360212268;-0.4283140361
4.2700000000;-0.2499764531;0.0887859886;-0.4460606128
4.2800000000;-0.2677646871;0.1601043974;-0.4461020772
4.2900000000;-0.2500177255;0.3027412149;-0.4461020772
4.3000000000;-0.2143996029;0.3918892259;-0.4461020772
4.3100000000;-0.1787402088;0.4097188280;-0.4461020772
4.3200000000;-0.1608694299;0.3740596237;-0.4283134628
4.3300000000;-0.1786171505;0.3027412149;-0.4460611834
4.3400000000;-0.1964468463;0.1957636017;-0.4461020772
4.3500000000;-0.1253320660;0.1244451930;-0.4461020772
4.3600000000;-0.0362242985;0.0709563864;-0.4461020772
4.3700000000;0.1240804947;-0.0360212268;-0.4461020772
4.3800000000;0.3557044296;-0.1608284421;-0.4461020772
4.3900000000;0.5163333931;-0.4639316794;-0.4461020772
4.4000000000;0.5522751504;-0.6422277013;-0.4461020772
4.4100000000;0.4456189742;-0.7492053145;-0.4461020772
4.4200000000;0.1963245359;-0.8205237232;-0.4638916127
4.4300000000;-0.1422392790;-0.8561829276;-0.4817213047
4.4400000000;-0.4632137052;-0.8561829276;-0.4817612816
4.4500000000;-0.6951991284;-0.7313757123;-0.5173408891
4.4600000000;-0.7312962927;-0.5530796903;-0.5707901632
4.4700000000;-0.6602157896;-0.3747836684;-0.5709092925
4.4800000000;-0.4999466869;-0.2499764531;-0.5709092925
4.4900000000;-0.3216893240;-0.1964876465;-0.5531191366
4.5000000000;-0.1433924313;-0.1429988399;-0.5174992042
4.5100000000;-0.0184665317;-0.0895100333;-0.4640494967
4.5200000000;0.0707604557;-0.0538508290;-0.4461412633
4.5300000000;0.1243278924;-0.0716804311;-0.4283115752
4.5400000000;0.1422357805;-0.1251692377;-0.4282724750
4.5500000000;0.1600654679;-0.1251692377;-0.4460631477
4.5600000000;0.1601043974;-0.1073396355;-0.4638928347
4.5700000000;0.2134769234;-0.1251692377;-0.4639316794
4.5800000000;0.3025478343;-0.1786580443;-0.4639316794
4.5900000000;0.2671591953;-0.2499764531;-0.4461406696
4.6000000000;0.1425443584;-0.3212948618;-0.4638931703
4.6100000000;0.0355277383;-0.3926132706;-0.4461405032
4.6200000000;-0.0180765943;-0.3926132706;-0.4461020772
4.6300000000;-0.0893569888;-0.3747836684;-0.4638934183
4.6400000000;-0.1784671483;-0.3747836684;-0.4817231024
4.6500000000;-0.2676155672;-0.4104428728;-0.4817612816
4.6600000000;-0.2855976411;-0.4817612816;-0.4995528674
4.6700000000;-0.3034273242;-0.6600573035;-0.5529658839
4.6800000000;-0.3034652596;-0.8026941210;-0.6064549321
4.6900000000;-0.3034652596;-0.9809901430;-0.6421521518
4.7000000000;-0.2856733523;-1.1592861649;-0.6956034232
4.7100000000;-0.2500516838;-1.3019229824;-0.7490924684
4.7200000000;-0.2143923210;-1.4623894021;-0.8025815125
4.7300000000;-0.2143172487;-1.5693670153;-0.9450312801
4.7400000000;-0.2499016955;-1.5871966175;-0.8741620449
4.7500000000;-0.2855610563;-1.4802190043;-0.9095971330
4.7600000000;-0.3568051754;-1.2306045736;-0.9096717342
4.7700000000;-0.3925389803;-0.9631605408;-0.8918792772
4.7800000000;-0.3926132706;-0.6778869057;-0.8562570635
4.7900000000;-0.4104058818;-0.4282724750;-0.8205977053
4.8000000000;-0.3926501851;-0.1964876465;-0.7849383477
4.8100000000;-0.3392349786;-0.0716804311;-0.7136934628
4.8200000000;-0.2857459441;-0.0360212268;-0.6423747502
4.8300000000;-0.2678427418;-0.0716804311;-0.5532631232
4.8400000000;-0.2855990462;-0.1429988399;-0.4819077266
4.8500000000;-0.3034287234;-0.2499764531;-0.4461751496
4.8600000000;-0.2856721190;-0.2499764531;-0.4461020772
4.8700000000;-0.2322560122;-0.1608284421;-0.4638952923
4.8800000000;-0.2499401401;-0.0360212268;-0.4461383902
4.8900000000;-0.2499764531;0.0352971820;-0.4283087142
4.9000000000;-0.3033567626;0.0174675798;-0.4282724750
4.9100000000;-0.2322912207;-0.0181916246;-0.4282724750
4.9200000000;-0.0008302765;-0.0538508290;-0.4282724750
4.9300000000;0.0352252882;-0.1073396355;-0.4282724750
4.9400000000;-0.0536714560;-0.1429988399;-0.4104787474
4.9500000000;0.1062933677;-0.1608284421;-0.4104428728
4.9600000000;0.2845543046;-0.1608284421;-0.4282367442
4.9700000000;0.3560873841;-0.1429988399;-0.4282724750
4.9800000000;0.3028479794;-0.1251692377;-0.4994485311
4.9900000000;0.1425944507;-0.1608284421;-0.5707672234
5.0000000000;-0.0178726046;-0.2499764531;-0.6242917591
5.0100000000;-0.1783396573;-0.3391244640;-0.7133692284
5.0200000000;-0.2320409320;-0.6065684969;-0.7491347019
5.0300000000;-0.1609693881;-0.7670349166;-0.7669996801
5.0400000000;-0.0540618310;-1.0879677561;-0.7314460463
5.0500000000;-0.0004673157;-1.4089005956;-0.6779921990
5.0600000000;-0.0181565957;-1.7298334350;-0.6422977589
5.0700000000;-0.0715755507;-2.2647215008;-0.6244330592
5.0800000000;-0.2140381149;-2.0507662745;-0.6066033886
5.0900000000;-0.3388806990;-2.0151070701;-0.6243632755
5.1000000000;-0.3925090035;-1.7833222416;-0.6066032526
5.1100000000;-0.3392285283;-1.5158782087;-0.5887735828
5.1200000000;-0.1433796678;-1.1949453693;-0.5887388947
5.1300000000;0.0883367915;-0.9096717342;-0.5887388947
5.1400000000;0.3023273734;-0.6600573035;-0.5887388947
5.1500000000;0.3383315789;-0.4817612816;-0.6065340767
5.1600000000;0.2672194261;-0.3391244640;-0.6421589935
5.1700000000;0.0713335524;-0.2856356575;-0.6422277013
5.1800000000;-0.2137696965;-0.3034652596;-0.6956138418
5.1900000000;-0.4456580433;-0.4282724750;-0.7668982908
5.2000000000;-0.5172841214;-0.5887388947;-0.8382169608
5.2100000000;-0.5708072143;-0.8026941210;-1.1052869671
5.2200000000;-0.5709092925;-0.9275013364;-1.0168191537
5.2300000000;-0.4641350596;-1.1949453693;-1.1234235803
5.2400000000;-0.2681782115;-1.3910709934;-1.0880354209
5.2500000000;-0.0720518825;-1.3375821868;-1.0167844206
5.2600000000;0.0350949552;-1.4980486065;-1.1234247337
5.2700000000;0.1064810273;-1.4980486065;-1.1058309992
5.2800000000;0.0354314921;-1.5871966175;-1.1413894076
5.2900000000;-0.0002949936;-1.6228558219;-1.1770487383
5.3000000000;-0.1071389264;-1.6763446285;-1.2305042191
5.3100000000;-0.1785244888;-1.5515374131;-1.2839932136
5.3200000000;-0.1786580443;-1.4267301978;-1.3196859317
5.3300000000;-0.1608617064;-1.3197525846;-1.3553452604
5.3400000000;-0.1608284421;-1.3910709934;-1.3732081888
5.3500000000;-0.1786249037;-1.4802190043;-1.3732413912
5.3600000000;-0.2142510904;-1.5337078109;-1.3554448681
5.3700000000;-0.2677070016;-1.7298334350;-1.3020220361
5.3800000000;-0.4635691539;-1.7476630372;-1.2663296918
5.3900000000;-0.6418987407;-1.8011518438;-1.2306703658
5.4000000000;-0.8201953685;-1.8011518438;-1.2128078069
5.4100000000;-0.8739142045;-1.7833222416;-1.2483686256
5.4200000000;-0.9096063042;-1.8189814460;-1.2840279503
5.4300000000;-0.8918747871;-1.8189814460;-1.3196872745
5.4400000000;-0.8918421320;-1.8902998548;-1.3909406119
5.4500000000;-0.7672626678;-1.8902998548;-1.4266651260
5.4600000000;-0.6780492888;-1.8902998548;-1.4623244489
5.4700000000;-0.5711037979;-1.8546406504;-1.4623894021
5.4800000000;-0.4819230752;-1.8189814460;-1.4623894021
5.4900000000;-0.3571801670;-1.8189814460;-1.4445921001
5.5000000000;-0.2145751823;-1.8368110482;-1.4267624395
5.5100000000;-0.0897353179;-1.8368110482;-1.3911353604
5.5200000000;-0.0539150800;-1.8724702526;-1.3732735167
5.5300000000;0.1597195845;-1.8902998548;-1.3376463223
5.5400000000;0.1779019894;-1.9259590591;-1.2841894107
5.5500000000;0.0355528044;-1.9259590591;-1.4620698742
5.5600000000;-0.0892867639;-1.9616182635;-1.5513779349
5.5700000000;-0.2140943779;-2.0151070701;-1.6049307037
5.5800000000;-0.2143172487;-2.0151070701;-1.6584196805
5.5900000000;-0.1609236182;-2.0151070701;-1.7119086567
5.6000000000;-0.0540408431;-2.0151070701;-1.7120038328
5.6100000000;0.3199069468;-2.0507662745;-1.7653978008
5.6200000000;0.6943297679;-2.1220846833;-1.7832906847
5.6300000000;0.7483867662;-2.1399142855;-1.8189184437
5.6400000000;0.6950867999;-2.1577438876;-1.8545777592
5.6500000000;0.4636157078;-2.1577438876;-1.8368424384
5.6600000000;0.1072422923;-2.1755734898;-1.8190127811
5.6700000000;-0.0891659522;-2.1577438876;-1.8545780902
5.6800000000;-0.1429051640;-2.1755734898;-1.9080357810
5.6900000000;-0.0896035455;-2.1577438876;-1.9615247513
5.7000000000;-0.0539130616;-2.1399142855;-2.0328122070
5.7100000000;-0.0716493690;-2.1577438876;-2.1219293727
5.7200000000;-0.0894790252;-2.1577438876;-2.2644734360
5.7300000000;-0.2141005688;-2.1755734898;-2.4249093322
5.7400000000;-0.2143172487;-2.1934030920;-2.5141814284
5.7500000000;-0.3745060440;-2.1934030920;-2.5321346865
5.7600000000;-0.7308821593;-2.1934030920;-2.5143667254
5.7700000000;-0.6958392597;-2.1934030920;-2.4609393473
5.7800000000;-0.5180331907;-2.1934030920;-2.3896514676
5.7900000000;-0.3219676810;-2.1755734898;-2.3539307821
5.8000000000;0.0518445108;-2.1755734898;-2.3538695118
5.8100000000;-0.0534850914;-2.1577438876;-2.4072667276
5.8200000000;-0.3026133283;-2.1755734898;-2.4785548149
5.8300000000;-0.6588423321;-2.1755734898;-2.5498734318
5.8400000000;-0.9976674853;-2.1934030920;-2.5499951359
5.8500000000;-1.3542009431;-2.1934030920;-2.6211922545
5.8600000000;-1.6219492267;-2.1577438876;-2.7637081937
5.8700000000;-1.7117021458;-2.0685958767;-2.8707466568
5.8800000000;-1.7475425662;-2.0151070701;-2.9599251432
5.8900000000;-1.7654325055;-1.9972774679;-2.9956749554
5.9000000000;-1.7121391717;-1.9616182635;-2.9957351907
5.9100000000;-1.6586051509;-1.9081294570;-2.9957351907
5.9200000000;-1.5873164807;-1.8902998548;-2.9779355543
5.9300000000;-1.5159978708;-1.8724702526;-2.9779055885
5.9400000000;-1.4446792616;-1.8546406504;-3.0135050620
5.9500000000;-1.3555608664;-1.8546406504;-3.0669641530
5.9600000000;-1.2130130970;-1.8546406504;-3.1560527819
5.9700000000;-1.0347761104;-1.8189814460;-3.2630009270
5.9800000000;-0.8564795940;-1.7833222416;-3.3699788369
5.9900000000;-0.7315830338;-1.7298334350;-3.4235567912
6.0000000000;-0.5711754067;-1.7120038328;-3.4236456433
6.0100000000;-0.5709092925;-1.7120038328;-3.4058455604
6.0200000000;-0.5887094242;-1.6941742306;-3.4592164362
6.0300000000;-0.7311403373;-1.6763446285;-3.5483057493
6.0400000000;-0.9093780002;-1.6763446285;-3.5662530874
6.0500000000;-0.9452722884;-1.6763446285;-3.6018830151
6.0600000000;-0.9097302880;-1.6763446285;-3.5841413400
6.0700000000;-0.8740709877;-1.6941742306;-3.6019124363
6.0800000000;-0.8740125298;-1.7298334350;-3.6197420863
6.0900000000;-0.9452144049;-1.7298334350;-3.6553722050
6.1000000000;-1.0521340364;-1.7298334350;-3.7088320207
6.1100000000;-1.1769124974;-1.7298334350;-3.7445204057
6.1200000000;-1.2305175997;-1.7120038328;-3.7801797045
6.1300000000;-1.3196078634;-1.7120038328;-3.7802376871
6.1400000000;-1.2663504700;-1.7120038328;-3.7090348677
6.1500000000;-1.1594592683;-1.6941742306;-3.6733177751
6.1600000000;-1.0346805772;-1.6941742306;-3.6020568810
6.1700000000;-0.9810764154;-1.6763446285;-3.5485391311
6.1800000000;-0.9275874699;-1.6763446285;-3.4416475126
6.1900000000;-0.9275013364;-1.6941742306;-3.2278639995
6.2000000000;-0.9987052691;-1.7120038328;-2.9961072379
6.2100000000;-1.0700238613;-1.7120038328;-2.8533269584
6.2200000000;-1.1057403034;-1.7120038328;-2.7462919246
6.2300000000;-1.2304052006;-1.7476630372;-2.6393140380
6.2400000000;-1.4086162312;-1.7654926394;-2.4967338208
6.2500000000;-1.4267018066;-1.7833222416;-2.7457232838
6.2600000000;-1.3733264292;-1.7833222416;-2.7817232723
6.2700000000;-1.3020361865;-1.8011518438;-2.7461773620
6.2800000000;-1.1951149063;-1.8189814460;-2.6749153759
6.2900000000;-1.1237398064;-1.8546406504;-2.6035967883
6.3000000000;-1.0346197840;-1.8368110482;-2.5856825072
6.3100000000;-0.9454715509;-1.8189814460;-2.6034558200
6.3200000000;-0.8919263665;-1.8189814460;-2.5678808944
6.3300000000;-0.8028342912;-1.8011518438;-2.4966184654
6.3400000000;-0.8560989575;-1.8011518438;-2.3896966563
6.3500000000;-0.8739845836;-1.8011518438;-2.2293138118
6.3600000000;-0.8740125298;-1.8011518438;-2.0866486982
6.3700000000;-0.7315985828;-1.7654926394;-2.0686237355
6.3800000000;-0.5889614176;-1.7298334350;-2.0863976635
6.3900000000;-0.5175315741;-1.7120038328;-2.1398309694
6.4000000000;-0.0901755255;-1.6406854241;-2.1577161588
6.4100000000;-0.7303790240;-1.6228558219;-2.1221400548
6.4200000000;-0.4999502410;-1.6050262197;-2.0864807646
6.4300000000;-0.2325608519;-1.6406854241;-2.1576334874
6.4400000000;-0.1431366270;-1.6228558219;-2.2823582011
6.4500000000;-0.0183842288;-1.6406854241;-2.4783740634
6.4600000000;0.0708190240;-1.5871966175;-2.6745001539
6.4700000000;0.1243629023;-1.5871966175;-2.8172197270
6.4800000000;0.1956540494;-1.5693670153;-2.9242524534
6.4900000000;0.1601590895;-1.5515374131;-2.9956258064
6.5000000000;0.1244998014;-1.5515374131;-2.9245259987
6.5100000000;-0.0001711852;-1.5337078109;-2.9066144422
6.5200000000;-0.1249786919;-1.5158782087;-2.9421919424
6.5300000000;-0.2853910434;-1.5337078109;-2.9600488070
6.5400000000;-0.3390430501;-1.4980486065;-2.9244710578
6.5500000000;-0.3569269695;-1.4980486065;-2.9600217929
6.5600000000;-0.3391515196;-1.4802190043;-3.0490887192
6.5700000000;-0.2857167013;-1.4802190043;-3.1204343476
6.5800000000;-0.2500304006;-1.4623894021;-3.2095555483
6.5900000000;-0.2143711147;-1.4623894021;-3.2274930862
6.6000000000;-0.1965145389;-1.4267301978;-3.2275200192
6.6100000000;-0.1964876465;-1.4267301978;-3.2097172689
6.6200000000;-0.2142904372;-1.4267301978;-3.3165071612
6.6300000000;-0.2143172487;-1.4445598000;-3.3522736921
6.6400000000;-0.1431057643;-1.4623894021;-3.3701301056
6.6500000000;-0.0539842844;-1.4802190043;-3.3701568367
6.6600000000;-0.0004419759;-1.4623894021;-3.3701568367
6.6700000000;0.0174409684;-1.4802190043;-3.3701568367
6.6800000000;0.0530736407;-1.4802190043;-3.3523538063
6.6900000000;0.1243390641;-1.4623894021;-3.3523272345
6.7000000000;0.2668700683;-1.4623894021;-3.3701303439
6.7100000000;0.3560977541;-1.4802190043;-3.3701568367
6.7200000000;0.3918363973;-1.4802190043;-3.3345504609
6.7300000000;0.4096924528;-1.4802190043;-3.2988911784
6.7400000000;0.3741122962;-1.4980486065;-3.3166416939
6.7500000000;0.3562563189;-1.5158782087;-3.3344713349
6.7600000000;0.2494099604;-1.4980486065;-3.3166942888
6.7700000000;0.1246287334;-1.5158782087;-3.3166680301
6.7800000000;0.0354280898;-1.5158782087;-3.3166680301
6.7900000000;-0.1427374082;-1.5337078109;-3.2810611121
6.8000000000;-0.2676233210;-1.4980486065;-3.2810088258
6.8100000000;-0.4458414099;-1.5158782087;-3.2810088258
6.8200000000;-0.4639056507;-1.4980486065;-3.2988123993
6.8300000000;-0.5173425138;-1.4980486065;-3.2988384280
6.8400000000;-0.4462058888;-1.4802190043;-3.2988384280
6.8500000000;-0.2680652070;-1.4623894021;-3.2988384280
6.8600000000;-0.1431799828;-1.4445598000;-3.3166421526
6.8700000000;-0.1608026021;-1.4267301978;-3.3344717923
6.8800000000;-0.2320436402;-1.4267301978;-3.3523014319
6.8900000000;-0.3923813822;-1.4089005956;-3.3523272345
6.9000000000;-0.5706520106;-1.4089005956;-3.3701311085
6.9100000000;-0.7311444922;-1.4089005956;-3.3523529257
6.9200000000;-0.8916112446;-1.4445598000;-3.3701311826
6.9300000000;-1.1232939356;-1.4445598000;-3.3879608216
6.9400000000;-1.3728832636;-1.4623894021;-3.3879864389
6.9500000000;-1.5334779159;-1.4623894021;-3.3701823806
6.9600000000;-1.5693160006;-1.4623894021;-3.3701568367
6.9700000000;-1.5515628840;-1.4445598000;-3.3879609680
6.9800000000;-1.5337332455;-1.4445598000;-3.4057906065
6.9900000000;-1.4802951994;-1.4445598000;-3.4058160411
7.0000000000;-1.4446105244;-1.4089005956;-3.4414245211
7.0100000000;-1.4089512480;-1.4089005956;-3.5126923495
7.0200000000;-1.3910962836;-1.3910709934;-3.5662065900
7.0300000000;-1.4088753411;-1.4089005956;-3.6374998518
7.0400000000;-1.4267049790;-1.4089005956;-3.6910140200
7.0500000000;-1.3911213596;-1.4089005956;-3.7088940953
7.0600000000;-1.4266799026;-1.4089005956;-3.7267237330
7.0700000000;-1.4801436678;-1.4089005956;-3.7267488806
7.0800000000;-1.4980235297;-1.4089005956;-3.7089443552
7.0900000000;-1.5158531671;-1.4089005956;-3.6733101572
7.1000000000;-1.5514874001;-1.3910709934;-3.6376508826
7.1100000000;-1.5871466745;-1.3910709934;-3.6019916082
7.1200000000;-1.6584152800;-1.3910709934;-3.5841369996
7.1300000000;-1.6229056253;-1.3910709934;-3.5841120630
7.1400000000;-1.5872463515;-1.3910709934;-3.6197215334
7.1500000000;-1.4981727683;-1.3910709934;-3.6731855769
7.1600000000;-1.4624389978;-1.3732413912;-3.6910648784
7.1700000000;-1.4267797245;-1.3910709934;-3.6198703209
7.1800000000;-1.4089253246;-1.3910709934;-3.4951371553
7.1900000000;-1.4089005956;-1.3910709934;-3.4059395150
7.2000000000;-1.4089005956;-1.3732413912;-3.3345962749
7.2100000000;-1.4445105468;-1.4089005956;-3.3701075836
7.2200000000;-1.4801698191;-1.3910709934;-3.4057668559
7.2300000000;-1.5158290913;-1.3732413912;-3.4414261280
7.2400000000;-1.5692934405;-1.3732413912;-3.4058650910
7.2500000000;-1.5871721262;-1.3910709934;-3.2989853755
7.2600000000;-1.6050017620;-1.3732413912;-3.1920075608
7.2700000000;-1.6050262197;-1.3732413912;-3.0850297466
7.2800000000;-1.6406366426;-1.3732413912;-3.0670779902
7.2900000000;-1.6762959136;-1.3732413912;-3.1204693338
7.3000000000;-1.6585393505;-1.3732413912;-3.1917635180
7.3100000000;-1.6585150263;-1.3732413912;-3.2274714371
7.3200000000;-1.6407096821;-1.3910709934;-3.3343520843
7.3300000000;-1.5872692926;-1.3910709934;-3.3701083866
7.3400000000;-1.5337803874;-1.3910709934;-3.5838217569
7.3500000000;-1.4624860397;-1.3910709934;-3.3704467495
7.3600000000;-1.3911675002;-1.3910709934;-3.1208801799
7.3700000000;-1.3376544691;-1.3732413912;-3.1917644384
7.3800000000;-1.3553877274;-1.3910709934;-3.3164995990
7.3900000000;-1.3376062160;-1.3910709934;-3.3166680301
7.4000000000;-1.2485541599;-1.3910709934;-3.3166680301
7.4100000000;-1.2662398135;-1.4089005956;-3.2810567549
7.4200000000;-1.1950410988;-1.4089005956;-3.1563691372
7.4300000000;-1.1237225617;-1.3910709934;-3.0315616973
7.4400000000;-0.8921524201;-1.3910709934;-2.9067542580
7.4500000000;-0.8918421320;-1.3732413912;-2.7997525850
7.4600000000;-0.6069493703;-1.3732413912;-2.7283863761
7.4700000000;-0.6065684969;-1.3910709934;-2.7639028165
7.4800000000;-0.6065684969;-1.3910709934;-2.7995620842
7.4900000000;-0.7668215301;-1.3910709934;-2.7996095666
7.5000000000;-0.8916763851;-1.3910709934;-2.8352214147
7.5100000000;-1.0877076421;-1.3910709934;-2.8530747264
7.5200000000;-1.2304156504;-1.3732413912;-2.8887103467
7.5300000000;-1.2484105917;-1.3732413912;-2.9243696136
7.5400000000;-1.1772099791;-1.3732413912;-2.9422228311
7.5500000000;-1.0524732053;-1.3732413912;-2.9422463841
7.5600000000;-0.8742474393;-1.3910709934;-2.9422463841
7.5700000000;-0.7849818191;-1.3732413912;-2.9422463841
7.5800000000;-0.7670583459;-1.3732413912;-3.0134710760
7.5900000000;-0.7848411204;-1.3732413912;-3.1025958115
7.6000000000;-0.7670582844;-1.3732413912;-3.1917439758
7.6100000000;-0.8204537116;-1.3732413912;-3.2452796097
7.6200000000;-0.9629740871;-1.3732413912;-3.2275433259
7.6300000000;-1.0878048221;-1.3732413912;-3.1919073674
7.6400000000;-1.1591931811;-1.3910709934;-3.1562481023
7.6500000000;-1.1948989379;-1.3732413912;-3.1205888374
7.6600000000;-1.3373967030;-1.3910709934;-3.0671231559
7.6700000000;-1.4266144209;-1.3910709934;-3.0492471526
7.6800000000;-1.4979561052;-1.3910709934;-3.0670304741
7.6900000000;-1.7117266883;-1.3910709934;-3.1026666131
7.7000000000;-1.7120038328;-1.3910709934;-3.1383258772
7.7100000000;-1.7298103993;-1.3732413912;-3.1561785747
7.7200000000;-1.6586070502;-1.4089005956;-3.1562016104
7.7300000000;-1.5160620194;-1.3910709934;-3.1562016104
7.7400000000;-1.4446515870;-1.3910709934;-3.1562016104
7.7500000000;-1.1418461562;-1.3910709934;-3.1740082953
7.7600000000;-1.2482968488;-1.3732413912;-3.1918379270
7.7700000000;-1.3552746380;-1.3732413912;-3.1740540711
7.7800000000;-1.4444456538;-1.3554117890;-3.1740312126
7.7900000000;-1.4979802064;-1.3732413912;-3.2096448169
7.8000000000;-1.4268669978;-1.3732413912;-3.2631109108
7.8100000000;-1.3822414924;-1.3732413912;-3.2631792236
7.8200000000;-1.3376390053;-1.3732413912;-3.2453723343
7.8300000000;-1.3197752686;-1.3910709934;-3.1919288668
7.8400000000;-1.2841386906;-1.3910709934;-3.1562469208
7.8500000000;-1.3019003560;-1.3910709934;-3.1027806831
7.8600000000;-1.4087650090;-1.3910709934;-3.1205198083
7.8700000000;-1.4979357608;-1.3910709934;-3.1561564721
7.8800000000;-1.5692768528;-1.3910709934;-3.1562016104
7.8900000000;-1.6227882854;-1.3910709934;-3.1918157905
7.9000000000;-1.6940842956;-1.3910709934;-3.1562465780
7.9100000000;-1.5161027633;-1.3910709934;-3.1740087572
7.9200000000;-1.5871069087;-1.3910709934;-3.1562240376
7.9300000000;-1.6406182270;-1.3910709934;-3.1383944073
7.9400000000;-1.6762998866;-1.3910709934;-3.1383720082
7.9500000000;-1.7119591470;-1.3910709934;-3.1561792675
7.9600000000;-1.6941965456;-1.3910709934;-3.1918161849
7.9700000000;-1.7297888610;-1.3910709934;-3.1562461845
7.9800000000;-1.7298334350;-1.3732413912;-3.1027795815
7.9900000000;-1.6942186936;-1.3910709934;-3.0492906916
8.0000000000;-1.6763668322;-1.3910709934;-3.0136092004
8.0100000000;-1.6763446285;-1.3732413912;-2.9601425148
8.0200000000;-1.6585371749;-1.3910709934;-2.8532312648
8.0300000000;-1.6585150263;-1.3910709934;-2.7284460057
8.0400000000;-1.6407075178;-1.3910709934;-2.6570611239
8.0500000000;-1.6406854241;-1.3910709934;-2.7103953565
8.0600000000;-1.6406854241;-1.3910709934;-2.7282691187
8.0700000000;-1.6228778338;-1.3910709934;-2.6926759772
8.0800000000;-1.6406634393;-1.3732413912;-2.6214014836
8.0900000000;-1.6406854241;-1.3910709934;-2.5856982556
8.1000000000;-1.6584930956;-1.3732413912;-2.5678466687
8.1100000000;-1.6585150263;-1.3732413912;-2.5322093411
8.1200000000;-1.6763227516;-1.3732413912;-2.4075114563
8.1300000000;-1.6763446285;-1.3554117890;-2.5142048313
8.1400000000;-1.6763446285;-1.3554117890;-2.5677592682
8.1500000000;-1.6407290173;-1.3732413912;-2.5500169325
8.1600000000;-1.6228775919;-1.3732413912;-2.5678029681
8.1700000000;-1.6228558219;-1.3732413912;-2.5678247381
8.1800000000;-1.6406637071;-1.3732413912;-2.5500168528
8.1900000000;-1.6228775124;-1.3732413912;-2.5321872242
8.2000000000;-1.6228558219;-1.3554117890;-2.5143575957
8.2100000000;-1.6228558219;-1.3732413912;-2.5321438958
8.2200000000;-1.5990926552;-1.3732413912;-2.4787415621
8.2300000000;-1.5753006148;-1.3910709934;-2.4786767271
8.2400000000;-1.5515590247;-1.3910709934;-2.4786767271
8.2500000000;-1.5693670153;-1.3910709934;-2.4608686583
8.2600000000;-1.5693454560;-1.3910709934;-2.4608471249
8.2700000000;-1.5515374131;-1.3910709934;-2.4608471249
8.2800000000;-1.5514943984;-1.3910709934;-2.4430389784
8.2900000000;-1.5158996901;-1.3732413912;-2.3895930057
8.3000000000;-1.5336648998;-1.3910709934;-2.3182959238
8.3100000000;-1.4980486065;-1.3910709934;-2.2647856362
8.3200000000;-1.4980700106;-1.3910709934;-2.2112967528
8.3300000000;-1.5158782087;-1.3732413912;-2.1934244193
8.3400000000;-1.5158995615;-1.3554117890;-2.1399781909
8.3500000000;-1.5337078109;-1.4445598000;-2.1221059597
8.3600000000;-1.5337291127;-1.3732413912;-2.1220846833
8.3700000000;-1.5515374131;-1.3910709934;-2.1042763068
8.3800000000;-1.5515161621;-1.3910709934;-2.1398718844
8.3900000000;-1.5336865852;-1.3732413912;-2.1755311392
8.4000000000;-1.5158570083;-1.3732413912;-2.1577650379
8.4100000000;-1.4980697818;-1.3910709934;-2.1043184565
8.4200000000;-1.5158782087;-1.3910709934;-2.0686380770
8.4300000000;-1.5158993338;-1.3910709934;-2.0329788227
8.4400000000;-1.5337289110;-1.3910709934;-1.9973195686
8.4500000000;-1.5515374131;-1.3910709934;-1.9972774679
8.4600000000;-1.5515584634;-1.3910709934;-1.9616602650
8.4700000000;-1.5693670153;-1.3732413912;-1.9794268897
8.4800000000;-1.5693670153;-1.3732413912;-1.9616392149
8.4900000000;-1.5693670153;-1.3554117890;-1.9794269389
8.5000000000;-1.5693670153;-1.3732413912;-1.9794478657
8.5100000000;-1.5693879420;-1.3732413912;-1.9794478657
8.5200000000;-1.5871339109;-1.3910709934;-1.9438303681
8.5300000000;-1.5870089372;-1.3910709934;-1.9437886613
8.5300233645;-1.5337495176;-1.3732413912;-1.9437886613
8.5400116822;-1.5693670153;-1.3732413912;-1.9794270853
8.5600000000;-1.5694086246;-1.3732413912;-1.9438301739
8.5700000000;-1.6050262197;-1.3732413912;-1.9259797913
8.5800000000;-1.6050262197;-1.3732413912;-1.9081501650
8.5900000000;-1.6050262197;-1.3732413912;-1.9081294570
8.6000000000;-1.6050055117;-1.3910709934;-1.8368936884
8.6100000000;-1.5871966175;-1.3910709934;-1.8190020821
8.6200000000;-1.5871966175;-1.3732413912;-1.8011724561
8.6300000000;-1.5871966175;-1.3910709934;-1.7477248027
8.6400000000;-1.5871966175;-1.3732413912;-1.6942359249
8.6500000000;-1.5872172059;-1.3910709934;-1.7476014141
8.6600000000;-1.6050467844;-1.3910709934;-1.6764266981
8.6700000000;-1.6228558219;-1.3910709934;-1.6407264117
8.6800000000;-1.6228558219;-1.3732413912;-1.6941128198
8.6900000000;-1.6228763156;-1.3910709934;-1.5695101430
8.7000000000;-1.6406649538;-1.3732413912;-1.5871761941
8.7100000000;-1.6228558219;-1.3732413912;-1.5871966175
8.7200000000;-1.6228353985;-1.3910709934;-1.5871966175
8.7300000000;-1.6049854197;-1.3732413912;-1.5515781200
8.7400000000;-1.5693466386;-1.3910709934;-1.5515374131
8.7500000000;-1.5515170597;-1.3732413912;-1.5515374131
8.7600000000;-1.5336874807;-1.3732413912;-1.5515374131
8.7700000000;-1.5158579017;-1.3910709934;-1.5515374131
8.7800000000;-1.4980688905;-1.3910709934;-1.5337280489
8.7900000000;-1.5158782087;-1.3910709934;-1.5337078109
8.8000000000;-1.5158984466;-1.3910709934;-1.5158984008
8.8100000000;-1.5337078109;-1.3910709934;-1.5158782087
8.8200000000;-1.5336876189;-1.3910709934;-1.4980687530
8.8300000000;-1.5158983779;-1.3732413912;-1.5158580850
8.8400000000;-1.5337078109;-1.3910709934;-1.4980687076
8.8500000000;-1.5337078109;-1.3910709934;-1.5158581303
8.8600000000;-1.5337480129;-1.3910709934;-1.4980686624
8.8700000000;-1.5693870937;-1.3910709934;-1.5158581754
8.8800000000;-1.5871966175;-1.3910709934;-1.5158782087
8.8900000000;-1.5872166507;-1.3732413912;-1.4980685949
8.9000000000;-1.6050262197;-1.3910709934;-1.5158582427
8.9100000000;-1.6050661963;-1.3910709934;-1.5158782087
8.9200000000;-1.6406854241;-1.3910709934;-1.5158782087
8.9300000000;-1.6406455369;-1.3732413912;-1.4980685057
8.9400000000;-1.6050062984;-1.3910709934;-1.4980486065
8.9500000000;-1.5871966175;-1.3910709934;-1.4802388592
8.9600000000;-1.5871966175;-1.3910709934;-1.4802190043
8.9700000000;-1.5871966175;-1.3732413912;-1.4980287958
8.9800000000;-1.5871371194;-1.3910709934;-1.4802387930
8.9900000000;-1.5337474322;-1.3732413912;-1.4802190043
9.0000000000;-1.5693274380;-1.3732413912;-1.4980288617
9.0100000000;-1.5336880442;-1.3732413912;-1.4802387274
9.0200000000;-1.5158782087;-1.3732413912;-1.4802190043
9.0300000000;-1.5158782087;-1.3910709934;-1.4802190043
9.0400000000;-1.5158585075;-1.3910709934;-1.4802190043
9.0500000000;-1.4980486065;-1.3910709934;-1.4802190043
9.0600000000;-1.4980682643;-1.3732413912;-1.4802190043
9.0700000000;-1.5158782087;-1.3910709934;-1.4802190043
9.0800000000;-1.5158782087;-1.3732413912;-1.4802190043
9.0900000000;-1.5158782087;-1.3732413912;-1.4802190043
9.1000000000;-1.5158586373;-1.3554117890;-1.4802190043
9.1100000000;-1.4980290566;-1.3732413912;-1.4980290993
9.1200000000;-1.4802190043;-1.3732413912;-1.4980486065
9.1300000000;-1.4802190043;-1.3732413912;-1.4802384690
9.1400000000;-1.4802190043;-1.3554117890;-1.4802190043
9.1500000000;-1.4802190043;-1.3732413912;-1.4624088244
9.1600000000;-1.4802190043;-1.3910709934;-1.4623894021
9.1700000000;-1.4802190043;-1.3910709934;-1.4623894021
9.1800000000;-1.4802190043;-1.3910709934;-1.4801996454
9.1900000000;-1.4802190043;-1.3732413912;-1.4802190043
9.2000000000;-1.4802190043;-1.3732413912;-1.4802190043
9.2100000000;-1.4801996664;-1.3732413912;-1.4802190043
9.2200000000;-1.4623894021;-1.3732413912;-1.4624086774
9.2300000000;-1.4623894021;-1.3910709934;-1.4623894021
9.2400000000;-1.4623894021;-1.3910709934;-1.4623894021
9.2500000000;-1.4623894021;-1.3910709934;-1.4623894021
9.2600000000;-1.4623894021;-1.3732413912;-1.4801998121
9.2700000000;-1.4623894021;-1.3732413912;-1.4624085738
9.2800000000;-1.4624085944;-1.3732413912;-1.4801998533
9.2900000000;-1.4801998327;-1.3910709934;-1.4624085326
9.3000000000;-1.4623894021;-1.3910709934;-1.4801998943
9.3100000000;-1.4623894021;-1.3732413912;-1.4624084917
9.3200000000;-1.4623894021;-1.3910709934;-1.4623894021
9.3300000000;-1.4623703127;-1.3910709934;-1.4623894021
9.3400000000;-1.4445788690;-1.3910709934;-1.4623894021
9.3500000000;-1.4623703534;-1.3910709934;-1.4623894021
9.3600000000;-1.4445598000;-1.3732413912;-1.4802000165
9.3700000000;-1.4445598000;-1.3732413912;-1.4802190043
9.3800000000;-1.4445598000;-1.3732413912;-1.4802190043
9.3900000000;-1.4445598000;-1.3910709934;-1.4802190043
9.4000000000;-1.4445598000;-1.3732413912;-1.4802190043
9.4100000000;-1.4445598000;-1.3732413912;-1.4624082895
9.4200000000;-1.4445598000;-1.3732413912;-1.4802001370
9.4300000000;-1.4445598000;-1.3732413912;-1.4802190043
9.4400000000;-1.4445598000;-1.3732413912;-1.4624082296
9.4500000000;-1.4445598000;-1.3732413912;-1.4623894021
9.4600000000;-1.4445598000;-1.3732413912;-1.4802002165
9.4700000000;-1.4445409924;-1.3732413912;-1.4624081702
9.4800000000;-1.4267301978;-1.3732413912;-1.4802002561
9.4900000000;-1.4267301978;-1.3732413912;-1.4802190043
9.5000000000;-1.4267301978;-1.3732413912;-1.4802190043
9.5100000000;-1.4267489263;-1.3910709934;-1.4624080915
9.5200000000;-1.4445598000;-1.3732413912;-1.4623894021
9.5300000000;-1.4445598000;-1.3732413912;-1.4623894021
9.5400000000;-1.4445411302;-1.3910709934;-1.4623894021
9.5500000000;-1.4267301978;-1.3910709934;-1.4623894021
9.5600000000;-1.4267488285;-1.3910709934;-1.4623894021
9.5700000000;-1.4445598000;-1.3910709934;-1.4623894021
9.5800000000;-1.4445598000;-1.3732413912;-1.4802004511
9.5900000000;-1.4445412275;-1.3910709934;-1.4624079361
9.6000000000;-1.4267301978;-1.3910709934;-1.4623894021
9.6100000000;-1.4267301978;-1.3910709934;-1.4802005089
9.6200000000;-1.4267301978;-1.3910709934;-1.4802190043
9.6300000000;-1.4267301978;-1.3910709934;-1.4624078593
9.6400000000;-1.4267301978;-1.3732413912;-1.4802005663
9.6500000000;-1.4267301978;-1.3732413912;-1.4624078212
9.6600000000;-1.4267301978;-1.3732413912;-1.4623894021
9.6700000000;-1.4267301978;-1.3910709934;-1.4623894021
9.6800000000;-1.4267301978;-1.3910709934;-1.4802006422
9.6900000000;-1.4267301978;-1.3732413912;-1.4802190043
9.7000000000;-1.4267301978;-1.3910709934;-1.4624077265
9.7100000000;-1.4267301978;-1.3732413912;-1.4802006988
9.7200000000;-1.4267301978;-1.3732413912;-1.4624076889
9.7300000000;-1.4267301978;-1.3732413912;-1.4802007363
9.7400000000;-1.4267301978;-1.3910709934;-1.4624076515
9.7500000000;-1.4267484658;-1.3732413912;-1.4802007736
9.7600000000;-1.4445415506;-1.3732413912;-1.4802190043
9.7700000000;-1.4267301978;-1.3732413912;-1.4802190043
9.7800000000;-1.4267301978;-1.3732413912;-1.4624075771
9.7900000000;-1.4267301978;-1.3910709934;-1.4623894021
9.8000000000;-1.4267301978;-1.3910709934;-1.4802008664
9.8100000000;-1.4267301978;-1.3910709934;-1.4624075217
9.8200000000;-1.4267301978;-1.3910709934;-1.4802009032
9.8300000000;-1.4267301978;-1.3910709934;-1.4624074849
9.8400000000;-1.4267482989;-1.3910709934;-1.4623894021
9.8500000000;-1.4445417172;-1.3910709934;-1.4623894021
9.8600000000;-1.4267482622;-1.3910709934;-1.4623894021
9.8700000000;-1.4445417538;-1.3732413912;-1.4623894021
9.8800000000;-1.4267482257;-1.3732413912;-1.4623894021
9.8900000000;-1.4445598000;-1.3732413912;-1.4623894021
9.9000000000;-1.4445598000;-1.3732413912;-1.4802010490
9.9100000000;-1.4445598000;-1.3732413912;-1.4624073394
9.9200000000;-1.4445418447;-1.3732413912;-1.4623894021
9.9300000000;-1.4267301978;-1.3732413912;-1.4623894021
9.9400000000;-1.4267301978;-1.3910709934;-1.4623894021
9.9500000000;-1.4267480990;-1.3910709934;-1.4623894021
9.9600000000;-1.4445419167;-1.3910709934;-1.4623894021
9.9700000000;-1.4267301978;-1.3910709934;-1.4623894021
9.9800000000;-1.4267480452;-1.3732413912;-1.4623894021
9.9900000000;-1.4445598000;-1.3732413912;-1.4623894021
10.0000000000;-1.4445419882;-1.3910709934;-1.4623894021
10.0100000000;-1.4267301978;-1.3910709934;-1.4445775585
10.0200000000;-1.4267301978;-1.3910709934;-1.4623716612
10.0300000000;-1.4267301978;-1.3732413912;-1.4623894021
10.0400000000;-1.4267479386;-1.3732413912;-1.4623894021
10.0500000000;-1.4445598000;-1.3732413912;-1.4623894021
10.0600000000;-1.4445598000;-1.3732413912;-1.4802013338
10.0700000000;-1.4445598000;-1.3910709934;-1.4802190043
10.0800000000;-1.4445598000;-1.3910709934;-1.4624070378
10.0900000000;-1.4445598000;-1.3732413912;-1.4445774182
10.1000000000;-1.4445598000;-1.3732413912;-1.4623718013
10.1100000000;-1.4445598000;-1.3732413912;-1.4623894021
10.1200000000;-1.4445598000;-1.3732413912;-1.4623894021
10.1300000000;-1.4445598000;-1.3910709934;-1.4445773488
10.1400000000;-1.4445598000;-1.3732413912;-1.4445598000
10.1500000000;-1.4445422512;-1.3910709934;-1.4445598000
10.1600000000;-1.4267301978;-1.3910709934;-1.4445598000
10.1700000000;-1.4267301978;-1.3732413912;-1.4445598000
10.1800000000;-1.4267301978;-1.3732413912;-1.4445598000
10.1900000000;-1.4267301978;-1.3910709934;-1.4445598000
10.2000000000;-1.4267301978;-1.3910709934;-1.4445598000
10.2100000000;-1.4267301978;-1.3910709934;-1.4445598000
10.2200000000;-1.4267476265;-1.3910709934;-1.4445598000
10.2300000000;-1.4445423883;-1.3732413912;-1.4445598000
10.2400000000;-1.4267475925;-1.3910709934;-1.4623720413
10.2500000000;-1.4445598000;-1.3732413912;-1.4623894021
10.2600000000;-1.4445598000;-1.3732413912;-1.4623894021
10.2700000000;-1.4445424560;-1.3910709934;-1.4623894021
10.2800000000;-1.4267301978;-1.3910709934;-1.4802017108
10.2900000000;-1.4267475080;-1.3910709934;-1.4980313298
10.3000000000;-1.4445425065;-1.3910709934;-1.4802362644
10.3100000000;-1.4267301978;-1.3910709934;-1.4802190043
10.3200000000;-1.4267301978;-1.3910709934;-1.4980313798
10.3300000000;-1.4267129544;-1.3910709934;-1.4802362144
10.3400000000;-1.4089178222;-1.3910709934;-1.4624065956
10.3500000000;-1.4267474078;-1.3910709934;-1.4445769769
10.3600000000;-1.4445426065;-1.3910709934;-1.4623722418
10.3700000000;-1.4267301978;-1.3910709934;-1.4623894021
10.3800000000;-1.4267301978;-1.3732413912;-1.4445769273
10.3900000000;-1.4267301978;-1.3732413912;-1.4623722912
10.4000000000;-1.4267301978;-1.3910709934;-1.4445768945
10.4100000000;-1.4267301978;-1.3910709934;-1.4623723240
10.4200000000;-1.4267301978;-1.3910709934;-1.4802019425
10.4300000000;-1.4267301978;-1.3910709934;-1.4624064477
10.4400000000;-1.4267301978;-1.3910709934;-1.4623894021
10.4500000000;-1.4267301978;-1.3732413912;-1.4802019913
10.4600000000;-1.4267131685;-1.3910709934;-1.4624063989
10.4700000000;-1.4089176085;-1.3910709934;-1.4623894021
10.4800000000;-1.4267301978;-1.3910709934;-1.4802020399
10.4900000000;-1.4267471783;-1.3910709934;-1.4802190043
10.5000000000;-1.4445428356;-1.3910709934;-1.4624063344
10.5100000000;-1.4267301978;-1.3732413912;-1.4802020882
10.5200000000;-1.4267301978;-1.3732413912;-1.4624063023
10.5300000000;-1.4267301978;-1.3732413912;-1.4623894021
10.5400000000;-1.4267470978;-1.3732413912;-1.4623894021
10.5500000000;-1.4445429159;-1.3910709934;-1.4802021521
10.5600000000;-1.4267470659;-1.3732413912;-1.4624062384
10.5700000000;-1.4445429478;-1.3910709934;-1.4445766203
10.5800000000;-1.4267301978;-1.3910709934;-1.4445598000
10.5900000000;-1.4267470181;-1.3910709934;-1.4623726134
10.6000000000;-1.4445598000;-1.3910709934;-1.4623894021
10.6100000000;-1.4445598000;-1.3732413912;-1.4623894021
10.6200000000;-1.4445598000;-1.3910709934;-1.4802022629
10.6300000000;-1.4445598000;-1.3732413912;-1.4624061279
10.6400000000;-1.4445430586;-1.3910709934;-1.4802022943
10.6500000000;-1.4267469235;-1.3910709934;-1.4624060965
10.6600000000;-1.4445598000;-1.3910709934;-1.4623894021
10.6700000000;-1.4445598000;-1.3910709934;-1.4623894021
10.6800000000;-1.4445598000;-1.3732413912;-1.4623894021
10.6900000000;-1.4445598000;-1.3732413912;-1.4623894021
10.7000000000;-1.4445431523;-1.3732413912;-1.4623894021
10.7100000000;-1.4267301978;-1.3732413912;-1.4445764011
10.7200000000;-1.4267468143;-1.3910709934;-1.4445598000
10.7300000000;-1.4445431988;-1.3910709934;-1.4445598000
10.7400000000;-1.4267301978;-1.3910709934;-1.4623728473
10.7500000000;-1.4267467680;-1.3910709934;-1.4445763395
10.7600000000;-1.4445266902;-1.3910709934;-1.4623728779
10.7700000000;-1.4089005956;-1.3910709934;-1.4623894021
10.7800000000;-1.4089171197;-1.3910709934;-1.4445762936
10.7900000000;-1.4267301978;-1.3910709934;-1.4623729238
10.8000000000;-1.4267466914;-1.3910709934;-1.4623894021
10.8100000000;-1.4445598000;-1.3910709934;-1.4623894021
10.8200000000;-1.4445433368;-1.3910709934;-1.4623894021
10.8300000000;-1.4267301978;-1.3910709934;-1.4445762176
10.8400000000;-1.4267301978;-1.4089005956;-1.4445598000
10.8500000000;-1.4267301978;-1.3910709934;-1.4445598000
10.8600000000;-1.4267137952;-1.3910709934;-1.4445598000
10.8700000000;-1.4089169831;-1.3910709934;-1.4445598000
10.8800000000;-1.4267301978;-1.3910709934;-1.4623730597
10.8900000000;-1.4267301978;-1.3910709934;-1.4623894021
10.9000000000;-1.4267301978;-1.3910709934;-1.4623894021
10.9100000000;-1.4267465252;-1.3910709934;-1.4623894021
10.9200000000;-1.4445598000;-1.3910709934;-1.4623894021
10.9300000000;-1.4445598000;-1.3910709934;-1.4623894021
10.9400000000;-1.4445598000;-1.3910709934;-1.4623894021
10.9500000000;-1.4445435321;-1.3910709934;-1.4623894021
10.9600000000;-1.4267301978;-1.3910709934;-1.4623894021
10.9700000000;-1.4267464360;-1.3910709934;-1.4623894021
10.9800000000;-1.4445598000;-1.3910709934;-1.4623894021
10.9900000000;-1.4445598000;-1.3732413912;-1.4623894021
11.0000000000;-1.4445598000;-1.3910709934;-1.4445759646
11.0100000000;-1.4445598000;-1.3910709934;-1.4623732521
11.0200000000;-1.4445598000;-1.3732413912;-1.4623894021
11.0300000000;-1.4445598000;-1.3910709934;-1.4445759208
11.0400000000;-1.4445598000;-1.3910709934;-1.4445598000
11.0500000000;-1.4445598000;-1.3910709934;-1.4623733104
11.0600000000;-1.4445598000;-1.3910709934;-1.4623894021
11.0700000000;-1.4445598000;-1.3732413912;-1.4623894021
11.0800000000;-1.4445598000;-1.3732413912;-1.4445758482
11.0900000000;-1.4445598000;-1.3910709934;-1.4623733683
11.1000000000;-1.4445437517;-1.3732413912;-1.4623894021
11.1100000000;-1.4267301978;-1.3910709934;-1.4623894021
11.1200000000;-1.4267301978;-1.3732413912;-1.4623894021
11.1300000000;-1.4267301978;-1.3910709934;-1.4623894021
11.1400000000;-1.4267301978;-1.3732413912;-1.4623894021
11.1500000000;-1.4267301978;-1.3910709934;-1.4623894021
11.1600000000;-1.4267461598;-1.3910709934;-1.4623894021
11.1700000000;-1.4445438522;-1.3910709934;-1.4623894021
11.1800000000;-1.4267301978;-1.3732413912;-1.4623894021
11.1900000000;-1.4267461170;-1.3732413912;-1.4802031134
11.2000000000;-1.4445438949;-1.3732413912;-1.4445915535
11.2100000000;-1.4267301978;-1.3732413912;-1.4623735395
11.2200000000;-1.4266984443;-1.3910709934;-1.4623894021
11.2300000000;-1.3911661691;-1.3910709934;-1.4623894021
11.2400000000;-1.4980010610;-1.3910709934;-1.4445756204
11.2500000000;-1.4445281311;-1.3910709934;-1.4445598000
11.2600000000;-1.4089322364;-1.3910709934;-1.4445598000
11.2700000000;-1.4445439936;-1.3732413912;-1.4623736237
11.2800000000;-1.4267459901;-1.3910709934;-1.4623894021
11.2900000000;-1.4445440216;-1.3910709934;-1.4445755505
11.3000000000;-1.4267301978;-1.3910709934;-1.4445598000
11.3100000000;-1.4267459483;-1.3910709934;-1.4445598000
11.3200000000;-1.4445598000;-1.3910709934;-1.4623736932
11.3300000000;-1.4445440772;-1.3910709934;-1.4623894021
11.3400000000;-1.4267301978;-1.3910709934;-1.4445754812
11.3500000000;-1.4267458928;-1.3910709934;-1.4623737346
11.3600000000;-1.4445441187;-1.3910709934;-1.4623894021
11.3700000000;-1.4267301978;-1.3732413912;-1.4623894021
11.3800000000;-1.4267301978;-1.3732413912;-1.4445754263
11.3900000000;-1.4267458378;-1.3732413912;-1.4445598000
11.4000000000;-1.4445598000;-1.3910709934;-1.4445598000
11.4100000000;-1.4445598000;-1.3910709934;-1.4445598000
11.4200000000;-1.4445598000;-1.3910709934;-1.4623738304
11.4300000000;-1.4445598000;-1.3910709934;-1.4623894021
11.4400000000;-1.4445598000;-1.3910709934;-1.4623894021
11.4500000000;-1.4267301978;-1.3910709934;-1.4623894021
11.4600000000;-1.4267301978;-1.3910709934;-1.4623894021
11.4700000000;-1.4267301978;-1.3732413912;-1.4623894021
11.4800000000;-1.4445598000;-1.3732413912;-1.4623894021
11.4900000000;-1.4445598000;-1.3732413912;-1.4445752771
11.5000000000;-1.4445598000;-1.3910709934;-1.4623739385
11.5100000000;-1.4445443229;-1.3732413912;-1.4623894021
11.5200000000;-1.4267456614;-1.3910709934;-1.4623894021
11.5300000000;-1.4445443497;-1.3910709934;-1.4802035808
11.5400000000;-1.4267456346;-1.3732413912;-1.4802190043
11.5500000000;-1.4445443764;-1.3910709934;-1.4624047991
11.5600000000;-1.4267301978;-1.3910709934;-1.4623894021
11.5700000000;-1.4267455946;-1.3732413912;-1.4623894021
11.5800000000;-1.4445444164;-1.3910709934;-1.4623894021
11.5900000000;-1.4267455681;-1.3910709934;-1.4623894021
11.6000000000;-1.4445598000;-1.3732413912;-1.4623894021
11.6100000000;-1.4445598000;-1.3732413912;-1.4623894021
11.6200000000;-1.4445598000;-1.3910709934;-1.4623894021
11.6300000000;-1.4445444824;-1.3910709934;-1.4623894021
11.6400000000;-1.4267455021;-1.3910709934;-1.4623894021
11.6500000000;-1.4267301978;-1.3910709934;-1.4802037393
11.6600000000;-1.4445598000;-1.3910709934;-1.4624046542
11.6700000000;-1.4445598000;-1.3910709934;-1.4623894021
11.6800000000;-1.4445598000;-1.3910709934;-1.4623894021
11.6900000000;-1.4445598000;-1.3910709934;-1.4623894021
11.7000000000;-1.4445598000;-1.3732413912;-1.4445750000
11.7100000000;-1.4267301978;-1.3910709934;-1.4623742151
11.7200000000;-1.4445598000;-1.3732413912;-1.4445749741
11.7300000000;-1.4445598000;-1.3910709934;-1.4623742409
11.7400000000;-1.4445446258;-1.3910709934;-1.4623894021
11.7500000000;-1.4267301978;-1.3910709934;-1.4623894021
11.7600000000;-1.4267301978;-1.3910709934;-1.4445749226
11.7700000000;-1.4267453332;-1.3910709934;-1.4623742923
11.7800000000;-1.4267301978;-1.3732413912;-1.4623894021
11.7900000000;-1.4267301978;-1.3732413912;-1.4623894021
11.8000000000;-1.4267301978;-1.3732413912;-1.4623894021
11.8100000000;-1.4089005956;-1.3910709934;-1.4623894021
11.8200000000;-1.4178191630;-1.3910709934;-1.4623894021
11.8300000000;-1.4267452565;-1.3910709934;-1.4623894021
11.8400000000;-1.4445598000;-1.3910709934;-1.4623894021
11.8500000000;-1.4445447666;-1.3910709934;-1.4623894021
11.8600000000;-1.4267452185;-1.3910709934;-1.4623894021
11.8700000000;-1.4445598000;-1.3732413912;-1.4623894021
11.8800000000;-1.4445598000;-1.3732413912;-1.4623894021
11.8900000000;-1.4445298343;-1.3732413912;-1.4623894021
11.9000000000;-1.4089305361;-1.3910709934;-1.4623894021
11.9100000000;-1.4445598000;-1.3910709934;-1.4445747326
11.9200000000;-1.4445448548;-1.3910709934;-1.4623744820
11.9300000000;-1.4267451304;-1.3910709934;-1.4623894021
11.9400000000;-1.4445598000;-1.4089005956;-1.4623894021
11.9500000000;-1.4445598000;-1.3910709934;-1.4623894021
11.9600000000;-1.4445598000;-1.3910709934;-1.4623894021
11.9700000000;-1.4445598000;-1.3910709934;-1.4623894021
11.9800000000;-1.4445449296;-1.3732413912;-1.4623894021
11.9900000000;-1.4267450558;-1.3910709934;-1.4802041710
12.0000000000;-1.4445449543;-1.3732413912;-1.4624042231
12.0100000000;-1.4267450310;-1.3910709934;-1.4623894021
12.0200000000;-1.4445598000;-1.3910709934;-1.4623894021
12.0300000000;-1.4445449913;-1.3910709934;-1.4623894021
12.0400000000;-1.4267301978;-1.3910709934;-1.4623894021
12.0500000000;-1.4267301978;-1.3910709934;-1.4623894021
12.0600000000;-1.4267301978;-1.3910709934;-1.4802042569
12.0700000000;-1.4267301978;-1.3732413912;-1.4624041374
12.0800000000;-1.4267301978;-1.3910709934;-1.4623894021
12.0900000000;-1.4267301978;-1.3910709934;-1.4623894021
12.1000000000;-1.4267301978;-1.3910709934;-1.4623894021
12.1100000000;-1.4267449086;-1.3910709934;-1.4623894021
12.1200000000;-1.4445451012;-1.3910709934;-1.4623894021
12.1300000000;-1.4445598000;-1.3910709934;-1.4623894021
12.1400000000;-1.4267301978;-1.3732413912;-1.4623894021
12.1500000000;-1.4356486630;-1.3910709934;-1.4623894021
12.1600000000;-1.4445451495;-1.3910709934;-1.4445744264
12.1700000000;-1.4267301978;-1.3732413912;-1.4445598000
12.1800000000;-1.4267301978;-1.3910709934;-1.4445598000
12.1900000000;-1.4267301978;-1.3732413912;-1.4623748116
12.2000000000;-1.4267448002;-1.3910709934;-1.4623894021
12.2100000000;-1.4445452095;-1.3910709934;-1.4623894021
12.2200000000;-1.4267301978;-1.3910709934;-1.4623894021
12.2300000000;-1.4267447644;-1.3910709934;-1.4623894021
12.2400000000;-1.4445452452;-1.3910709934;-1.4445743310
12.2500000000;-1.4267447407;-1.3910709934;-1.4445598000
12.2600000000;-1.4445452689;-1.3910709934;-1.4623748947
12.2700000000;-1.4267447170;-1.3910709934;-1.4623894021
12.2800000000;-1.4445598000;-1.3910709934;-1.4623894021
12.2900000000;-1.4445598000;-1.3910709934;-1.4445742720
12.3000000000;-1.4445453161;-1.3910709934;-1.4445598000
12.3100000000;-1.4267301978;-1.3910709934;-1.4623749535
12.3200000000;-1.4267301978;-1.3910709934;-1.4623894021
12.3300000000;-1.4267446464;-1.3732413912;-1.4623894021
12.3400000000;-1.4445598000;-1.3910709934;-1.4623894021
12.3500000000;-1.4445598000;-1.3910709934;-1.4623894021
12.3600000000;-1.4445453864;-1.3910709934;-1.4623894021
12.3700000000;-1.4267445997;-1.3910709934;-1.4445741787
12.3800000000;-1.4445598000;-1.3910709934;-1.4623750350
12.3900000000;-1.4445598000;-1.3910709934;-1.4445741555
12.4000000000;-1.4445454328;-1.3910709934;-1.4623750581
12.4100000000;-1.4267445533;-1.3910709934;-1.4623894021
12.4200000000;-1.4445598000;-1.3910709934;-1.4623894021
12.4300000000;-1.4445454675;-1.3910709934;-1.4623894021
12.4400000000;-1.4267445187;-1.3910709934;-1.4623894021
12.4500000000;-1.4445598000;-1.4089005956;-1.4623894021
12.4600000000;-1.4445598000;-1.3910709934;-1.4623894021
12.4700000000;-1.4445598000;-1.3910709934;-1.4623894021
12.4800000000;-1.4445598000;-1.3910709934;-1.4623894021
12.4900000000;-1.4445455363;-1.3732413912;-1.4623894021
12.5000000000;-1.4267301978;-1.3732413912;-1.4623894021
12.5100000000;-1.4267444386;-1.3910709934;-1.4623894021
12.5200000000;-1.4445598000;-1.3910709934;-1.4623894021
12.5300000000;-1.4445598000;-1.3910709934;-1.4445739955
12.5400000000;-1.4445598000;-1.3910709934;-1.4623752179
12.5500000000;-1.4445598000;-1.3910709934;-1.4445739729
12.5600000000;-1.4445598000;-1.3732413912;-1.4445598000
12.5700000000;-1.4445456270;-1.3910709934;-1.4623752517
12.5800000000;-1.4267301978;-1.3910709934;-1.4623894021
12.5900000000;-1.4267301978;-1.3910709934;-1.4623894021
12.6000000000;-1.4267301978;-1.3910709934;-1.4445739168
12.6100000000;-1.4267443258;-1.3910709934;-1.4445598000
12.6200000000;-1.4267301978;-1.3732413912;-1.4623753076
12.6300000000;-1.4267301978;-1.3910709934;-1.4445738834
12.6400000000;-1.4267301978;-1.3910709934;-1.4623753298
12.6500000000;-1.4445598000;-1.3732413912;-1.4623894021
12.6600000000;-1.4445598000;-1.4089005956;-1.4623894021
12.6700000000;-1.4445457388;-1.3910709934;-1.4623894021
12.6800000000;-1.4267442479;-1.4089005956;-1.4802049763
12.6900000000;-1.4445598000;-1.3910709934;-1.4802190043
12.7000000000;-1.4445457720;-1.3732413912;-1.4802190043
12.7100000000;-1.4267301978;-1.3732413912;-1.4802190043
12.7200000000;-1.4267161918;-1.3732413912;-1.4802190043
12.7300000000;-1.4089005956;-1.3732413912;-1.4802190043
12.7400000000;-1.4089005956;-1.3910709934;-1.4802190043
12.7500000000;-1.4089005956;-1.3732413912;-1.4802190043
12.7600000000;-1.4089145577;-1.3910709934;-1.4802190043
12.7700000000;-1.4267301978;-1.3910709934;-1.4802190043
12.7800000000;-1.4267301978;-1.3732413912;-1.4624033207
12.7900000000;-1.4267162684;-1.3910709934;-1.4802050967
12.8000000000;-1.4089145141;-1.3910709934;-1.4624032990
12.8100000000;-1.4267301978;-1.3732413912;-1.4623894021
12.8200000000;-1.4267440946;-1.3732413912;-1.4623894021
12.8300000000;-1.4445459140;-1.3732413912;-1.4802051399
12.8400000000;-1.4267440729;-1.3732413912;-1.4624032558
12.8500000000;-1.4445598000;-1.3910709934;-1.4623894021
12.8600000000;-1.4445598000;-1.3732413912;-1.4623894021
12.8700000000;-1.4445459571;-1.3910709934;-1.4445736214
12.8800000000;-1.4267440299;-1.3910709934;-1.4445598000
12.8900000000;-1.4445598000;-1.3910709934;-1.4267439978
12.9000000000;-1.4445598000;-1.4089005956;-1.4267301978
12.9100000000;-1.4445460000;-1.3910709934;-1.4267301978
12.9200000000;-1.4267439871;-1.4089005956;-1.4267301978
12.9300000000;-1.4445460213;-1.3910709934;-1.4267301978
12.9400000000;-1.4445598000;-1.3910709934;-1.4445460531
12.9500000000;-1.4267301978;-1.3732413912;-1.4445598000
12.9600000000;-1.4445598000;-1.3732413912;-1.4445598000
12.9700000000;-1.4267301978;-1.3732413912;-1.4445598000
12.9800000000;-1.4445598000;-1.3732413912;-1.4445598000
12.9900000000;-1.4445598000;-1.3732413912;-1.4445598000
13.0000000000;-1.4267301978;-1.3732413912;-1.4445598000
13.0100000000;-1.4445598000;-1.3910709934;-1.4445598000
13.0200000000;-1.4267301978;-1.3910709934;-1.4445598000
13.0300000000;-1.4267301978;-1.3910709934;-1.4445598000
13.0400000000;-1.4267301978;-1.3910709934;-1.4445598000
13.0500000000;-1.4267301978;-1.3732413912;-1.4623757709
13.0600000000;-1.4267301978;-1.3910709934;-1.4802053836
13.0700000000;-1.4267301978;-1.3732413912;-1.4802190043
13.0800000000;-1.4445598000;-1.3732413912;-1.4624030022
13.0900000000;-1.4445598000;-1.3732413912;-1.4623894021
13.1000000000;-1.4445598000;-1.3910709934;-1.4445733792
13.1100000000;-1.4445598000;-1.3910709934;-1.4445598000
13.1200000000;-1.4623894021;-1.3554117890;-1.4445598000
13.1300000000;-1.4445598000;-1.3732413912;-1.4267437461
13.1400000000;-1.4445598000;-1.3554117890;-1.4445462619
13.1500000000;-1.4445598000;-1.3554117890;-1.4445598000
13.1600000000;-1.4445598000;-1.3554117890;-1.4445598000
13.1700000000;-1.4445598000;-1.3732413912;-1.4445598000
13.1800000000;-1.4445598000;-1.3732413912;-1.4445598000
13.1900000000;-1.4445462927;-1.3910709934;-1.4445598000
13.2000000000;-1.4267436948;-1.3910709934;-1.4445598000
13.2100000000;-1.4267301978;-1.3910709934;-1.4445598000
13.2200000000;-1.4267301978;-1.3732413912;-1.4445598000
13.2300000000;-1.4267301978;-1.3910709934;-1.4445598000
13.2400000000;-1.4267301978;-1.3910709934;-1.4445598000
13.2500000000;-1.4267301978;-1.3910709934;-1.4267436237
13.2600000000;-1.4267436338;-1.3910709934;-1.4267301978
13.2700000000;-1.4267704452;-1.4089005956;-1.4267301978
13.2700150376;-1.4445598000;-1.4089005956;-1.4267301978
13.2800075188;-1.4445732057;-1.4089005956;-1.4267301978
13.3000000000;-1.4623760065;-1.4089005956;-1.4267301978
13.3100000000;-1.4445598000;-1.4089005956;-1.4445464344
13.3200000000;-1.4445464244;-1.3910709934;-1.4267435533
13.3300000000;-1.4267435633;-1.4089005956;-1.4445464544
13.3400000000;-1.4445598000;-1.3910709934;-1.4445598000
13.3500000000;-1.4445598000;-1.4089005956;-1.4445598000
13.3600000000;-1.4445598000;-1.3910709934;-1.4445598000
13.3700000000;-1.4267301978;-1.3910709934;-1.4445598000
13.3800000000;-1.4445598000;-1.3910709934;-1.4267434935
13.3900000000;-1.4445598000;-1.3910709934;-1.4445465141
13.4000000000;-1.4445598000;-1.4089005956;-1.4267434737
13.4100000000;-1.4267301978;-1.4089005956;-1.4445465339
13.4200000000;-1.4267301978;-1.4089005956;-1.4445598000
13.4300000000;-1.4445598000;-1.4089005956;-1.4801925116
13.4400000000;-1.4445598000;-1.4089005956;-1.4980353700
13.4500000000;-1.4267301978;-1.4089005956;-1.4089667291
13.4600000000;-1.4445598000;-1.3910709934;-1.4623497514
13.4700000000;-1.4445598000;-1.4089005956;-1.4267566120
13.4800000000;-1.4445598000;-1.3910709934;-1.4089137929
13.4900000000;-1.4445598000;-1.4089005956;-1.4267170102
13.5000000000;-1.4267301978;-1.4089005956;-1.4445466221
13.5100000000;-1.4445598000;-1.4089005956;-1.4445598000
13.5200000000;-1.4267301978;-1.4089005956;-1.3732940247
13.5300000000;-1.4267301978;-1.4089005956;-1.0703616815
13.5400000000;-1.4267301978;-1.4089005956;-1.1770369331
13.5500000000;-1.4267301978;-1.3910709934;-1.2305651857
13.5600000000;-1.4267301978;-1.3910709934;-1.2662375387
13.5700000000;-1.4445598000;-1.3910709934;-1.2306307937
13.5800000000;-1.4267301978;-1.3910709934;-1.2484210755
13.5900000000;-1.4267301978;-1.3910709934;-1.2840671987
13.6000000000;-1.4267301978;-1.3910709934;-1.2841195233
13.6000146735;-1.4267301978;-1.3910709934;-1.3197525846
13.6100073368;-1.4267301978;-1.4089005956;-1.3553987270
13.6300000000;-1.4267301978;-1.4089005956;-1.3554117890
13.6400000000;-1.4267301978;-1.3910709934;-1.3732283483
13.6500000000;-1.4445598000;-1.3910709934;-1.3732413912
13.6600000000;-1.4445598000;-1.3732413912;-1.3732413912
13.6700000000;-1.4445598000;-1.3732413912;-1.3554248033
13.6800000000;-1.4445598000;-1.3732413912;-1.3375951916
13.6900000000;-1.4445467857;-1.3910709934;-1.3375821868
13.7000000000;-1.4267432026;-1.3910709934;-1.3197655705
13.7100000000;-1.4445468046;-1.3910709934;-1.3375692104
13.7200000000;-1.4267301978;-1.3910709934;-1.3375821868
13.7300000000;-1.4445598000;-1.3910709934;-1.3197655422
13.7400000000;-1.4445598000;-1.3910709934;-1.3019359306
13.7500000000;-1.4445598000;-1.3910709934;-1.3019229824
13.7600000000;-1.4445598000;-1.3732413912;-1.2841063096
13.7700000000;-1.4445598000;-1.3554117890;-1.2306433337
13.7800000000;-1.4445598000;-1.3375821868;-1.1949711906
13.7900000000;-1.4623894021;-1.3375821868;-1.1949453693
13.8000000000;-1.4445598000;-1.3375821868;-1.1771286591
13.8100000000;-1.4445598000;-1.3554117890;-1.1414823280
13.8200000000;-1.4445598000;-1.3554117890;-1.1236398339
13.8300000000;-1.4445598000;-1.3732413912;-1.0879934843
13.8400000000;-1.4445598000;-1.3910709934;-1.0879677561
13.8500000000;-1.4445598000;-1.4089005956;-1.0879677561
13.8600000000;-1.4445598000;-1.4445598000;-1.0701509902
13.8700000000;-1.4445598000;-1.4623894021;-1.0879549291
13.8800000000;-1.4445598000;-1.4623894021;-1.0523341874
13.8900000000;-1.4445598000;-1.4623894021;-1.0344917582
13.9000000000;-1.4445598000;-1.4445598000;-1.0166621468
13.9100000000;-1.4445598000;-1.4445598000;-1.0166493473
13.9200000000;-1.4445598000;-1.4445598000;-1.0166493473
13.9300000000;-1.4445598000;-1.4267301978;-0.9810156868
13.9400000000;-1.4445598000;-1.4267301978;-0.9631733035
13.9500000000;-1.4445598000;-1.4445598000;-0.9631605408
13.9600000000;-1.4445598000;-1.4267301978;-0.8918931102
13.9700000000;-1.4445598000;-1.4267301978;-0.8740252652
13.9800000000;-1.4445598000;-1.4089005956;-0.8561956540
13.9900000000;-1.4445598000;-1.3732413912;-0.8383660427
14.0000000000;-1.4623894021;-1.3554117890;-0.8383533254
14.0100000000;-1.4445598000;-1.3375821868;-0.8739871315
14.0200000000;-1.4445598000;-1.3197525846;-0.8740125298
14.0300000000;-1.4445598000;-1.3019229824;-0.8918294509
14.0400000000;-1.4445598000;-1.3019229824;-0.8918421320
14.0500000000;-1.4356418297;-1.3197525846;-0.8562082538
14.0600000000;-1.4267428698;-1.3375821868;-0.8739998757
14.0700000000;-1.4445598000;-1.3554117890;-0.8561955727
14.0800000000;-1.4445598000;-1.3910709934;-0.8383659616
14.0900000000;-1.4445598000;-1.3910709934;-0.8027193754
14.1000000000;-1.4267301978;-1.3910709934;-0.7670601532
14.1100000000;-1.4445598000;-1.3910709934;-0.7492179238
14.1200000000;-1.4445598000;-1.3910709934;-0.7135713109
14.1300000000;-1.4445598000;-1.3732413912;-0.7135461101
14.1400000000;-1.4445598000;-1.3732413912;-0.7313631296
14.1500000000;-1.4445598000;-1.3732413912;-0.7491927407
14.1600000000;-1.4445598000;-1.3732413912;-0.7670223517
14.1700000000;-1.4445472262;-1.3732413912;-0.7848519628
14.1800000000;-1.4445598000;-1.3732413912;-0.7848645188
14.1900000000;-1.4445598000;-1.3732413912;-0.7848645188
14.2000000000;-1.4356418632;-1.3910709934;-0.8204986640
14.2100000000;-1.4267427362;-1.3910709934;-0.8027066418
14.2200000000;-1.4445598000;-1.4089005956;-0.7670599407
14.2300000000;-1.4445472792;-1.4089005956;-0.7492178177
14.2400000000;-1.4267301978;-1.4089005956;-0.7135710990
14.2500000000;-1.4267301978;-1.4089005956;-0.6957289936
14.2600000000;-1.4267426922;-1.4089005956;-0.6600822575
14.2700000000;-1.4445598000;-1.4089005956;-0.6244230356
14.2800000000;-1.4445598000;-1.4089005956;-0.6065809565
14.2900000000;-1.4445598000;-1.4267301978;-0.5887513456
14.3000000000;-1.4445473404;-1.4267301978;-0.6243732148
14.3100000000;-1.4267426486;-1.4089005956;-0.6422152678
14.3200000000;-1.4445473578;-1.4267301978;-0.7313135882
14.3300000000;-1.4267426312;-1.4089005956;-0.8204616424
14.3400000000;-1.4445473752;-1.4089005956;-0.9274268912
14.3500000000;-1.4267301978;-1.4089005956;-1.0344045562
14.3600000000;-1.4267426053;-1.4089005956;-1.0879305853
14.3700000000;-1.4445598000;-1.4089005956;-1.1236021971
14.3800000000;-1.4267301978;-1.4089005956;-1.1592614187
14.3900000000;-1.4267301978;-1.3910709934;-1.1058344518
14.4000000000;-1.4356480911;-1.3910709934;-1.0701628658
14.4100000000;-1.4267301978;-1.3910709934;-0.9988691347
14.4200000000;-1.4267301978;-1.4089005956;-0.9453679551
14.4300000000;-1.4267301978;-1.3910709934;-0.8918791229
14.4400000000;-1.4267301978;-1.3910709934;-0.8562075712
14.4500000000;-1.4267301978;-1.3910709934;-0.8027310608
14.4600000000;-1.4445598000;-1.3910709934;-0.7670595262
14.4700000000;-1.4445598000;-1.3910709934;-0.6601310812
14.4800000000;-1.4445598000;-1.3910709934;-0.6066053603
14.4900000000;-1.4445598000;-1.3910709934;-0.5531165284
14.5000000000;-1.4445598000;-1.4089005956;-0.5174450277
14.5100000000;-1.4445598000;-1.3910709934;-0.4461511270
14.5200000000;-1.4267301978;-1.4089005956;-0.7311796478
14.5300000000;-1.4445598000;-1.4089005956;-0.3572112241
14.5400000000;-1.4445598000;-1.3910709934;-0.4638582561
14.5500000000;-1.4445598000;-1.3910709934;-0.4639316794
14.5600000000;-1.4445598000;-1.3910709934;-0.5352012064
14.5700000000;-1.4267301978;-1.3910709934;-0.6243370388
14.5800000000;-1.4445598000;-1.4089005956;-0.6600328961
14.5900000000;-1.4445598000;-1.3910709934;-0.6600573035
14.6000000000;-1.4445598000;-1.3910709934;-0.7669617945
14.6100000000;-1.4267301978;-1.3910709934;-0.6779477992
14.6200000000;-1.4445598000;-1.3732413912;-0.8204263602
14.6300000000;-1.4445598000;-1.3910709934;-0.7848888430
14.6400000000;-1.4445598000;-1.3732413912;-0.7848645188
14.6500000000;-1.4445598000;-1.3732413912;-0.7135947252
14.6600000000;-1.4445598000;-1.3732413912;-0.7046404129
14.6700000000;-1.4445598000;-1.3732413912;-0.6957225744
14.6800000000;-1.4445598000;-1.3910709934;-0.5175416934
14.6900000000;-1.4445598000;-1.3910709934;-0.5352379756
14.7000000000;-1.4445598000;-1.3910709934;-0.4996150923
14.7100000000;-1.4445598000;-1.3910709934;-0.5174083899
14.7200000000;-1.4445598000;-1.3910709934;-0.5174204860
14.7300000000;-1.4445598000;-1.3910709934;-0.4817854409
14.7400000000;-1.4445598000;-1.3910709934;-0.4817612816
14.7500000000;-1.4445598000;-1.3732413912;-0.4461262039
14.7600000000;-1.4445598000;-1.3732413912;-0.4282845302
14.7700000000;-1.4445598000;-1.3910709934;-0.4104549198
14.7800000000;-1.4445598000;-1.3910709934;-0.4282604361
14.7900000000;-1.4445598000;-1.3910709934;-0.4282724750
14.8000000000;-1.4445598000;-1.3910709934;-0.4460900545
14.8100000000;-1.4623894021;-1.3910709934;-0.4282844896
14.8200000000;-1.4267301978;-1.3910709934;-0.4460900707
14.8300000000;-1.4445598000;-1.4089005956;-0.4282844734
14.8400000000;-1.4445598000;-1.3910709934;-0.4282724750
14.8500000000;-1.4445598000;-1.4089005956;-0.4282724750
14.8600000000;-1.4445598000;-1.3910709934;-0.4282724750
14.8700000000;-1.4267301978;-1.3910709934;-0.4282724750
14.8800000000;-1.4445598000;-1.4089005956;-0.3748195429
14.8900000000;-1.4445598000;-1.3910709934;-0.3747836684
14.9000000000;-1.4623894021;-1.3910709934;-0.3747836684
14.9100000000;-1.4445598000;-1.3910709934;-0.3747836684
14.9200000000;-1.4445598000;-1.3910709934;-0.5529604287
14.9300000000;-1.4445598000;-1.3910709934;-0.2679967463
14.9400000000;-1.4445598000;-1.4089005956;-0.2856237472
14.9500000000;-1.4445598000;-1.4089005956;-0.3034533574
14.9600000000;-1.4267301978;-1.3910709934;-0.3212829675
14.9700000000;-1.4445598000;-1.3910709934;-0.3925657250
14.9800000000;-1.4445598000;-1.3910709934;-0.3926132706
14.9900000000;-1.4445598000;-1.3910709934;-0.3748311823
15.0000000000;-1.4267301978;-1.3910709934;-0.3925659458
15.0100000000;-1.4445598000;-1.4089005956;-0.4104191474
15.0200000000;-1.4623894021;-1.4089005956;-0.4816901922
15.0300000000;-1.4534716383;-1.4089005956;-0.5530323184
15.0400000000;-1.4445598000;-1.3910709934;-0.5887152323
15.0500000000;-1.4445598000;-1.4089005956;-0.4818322217
15.0600000000;-1.4356420420;-1.3910709934;-0.5173968549
15.0700000000;-1.4445598000;-1.3910709934;-0.5174204860
15.0800000000;-1.4445598000;-1.3910709934;-0.5352382883
15.0900000000;-1.4445598000;-1.4089005956;-0.5352500881
15.1000000000;-1.4445598000;-1.4089005956;-0.5174322702
15.1100000000;-1.4445598000;-1.4089005956;-0.5352383117
15.1200000000;-1.4445598000;-1.4089005956;-0.5352500881
15.1300000000;-1.4445598000;-1.3910709934;-0.5352500881
15.1400000000;-1.4445598000;-1.3910709934;-0.5352500881
15.1500000000;-1.4445598000;-1.3910709934;-0.5174322314
15.1600000000;-1.4445715531;-1.3910709934;-0.5352383504
15.1700000000;-1.4623776567;-1.4089005956;-0.5174322160
15.1800000000;-1.4445598000;-1.4089005956;-0.4817847262
15.1900000000;-1.4445598000;-1.4089005956;-0.4639433940
15.2000000000;-1.4445598000;-1.4089005956;-0.4461137841
15.2100000000;-1.4445598000;-1.4089005956;-0.4461020772
15.2200000000;-1.4445598000;-1.4089005956;-0.4282841665
15.2300000000;-1.4445598000;-1.4089005956;-0.4104545567
15.2400000000;-1.4445598000;-1.4089005956;-0.4104428728
15.2500000000;-1.4445714838;-1.4089005956;-0.4104428728
15.2600000000;-1.4623894021;-1.4089005956;-0.4282608140
15.2700000000;-1.4623894021;-1.4089005956;-0.4460904238
15.2800000000;-1.4623894021;-1.4089005956;-0.4639200337
15.2900000000;-1.4623777488;-1.4089005956;-0.4639316794
15.3000000000;-1.4445714457;-1.3910709934;-0.4995676227
15.3100000000;-1.4623777640;-1.3910709934;-0.5352268422
15.3200000000;-1.4445598000;-1.3910709934;-0.5352500881
15.3300000000;-1.4445598000;-1.4089005956;-0.4817961050
15.3400000000;-1.4445598000;-1.3910709934;-0.4995792835
15.3500000000;-1.4445481921;-1.3910709934;-0.5174088932
15.3600000000;-1.4267417980;-1.3910709934;-0.5352385030
15.3700000000;-1.4445482072;-1.3910709934;-0.4996140391
15.3800000000;-1.4267417829;-1.3910709934;-0.4817728517
15.3900000000;-1.4445598000;-1.3732413912;-0.4639432420
15.4000000000;-1.4445598000;-1.3910709934;-0.5352038675
15.4100000000;-1.4623894021;-1.3910709934;-0.5352500881
15.4200000000;-1.4445598000;-1.3910709934;-0.5352500881
15.4300000000;-1.4445598000;-1.4089005956;-0.5352500881
15.4400000000;-1.4623894021;-1.3910709934;-0.5352500881
15.4500000000;-1.4623894021;-1.3910709934;-0.5352500881
15.4600000000;-1.4623894021;-1.3910709934;-0.5352500881
15.4700000000;-1.4445598000;-1.3910709934;-0.5174319889
15.4800000000;-1.4445598000;-1.3910709934;-0.5174204860
15.4900000000;-1.4267301978;-1.3910709934;-0.5352386000
15.5000000000;-1.4267301978;-1.3910709934;-0.5530682096
15.5100000000;-1.4445598000;-1.3910709934;-0.5530796903
15.5200000000;-1.4445598000;-1.3910709934;-0.5530796903
15.5300000000;-1.4445598000;-1.3732413912;-0.5174434032
15.5400000000;-1.4267301978;-1.3732413912;-0.5352386369
15.5500000000;-1.4267301978;-1.3910709934;-0.5887045630
15.5600000000;-1.4445598000;-1.3732413912;-0.5709207291
15.5700000000;-1.4267301978;-1.3732413912;-0.5887274655
15.5800000000;-1.4623894021;-1.3910709934;-0.6065570750
15.5900000000;-1.4623894021;-1.3910709934;-0.5887503093
15.6000000000;-1.4089005956;-1.3910709934;-0.5887388947
15.6100000000;-1.3732413912;-1.3910709934;-0.6065570969
15.6200000000;-1.3375821868;-1.3910709934;-0.5531138685
15.6300000000;-1.3375821868;-1.3910709934;-0.5530796903
15.6400000000;-1.3732413912;-1.3910709934;-0.5174432423
15.6500000000;-1.3732413912;-1.3910709934;-0.5352387172
15.6600000000;-1.4089005956;-1.4089005956;-0.5174318496
15.6700000000;-1.3910709934;-1.3910709934;-0.5174204860
15.6800000000;-1.4089005956;-1.4089005956;-0.5530569919
15.6900000000;-1.4445598000;-1.3910709934;-0.5352614301
15.7000000000;-1.4267301978;-1.3910709934;-0.5887048904
15.7100000000;-1.4267301978;-1.3910709934;-0.5709206201
15.7200000000;-1.3910709934;-1.3910709934;-0.5887275743
15.7300000000;-1.1592861649;-1.3910709934;-0.5887388947
15.7400000000;-1.0166493473;-1.3910709934;-0.5887388947
15.7500000000;-0.9453309386;-1.3910709934;-0.6065571981
15.7600000000;-0.9809901430;-1.4089005956;-0.5887501864
15.7700000000;-0.8561829276;-1.4089005956;-0.6065572124
15.7800000000;-0.8383533254;-1.3910709934;-0.6243868217
15.7900000000;-0.7313757123;-1.3910709934;-0.6243980991
15.8000000000;-0.6243980991;-1.3910709934;-0.6065797601
15.8100000000;-0.4817612816;-1.3910709934;-0.6065684969
15.8200000000;-0.4461020772;-1.4089005956;-0.6065684969
15.8300000000;-0.3926132706;-1.3910709934;-0.5709317763
15.8400000000;-0.4995908838;-1.3910709934;-0.5530909251
15.8500000000;-0.9988197451;-1.3910709934;-0.5530796903
15.8600000000;-1.2127749715;-1.3910709934;-0.5352613088
15.8700000000;-1.3019229824;-1.3910709934;-0.5174316995
15.8800000000;-1.3910709934;-1.3910709934;-0.5530572773
15.8900000000;-1.3732413912;-1.4089005956;-0.5530796903
15.9000000000;-1.3732413912;-1.3910709934;-0.5530796903
15.9100000000;-1.5158782087;-1.4089005956;-0.5530796903
15.9200000000;-1.4980486065;-1.3910709934;-0.5174428428
15.9300000000;-1.4089005956;-1.4089005956;-0.5352389167
15.9400000000;-1.3554117890;-1.4089005956;-0.4996132126
15.9500000000;-1.2840933802;-1.4089005956;-0.4995908838
15.9600000000;-1.1949453693;-1.4089005956;-0.4817724320
15.9700000000;-1.1236269605;-1.3910709934;-0.4817612816
15.9800000000;-1.0879677561;-1.4089005956;-0.4639428159
15.9900000000;-1.0166493473;-1.4089005956;-0.4461132068
16.0000000000;-1.0166493473;-1.3910709934;-0.4461020772
16.0100000000;-1.0165936994;-1.4089005956;-0.4639205637
16.0200000000;-0.9273678647;-1.4089005956;-0.4639316794
16.0300000000;-0.7133349116;-1.4089005956;-0.4639316794
16.0400000000;-0.3745392752;-1.3910709934;-0.4639316794
16.0500000000;0.0177784320;-1.3910709934;-0.4639316794
16.0600000000;0.5168850555;-1.3910709934;-0.4461131584
16.0700000000;0.9089476894;-1.4089005956;-0.4461020772
16.0800000000;0.8197996785;-1.3910709934;-0.4461020772
16.0900000000;0.7484591280;-1.3910709934;-0.4461020772
16.1000000000;0.6770964565;-1.3910709934;-0.4461020772
16.1100000000;0.5701078240;-1.3910709934;-0.4461020772
16.1200000000;0.4453227640;-1.3910709934;-0.4639206394
16.1300000000;0.3560532721;-1.3910709934;-0.4817502484
16.1400000000;0.0708901464;-1.4089005956;-0.4639427057
16.1500000000;-0.0359219283;-1.4089005956;-0.4995688447
16.1600000000;0.1244341666;-1.3910709934;-0.4817722943
16.1700000000;0.1066706884;-1.3910709934;-0.4817612816
16.1800000000;0.1957305636;-1.4089005956;-0.4639426785
16.1900000000;0.1422087596;-1.3910709934;-0.4817502892
16.2000000000;0.0351541933;-1.3910709934;-0.4639426650
16.2100000000;-0.1965975700;-1.3910709934;-0.4639316794
16.2200000000;-0.3748715531;-1.3910709934;-0.4817503095
16.2300000000;-0.5174095071;-1.3910709934;-0.4995799184
16.2400000000;-0.4992507499;-1.4089005956;-0.4817722402
16.2500000000;0.0532254720;-1.3910709934;-0.4817612816
16.2600000000;0.2136808725;-1.4089005956;-0.4995799386
16.2700000000;0.3563614435;-1.4089005956;-0.4995908838
16.2800000000;0.5703494245;-1.3910709934;-0.4995908838
16.2900000000;0.8377605415;-1.3910709934;-0.5174095610
16.3000000000;1.0515954387;-1.3910709934;-0.4996018021
16.3100000000;1.0693704092;-1.3910709934;-0.4995908838
16.3200000000;0.9980411089;-1.3910709934;-0.5174095810
16.3300000000;0.9088276615;-1.4089005956;-0.5174204860
16.3400000000;0.7125930613;-1.4089005956;-0.5174204860
16.3500000000;0.3382805381;-1.4089005956;-0.5174204860
16.3600000000;0.1421332040;-1.3910709934;-0.5174204860
16.3700000000;-0.0895862282;-1.3910709934;-0.5174204860
16.3800000000;-0.2142737353;-1.3910709934;-0.5352392231
16.3900000000;0.0531267841;-1.3910709934;-0.5352500881
16.4000000000;0.3740596237;-1.3732413912;-0.5352500881
16.4100000000;0.5345260434;-1.3910709934;-0.5352500881
16.4200000000;0.5345260434;-1.3910709934;-0.5352500881
16.4300000000;0.3027412149;-1.4089005956;-0.5174313180
16.4400000000;0.2135932039;-1.4267301978;-0.5174204860
16.4500000000;0.3384004193;-1.4445598000;-0.5352392692
16.4600000000;0.4810372368;-1.4267301978;-0.5174312983
16.4700000000;0.2135932039;-1.4267301978;-0.5352392823
16.4800000000;0.1422747952;-1.4089005956;-0.5352500881
16.4900000000;-0.0716804311;-1.3910709934;-0.5174312787
16.5000000000;0.3384004193;-1.3732413912;-0.5352393019
16.5100000000;0.4097188280;-1.3732413912;-0.5174312656
16.5200000000;0.6949924631;-1.3732413912;-0.5352393150
16.5300000000;0.7128220653;-1.3732413912;-0.5352500881
16.5400000000;1.7291093903;-1.3910709934;-0.5352500881
16.5500000000;2.2818270582;-1.4089005956;-0.5352500881
16.5600000000;2.5671006933;-1.4089005956;-0.5352500881
16.5700000000;2.6027598977;-1.4089005956;-0.5352500881
16.5800000000;2.3353158648;-1.3910709934;-0.5352500881
16.5900000000;2.1213606385;-1.3910709934;-0.5352500881
16.6000000000;1.9252350144;-1.3910709934;-0.5352500881
16.6100000000;1.6399613793;-1.3910709934;-0.5174312009
16.6200000000;1.1229029157;-1.3732413912;-0.5174204860
16.6300000000;0.8375435872;-1.3732413912;-0.5352393861
16.6400000000;0.0531267845;-1.3732413912;-0.5352500881
16.6500000000;-0.2143172487;-1.3910709934;-0.5352500881
16.6600000000;-0.2856356575;-1.3910709934;-0.5352500881
16.6700000000;-0.2856356575;-1.4089005956;-0.5174311624
16.6800000000;-0.1518735925;-1.4089005956;-0.5174204860
16.6900000000;-0.0181062133;-1.4089005956;-0.5352394245
16.7000000000;0.1245518931;-1.4089005956;-0.5352500881
16.7100000000;0.3028585149;-1.4267301978;-0.5352500881
16.7200000000;0.4989201253;-1.4089005956;-0.5174311305
16.7300000000;0.5880255009;-1.4089005956;-0.5174204860
16.7400000000;0.6057912295;-1.4089005956;-0.5174204860
16.7500000000;0.5166326121;-1.4089005956;-0.5352394626
16.7600000000;0.4096337733;-1.3910709934;-0.5174311051
16.7700000000;0.2669438790;-1.4089005956;-0.5174204860
16.7800000000;0.0351697519;-1.4089005956;-0.5174204860
16.7900000000;-0.1787853986;-1.3910709934;-0.5174204860
16.8000000000;-0.3927087295;-1.3910709934;-0.5174204860
16.8100000000;-0.5531220913;-1.3910709934;-0.5352395005
16.8200000000;-0.6244404749;-1.3910709934;-0.5174310673
16.8300000000;-0.6957482708;-1.3910709934;-0.5174204860
16.8400000000;-0.7491947331;-1.3910709934;-0.5174204860
16.8500000000;-0.7313651372;-1.3910709934;-0.5174204860
16.8600000000;-0.7135038348;-1.3910709934;-0.5174204860
16.8700000000;-0.6421537634;-1.3910709934;-0.5174204860
16.8800000000;-0.5173043666;-1.3910709934;-0.5174204860
16.8900000000;-0.3211893613;-1.3910709934;-0.5174204860
16.9000000000;-0.1429039456;-1.3910709934;-0.5174204860
16.9100000000;0.0175729557;-1.3910709934;-0.5174204860
16.9200000000;0.1959110408;-1.3910709934;-0.4996014027
16.9300000000;0.4455464348;-1.3910709934;-0.4995908838
16.9400000000;0.7307884137;-1.3910709934;-0.5174099794
16.9500000000;0.9625731615;-1.3910709934;-0.5174204860
16.9600000000;1.1943684160;-1.3910709934;-0.5174204860
16.9700000000;1.9965534232;-1.3910709934;-0.5174204860
16.9800000000;2.6027598977;-1.3910709934;-0.5174204860
16.9900000000;2.7721909219;-1.3910709934;-0.5174204860
17.0000000000;2.9415957122;-1.3910709934;-0.5174204860
17.0100000000;3.0663190790;-1.3910709934;-0.5174204860
17.0200000000;3.0128407481;-1.4089005956;-0.5174204860
17.0300000000;3.2802847810;-1.3910709934;-0.5352396370
17.0400000000;3.3248718542;-1.3910709934;-0.5174309310
17.0500000000;3.3695164009;-1.3910709934;-0.5174204860
17.0600000000;3.5120800545;-1.3910709934;-0.5174204860
17.0700000000;3.5298052618;-1.3910709934;-0.5352396615
17.0800000000;3.3692867332;-1.3910709934;-0.5352500881
17.0900000000;3.1195785480;-1.3910709934;-0.5352500881
17.1000000000;2.7094144732;-1.3910709934;-0.5174308944
17.1100000000;2.1568427967;-1.3910709934;-0.5174204860
17.1200000000;1.8537917048;-1.3910709934;-0.5174204860
17.1300000000;1.6398261490;-1.3910709934;-0.5174204860
17.1400000000;1.4080310031;-1.3910709934;-0.5174204860
17.1500000000;1.1584478278;-1.3910709934;-0.5174204860
17.1600000000;0.9622184287;-1.3910709934;-0.5174204860
17.1700000000;0.5875685912;-1.3910709934;-0.5174204860
17.1800000000;-0.5709092925;-1.3910709934;-0.5174204860
17.1900000000;-0.8205237232;-1.3910709934;-0.5174204860
17.2000000000;-0.8026889425;-1.3732413912;-0.5174204860
17.2100000000;-0.7850094749;-1.3732413912;-0.5174204860
17.2200000000;-1.0344272096;-1.4089005956;-0.5174204860
17.2300000000;-0.9453309386;-1.3910709934;-0.5174204860
17.2400000000;-0.9452482506;-1.4089005956;-0.5174204860
17.2500000000;-0.8027147811;-1.4089005956;-0.5174204860
17.2600000000;-0.8382913812;-1.4267301978;-0.5174204860
17.2700000000;-0.3034652596;-1.4267301978;-0.5174204860
17.2800000000;-0.4995908838;-1.4267301978;-0.5174204860
17.2900000000;-0.8205237232;-1.4267301978;-0.5174204860
17.3000000000;0.3918892259;-1.4267301978;-0.5174204860
17.3100000000;0.6236740544;-1.4089005956;-0.5174204860
17.3200000000;-0.5174204860;-1.4089005956;-0.5174204860
17.3300000000;-0.2856356575;-1.4089005956;-0.5174204860
17.3400000000;-0.0360212268;-1.3910709934;-0.5174204860
17.3500000000;0.0531267842;-1.3910709934;-0.5174204860
17.3600000000;-0.2499764531;-1.3910709934;-0.5174204860
17.3700000000;-0.2143172487;-1.3910709934;-0.5174204860
17.3800000000;-0.3926132706;-1.3910709934;-0.5174204860
17.3900000000;-0.3926132706;-1.3732413912;-0.5174204860
17.4000000000;-0.3569540662;-1.3910709934;-0.5174204860
17.4100000000;-0.3747836684;-1.3910709934;-0.5174204860
17.4200000000;-0.3926132706;-1.3910709934;-0.5174204860
17.4300000000;-0.3926132706;-1.3910709934;-0.5174204860
17.4400000000;-0.4104428728;-1.3910709934;-0.5174204860
17.4500000000;-0.3747836684;-1.3910709934;-0.5174204860
17.4600000000;-0.3747836684;-1.3910709934;-0.5174204860
17.4700000000;-0.3926132706;-1.3910709934;-0.5174204860
17.4800000000;-0.3926132706;-1.3910709934;-0.5174204860
17.4900000000;-0.3926336240;-1.3910709934;-0.5174204860
17.4900114155;-0.4104326932;-1.4089005956;-0.5174204860
17.5000057078;-0.3746411945;-1.4089005956;-0.5174204860
17.5200000000;-0.1253014595;-1.4089005956;-0.5174204860
17.5300000000;-0.3569743964;-1.4089005956;-0.5174204860
17.5400000000;-0.3926132706;-1.4089005956;-0.5174204860
17.5500000000;-0.3926234241;-1.4089005956;-0.5174204860
17.5600000000;-0.4104428728;-1.3910709934;-0.4996111677
17.5700000000;-0.4104428728;-1.3910709934;-0.5084980863
17.5800000000;-0.4104327366;-1.4089005956;-0.5174154222
17.5900000000;-0.3926234011;-1.4089005956;-0.5174204860
17.6000000000;-0.4104428728;-1.4089005956;-0.5174204860
17.6100000000;-0.4104327538;-1.3910709934;-0.5174204860
17.6200000000;-0.3926233838;-1.4445598000;-0.5174204860
17.6300000000;-0.4104428728;-1.4089005956;-0.5174204860
17.6400000000;-0.4104428728;-1.4445598000;-0.5174204860
17.6500000000;-0.4104327768;-1.4802190043;-0.5174204860
17.6600000000;-0.3926132706;-1.4802190043;-0.5174204860
17.6700000000;-0.3926233552;-1.4445598000;-0.5174204860
17.6800000000;-0.4104428728;-1.4089005956;-0.5174204860
17.6900000000;-0.4104327996;-1.4089005956;-0.5174204860
17.7000000000;-0.3926233381;-1.4089005956;-0.5174204860
17.7100000000;-0.4104328110;-1.4089005956;-0.5174204860
17.7200000000;-0.3926132706;-1.3910709934;-0.4996009286
17.7300000000;-0.3926132706;-1.3732413912;-0.5174104468
17.7400000000;-0.3926132706;-1.3732413912;-0.5174204860
17.7500000000;-0.3926132706;-1.3732413912;-0.5174204860
17.7600000000;-0.3926132706;-1.3732413912;-0.5174204860
17.7700000000;-0.3926132706;-1.3732413912;-0.5174204860
17.7800000000;-0.3926132706;-1.3732413912;-0.5174204860
17.7900000000;-0.3926132706;-1.3732413912;-0.5174204860
17.8000000000;-0.3926132706;-1.3732413912;-0.5174204860
17.8100000000;-0.3926132706;-1.3732413912;-0.5174204860
17.8200000000;-0.3926132706;-1.3732413912;-0.5174204860
17.8300000000;-0.4104428728;-1.3910709934;-0.5174204860
17.8400000000;-0.3926132706;-1.3732413912;-0.5174204860
17.8500000000;-0.4104428728;-1.3732413912;-0.5352401163
17.8600000000;-0.3926132706;-1.2484341758;-0.5174304522
17.8700000000;-0.3926132706;-1.1236269605;-0.5352401275
17.8800000000;-0.4104428728;-1.0344789495;-0.5174304411
17.8900000000;-0.4104428728;-1.0344789495;-0.5174204860
17.9000000000;-0.4104229848;-0.9453309386;-0.5174204860
17.9000111545;-0.3926232146;-1.1057973583;-0.5174204860
17.9100055772;-0.4104428728;-1.0701381539;-0.5174204860
17.9300000000;-0.4104428728;-1.1771157671;-0.5174204860
17.9400000000;-0.4104428728;-1.2484341758;-0.5174204860
17.9500000000;-0.3926132706;-1.2662637780;-0.5174204860
17.9600000000;-0.3926330923;-1.2484341758;-0.5174204860
17.9600111173;-0.4104329620;-1.2484341758;-0.5174204860
17.9700055586;-0.4104428728;-1.2484341758;-0.5174204860
17.9900000000;-0.4104428728;-1.2484341758;-0.5174204860
18.0000000000;-0.4282724750;-1.2306045736;-0.5174204860
18.0100000000;-0.4104428728;-1.2127749715;-0.5174204860
18.0200000000;-0.4104428728;-1.1592861649;-0.5174204860
18.0300000000;-0.4104428728;-1.1057973583;-0.5174204860
18.0400000000;-0.4104428728;-1.0166493473;-0.5174204860
18.0500000000;-0.4104428728;-0.9096717342;-0.5174204860
18.0600000000;-0.4104428728;-0.7848645188;-0.5174204860
18.0700000000;-0.4104428728;-0.6600573035;-0.5174204860
18.0800000000;-0.4104428728;-0.6065684969;-0.5174204860
18.0900000000;-0.4104428728;-0.5887388947;-0.5174204860
18.1000000000;-0.4104428728;-0.5352500881;-0.4996007181
18.1100000000;-0.4104428728;-0.5530796903;-0.5174106571
18.1200000000;-0.4104428728;-0.5709092925;-0.5174204860
18.1300000000;-0.4104428728;-0.6422277013;-0.5174204860
18.1400000000;-0.4104428728;-0.6243980991;-0.5174204860
18.1500000000;-0.4104428728;-0.6065684969;-0.5174204860
18.1600000000;-0.4104428728;-0.6243980991;-0.5174204860
18.1700000000;-0.4104428728;-0.6422277013;-0.5174204860
18.1800000000;-0.4104428728;-0.6422277013;-0.5174204860
18.1900000000;-0.4104428728;-0.6778869057;-0.5174204860
18.2000000000;-0.4104526639;-0.6957165079;-0.5174204860
18.2100000000;-0.4282626893;-0.6600573035;-0.5174204860
18.2200000000;-0.4104526532;-0.6243980991;-0.5174204860
18.2300000000;-0.4282627000;-0.6065684969;-0.5174204860
18.2400000000;-0.4104428728;-0.6065684969;-0.5174204860
18.2500000000;-0.4104428728;-0.5887388947;-0.5174204860
18.2600000000;-0.4104428728;-0.5709092925;-0.5174204860
18.2700000000;-0.4104428728;-0.4995908838;-0.5174204860
18.2800000000;-0.4104428728;-0.4282724750;-0.5174204860
18.2900000000;-0.4104428728;-0.3034652596;-0.5174204860
18.3000000000;-0.4104428728;-0.2499764531;-0.5174204860
18.3100000000;-0.4104526051;-0.3034652596;-0.5174204860
18.3200000000;-0.4104428728;-0.4104428728;-0.5174204860
18.3300000000;-0.4104428728;-0.4282724750;-0.5174204860
18.3400000000;-0.4104428728;-0.4639316794;-0.5174204860
18.3500000000;-0.4104428728;-0.3926132706;-0.5174204860
18.3600000000;-0.4193600997;-0.3391244640;-0.5174204860
18.3700000000;-0.4104428728;-0.3212948618;-0.5174204860
18.3800000000;-0.4104428728;-0.4282724750;-0.5174204860
18.3900000000;-0.4104428728;-0.3212948618;-0.5174204860
18.4000000000;-0.4104428728;-0.3034652596;-0.5174204860
18.4100000000;-0.4282724750;-0.3212948618;-0.5174204860
18.4200000000;-0.4104428728;-0.3212948618;-0.5174204860
18.4300000000;-0.4282724750;-0.2856356575;-0.5174204860
18.4400000000;-0.4104428728;-0.2856356575;-0.5174204860
18.4500000000;-0.4104428728;-0.2499764531;-0.5174204860
18.4600000000;-0.4104428728;-0.2143172487;-0.5174204860
18.4700000000;-0.4104428728;-0.1964876465;-0.5174204860
18.4800000000;-0.4104428728;-0.1786580443;-0.5174204860
18.4900000000;-0.4104428728;-0.2321468509;-0.5174204860
18.5000000000;-0.4104428728;-0.3926132706;-0.5174204860
18.5100000000;-0.4104428728;-0.2499764531;-0.5174204860
18.5200000000;-0.4104428728;-0.2678060553;-0.5174204860
18.5300000000;-0.4104428728;-0.3034652596;-0.5352404817
18.5400000000;-0.4282724750;-0.3391244640;-0.5174300873
18.5500000000;-0.4104428728;-0.3212948618;-0.5174204860
18.5600000000;-0.4282724750;-0.3391244640;-0.5174204860
18.5700000000;-0.4104428728;-0.3034652596;-0.5174204860
18.5800000000;-0.4193600710;-0.3569540662;-0.5174204860
18.5900000000;-0.4282724750;-0.3212948618;-0.5174204860
18.6000000000;-0.4282724750;-0.2856356575;-0.5174204860
18.6100000000;-0.4282724750;-0.2856356575;-0.5174204860
18.6200000000;-0.4282629046;-0.3034652596;-0.5352405280
18.6300000000;-0.4104428728;-0.3212948618;-0.5352500881
18.6400000000;-0.4104428728;-0.3034652596;-0.5174300358
18.6500000000;-0.4104428728;-0.3747836684;-0.5174204860
18.6600000000;-0.4104428728;-0.3212948618;-0.5352405485
18.6700000000;-0.4104428728;-0.3391244640;-0.5174300205
18.6800000000;-0.4104428728;-0.3747836684;-0.4996004132
18.6900000000;-0.4104428728;-0.4104428728;-0.4995908838
18.7000000000;-0.4104524022;-0.4282724750;-0.4639507179
18.7100000000;-0.4282724750;-0.4995908838;-0.4461115914
18.7200000000;-0.4282629557;-0.4817612816;-0.4282819841
18.7300000000;-0.4104523870;-0.4995908838;-0.4460925731
18.7400000000;-0.4282629659;-0.4461020772;-0.4282819740
18.7500000000;-0.4104428728;-0.4639316794;-0.4460925833
18.7600000000;-0.4104523718;-0.4995908838;-0.4817423038
18.7700000000;-0.4282629811;-0.3747836684;-0.4995813999
18.7800000000;-0.4104428728;-0.4995908838;-0.5174110072
18.7900000000;-0.4104428728;-0.4639316794;-0.5352406144
18.8000000000;-0.4104523516;-0.4461020772;-0.5174299547
18.8100000000;-0.4282724750;-0.4282724750;-0.4283197935
18.8200000000;-0.4282630063;-0.3926132706;-0.3391717574
18.8300000000;-0.4104523365;-0.3747836684;-0.2500237214
18.8400000000;-0.4282630163;-0.3926132706;-0.1608756854
18.8500000000;-0.4104428728;-0.3569540662;-0.0895478079
18.8600000000;-0.4104523214;-0.3747836684;-0.0360495427
18.8700000000;-0.4282724750;-0.2856356575;0.0352594474
18.8800000000;-0.4282724750;-0.2856356575;0.1243980496
18.8900000000;-0.4282724750;-0.3212948618;0.2313662640
18.9000000000;-0.4282724750;-0.3391244640;0.5521861089
18.9100000000;-0.4282724750;-0.3926132706;0.5523556456
18.9200000000;-0.4282724750;-0.3926132706;0.9265797076
18.9300000000;-0.4282630613;-0.3926132706;1.4792034417
18.9400000000;-0.4104522816;-0.4104428728;1.4973151629
18.9500000000;-0.4282630712;-0.4282724750;1.3013022705
18.9600000000;-0.4104522716;-0.4282724750;1.3011989377
18.9700000000;-0.4282630811;-0.4104428728;1.4259404650
18.9800000000;-0.4104428728;-0.4282724750;1.4794668224
18.9900000000;-0.4104522568;-0.4282724750;1.4438545035
19.0000000000;-0.4282724750;-0.4282724750;1.4260155222
19.0100000000;-0.4282724750;-0.4461020772;1.4794668667
19.0200000000;-0.4282631058;-0.4995908838;1.4616747168
19.0300000000;-0.4104428728;-0.4995908838;1.4082046142
19.0400000000;-0.4104428728;-0.4461020772;1.3368955403
19.0500000000;-0.4104428728;-0.4461020772;1.2655771119
19.0600000000;-0.4104522224;-0.4461020772;1.2477194708
19.0700000000;-0.4282631303;-0.4461020772;1.2655303984
19.0800000000;-0.4104428728;-0.4639316794;1.2298991889
19.0900000000;-0.4104522077;-0.4639316794;1.1585994206
19.1000000000;-0.4282631450;-0.4639316794;1.1407418382
19.1100000000;-0.4104428728;-0.4817612816;1.1229122311
19.1200000000;-0.4104521930;-0.4995908838;1.0872623323
19.1300000000;-0.4282724750;-0.4995908838;1.0159625251
19.1400000000;-0.4282631645;-0.4995908838;0.9446440970
19.1500000000;-0.4104521784;-0.5352500881;0.9446068938
19.1600000000;-0.4282631742;-0.5352500881;0.8911459605
19.1700000000;-0.4104428728;-0.5352500881;0.8376571394
19.1800000000;-0.4104521639;-0.5709092925;0.7841683183
19.1900000000;-0.4282724750;-0.5530796903;0.7306794973
19.2000000000;-0.4282631936;-0.5530796903;0.6593703458
19.2100000000;-0.4104428728;-0.4817612816;0.5702315825
19.2200000000;-0.4282724750;-0.4639316794;0.4810835475
19.2300000000;-0.4282724750;-0.4461020772;0.4810372368
19.2400000000;-0.4193553590;-0.4639316794;0.4810372368
19.2500000000;-0.4104521301;-0.4639316794;0.4632168823
19.2600000000;-0.4282724750;-0.4817612816;0.4453872754
19.2700000000;-0.4282724750;-0.4995908838;0.4097373043
19.2800000000;-0.4282632321;-0.4817612816;0.3562577215
19.2900000000;-0.4104521109;-0.4639316794;0.3027689006
19.3000000000;-0.4282724750;-0.4817612816;0.2492800797
19.3100000000;-0.4282724750;-0.4817612816;0.1423301093
19.3200000000;-0.4282632512;-0.4817612816;-0.0002883082
19.3300000000;-0.4104428728;-0.4995908838;-0.0538232004
19.3400000000;-0.4104520871;-0.5174204860;-0.0894916238
19.3500000000;-0.4282632655;-0.5352500881;-0.1251508377
19.3600000000;-0.4104520776;-0.5709092925;-0.1608100516
19.3700000000;-0.4282724750;-0.4104428728;-0.1430080304
19.3800000000;-0.4282632797;-0.5352500881;-0.1786396727
19.3900000000;-0.4104520633;-0.5709092925;-0.1964784654
19.4000000000;-0.4282632892;-0.5709092925;-0.2321284982
19.4100000000;-0.4104520539;-0.5709092925;-0.2856081426
19.4200000000;-0.4282724750;-0.5174204860;-0.3925582693
19.4300000000;-0.4282724750;-0.5709092925;-0.4638950306
19.4400000000;-0.4282724750;-0.5530796903;-0.5173930135
19.4500000000;-0.4282724750;-0.5352500881;-0.4817795871
19.4600000000;-0.4282724750;-0.5530796903;-0.4282999192
19.4700000000;-0.4282724750;-0.5352500881;-0.3926315574
19.4800000000;-0.4282724750;-0.6600573035;-0.4104337341
19.4900000000;-0.4282450448;-0.6422277013;-0.4817247455
19.5000000000;-0.3746740041;-0.5530796903;-0.5530431730
19.5100000000;-0.1607462360;-0.5352500881;-0.6065411229
19.5200000000;-0.0002981170;-0.5174204860;-0.5531070504
19.5300000000;0.1244725670;-0.4995908838;-0.5174387166
19.5400000000;0.1779613595;-0.4995908838;-0.4995999944
19.5500000000;0.2314228061;-0.4817612816;-0.4817703876
19.5600000000;0.2313863634;-0.4817612816;-0.5174022832
19.5700000000;0.1600588672;-0.4817612816;-0.4817794750
19.5800000000;0.0709290823;-0.4817612816;-0.4461202614
19.5900000000;0.0174948700;-0.4817612816;-0.4282815625
19.6000000000;0.0710109390;-0.5174204860;-0.4282724750
19.6100000000;0.1780157867;-0.4817612816;-0.5886571908
19.6200000000;0.3384730819;-0.4995908838;-0.7313031235
19.6300000000;0.4810917061;-0.6778869057;-0.9274015776
19.6400000000;0.5880692915;-0.4639316794;-1.1413477903
19.6500000000;0.6950740839;-0.4817612816;-1.3018414446
19.6600000000;0.8554951403;-0.5174204860;-1.3732051706
19.6700000000;0.9268135306;-0.5174204860;-1.3554208396
19.6800000000;0.9981409762;-0.5530796903;-1.3375912328
19.6900000000;1.0872980147;-0.4104428728;-1.3375821868
19.7000000000;1.1942756003;-0.6422277013;-1.3375821868
19.7100000000;1.3012712687;-0.4282724750;-1.2306587670
19.7200000000;1.4438809392;-0.4639316794;-1.1236811264
19.7300000000;1.5330289272;-0.4817612816;-1.0167034858
19.7400000000;1.6221498324;-0.4639316794;-0.9453670126
19.7500000000;1.6577819584;-0.4282724750;-0.8918691739
19.7600000000;1.6399613793;-0.4461020772;-0.8027391680
19.7700000000;1.6399343375;-0.2856356575;-0.7314117317
19.7800000000;1.5864455445;-0.4817612816;-0.6957345085
19.7900000000;1.5330197855;-0.1429988399;-0.6778959015
19.8000000000;1.6043381761;-0.3569540662;-0.7669899605
19.8100000000;1.6756205837;-0.3747836684;-0.8204967631
19.8200000000;1.6756115925;-0.5174204860;-0.9096268233
19.8300000000;1.6577730081;-0.5530796903;-0.9809542324
19.8400000000;1.6221227950;-0.4104428728;-1.0344520301
19.8500000000;1.6042752420;-0.6065684969;-1.1414027510
19.8600000000;1.5507595296;-0.4817612816;-1.2305597531
19.8700000000;1.4438178180;-0.3034652596;-1.3018871440
19.8800000000;1.4081586226;-0.5887388947;-1.3910262179
19.8900000000;1.3724635888;-0.5174204860;-1.4623535997
19.9000000000;1.1229029157;-0.6065684969;-1.4623894021
19.9100000000;1.0515845070;-0.5709092925;-1.4445687416
19.9200000000;1.0515845070;-0.5709092925;-1.3910978048
19.9300000000;1.0515845070;-0.5887388947;-1.3376089848
19.9400000000;0.9980957004;-0.5887388947;-1.2306581428
19.9500000000;0.9802660982;-0.6243980991;-1.1771425383
19.9600000000;0.9980957004;-0.6243980991;-1.1592950841
19.9700000000;0.9624364960;-0.6065684969;-1.2127482270
19.9800000000;0.8911180872;-0.5887388947;-1.2840577388
19.9900000000;0.8376292807;-0.5709092925;-1.3019140765
20.0000000000;0.8732884850;-0.5887388947;-1.3197436832
20.0100000000;0.9446068938;-0.5530796903;-1.3375732898
20.0200000000;0.9980957004;-0.5352500881;-1.3554028964
20.0300000000;1.0159253026;-0.4817612816;-1.3197703609
20.0400000000;0.9980957004;-0.4817612816;-1.2306489922
20.0500000000;0.9446068938;-0.4817612816;-0.9989351759
20.0600000000;0.8911180872;-0.4817612816;-0.4107357434
20.0700000000;0.8197996785;-0.4995908838;-0.4104428728
20.0800000000;0.7841404741;-0.4817612816;-0.4104428728
20.0900000000;0.7841404741;-0.4817612816;-0.4104428728
20.1000000000;0.8019700763;-0.4817612816;-0.4104428728
20.1100000000;0.8019700763;-0.4817612816;-0.3926221234
20.1200000000;0.7841360466;-0.4817612816;-0.3926132706
20.1300000000;0.7663108719;-0.4995908838;-0.3747925125
20.1400000000;0.7663108719;-0.4817612816;-0.3747836684
20.1500000000;0.7662843397;-0.4817612816;-0.3747836684
20.1600000000;0.7128220653;-0.4817612816;-0.3747836684
20.1700000000;0.7128397359;-0.4817612816;-0.3747836684
20.1800000000;0.7484901006;-0.4817612816;-0.3747836684
20.1900000000;0.7663196984;-0.4639316794;-0.3747836684
20.2000000000;0.7841581184;-0.4639316794;-0.3569628797
20.2100000000;0.8197996785;-0.4817612816;-0.3569540662
20.2200000000;0.8197820516;-0.4817612816;-0.3569540662
20.2300000000;0.7841052377;-0.4817612816;-0.3569540662
20.2400000000;0.7128044558;-0.4639316794;-0.3569540662
20.2500000000;0.6771540605;-0.4817612816;-0.3569540662
20.2600000000;0.6593068706;-0.4817612816;-0.3391332514
20.2700000000;0.6058620356;-0.4639316794;-0.3391244640
20.2800000000;0.6414860818;-0.4639316794;-0.3391244640
20.2900000000;0.6058268861;-0.4817612816;-0.3569452918
20.3000000000;0.5701501329;-0.4639316794;-0.3391332341
20.3100000000;0.4988580646;-0.4817612816;-0.3391244640
20.3200000000;0.4810109265;-0.4817612816;-0.3569453047
20.3300000000;0.4275396645;-0.4817612816;-0.3569540662
20.3400000000;0.4097275895;-0.4639316794;-0.3391332169
20.3500000000;0.4275571874;-0.4817612816;-0.3569453176
20.3600000000;0.4453780324;-0.4639316794;-0.3569540662
20.3700000000;0.4453517867;-0.4639316794;-0.3391332040
20.3800000000;0.3918629930;-0.4817612816;-0.3569453305
20.3900000000;0.3383567193;-0.4639316794;-0.3569540662
20.4000000000;0.2492349369;-0.4639316794;-0.3391331912
20.4100000000;0.2135844725;-0.4817612816;-0.3569453433
20.4200000000;0.1957548746;-0.4639316794;-0.3391331827
20.4300000000;0.1779339995;-0.4639316794;-0.3569453519
20.4400000000;0.1779339995;-0.4817612816;-0.3391331741
20.4500000000;0.1779252852;-0.4639316794;-0.3569453604
20.4600000000;0.1600608468;-0.4639316794;-0.3391331656
20.4700000000;0.0709215630;-0.4817612816;-0.3391244640
20.4800000000;-0.0003794256;-0.4817612816;-0.3391244640
20.4900000000;-0.0360299241;-0.4639316794;-0.3391244640
20.5000000000;-0.0538856015;-0.4639316794;-0.3391244640
20.5100000000;-0.1252039933;-0.4817612816;-0.3391244640
20.5200000000;-0.1965050158;-0.4639316794;-0.3391244640
20.5300000000;-0.2321728922;-0.4639316794;-0.3391244640
20.5400000000;-0.2856616861;-0.4639316794;-0.3391244640
20.5500000000;-0.3391591520;-0.4639316794;-0.3391244640
20.5600000000;-0.4104862116;-0.4639316794;-0.3391244640
20.5700000000;-0.4996342015;-0.4639316794;-0.3391244640
20.5800000000;-0.5887908508;-0.4639316794;-0.3391244640
20.5900000000;-0.6957424733;-0.4639316794;-0.3569454195
20.6000000000;-0.7492053145;-0.4639316794;-0.3391331066
20.6100000000;-0.7491966677;-0.4639316794;-0.3391244640
20.6200000000;-0.7313497846;-0.4817612816;-0.3391244640
20.6300000000;-0.6778523522;-0.4639316794;-0.3391244640
20.6400000000;-0.6065339602;-0.4817612816;-0.3391244640
20.6500000000;-0.5352155681;-0.4639316794;-0.3391244640
20.6600000000;-0.4639144277;-0.4639316794;-0.3391244640
20.6700000000;-0.4282638533;-0.4639316794;-0.3391244640
20.6800000000;-0.4104256378;-0.4639316794;-0.3391244640
20.6900000000;-0.3747578284;-0.4639316794;-0.3391244640
20.7000000000;-0.3212862527;-0.4639316794;-0.3391244640
20.7100000000;-0.3034566546;-0.4639316794;-0.3391244640
20.7200000000;-0.2856614601;-0.4639316794;-0.3391244640
20.7300000000;-0.3391846411;-0.4639316794;-0.3391244640
20.7400000000;-0.4639832348;-0.4639316794;-0.3391244640
20.7500000000;-0.5709178810;-0.4639316794;-0.3569454860
20.7600000000;-0.5887303104;-0.4639316794;-0.3391330401
20.7700000000;-0.5708578115;-0.4639316794;-0.3391244640
20.7800000000;-0.4638887992;-0.4639316794;-0.3391244640
20.7900000000;-0.3748008123;-0.4639316794;-0.3391244640
20.8000000000;-0.4104771440;-0.4639316794;-0.3391244640
20.8100000000;-0.4818126637;-0.4817612816;-0.3391244640
20.8200000000;-0.5888244905;-0.4817612816;-0.3391244640
20.8300000000;-0.7671204713;-0.4817612816;-0.3391244640
20.8400000000;-0.9454335550;-0.4817612816;-0.3391244640
20.8500000000;-1.1593203539;-0.4639316794;-0.3391244640
20.8600000000;-1.2305960305;-0.4817612816;-0.3391244640
20.8700000000;-1.2127237370;-0.4817612816;-0.3391244640
20.8800000000;-1.1057461483;-0.4817612816;-0.3391244640
20.8900000000;-0.9987770906;-0.4817612816;-0.3391244640
20.9000000000;-0.9096120464;-0.4817612816;-0.3391244640
20.9100000000;-0.7848048596;-0.4817612816;-0.3391244640
20.9200000000;-0.6600061914;-0.4817612816;-0.3391244640
20.9300000000;-0.5530541465;-0.4817612816;-0.3391244640
20.9400000000;-0.4995738627;-0.4817612816;-0.3391244640
20.9500000000;-0.4104428728;-0.4817612816;-0.3391244640
20.9600000000;-0.3391244640;-0.4817612816;-0.3391244640
20.9700000000;-0.2678060553;-0.4639316794;-0.3391244640
20.9800000000;-0.2143172487;-0.4639316794;-0.3391244640
20.9900000000;-0.2321468509;-0.4639316794;-0.3391244640
21.0000000000;-0.3034652596;-0.4639316794;-0.3391244640
21.0100000000;-0.3747836684;-0.4639316794;-0.3569455921
21.0200000000;-0.3926132706;-0.4639316794;-0.3391329342
21.0300000000;-0.4104428728;-0.4639316794;-0.3391244640
21.0400000000;-0.3926132706;-0.4639316794;-0.3391244640
21.0500000000;-0.3747836684;-0.4639316794;-0.3391244640
21.0600000000;-0.3034652596;-0.4817612816;-0.3391244640
21.0700000000;-0.2143172487;-0.4817612816;-0.3569456162
21.0800000000;-0.1073396355;-0.4639316794;-0.3391329101
21.0900000000;-0.0360212268;-0.4639316794;-0.3391244640
21.1000000000;-0.0003620224;-0.4639316794;-0.3391244640
21.1100000000;0.0352971820;-0.4639316794;-0.3391244640
21.1200000000;0.0531267842;-0.4639316794;-0.3569456362
21.1300000000;0.0531267842;-0.4639316794;-0.3391328901
21.1400000000;-0.0181916246;-0.4639316794;-0.3391244640
21.1500000000;-0.1073396355;-0.4817612816;-0.3391244640
21.1600000000;-0.1964876465;-0.4817612816;-0.3391244640
21.1700000000;-0.2499764531;-0.4639316794;-0.3391244640
21.1800000000;-0.2499764531;-0.4639316794;-0.3391244640
21.1900000000;-0.1964876465;-0.4639316794;-0.3391244640
21.2000000000;-0.1608284421;-0.4817612816;-0.3391244640
21.2100000000;-0.1429988399;-0.4817612816;-0.3391244640
21.2200000000;-0.1251692377;-0.4639316794;-0.3391244640
21.2300000000;-0.1251692377;-0.4639316794;-0.3391244640
21.2400000000;-0.1073396355;-0.4639316794;-0.3391244640
21.2500000000;-0.0895100333;-0.4639316794;-0.3391244640
21.2600000000;-0.0716804311;-0.4639316794;-0.3569456916
21.2700000000;-0.0716804311;-0.4639316794;-0.3391328347
21.2800000000;-0.0716804311;-0.4639316794;-0.3391244640
21.2900000000;-0.0716804311;-0.4639316794;-0.3391244640
21.3000000000;-0.0716804311;-0.4639316794;-0.3391244640
21.3100000000;-0.0895100333;-0.4639316794;-0.3391244640
21.3200000000;-0.1251692377;-0.4639316794;-0.3391244640
21.3300000000;-0.1429988399;-0.4639316794;-0.3391244640
21.3400000000;-0.1251692377;-0.4639316794;-0.3391244640
21.3500000000;-0.1608284421;-0.4639316794;-0.3391244640
21.3600000000;-0.1429988399;-0.4639316794;-0.3391244640
21.3700000000;-0.2143172487;-0.4639316794;-0.3391244640
21.3800000000;-0.2321468509;-0.4817612816;-0.3391244640
21.3900000000;-0.2321468509;-0.4639316794;-0.3391244640
21.4000000000;-0.2321468509;-0.4639316794;-0.3391244640
21.4100000000;-0.2499764531;-0.4817612816;-0.3391244640
21.4200000000;-0.2410595725;-0.4639316794;-0.3391244640
21.4300000000;-0.2321468509;-0.4817612816;-0.3391244640
21.4400000000;-0.2321468509;-0.4639316794;-0.3391244640
21.4500000000;-0.2321468509;-0.4817612816;-0.3391244640
21.4600000000;-0.2321468509;-0.4639316794;-0.3391244640
21.4700000000;-0.2321468509;-0.4817612816;-0.3391244640
21.4800000000;-0.2321468509;-0.4639316794;-0.3391244640
21.4900000000;-0.2321551437;-0.4639316794;-0.3391244640
21.5000000000;-0.2499681641;-0.4639316794;-0.3391244640
21.5100000000;-0.2321551360;-0.4639316794;-0.3391244640
21.5200000000;-0.2499764531;-0.4639316794;-0.3391244640
21.5300000000;-0.2499764531;-0.4639316794;-0.3391244640
21.5400000000;-0.2499681795;-0.4639316794;-0.3391244640
21.5500000000;-0.2321551206;-0.4817612816;-0.3391244640
21.5600000000;-0.2499764531;-0.4639316794;-0.3391244640
21.5700000000;-0.2499764531;-0.4639316794;-0.3391244640
21.5800000000;-0.2499764531;-0.4639316794;-0.3213031125
21.5900000000;-0.2499764531;-0.4817612816;-0.3391162172
21.6000000000;-0.2499764531;-0.4639316794;-0.3391244640
21.6100000000;-0.2499764531;-0.4817612816;-0.3391244640
21.6200000000;-0.2499764531;-0.4639316794;-0.3391244640
21.6300000000;-0.2499764531;-0.4639316794;-0.3391244640
21.6400000000;-0.2499764531;-0.4639316794;NaN
21.6500000000;-0.2499764531;-0.4639316794;NaN
21.6600000000;-0.2499764531;-0.4817612816;NaN
21.6700000000;-0.2499764531;-0.4817612816;NaN
21.6800000000;-0.2499764531;-0.4817612816;NaN
21.6900000000;-0.2499764531;-0.4817612816;NaN
21.7000000000;-0.2321468509;-0.4639316794;NaN
21.7100000000;-0.2499764531;-0.4817612816;NaN
21.7200000000;-0.2410596012;-0.4817612816;NaN
21.7300000000;-0.2321550522;-0.4817612816;NaN
21.7400000000;-0.2499764531;-0.4817612816;NaN
21.7500000000;-0.2321468509;-0.4639316794;NaN
21.7600000000;-0.2410636990;-0.4639316794;NaN
21.7700000000;-0.2499764531;-0.4461020772;NaN
21.7800000000;-0.2499764531;-0.4639316794;NaN
21.7900000000;-0.2499764531;-0.4639316794;NaN
21.8000000000;-0.2499764531;-0.4461020772;NaN
21.8100000000;-0.2499764531;-0.4282724750;NaN
21.8200000000;-0.2499764531;-0.4104428728;NaN
21.8300000000;-0.2499764531;-0.3926132706;NaN
21.8400000000;-0.2499764531;-0.3926132706;NaN
21.8500000000;-0.2499682968;-0.3926132706;NaN
21.8600000000;-0.2321468509;-0.3926132706;NaN
21.8700000000;-0.2321468509;-0.4104428728;NaN
21.8800000000;-0.2321549960;-0.3926132706;NaN
21.8900000000;-0.2499764531;-0.4104428728;NaN
21.9000000000;-0.2499764531;-0.4461020772;NaN
21.9100000000;-0.2499764531;-0.4461020772;NaN
21.9200000000;-0.2499764531;-0.4282724750;NaN
21.9300000000;-0.2499683265;-0.4104428728;NaN
21.9400000000;-0.2321468509;-0.3747836684;NaN
21.9500000000;-0.2321549700;-0.3034652596;NaN
21.9600000000;-0.2499683376;-0.2321468509;NaN
21.9700000000;-0.2321468509;-0.1786580443;NaN
21.9800000000;-0.2321468509;-0.1429988399;NaN
21.9900000000;-0.2321468509;-0.1429988399;NaN
22.0000000000;-0.2321468509;-0.1608284421;NaN
22.0100000000;-0.2321549479;-0.1786580443;NaN
22.0200000000;-0.2499764531;-0.1786580443;NaN
22.0300000000;-0.2499764531;-0.1608284421;NaN
22.0400000000;-0.2499764531;-0.1608284421;NaN
22.0500000000;-0.2499683708;-0.1429988399;NaN
22.0600000000;-0.2321549295;-0.1073396355;NaN
22.0700000000;-0.2499683781;-0.1251692377;NaN
22.0800000000;-0.2321549222;-0.1251692377;NaN
22.0900000000;-0.2499764531;-0.1251692377;NaN
22.1000000000;-0.2499683890;-0.1608284421;NaN
22.1100000000;-0.2321549113;-0.1251692377;NaN
22.1200000000;-0.2499764531;-0.0716804311;NaN
22.1300000000;-0.2499764531;-0.0003620224;NaN
22.1400000000;-0.2499764531;0.0352971820;NaN
22.1500000000;-0.2499764531;0.0887859886;NaN
22.1600000000;-0.2499764531;0.1957636017;NaN
22.1700000000;-0.2499764531;0.3562300215;NaN
22.1800000000;-0.2499764531;0.5523556456;NaN
22.1900000000;-0.2499764531;0.7306516675;NaN
22.2000000000;-0.2499764531;0.8197996785;NaN
22.2100000000;-0.2321468509;0.8197996785;NaN
22.2200000000;-0.2321468509;0.7841404741;NaN
22.2300000000;-0.2499764531;0.7663108719;NaN
22.2400000000;-0.2499764531;0.7663108719;NaN
22.2500000000;-0.2321468509;0.7841404741;NaN
22.2600000000;-0.2499764531;0.8197996785;NaN
22.2700000000;-0.2499764531;0.9267772916;NaN
22.2800000000;-0.2499764531;1.0872437113;NaN
22.2900000000;-0.2499764531;1.2477101311;NaN
22.3000000000;-0.2321468509;1.2477101311;NaN
22.3100000000;-0.2321468509;1.2120509267;NaN
22.3200000000;-0.2499764531;1.1585621201;NaN
22.3300000000;-0.2499764531;1.1407325179;NaN
22.3400000000;-0.2499764531;1.1050733135;NaN
22.3500000000;-0.2499764531;1.0337549048;NaN
22.3600000000;-0.2499764531;0.9624364960;NaN
22.3700000000;-0.2499764531;0.9089476894;NaN
22.3800000000;-0.2499764531;0.9446068938;NaN
22.3900000000;-0.2499764531;1.0337549048;NaN
22.4000000000;-0.2499764531;1.0337549048;NaN
22.4100000000;-0.2321468509;0.8911180872;NaN
22.4200000000;-0.2499764531;0.7306516675;NaN
22.4300000000;-0.2499764531;0.4988668390;NaN
22.4400000000;-0.2499764531;0.3027412149;NaN
22.4500000000;-0.2499764531;0.2314228061;NaN
22.4600000000;-0.2499764531;0.1244451930;NaN
22.4700000000;-0.2499764531;-0.0716804311;NaN
22.4800000000;-0.2499764531;-0.2321468509;NaN
22.4900000000;-0.2499685288;-0.4104428728;NaN
22.5000000000;-0.2321547716;-0.5709092925;NaN
22.5100000000;-0.2499764531;-0.7135461101;NaN
22.5200000000;-0.2499685394;-0.8383533254;NaN
22.5300000000;-0.2321468509;-0.9096717342;NaN
22.5400000000;-0.2321547576;-1.0166493473;NaN
22.5500000000;-0.2499764531;-1.0701381539;NaN
22.5600000000;-0.2499685534;-1.1771157671;NaN
22.5700000000;-0.2321468509;-1.2662637780;NaN
22.5800000000;-0.2321547436;-1.3910709934;NaN
22.5900000000;-0.2499685639;-1.5158782087;NaN
22.6000000000;-0.2321547366;-1.6585150263;NaN
22.6100000000;-0.2499764531;-1.8011518438;NaN
22.6200000000;-0.2499764531;-1.9437886613;NaN
22.6300000000;-0.2499685778;-2.0151070701;NaN
22.6400000000;-0.2321547227;-2.1220846833;NaN
22.6500000000;-0.2499685848;-2.2112326942;NaN
22.6600000000;NaN;-2.2290622964;NaN
22.6700000000;NaN;-2.2290622964;NaN
22.6800000000;NaN;-2.1934030920;NaN
22.6900000000;NaN;-2.1577438876;NaN
22.7000000000;NaN;-2.0685958767;NaN
22.7100000000;NaN;-1.9259590591;NaN
22.7200000000;NaN;-1.8189814460;NaN
22.7300000000;NaN;-1.7120038328;NaN
22.7400000000;NaN;-1.6050262197;NaN
22.7500000000;NaN;-1.5693670153;NaN
22.7600000000;NaN;-1.4802190043;NaN
22.7700000000;NaN;-1.4267301978;NaN
22.7800000000;NaN;-1.5337078109;NaN
22.7900000000;NaN;-1.5515374131;NaN
22.8000000000;NaN;-1.4623894021;NaN
22.8100000000;NaN;-1.4802190043;NaN
22.8200000000;NaN;-1.4802190043;NaN
22.8300000000;NaN;-1.4445598000;NaN
22.8400000000;NaN;-1.5158782087;NaN
22.8500000000;NaN;-1.6228558219;NaN
22.8600000000;NaN;-1.7120038328;NaN
22.8700000000;NaN;-1.8011518438;NaN
22.8800000000;NaN;-1.8724702526;NaN
22.8900000000;NaN;-1.9794478657;NaN
22.9000000000;NaN;-2.1399142855;NaN
22.9100000000;NaN;-2.3182103074;NaN
22.9200000000;NaN;-2.3716991140;NaN
22.9300000000;NaN;-2.4430175227;NaN
22.9400000000;NaN;-2.5678247381;NaN
22.9500000000;NaN;-2.6926319534;NaN
22.9600000000;NaN;-2.7461207600;NaN
22.9700000000;NaN;-2.7639503622;NaN
22.9800000000;NaN;-2.7817799644;NaN
22.9900000000;NaN;-2.7817799644;NaN
23.0000000000;NaN;-2.8352687710;NaN
23.0100000000;NaN;-2.8352687710;NaN
23.0200000000;NaN;-2.7461207600;NaN
23.0300000000;NaN;-2.6748023512;NaN
23.0400000000;NaN;-2.6569727490;NaN
23.0500000000;NaN;-2.6213135446;NaN
23.0600000000;NaN;-2.5856543403;NaN
23.0700000000;NaN;-2.5321655337;NaN
23.0800000000;NaN;-2.4430175227;NaN
23.0900000000;NaN;-2.2290622964;NaN
23.1000000000;NaN;-2.2290622964;NaN
23.1100000000;NaN;-2.1042550811;NaN
23.1200000000;NaN;-2.0151070701;NaN
23.1300000000;NaN;-1.9259590591;NaN
23.1400000000;NaN;-1.7833222416;NaN
23.1500000000;NaN;-1.7298334350;NaN
23.1600000000;NaN;-1.6585150263;NaN
23.1700000000;NaN;-1.5337078109;NaN
23.1800000000;NaN;-1.4623894021;NaN
23.1900000000;NaN;-1.2127749715;NaN
23.2000000000;NaN;-1.1414565627;NaN
23.2100000000;NaN;-1.1057973583;NaN
23.2200000000;NaN;-0.9988197451;NaN
23.2300000000;NaN;-0.8026941210;NaN
23.2400000000;NaN;-0.6600573035;NaN
23.2500000000;NaN;-0.5174204860;NaN
23.2600000000;NaN;-0.4639316794;NaN
23.2700000000;NaN;-0.4461020772;NaN
23.2800000000;NaN;-0.4282724750;NaN
23.2900000000;NaN;-0.4104428728;NaN
23.3000000000;NaN;-0.4104428728;NaN
23.3100000000;NaN;-0.4104428728;NaN
23.3200000000;NaN;-0.4104428728;NaN
23.3300000000;NaN;-0.3926132706;NaN
23.3400000000;NaN;-0.3926132706;NaN
23.3500000000;NaN;-0.3747836684;NaN
23.3600000000;NaN;-0.3926132706;NaN
23.3700000000;NaN;-0.3747836684;NaN
23.3800000000;NaN;-0.3747836684;NaN
23.3900000000;NaN;-0.3747836684;NaN
23.4000000000;NaN;-0.3747836684;NaN
23.4100000000;NaN;-0.3569540662;NaN
23.4200000000;NaN;-0.3569540662;NaN
23.4300000000;NaN;-0.3569540662;NaN
23.4400000000;NaN;-0.3569540662;NaN
23.4500000000;NaN;-0.3569540662;NaN
23.4600000000;NaN;-0.3569540662;NaN
23.4700000000;NaN;-0.3569540662;NaN
23.4800000000;NaN;-0.3569540662;NaN
23.4900000000;NaN;-0.3391244640;NaN
23.5000000000;NaN;-0.3391244640;NaN
23.5100000000;NaN;-0.3569540662;NaN
23.5200000000;NaN;-0.3391244640;NaN
23.5300000000;NaN;-0.3569540662;NaN
23.5400000000;NaN;-0.3569540662;NaN
23.5500000000;NaN;-0.3391244640;NaN
23.5600000000;NaN;-0.3391244640;NaN
23.5700000000;NaN;-0.3391244640;NaN
23.5800000000;NaN;-0.3391244640;NaN
23.5900000000;NaN;-0.3391244640;NaN
23.6000000000;NaN;-0.3212948618;NaN
23.6100000000;NaN;-0.3391244640;NaN
23.6200000000;NaN;-0.3391244640;NaN
23.6300000000;NaN;-0.3391244640;NaN
23.6400000000;NaN;-0.3391244640;NaN
23.6500000000;NaN;-0.3391244640;NaN
23.6600000000;NaN;-0.3391244640;NaN
23.6700000000;NaN;-0.3391244640;NaN
23.6800000000;NaN;-0.3391244640;NaN
23.6900000000;NaN;-0.3391244640;NaN
23.7000000000;NaN;-0.3212948618;NaN
23.7100000000;NaN;-0.3212948618;NaN
23.7200000000;NaN;-0.3391244640;NaN
23.7300000000;NaN;-0.3212948618;NaN
23.7400000000;NaN;-0.3212948618;NaN
23.7500000000;NaN;-0.3391244640;NaN
23.7600000000;NaN;-0.3212948618;NaN
23.7700000000;NaN;-0.3212948618;NaN
23.7800000000;NaN;-0.3212948618;NaN
23.7900000000;NaN;-0.3391244640;NaN
23.8000000000;NaN;-0.3212948618;NaN
23.8100000000;NaN;-0.3212948618;NaN
23.8200000000;NaN;-0.3212948618;NaN
23.8300000000;NaN;-0.3212948618;NaN
23.8400000000;NaN;-0.3212948618;NaN
23.8500000000;NaN;-0.3212948618;NaN
23.8600000000;NaN;-0.3212948618;NaN
23.8700000000;NaN;-0.3212948618;NaN
23.8800000000;NaN;-0.3212948618;NaN
23.8900000000;NaN;-0.3391244640;NaN
23.9000000000;NaN;-0.3391244640;NaN
23.9100000000;NaN;-0.3212948618;NaN
23.9200000000;NaN;-0.3212948618;NaN
23.9300000000;NaN;-0.3212948618;NaN
23.9400000000;NaN;-0.3212948618;NaN
23.9500000000;NaN;-0.3212948618;NaN
23.9600000000;NaN;-0.3391244640;NaN
23.9700000000;NaN;-0.3212948618;NaN
23.9800000000;NaN;-0.3034652596;NaN
23.9900000000;NaN;-0.3212948618;NaN
24.0000000000;NaN;-0.3212948618;NaN
24.0100000000;NaN;-0.3212948618;NaN
24.0200000000;NaN;-0.3212948618;NaN
24.0300000000;NaN;-0.3212948618;NaN
24.0400000000;NaN;-0.3212948618;NaN
24.0500000000;NaN;-0.3034652596;NaN
24.0600000000;NaN;-0.3212948618;NaN
24.0700000000;NaN;-0.3212948618;NaN
24.0800000000;NaN;-0.3212948618;NaN
24.0900000000;NaN;-0.3034652596;NaN
24.1000000000;NaN;-0.3034652596;NaN
24.1100000000;NaN;-0.3034652596;NaN
24.1200000000;NaN;-0.3034652596;NaN
24.1300000000;NaN;-0.3212948618;NaN
24.1400000000;NaN;-0.3212948618;NaN
24.1500000000;NaN;-0.3212948618;NaN
24.1600000000;NaN;-0.3212948618;NaN
24.1700000000;NaN;-0.3034652596;NaN
24.1800000000;NaN;-0.3034652596;NaN
24.1900000000;NaN;-0.3212948618;NaN
24.2000000000;NaN;-0.3034652596;NaN
24.2100000000;NaN;-0.3034652596;NaN
24.2200000000;NaN;-0.3034652596;NaN
24.2300000000;NaN;-0.3034652596;NaN
24.2400000000;NaN;-0.3034652596;NaN
24.2500000000;NaN;-0.3034652596;NaN
24.2600000000;NaN;-0.3034652596;NaN
24.2700000000;NaN;-0.3034652596;NaN
24.2800000000;NaN;-0.3034652596;NaN
24.2900000000;NaN;-0.3212948618;NaN
24.3000000000;NaN;-0.2856356575;NaN
24.3100000000;NaN;-0.3034652596;NaN
24.3200000000;NaN;-0.3034652596;NaN
24.3300000000;NaN;-0.3034652596;NaN
24.3400000000;NaN;-0.3034652596;NaN
24.3500000000;NaN;-0.3034652596;NaN
24.3600000000;NaN;-0.3212948618;NaN
24.3700000000;NaN;-0.3034652596;NaN
24.3800000000;NaN;-0.3034652596;NaN
24.3900000000;NaN;-0.3034652596;NaN
24.4000000000;NaN;-0.3034652596;NaN
24.4100000000;NaN;-0.3034652596;NaN
24.4200000000;NaN;-0.3034652596;NaN
24.4300000000;NaN;-0.3034652596;NaN
24.4400000000;NaN;-0.3212948618;NaN
24.4500000000;NaN;-0.3034652596;NaN
24.4600000000;NaN;-0.3034652596;NaN
24.4700000000;NaN;-0.3034652596;NaN
24.4800000000;NaN;-0.3212948618;NaN
24.4900000000;NaN;-0.3034652596;NaN
24.5000000000;NaN;-0.3034652596;NaN
24.5100000000;NaN;-0.3034652596;NaN
24.5200000000;NaN;-0.3034652596;NaN
24.5300000000;NaN;-0.3034652596;NaN
24.5400000000;NaN;-0.3034652596;NaN
24.5500000000;NaN;-0.3034652596;NaN
24.5600000000;NaN;-0.3212948618;NaN
24.5700000000;NaN;-0.3034652596;NaN
24.5800000000;NaN;-0.3034652596;NaN
24.5900000000;NaN;-0.3212948618;NaN
24.6000000000;NaN;-0.3034652596;NaN
24.6100000000;NaN;-0.3034652596;NaN
24.6200000000;NaN;-0.3034652596;NaN
24.6300000000;NaN;-0.3034652596;NaN
24.6400000000;NaN;-0.3034652596;NaN
24.6500000000;NaN;-0.3034652596;NaN
24.6600000000;NaN;-0.3034652596;NaN
24.6700000000;NaN;-0.3034652596;NaN
24.6800000000;NaN;-0.2856356575;NaN
24.6900000000;NaN;-0.3034652596;NaN
24.7000000000;NaN;-0.3034652596;NaN
24.7100000000;NaN;-0.3034652596;NaN
24.7200000000;NaN;-0.3034652596;NaN
24.7300000000;NaN;-0.3034652596;NaN
24.7400000000;NaN;-0.3034652596;NaN
24.7500000000;NaN;-0.3034652596;NaN
24.7600000000;NaN;-0.3034652596;NaN
24.7700000000;NaN;-0.3034652596;NaN
24.7800000000;NaN;-0.2856356575;NaN
24.7900000000;NaN;-0.3034652596;NaN
24.8000000000;NaN;-0.3034652596;NaN
24.8100000000;NaN;-0.3034652596;NaN
24.8200000000;NaN;-0.3034652596;NaN
24.8300000000;NaN;-0.3034652596;NaN
24.8400000000;NaN;-0.3034652596;NaN
24.8500000000;NaN;-0.3034652596;NaN
24.8600000000;NaN;-0.3034652596;NaN
24.8700000000;NaN;-0.3034652596;NaN
24.8800000000;NaN;-0.3034652596;NaN
24.8900000000;NaN;-0.3034652596;NaN
24.9000000000;NaN;-0.3034652596;NaN
24.9100000000;NaN;-0.2856356575;NaN
24.9200000000;NaN;-0.3034652596;NaN
24.9300000000;NaN;-0.3034652596;NaN
24.9400000000;NaN;-0.3034652596;NaN
24.9500000000;NaN;-0.3034652596;NaN
24.9600000000;NaN;-0.3034652596;NaN
24.9700000000;NaN;-0.3034652596;NaN
24.9800000000;NaN;-0.3034652596;NaN
24.9900000000;NaN;-0.3034652596;NaN
25.0000000000;NaN;-0.2856356575;NaN
25.0100000000;NaN;-0.2856356575;NaN
25.0200000000;NaN;-0.3034652596;NaN
25.0300000000;NaN;-0.3034652596;NaN
25.0400000000;NaN;-0.2856356575;NaN
25.0500000000;NaN;-0.3034652596;NaN
25.0600000000;NaN;-0.3034652596;NaN
25.0700000000;NaN;-0.2856356575;NaN
25.0800000000;NaN;NaN;NaN