Time (s);Fᵧ (N) --sensor: Force --remote: 1 --Run1;Fᵧ (N) --sensor: Force --remote: 1 --Run2;Fᵧ (N) --sensor: Force --remote: 1 --Run3
0.0000000000;-0.4817612816;-0.4817612816;-0.4817612816
0.0050000000;-0.4817612816;-0.4817612816;-0.4817612816
0.0100000000;-0.4906760827;-0.4817612816;-0.4817612816
0.0150000000;-0.4817612816;-0.4817612816;-0.4853272020
0.0320000000;-0.4817612816;-0.4817612816;-0.4995908838
0.0416666667;-0.4817612816;-0.4817612816;-0.4995908838
0.0514285714;-0.4817612816;-0.4817612816;-0.4995908838
0.0612500000;-0.4817612816;-0.4817612816;-0.4976098169
0.0711111111;-0.4817612816;-0.4817612816;-0.4817612816
0.0810000000;-0.4817612816;-0.4817612816;-0.4817612816
0.0909090909;-0.4817612816;-0.4817612816;-0.4817612816
0.1008333333;-0.4817612816;-0.4817612816;-0.4817612816
0.1107692308;-0.4817612816;-0.4817612816;-0.4830348246
0.1207142857;-0.4817612816;-0.4817612816;-0.4995908838
0.1306666667;-0.4817612816;-0.4817612816;-0.4995908838
0.1406250000;-0.4817612816;-0.4817612816;-0.4995908838
0.1505882353;-0.4817612816;-0.4817612816;-0.4986003503
0.1605555556;-0.4826996817;-0.4817612816;-0.4817612816
0.1705263158;-0.4986994037;-0.4817612816;-0.4817612816
0.1805000000;-0.4817612816;-0.4817612816;-0.4826103102
0.1904761905;-0.4817612816;-0.4817612816;-0.4987804473
0.2004545455;-0.4817612816;-0.4817612816;-0.4825364817
0.2104347826;-0.4817612816;-0.4817612816;-0.4988479837
0.2204166667;-0.4817612816;-0.4817612816;-0.4817612816
0.2304000000;-0.4817612816;-0.4995908838;-0.4817612816
0.2403846154;-0.4817612816;-0.4817612816;-0.4824216372
0.2503703704;-0.4823980531;-0.4817612816;-0.4989541123
0.2603571429;-0.4989760699;-0.4817612816;-0.4817612816
0.2703448276;-0.4817612816;-0.4817612816;-0.4817612816
0.2803333333;-0.4817612816;-0.4817612816;-0.4817612816
0.2903225806;-0.4817612816;-0.4817612816;-0.4823184566
0.3003125000;-0.4817612816;-0.4817612816;-0.4995908838
0.3103030303;-0.4817612816;-0.4817612816;-0.4995908838
0.3202941176;-0.4817612816;-0.4817612816;-0.4995908838
0.3302857143;-0.4817612816;-0.4817612816;-0.4995908838
0.3402777778;-0.4817612816;-0.4817612816;-0.4991090026
0.3502702703;-0.4817612816;-0.4817612816;-0.4817612816
0.3602631579;-0.4817612816;-0.4817612816;-0.4817612816
0.3702564103;-0.4817612816;-0.4995908838;-0.4817612816
0.3802500000;-0.4817612816;-0.4817612816;-0.4817612816
0.3902439024;-0.4817612816;-0.4817612816;-0.4821857959
0.4002380952;-0.4821759235;-0.4817612816;-0.4991762419
0.4102325581;-0.4991856655;-0.4817612816;-0.4821664998
0.4202272727;-0.4817612816;-0.4817612816;-0.4991946704
0.4302222222;-0.4817612816;-0.4817612816;-0.4817612816
0.4402173913;-0.4817612816;-0.4817612816;-0.4821406348
0.4502127660;-0.4813898315;-0.4817612816;-0.4992194337
0.4602083333;-0.4642955488;-0.4817612816;-0.4821251510
0.4702040816;-0.4817612816;-0.4817612816;-0.4995908838
0.4802000000;-0.4817612816;-0.4639316794;-0.4995908838
0.4901960784;-0.4817612816;-0.4817612816;-0.4995908838
0.5001923077;-0.4817612816;-0.4817612816;-0.4992544762
0.5101886792;-0.4817612816;-0.4817612816;-0.4820914594
0.5201851852;-0.4817612816;-0.4817612816;-0.4905139954
0.5301818182;-0.4817612816;-0.4817612816;-0.4995908838
0.5401785714;-0.4817612816;-0.4817612816;-0.4995908838
0.5501754386;-0.4817612816;-0.4817612816;-0.4995908838
0.5601724138;-0.4995908838;-0.4817612816;-0.4992886871
0.5701694915;-0.4995908838;-0.4817612816;-0.4820584416
0.5801666667;-0.4817612816;-0.4817612816;-0.4995908838
0.5901639344;-0.4817612816;-0.4817612816;-0.4995908838
0.6001612903;-0.4817612816;-0.4817612816;-0.4995908838
0.6101587302;-0.4817612816;-0.4817612816;-0.4995908838
0.6201562500;-0.4817612816;-0.4817612816;-0.4993165822
0.6301538462;-0.4817612816;-0.4817612816;-0.4817612816
0.6401515152;-0.4817612816;-0.4817612816;-0.4820273950
0.6501492537;-0.4817612816;-0.4817612816;-0.4995908838
0.6601470588;-0.4817612816;-0.4817612816;-0.4993324837
0.6701449275;-0.4817612816;-0.4817612816;-0.4820159902
0.6801428571;-0.4817612816;-0.4817612816;-0.4993397626
0.6901408451;-0.4817612816;-0.4817612816;-0.4817612816
0.7001388889;-0.4817612816;-0.4817612816;-0.4820055227
0.7101369863;-0.4817612816;-0.4817612816;-0.4993499432
0.7201351351;-0.4817612816;-0.4817612816;-0.4819990096
0.7301333333;-0.4817612816;-0.4817612816;-0.4993562837
0.7401315789;-0.4817612816;-0.4817612816;-0.4819928348
0.7501298701;-0.4817612816;-0.4817612816;-0.4993622991
0.7601282051;-0.4817612816;-0.4639316794;-0.4819869727
0.7701265823;-0.4817612816;-0.4817612816;-0.4993680137
0.7801250000;-0.4817612816;-0.4817612816;-0.4819814001
0.7901234568;-0.4817612816;-0.4817612816;-0.4995908838
0.8001219512;-0.4817612816;-0.4817612816;-0.4995908838
0.8101204819;-0.4819735387;-0.4817612816;-0.4995908838
0.8201190476;-0.4993811237;-0.4817612816;-0.4995908838
0.8301176471;-0.4819686025;-0.4817612816;-0.4995908838
0.8401162791;-0.4993859458;-0.4817612816;-0.4993859458
0.8501149425;-0.4817612816;-0.4817612816;-0.4817612816
0.8601136364;-0.4817612816;-0.4817612816;-0.4817612816
0.8701123596;-0.4819593883;-0.4817612816;-0.4817612816
0.8801111111;-0.4995908838;-0.4817612816;-0.4817612816
0.8901098901;-0.4993970837;-0.4817612816;-0.4819550816
0.9001086957;-0.4817612816;-0.4817612816;-0.4993991676
0.9101075269;-0.4817612816;-0.4817612816;-0.4817612816
0.9201063830;-0.4817612816;-0.4817612816;-0.4817612816
0.9301052632;-0.4817612816;-0.4817612816;-0.4817612816
0.9401041667;-0.4817612816;-0.4817612816;-0.4817612816
0.9501030928;-0.4817612816;-0.4817612816;-0.4817612816
0.9601020408;-0.4817612816;-0.4817612816;-0.4817612816
0.9701010101;-0.4819395776;-0.4817612816;-0.4819395776
0.9801000000;-0.4994143530;-0.4817612816;-0.4995908838
0.9900990099;-0.4817612816;-0.4817612816;-0.4995908838
1.0000980392;-0.4819343845;-0.4817612816;-0.4995908838
1.0100970874;-0.4995908838;-0.4817612816;-0.4995908838
1.0200961538;-0.4995908838;-0.4817612816;-0.4994210780
1.0300952381;-0.4995908838;-0.4817612816;-0.4819294854
1.0400943396;-0.4994242520;-0.4817612816;-0.4994242520
1.0500934579;-0.4819263705;-0.4817612816;-0.4817612816
1.0600925926;-0.4995908838;-0.4817612816;-0.4817612816
1.0700917431;-0.4994287965;-0.4817612816;-0.4817612816
1.0800909091;-0.4817612816;-0.4817612816;-0.4817612816
1.0900900901;-0.4819204744;-0.4817612816;-0.4817612816
1.1000892857;-0.4994330997;-0.4817612816;-0.4819190657
1.1100884956;-0.4819176816;-0.4817612816;-0.4995908838
1.1200877193;-0.4995908838;-0.4817612816;-0.4994358437
1.1300869565;-0.4994371803;-0.4817612816;-0.4819149850
1.1400862069;-0.4817612816;-0.4817612816;-0.4995908838
1.1500854701;-0.4817612816;-0.4817612816;-0.4994397854
1.1600847458;-0.4817612816;-0.4817612816;-0.4819111102
1.1700840336;-0.4817612816;-0.4817612816;-0.4995908838
1.1800833333;-0.4817612816;-0.4817612816;-0.4995908838
1.1900826446;-0.4817612816;-0.4817612816;-0.4994447395
1.2000819672;-0.4817612816;-0.4817612816;-0.4817612816
1.2100813008;-0.4817612816;-0.4817612816;-0.4817612816
1.2200806452;-0.4817612816;-0.4817612816;-0.4817612816
1.2300800000;-0.4817612816;-0.4817612816;-0.4819027864
1.2400793651;-0.4819016721;-0.4817612816;-0.4995908838
1.2500787402;-0.4994515900;-0.4817612816;-0.4994515900
1.2600781250;-0.4817612816;-0.4817612816;-0.4817612816
1.2700775194;-0.4818984324;-0.4995908838;-0.4817612816
1.2800769231;-0.4995908838;-0.4817612816;-0.4817612816
1.2900763359;-0.4994558110;-0.4817612816;-0.4818963543
1.3000757576;-0.4818953387;-0.4817612816;-0.4994568266
1.3100751880;-0.4995908838;-0.4817612816;-0.4817612816
1.3200746269;-0.4995908838;-0.4817612816;-0.4817612816
1.3300740741;-0.4995908838;-0.4817612816;-0.4818923816
1.3400735294;-0.4994607407;-0.4817612816;-0.4994607407
1.3500729927;-0.4817612816;-0.4817612816;-0.4818904816
1.3600724638;-0.4818895521;-0.4817612816;-0.4995908838
1.3700719424;-0.4994635295;-0.4817612816;-0.4994635295
1.3800714286;-0.4817612816;-0.4995908838;-0.4817612816
1.3900709220;-0.4817612816;-0.4817612816;-0.4818868421
1.4000704225;-0.4818859641;-0.4995908838;-0.4994662012
1.4100699301;-0.4994670671;-0.4817612816;-0.4818850983
1.4200694444;-0.4817612816;-0.4817612816;-0.4995908838
1.4300689655;-0.4817612816;-0.4995908838;-0.4994687632
1.4400684932;-0.4818825714;-0.4995908838;-0.4817612816
1.4500680272;-0.4994704135;-0.4817612816;-0.4817612816
1.4600675676;-0.4817612816;-0.4995908838;-0.4818809433
1.4700671141;-0.4817612816;-0.4817612816;-0.4995908838
1.4800666667;-0.4817612816;-0.4817612816;-0.4995908838
1.4900662252;-0.4817612816;-0.4817612816;-0.4994735837
1.5000657895;-0.4816447482;-0.4817612816;-0.4818778149
1.5100653595;-0.4639316794;-0.4995908838;-0.4995908838
1.5200649351;-0.4639316794;-0.4817612816;-0.4995908838
1.5300645161;-0.4639316794;-0.4817612816;-0.4995908838
1.5400641026;-0.4639316794;-0.4995908838;-0.4995908838
1.5500636943;-0.4639316794;-0.4817612816;-0.4995908838
1.5600632911;-0.4639316794;-0.4817612816;-0.4995908838
1.5700628931;-0.4639316794;-0.4995908838;-0.4995908838
1.5800625000;-0.4640424222;-0.4995908838;-0.4995908838
1.5900621118;-0.4817612816;-0.4995908838;-0.4995908838
1.6000617284;-0.4816518975;-0.4995908838;-0.4995908838
1.6100613497;-0.4640403965;-0.4817612816;-0.4996996008
1.6200609756;-0.4817612816;-0.4817612816;-0.5174204860
1.6300606061;-0.4817612816;-0.4817612816;-0.5173130787
1.6400602410;-0.4817612816;-0.4817612816;-0.4995908838
1.6500598802;-0.4818674102;-0.4995908838;-0.4995908838
1.6600595238;-0.4995908838;-0.4995908838;-0.4995908838
1.6700591716;-0.4994860038;-0.4817612816;-0.4995908838
1.6800588235;-0.4817612816;-0.4995908838;-0.4995908838
1.6900584795;-0.4817612816;-0.4995908838;-0.4995908838
1.7000581395;-0.4817612816;-0.4817612816;-0.4995908838
1.7100578035;-0.4819662195;-0.4817612816;-0.4994884148
1.7200574713;-0.5172167191;-0.4995908838;-0.4817612816
1.7300571429;-0.4817612816;-0.4995908838;-0.4818625861
1.7400568182;-0.4817612816;-0.4995908838;-0.4995908838
1.7500564972;-0.4817612816;-0.4817612816;-0.4995908838
1.7600561798;-0.4818608883;-0.4817612816;-0.4995908838
1.7700558659;-0.4994918304;-0.4995908838;-0.4994918304
1.7800555556;-0.4817612816;-0.4817612816;-0.4818597877
1.7900552486;-0.4818592464;-0.4817612816;-0.4995908838
1.8000549451;-0.4995908838;-0.4817612816;-0.4995908838
1.8100546448;-0.4994939838;-0.4817612816;-0.4995908838
1.8200543478;-0.4817612816;-0.4817612816;-0.4994945075
1.8300540541;-0.4817612816;-0.4995908838;-0.4818571396
1.8400537634;-0.4817612816;-0.4817612816;-0.4995908838
1.8500534759;-0.4818561199;-0.4995908838;-0.4995908838
1.8600531915;-0.4995908838;-0.4817612816;-0.4995908838
1.8700529101;-0.4995908838;-0.4995908838;-0.4995908838
1.8800526316;-0.4994975351;-0.4995908838;-0.4995908838
1.8900523560;-0.4817612816;-0.4995908838;-0.4995908838
1.9000520833;-0.4817612816;-0.4817612816;-0.4995908838
1.9100518135;-0.4815774712;-0.4995908838;-0.4995908838
1.9200515464;-0.4461020772;-0.4817612816;-0.4995908838
1.9300512821;-0.4461020772;-0.4995908838;-0.4995908838
1.9400510204;-0.4461020772;-0.4995908838;-0.4995908838
1.9500507614;-0.4461921257;-0.4995908838;-0.4995908838
1.9600505051;-0.4639316794;-0.4995908838;-0.4995908838
1.9700502513;-0.4817612816;-0.4817612816;-0.4995908838
1.9800500000;-0.4817612816;-0.4817612816;-0.4995908838
1.9900497512;-0.4818495469;-0.4817612816;-0.4995908838
2.0000495050;-0.4821108816;-0.4817612816;-0.4995908838
2.0001960784;-0.4997656838;-0.4817612816;-0.4995908838
2.0100980392;-0.5175944333;-0.4817612816;-0.4995908838
2.0300487805;-0.5530796903;-0.4817612816;-0.4995908838
2.0400485437;-0.5531658237;-0.4817612816;-0.4995908838
2.0500483092;-0.5709092925;-0.4817612816;-0.4995908838
2.0600480769;-0.5709946016;-0.4995908838;-0.4995908838
2.0700478469;-0.5886539919;-0.5174204860;-0.4995908838
2.0800476190;-0.5709937930;-0.5174204860;-0.4995908838
2.0900473934;-0.5887388947;-0.4995908838;-0.4995908838
2.1000471698;-0.5887388947;-0.4995908838;-0.4995908838
2.1100469484;-0.5887388947;-0.4995908838;-0.4995908838
2.1200467290;-0.5887388947;-0.4995908838;-0.4995908838
2.1300465116;-0.5887388947;-0.4995908838;-0.4995908838
2.1400462963;-0.5887388947;-0.4995908838;-0.4995908838
2.1401834862;-0.5887388947;-0.4995908838;-0.4995908838
2.1500917431;-0.5887388947;-0.4817612816;-0.4995908838
2.1700456621;-0.5887388947;-0.4995908838;-0.4995908838
2.1800454545;-0.5887388947;-0.4817612816;-0.4995908838
2.1900452489;-0.5886585812;-0.4639316794;-0.4995908838
2.2000450450;-0.5709092925;-0.4639316794;-0.4995908838
2.2100448430;-0.5709092925;-0.4639316794;-0.4995908838
2.2200446429;-0.5709092925;-0.4639316794;-0.4995908838
2.2300444444;-0.5709881846;-0.4817612816;-0.4995908838
2.2400442478;-0.5887388947;-0.4995908838;-0.4995908838
2.2500440529;-0.5886606947;-0.4817612816;-0.4995908838
2.2600438596;-0.5709871511;-0.4995908838;-0.4995130252
2.2700436681;-0.5887388947;-0.5174204860;-0.4818388016
2.2800434783;-0.5887388947;-0.5174204860;-0.4995908838
2.2900432900;-0.5888157465;-0.4995908838;-0.4995140320
2.3000431034;-0.6064919750;-0.5352500881;-0.4818378035
2.3100429185;-0.5887388947;-0.4995908838;-0.4995908838
2.3200427350;-0.5888147654;-0.4817612816;-0.4995908838
2.3300425532;-0.6065684969;-0.4817612816;-0.4995908838
2.3400423729;-0.6069446489;-0.4639316794;-0.4995156534
2.3500421941;-0.6957165079;-0.4639316794;-0.4818361959
2.3600420168;-0.6957911087;-0.4639316794;-0.4995908838
2.3700418410;-0.7134718201;-0.4639316794;-0.4995908838
2.3800416667;-0.6954945626;-0.4639316794;-0.4995908838
2.3900414938;-0.6421540253;-0.4639316794;-0.4995172077
2.4000413223;-0.6243247263;-0.4817612816;-0.4818346544
2.4100411523;-0.6064954248;-0.4817612816;-0.4995908838
2.4200409836;-0.5887388947;-0.4817612816;-0.4995908838
2.4300408163;-0.5887388947;-0.4817612816;-0.4995908838
2.4400406504;-0.5887388947;-0.4817612816;-0.4995908838
2.4500404858;-0.5887388947;-0.4817612816;-0.4995908838
2.4600403226;-0.5886672899;-0.4639316794;-0.4995908838
2.4700401606;-0.5708379741;-0.4817612816;-0.4995908838
2.4800400000;-0.5530086561;-0.4639316794;-0.4995908838
2.4900398406;-0.5352500881;-0.4461020772;-0.4995908838
2.5000396825;-0.5353910336;-0.4639316794;-0.4996613565
2.5100395257;-0.5711198784;-0.4817612816;-0.5174204860
2.5200393701;-0.6246777791;-0.4817612816;-0.5173505659
2.5300392157;-0.6957861548;-0.4995908838;-0.4996605306
2.5400390625;-0.7136154860;-0.4995908838;-0.5174204860
2.5500389105;-0.7313757123;-0.5174204860;-0.5174204860
2.5600387597;-0.7313068721;-0.5174204860;-0.5173516458
2.5700386100;-0.7134089593;-0.5887388947;-0.4996594592
2.5800384615;-0.6776819677;-0.6065684969;-0.5173521733
2.5900383142;-0.6243300472;-0.6422277013;-0.4995908838
2.6000381679;-0.6065684969;-0.6422277013;-0.4995908838
2.6100380228;-0.6066360333;-0.6600573035;-0.4994558110
2.6200378788;-0.6245326621;-0.6422277013;-0.4639316794
2.6300377358;-0.6603254178;-0.6422277013;-0.4639316794
2.6400375940;-0.7311753797;-0.6422277013;-0.4638649018
2.6500374532;-0.6778869057;-0.6422277013;-0.4461020772
2.6600373134;-0.6777543436;-0.6243980991;-0.4461683582
2.6700371747;-0.6421616657;-0.6065684969;-0.4639316794
2.6800370370;-0.6244638910;-0.5887388947;-0.4638658875
2.6900369004;-0.6422277013;-0.6243980991;-0.4461676272
2.7000367647;-0.6422930112;-0.5530796903;-0.4639316794
2.7100366300;-0.6601874466;-0.5530796903;-0.4639967509
2.7200364964;-0.6958461777;-0.5352500881;-0.4817612816
2.7300363636;-0.7313111123;-0.5174204860;-0.4817612816
2.7400362319;-0.7135461101;-0.4461020772;-0.4816969148
2.7500361011;-0.7135461101;-0.3926132706;-0.4639958146
2.7600359712;-0.7135461101;-0.3569540662;-0.4817612816
2.7700358423;-0.7138008187;-0.3391244640;-0.4817612816
2.7800357143;-0.7849279694;-0.4639316794;-0.4817612816
2.7900355872;-0.8030734743;-0.4104428728;-0.4817612816
2.8000354610;-0.9095457299;-0.4104428728;-0.4818242837
2.8100353357;-0.8740753101;-0.4461020772;-0.4995908838
2.8200352113;-0.8917170120;-0.4817612816;-0.4996534438
2.8300350877;-0.8561205863;-0.5174204860;-0.5175451685
2.8400349650;-0.8382912014;-0.5352500881;-0.5530796903
2.8500348432;-0.8205237232;-0.5709092925;-0.5531415987
2.8600347222;-0.8204620291;-0.5709092925;-0.5709092925
2.8700346021;-0.8026326396;-0.5887388947;-0.5709092925
2.8800344828;-0.7848032487;-0.5709092925;-0.5708480224
2.8900343643;-0.7671570372;-0.5530796903;-0.5530796903
2.9000342466;-0.8028158248;-0.5352500881;-0.5530796903
2.9100341297;-0.8384746152;-0.5174204860;-0.5530190454
2.9200340136;-0.8751608771;-0.4995908838;-0.5352500881
2.9300338983;-1.2121726200;-0.4817612816;-0.5352500881
2.9400337838;-1.0345990142;-0.4817612816;-0.5353101205
2.9500336700;-1.0702578157;-0.4639316794;-0.5530796903
2.9600335570;-1.1057973583;-0.4639316794;-0.5530796903
2.9700334448;-1.1057973583;-0.4817612816;-0.5530796903
2.9800333333;-1.1057973583;-0.4995908838;-0.5530796903
2.9900332226;-1.1058563967;-0.5174204860;-0.5530796903
3.0000331126;-1.1236269605;-0.5352500881;-0.5530796903
3.0100330033;-1.1235096605;-0.5530796903;-0.5530796903
3.0200328947;-1.0877923830;-0.5887388947;-0.5531381481
3.0300327869;-1.0344206829;-0.6243980991;-0.5709092925
3.0400326797;-1.0167655011;-0.6243980991;-0.5709092925
3.0500325733;-1.0524243284;-0.6422277013;-0.5716039524
3.0600324675;-1.0879677561;-0.6243980991;-0.7845760140
3.0700323625;-1.0879102413;-0.6243980991;-0.6956014782
3.0800322581;-1.0701954838;-0.5887388947;-0.6604586129
3.0900321543;-1.0880820484;-0.5530796903;-0.7848645188
3.1000320513;-1.1236269605;-0.5352500881;-0.7848075553
3.1100319489;-1.1235133961;-0.4995908838;-0.7669213523
3.1200318471;-1.0879111542;-0.4817612816;-0.7313757123
3.1300317460;-1.0691225437;-0.4817612816;-0.7312628667
3.1400316456;-0.7500489865;-0.4817612816;-0.6956040183
3.1500315457;-1.0172100267;-0.4282724750;-0.6600012356
3.1600314465;-1.1950571536;-0.3212948618;-0.6421159170
3.1700313480;-1.2308274437;-0.2321468509;-0.6065127794
3.1800312500;-1.3019785263;-0.4817612816;-0.5886833508
3.1900311526;-1.3198079560;-0.4817612816;-0.5708539211
3.2000310559;-1.3376373868;-0.3747836684;-0.5530244903
3.2100309598;-1.3555218483;-0.3926132706;-0.5351950585
3.2200308642;-1.3912355743;-0.4104428728;-0.5174204860
3.2300307692;-1.4448332601;-0.4817612816;-0.5173657939
3.2400306748;-1.5337623357;-0.4995908838;-0.4996454085
3.2500305810;-1.5513743375;-0.3569540662;-0.5174204860
3.2600304878;-1.4978860266;-0.4639316794;-0.5175830659
3.2700303951;-1.4445598000;-0.1073396355;-0.5709633216
3.2800303030;-1.4446675317;-0.4817612816;-0.5889004923
3.2900302115;-1.4803801152;-0.6065684969;-0.6423888122
3.3000301205;-1.5338684380;-0.5174204860;-0.6958771349
3.3100300300;-1.5873033816;-0.4995908838;-0.7494188426
3.3200299401;-1.6228025992;-0.1251692377;-0.8206833913
3.3300298507;-1.6048670268;-0.0716804311;-0.8741186584
3.3400297619;-1.5514315994;-1.2662637780;-0.9098304547
3.3500296736;-1.5158254584;-0.6957165079;-0.9633187917
3.3600295858;-1.4981012012;-0.4282724750;-1.0167019420
3.3700294985;-1.5159306487;-0.4639316794;-1.0344789495
3.3800294118;-1.5337600971;-0.6065684969;-1.0343743771
3.3900293255;-1.5516938131;-0.6422277013;-0.9986112118
3.4000292398;-1.6051821637;-0.6600573035;-0.9273453923
3.4100291545;-1.6585668565;-0.1786580443;-0.8738052088
3.4200290698;-1.6761895884;-0.1073396355;-0.8024874010
3.4300289855;-1.6231134751;-0.2856356575;-0.7311180591
3.4400289017;-1.7121579793;-0.7848645188;-0.6420221727
3.4500288184;-1.7651852325;-0.5530796903;-0.5708068236
3.4600287356;-1.6586172016;-0.6422277013;-0.5353522635
3.4700286533;-1.6941232889;-0.7135461101;-0.5708074091
3.4800285714;-1.6769033909;-0.7492053145;-0.5350469018
3.4900284900;-1.8728754708;-0.6957165079;-0.4636784180
3.5000284091;-2.0153596140;-0.6778869057;-0.3746321421
3.5100283286;-2.1043054472;-0.6600573035;-0.3210933974
3.5200282486;-2.1218335621;-0.6600573035;-0.2495746592
3.5300281690;-2.0328865891;-0.6422277013;-0.1067887209
3.5400280899;-2.0327374589;-0.6600573035;-0.1051482878
3.5401117318;-2.0153062835;-0.6600573035;0.0895828423
3.5500558659;-2.1221840125;-0.6778869057;0.3206701463
3.5700278552;-2.1579915210;-0.7135461101;0.3560319148
3.5800277778;-2.2469906776;-0.7313757123;0.2843683284
3.5900277008;-2.2827481152;-0.7313757123;0.0881456990
3.6000276243;-2.2833348218;-0.7135461101;0.0862389026
3.6001098901;-2.3536735821;-0.6957165079;-0.1448601720
3.6100549451;-2.2289157517;-0.7135461101;-0.6247888849
3.6300273973;-2.1755734898;-0.7313757123;-0.7672297757
3.6400273224;-2.1756220719;-0.7492053145;-0.8386448176
3.6500272480;-2.1934515420;-0.7670349166;-0.9452824886
3.6600271739;-2.2110394194;-0.7313757123;-0.9272114241
3.6700271003;-2.1397697211;-0.6957165079;-0.8201382183
3.6800270270;-2.0865696536;-0.7313757123;-0.6770699158
3.6900269542;-2.1392912080;-0.6957165079;-0.3747836684
3.7000268817;-1.9078904542;-0.6243980991;-0.3745924662
3.7100268097;-1.8205069735;-0.4817612816;-0.3034652596
3.7200267380;-2.3897664442;-0.3926132706;-0.3036078965
3.7300266667;-2.4784396313;-0.0538508290;-0.3570963237
3.7400265957;-2.3893868360;-0.0538508290;-0.4105374596
3.7500265252;-2.3362757509;0.1066155908;-0.4458662359
3.7600264550;-2.4253290519;-0.1251692377;-0.3563424968
3.7700263852;-2.4789582471;-0.3569540662;-0.1246061977
3.7800263158;-2.5858883245;-0.5174204860;0.0891135666
3.7900262467;-2.6747556769;-0.6957165079;0.2135932039
3.8000261780;-2.6568330916;-0.8561829276;0.2135000990
3.8100261097;-2.6026481798;-1.0523085517;0.1777018433
3.8200260417;-2.2820416858;-1.3732413912;0.0886470566
3.8300259740;-2.0859173814;-1.6228558219;0.0352509913
3.8400259067;-1.8901155695;-1.8724702526;0.0172832945
3.8500258398;-1.8189814460;-1.9972774679;-0.0543563074
3.8600257732;-1.8189356115;-2.0864254789;-0.2504347976
3.8700257069;-1.8008775422;-2.1934030920;-0.4292325305
3.8800256410;-1.6937638306;-2.3182103074;-0.8035149211
3.8900255754;-1.5335258762;-2.3895287161;-1.1240817973
3.9000255102;-1.4625708739;-2.3895287161;-1.3026942375
3.9100254453;-1.5340698333;-2.3182103074;-1.6048904613
3.9200253807;-1.6767508726;-2.2468918986;-1.5513568602
3.9300253165;-1.8372612907;-2.0864254789;-1.4798588104
3.9400252525;-2.0156010893;-1.9972774679;-1.3373127218
3.9500251889;-2.2117254722;-1.9081294570;-1.2305149777
3.9600251256;-2.4078498613;-1.9259590591;-1.1949453693
3.9700250627;-2.6037513865;-1.9616182635;-1.1951236653
3.9800250000;-2.7104170928;-1.9437886613;-1.2662193152
3.9900249377;-2.6926763057;-1.8368110482;-1.2485672326
4.0000248756;-2.7104615556;-1.7654926394;-1.3021884356
4.0100248139;-2.7105498210;-0.6422277013;-1.4090329936
4.0200247525;-2.7459886889;-1.4802190043;-1.4623894021
4.0300246914;-2.6925441229;-2.0329366723;-1.4625650633
4.0400246305;-2.6568413269;-2.1755734898;-1.5340144626
4.0500245700;-2.6033965424;-2.3716991140;-1.6588646263
4.0600245098;-2.5677375517;-2.3716991140;-1.8014134028
4.0700244499;-2.5320350732;-2.3360399096;-1.9083034043
4.0800243902;-2.4785465840;-2.2468918986;-1.9795346278
4.0900243309;-2.4250580933;-2.0685958767;-2.0151503458
4.1000242718;-2.3715264302;-1.9794478657;-2.0329798432
4.1100242131;-2.3003376385;-1.8902998548;-2.0508954745
4.1200241546;-2.2825081401;-1.7476630372;-2.1043839698
4.1300240964;-2.2648072200;-1.6228558219;-2.1578296069
4.1400240385;-2.3004234620;-1.5871966175;-2.1935313625
4.1500239808;-2.3182103074;-1.5337078109;-2.2470198623
4.1600239234;-2.3180400964;-1.4980486065;-2.3005083634
4.1700238663;-2.2464673843;-1.4267301978;-2.3540393175
4.1800238095;-2.0685111755;-1.4089005956;-2.4252302711
4.1900237530;-2.0330634230;-1.4089005956;-2.4431442734
4.2000236967;-2.0865097796;-1.4445598000;-2.4965906300
4.2100236407;-2.1222108361;-1.7120038328;-2.5321234827
4.2200235849;-2.1755734898;-2.1755734898;-2.5143359315
4.2300235294;-2.1754897828;-2.4251879205;-2.5142522244
4.2400234742;-2.1399977965;-2.5143359315;-2.4785097051
4.2500234192;-2.1756151478;-2.6926319534;-2.4071500286
4.2600233645;-2.1934446529;-2.9779055885;-2.3179193815
4.2700233100;-2.2114400152;-3.1740312126;-2.1934860204
4.2800232558;-2.3003807052;-3.4058160411;-2.2293518723
4.2900232019;-2.3002156163;-3.5306232565;-2.3540758729
4.3000231481;-2.2288152350;-3.6376008696;-2.4431410535
4.3100230947;-2.1217149450;-3.7802376871;-2.4967117395
4.3200230415;-1.9612493752;-3.9228745047;-2.5861052038
4.3300229885;-1.8009473759;-3.9585337091;-2.7819844323
4.3400229358;-1.7118406328;-3.9228745047;-2.8712135754
4.3500228833;-1.6405633035;-3.8515560959;-2.9958573112
4.3600228311;-1.5871560034;-3.7624080850;-3.0491833831
4.3700227790;-1.5691644062;-3.7089192784;-3.0312323078
4.3800227273;-1.4800168547;-3.6019416652;-2.9599142666
4.3900226757;-1.3909499780;-3.5306232565;-2.8886769006
4.4000226244;-1.3375821868;-3.4771344499;-2.8529373835
4.4100225734;-1.3379034409;-3.5127936543;-2.7817799644
4.4200225225;-1.4790971417;-3.5841120630;-2.7816998313
4.4300224719;-0.9829490006;-3.6019416652;-2.7460408066
4.4400224215;-1.8551192974;-3.6197712674;-2.7103817811
4.4500223714;-2.0682774909;-3.6376008696;-2.6749217459
4.4600223214;-1.9261178975;-3.6554304718;-2.7284499961
4.4700222717;-1.9970001185;-3.6554304718;-2.7998472946
4.4800222222;-1.8724307191;-3.6554304718;-2.9067453137
4.4900221729;-1.8545223123;-3.6554304718;-2.9751443669
4.5000221239;-1.8013092796;-3.7089192784;-1.7329427917
4.5100220751;-1.8719204410;-3.6910896762;-3.1381363747
4.5200220264;-1.6234827969;-3.6554304718;-3.0305323044
4.5300219780;-1.9084031570;-3.4949640521;-2.6390649468
4.5400219298;-2.0331707590;-3.2988384280;-2.6032108413
4.5500218818;-2.1397585684;-3.1383720082;-2.4784431515
4.5600218341;-2.0682462766;-2.9779055885;-2.3713495139
4.5700217865;-1.9079356569;-2.8887575775;-2.2110388942
4.5800217391;-1.8189814460;-2.8174391688;-2.1219299796
4.5900216920;-1.8192129993;-2.8352687710;-2.0506890901
4.6000216450;-1.9263056389;-2.7639503622;-2.0149530347
4.6100215983;-2.0865791823;-2.7104615556;-1.9435196803
4.6200215517;-2.1579356038;-2.6748023512;-1.8185980137
4.6300215054;-2.2469301596;-2.6569727490;-1.6404175974
4.6400214592;-2.2647215008;-2.6391431468;-1.5155727766
4.6500214133;-2.2647215008;-2.6213135446;-1.3732413912
4.6600213675;-2.2647975332;-2.5143359315;-1.3731273426
4.6700213220;-2.3004565758;-2.4073583183;-1.3197146493
4.6800212766;-2.3360777644;-2.3003807052;-1.3021122563
4.6900212314;-2.3538695118;-2.2112326942;-1.3913731900
4.7000211864;-2.3537564276;-2.1399142855;-1.5341978423
4.7100211416;-2.3003054748;-2.1220846833;-1.7658687914
4.7200210970;-2.2649842528;-2.1220846833;-1.9442015574
4.7300210526;-2.3894538019;-2.1042550811;-2.1401390283
4.7400210084;-2.3541685407;-2.0507662745;-2.2470040345
4.7500209644;-2.4965063293;-1.9972774679;-2.3004553060
4.7600209205;-2.4966924421;-1.9437886613;-2.3360771321
4.7700208768;-2.5858029203;-1.9437886613;-2.3539438018
4.7800208333;-2.6570468846;-1.9616182635;-2.3895287161
4.7900207900;-2.6929278804;-1.9081294570;-2.3897876523
4.8000207469;-2.8351949424;-1.8368110482;-2.5144835887
4.8100207039;-2.7995358905;-1.7833222416;-2.5857280163
4.8200206612;-2.7640238863;-1.7654926394;-2.6214973550
4.8300206186;-2.7994628209;-1.8189814460;-2.7104615556
4.8400205761;-2.7282179356;-1.8902998548;-2.7106446111
4.8500205339;-2.6926684895;-1.9081294570;-2.7997922469
4.8600204918;-2.7104980170;-1.9616182635;-2.8888305002
4.8700204499;-2.7281456100;-1.9794478657;-2.9244895558
4.8800204082;-2.6568274977;-2.0329366723;-2.9601486120
4.8900203666;-2.5855456232;-2.2825511030;-2.9958439078
4.9000203252;-2.5321293682;-2.5856543403;-3.0492963283
4.9100202840;-2.5142998392;-2.7996095666;-3.0850275709
4.9200202429;-2.4963982711;-2.4608471249;-3.1562376298
4.9300202020;-2.4431253631;-2.6213135446;-3.1739952658
4.9400201613;-2.4963269570;-2.8530983731;-3.1563451082
4.9500201207;-2.4075015280;-2.9779055885;-3.2276632288
4.9600200803;-2.4079288656;-3.1205424060;-3.2280905665
4.9600800000;-2.4784627719;-3.2988384280;-3.2989097464
4.9700400000;-2.4608471249;-3.4414752455;-3.3702280128
4.9900199601;-2.4608471249;-3.6019416652;-3.4055319040
5.0000199203;-2.4608471249;-3.5841120630;-3.2630374375
5.0100198807;-2.4607056201;-3.5306232565;-3.1918608148
5.0200198413;-2.3894934100;-3.4771344499;-3.1916842841
5.0300198020;-2.3716991140;-3.4593048477;-3.1026775675
5.0400197628;-2.3717694477;-3.4236456433;-3.0848128679
5.0500197239;-2.4073934160;-3.3879864389;-3.0490836067
5.0600196850;-2.4252579779;-3.2988384280;-2.9778705598
5.0700196464;-2.4609520049;-3.2096904170;-2.9602507863
5.0800196078;-2.5143010399;-3.1027128038;-3.0494333468
5.0900195695;-2.4965063293;-2.9779055885;-3.1559926698
5.1000195313;-2.4965758404;-2.9065871797;-3.0492587528
5.1100194932;-2.5321655337;-2.8352687710;-3.0671923512
5.1200194553;-2.5321655337;-2.8174391688;-3.1383720082
5.1300194175;-2.5320964267;-2.8352687710;-3.1382683477
5.1400193798;-2.4964373560;-2.8174391688;-3.0849866616
5.1500193424;-2.4608127048;-2.7996095666;-3.1382687480
5.1600193050;-2.4429144614;-2.7996095666;-3.0848832016
5.1700192678;-2.3895630038;-2.7817799644;-3.0848832016
5.1800192308;-2.4072556527;-2.7282911578;-3.0848147579
5.1900191939;-2.3538695118;-2.6569727490;-3.0492239973
5.2000191571;-2.3536308746;-2.5321655337;-3.0493262703
5.2100191205;-2.2291303483;-2.3182103074;-3.1027808558
5.2200190840;-2.2647215008;-2.0864254789;-3.1384059694
5.2300190476;-2.2647215008;-1.9616182635;-3.1562016104
5.2400190114;-2.2646876685;-1.7120038328;-3.1562692749
5.2500189753;-2.2468581304;-1.5515374131;-3.1919283512
5.2600189394;-2.2290285921;-1.4267301978;-3.2275874279
5.2700189036;-2.2111990535;-1.4089005956;-3.2631792236
5.2800188679;-2.1933695146;-1.4802190043;-3.2632463784
5.2900188324;-2.1754729470;-1.6050262197;-3.2989389708
5.3000187970;-2.1220512318;-1.7476630372;-3.3524275888
5.3100187617;-2.1042216923;-1.7833222416;-3.4058494299
5.3200187266;-2.0863921525;-1.7298334350;-3.4236456433
5.3300186916;-2.0685626125;-1.5158782087;-3.4236456433
5.3400186567;-2.0506998700;-1.4267301978;-3.4236456433
5.3500186220;-2.0150407891;-1.4267301978;-3.4236456433
5.3600185874;-1.9794478657;-1.4445598000;-3.4236787223
5.3700185529;-1.9794478657;-1.5158782087;-3.4414752455
5.3800185185;-1.9794149090;-1.5337078109;-3.4414422887
5.3900184843;-1.9616840554;-1.5337078109;-3.4235798514
5.4000184502;-1.9972774679;-1.6228558219;-3.3879864389
5.4100184162;-1.9972774679;-1.6941742306;-3.3880192139
5.4200183824;-1.9973101828;-1.7476630372;-3.4058160411
5.4300183486;-2.0150744152;-1.6941742306;-3.4057833862
5.4400183150;-1.9972774679;-1.6406854241;-3.3879864389
5.4500182815;-1.9972774679;-1.6585150263;-3.3879539031
5.4600182482;-1.9972774679;-1.6763446285;-3.3701893132
5.4700182149;-1.9972774679;-1.7298334350;-3.3880188564
5.4800181818;-1.9972774679;-1.8011518438;-3.4058160411
5.4900181488;-1.9972451679;-1.8724702526;-3.4058160411
5.5000181159;-1.9794478657;-1.9794478657;-3.4058482827
5.5100180832;-1.9794156823;-2.0507662745;-3.4237100101
5.5200180505;-1.9616182635;-2.0151070701;-3.4594012239
5.5300180180;-1.9616182635;-1.9259590591;-3.5127936543
5.5400179856;-1.9615862535;-1.8189814460;-3.5128256643
5.5500179533;-1.9438206140;-1.8189814460;-3.5305273984
5.5600179211;-1.9615863680;-1.8011518438;-3.4771025543
5.5700178891;-1.9437886613;-1.9794478657;-3.4592730091
5.5800178571;-1.9437886613;-1.8724702526;-3.4415070273
5.5900178253;-1.9438203866;-1.8368110482;-3.4594000235
5.6000177936;-1.9615865946;-1.8368110482;-3.5128569921
5.6100177620;-1.9437886613;-1.7654926394;-3.5484844714
5.6200177305;-1.9437886613;-1.6763446285;-3.5662824608
5.6300176991;-1.9437886613;-1.5693670153;-3.5662194587
5.6400176678;-1.9438201068;-1.4802190043;-3.5305289199
5.6500176367;-1.9616182635;-1.4802190043;-3.4770716696
5.6600176056;-1.9616495985;-1.4802190043;-3.4414752455
5.6700175747;-1.9794165857;-1.2840933802;-3.4414439655
5.6800175439;-1.9616494888;-1.1414565627;-3.4236144181
5.6900175131;-1.9794166951;-1.1414565627;-3.4057848705
5.7000174825;-1.9616493798;-1.4445598000;-3.3879242064
5.7100174520;-1.9794168037;-1.7476630372;-3.3523272345
5.7200174216;-1.9615872555;-2.0151070701;-3.3522652185
5.7300173913;-1.9437886613;-2.2647215008;-3.3166989843
5.7400173611;-1.9437886613;-2.3716991140;-3.3344667318
5.7500173310;-1.9437578143;-2.4430175227;-3.3166988772
5.7600173010;-1.9259898529;-2.3182103074;-3.3344976323
5.7700172712;-1.9437886613;-2.2290622964;-3.3344976323
5.7800172414;-1.9437886613;-2.3003807052;-3.3344362568
5.7900172117;-1.9437886613;-2.4251879205;-3.2987465228
5.8000171821;-1.9437580788;-2.4965063293;-3.2452578739
5.8100171527;-1.9259590591;-2.5856543403;-3.1917692244
5.8200171233;-1.9259590591;-2.6213135446;-3.1383415303
5.8300170940;-1.9259286332;-2.6034839425;-3.1204815541
5.8400170648;-1.9081294570;-2.5143359315;-3.0847617052
5.8500170358;-1.9081294570;-2.4251879205;-3.0135041480
5.8600170068;-1.9081294570;-2.2825511030;-2.9778753175
5.8700169779;-1.9081596766;-2.1220846833;-2.9600155470
5.8800169492;-1.9259892277;-2.0329366723;-2.9242961078
5.8900169205;-1.9437886613;-1.9437886613;-2.8531284907
5.9000168919;-1.9437886613;-1.9437886613;-2.8709279753
5.9100168634;-1.9437286290;-1.8724702526;-2.8708379268
5.9200168350;-1.9081294570;-1.8902998548;-2.8174092030
5.9300168067;-1.9081593724;-1.9616182635;-2.7995796511
5.9400167785;-1.9259291938;-2.0151070701;-2.7817202337
5.9500167504;-1.9081294570;-2.1399142855;-2.7460909446
5.9600167224;-1.9081294570;-2.2112326942;-2.7282911578
5.9700166945;-1.9081294570;-2.2825511030;-2.7282614418
5.9800166667;-1.9081294570;-2.2290622964;-2.7103725559
5.9900166389;-1.9081294570;-2.1577438876;-2.6569135145
6.0000166113;-1.9080998888;-2.2468918986;-2.6212544083
6.0100165837;-1.8992294155;-2.0507662745;-2.5855657826
6.0200165563;-1.8902998548;-1.9616182635;-2.5321655337
6.0300165289;-1.8992220052;-2.0151070701;-2.5321361119
6.0400165017;-1.9081294570;-1.8546406504;-2.5143065582
6.0500164745;-1.9081294570;-1.8368110482;-2.4965356543
6.0600164474;-1.9081294570;-1.8011518438;-2.5142773778
6.0700164204;-1.9081294570;-1.7476630372;-2.4786474983
6.0800163934;-1.9081294570;-1.8011518438;-2.4607887629
6.0900163666;-1.9081294570;-1.8189814460;-2.4251587872
6.1000163399;-1.9081294570;-1.7833222416;-2.4073001467
6.1100163132;-1.9081584954;-1.8011518438;-2.3716410371
6.1200162866;-1.9259300679;-1.8368110482;-2.3359529359
6.1300162602;-1.9081294570;-1.8546406504;-2.2825221588
6.1400162338;-1.9081294570;-1.9259590591;-2.2646637063
6.1500162075;-1.9081294570;-1.9437886613;-2.2290622964
6.1600161812;-1.9081294570;-1.9794478657;-2.2290911003
6.1700161551;-1.9081006995;-2.0151070701;-2.2468343838
6.1800161290;-1.8902998548;-2.0151070701;-2.2112901165
6.1900161031;-1.8902998548;-2.0507662745;-2.2469205636
6.2000160772;-1.8902998548;-2.1042550811;-2.2647215008
6.2100160514;-1.8902998548;-2.1220846833;-2.2646072085
6.2200160256;-1.8902998548;-2.1399142855;-2.1934316194
6.2300160000;-1.8902998548;-2.1755734898;-2.2112611760
6.2400159744;-1.8903282911;-2.2290622964;-2.2290054237
6.2500159490;-1.9080726748;-2.2290622964;-2.1934030920
6.2600159236;-1.8724985985;-2.3538695118;-2.1934030920
6.2700158983;-1.8902998548;-2.2290622964;-2.1934030920
6.2800158730;-1.8902998548;-2.3182103074;-2.1933748359
6.2900158479;-1.8903280662;-2.1934030920;-2.1755734898
6.3000158228;-1.9081294570;-2.3182103074;-2.1755453230
6.3100157978;-1.9081294570;-2.3003807052;-2.1576595204
6.3200157729;-1.9081575351;-2.3360399096;-2.1042270030
6.3300157480;-1.9259310252;-2.3716991140;-2.0864254789
6.3400157233;-1.9081294570;-2.3538695118;-2.0864254789
6.3500156986;-1.9081294570;-2.4251879205;-2.0863695867
6.3600156740;-1.9081294570;-2.4251879205;-2.0507662745
6.3700156495;-1.9081294570;-2.4430175227;-2.0507105570
6.3800156250;-1.9081294570;-2.4786767271;-2.0151348854
6.3900156006;-1.9081294570;-2.4786767271;-2.0329366723
6.4000155763;-1.9081017282;-2.4608471249;-2.0329089435
6.4100155521;-1.8903275405;-2.4430175227;-2.0151347558
6.4200155280;-1.9081294570;-2.4073583183;-2.0329366723
6.4300155039;-1.9081294570;-2.4073583183;-2.0329090723
6.4400154799;-1.9081294570;-2.3716991140;-2.0151070701
6.4500154560;-1.9081294570;-2.3895287161;-2.0151070701
6.4600154321;-1.9081569294;-2.3538695118;-2.0150795977
6.4700154083;-1.9259316290;-2.3538695118;-1.9972500378
6.4800153846;-1.9258496751;-2.3360399096;-1.9971680839
6.4800613497;-1.9081294570;-2.3360399096;-1.9794478657
6.4900306748;-1.9259590591;-2.3360399096;-1.9794751699
6.5100153139;-1.9259590591;-2.3360399096;-1.9972502055
6.5200152905;-1.9259590591;-2.3182103074;-1.9794478657
6.5300152672;-1.9259590591;-2.3182103074;-1.9794478657
6.5400152439;-1.9259319212;-2.3003807052;-1.9794478657
6.5500152207;-1.9081565536;-2.2825511030;-1.9794478657
6.5600151976;-1.9259590591;-2.2290622964;-1.9794478657
6.5700151745;-1.9259320446;-2.2290622964;-1.9794478657
6.5800151515;-1.9081294570;-2.2290622964;-1.9794478657
6.5900151286;-1.9081294570;-2.2468918986;-1.9794478657
6.6000151057;-1.9081294570;-2.2647215008;-1.9794478657
6.6100150830;-1.9081026051;-2.2825511030;-1.9794747175
6.6200150602;-1.8902998548;-2.3003807052;-1.9972774679
6.6300150376;-1.8902998548;-2.3182103074;-1.9972506967
6.6400150150;-1.8903265858;-2.3003807052;-1.9794478657
6.6500149925;-1.9081027659;-2.3003807052;-1.9794745567
6.6600149701;-1.8903265059;-2.2825511030;-1.9972774679
6.6700149477;-1.9081028456;-2.2825511030;-1.9972774679
6.6800149254;-1.8903264264;-2.2647215008;-1.9972508962
6.6900149031;-1.9081294570;-2.2468918986;-1.9794478657
6.7000148810;-1.9081029642;-2.2290622964;-1.9794213730
6.7100148588;-1.8903263082;-2.2290622964;-1.9616447169
6.7200148368;-1.9081294570;-2.2112326942;-1.9794214515
6.7300148148;-1.9081294570;-2.2112326942;-1.9616182635
6.7400147929;-1.9081294570;-2.1934030920;-1.9616445997
6.7500147710;-1.9081294570;-2.1934030920;-1.9794478657
6.7600147493;-1.9081031983;-2.1934030920;-1.9794478657
6.7700147275;-1.8902998548;-2.1934030920;-1.9794478657
6.7800147059;-1.8902998548;-2.1577438876;-1.9794478657
6.7900146843;-1.8902998548;-2.1577438876;-1.9794217226
6.8000146628;-1.8902998548;-2.1577438876;-1.9616182635
6.8100146413;-1.8903259214;-2.1220846833;-1.9616182635
6.8200146199;-1.9081294570;-2.1220846833;-1.9615922349
6.8300145985;-1.9081294570;-2.1220846833;-1.9437886613
6.8400145773;-1.9081554098;-2.1220846833;-1.9437886613
6.8500145560;-1.9259590591;-2.1042550811;-1.9438145765
6.8600145349;-1.9259590591;-2.1042550811;-1.9616182635
6.8700145138;-1.9259590591;-2.0864254789;-1.9616441035
6.8800144928;-1.9259332565;-2.1042550811;-1.9794478657
6.8900144718;-1.9081294570;-2.1042550811;-1.9794478657
6.9000144509;-1.9081294570;-2.1042550811;-1.9794478657
6.9100144300;-1.9081294570;-2.0864254789;-1.9794221747
6.9200144092;-1.9081294570;-2.0864254789;-1.9616182635
6.9300143885;-1.9081550742;-2.0864254789;-1.9616182635
6.9400143678;-1.9259590591;-2.0864254789;-1.9616182635
6.9500143472;-1.9259335153;-2.0685958767;-1.9615927197
6.9600143266;-1.9081294570;-2.0685958767;-1.9437886613
6.9700143062;-1.9081294570;-2.0685958767;-1.9437886613
6.9800142857;-1.9081294570;-2.0685958767;-1.9437886613
6.9900142653;-1.9081294570;-2.0864254789;-1.9437886613
7.0000142450;-1.9081294570;-2.0864254789;-1.9437886613
7.0100142248;-1.9081294570;-2.0685958767;-1.9438139875
7.0200142045;-1.9081294570;-2.0685958767;-1.9616182635
7.0300141844;-1.9081547113;-2.0507662745;-1.9616182635
7.0400141643;-1.9259338405;-2.0507662745;-1.9616182635
7.0500141443;-1.9081294570;-2.0507662745;-1.9616182635
7.0600141243;-1.9081294570;-2.0507662745;-1.9616434111
7.0700141044;-1.9081294570;-2.0329366723;-1.9794227536
7.0800140845;-1.9081294570;-2.0151070701;-1.9616182635
7.0900140647;-1.9081294570;-2.0151070701;-1.9616182635
7.1000140449;-1.9081044505;-2.0151070701;-1.9616182635
7.1100140252;-1.8903248262;-2.0151070701;-1.9616182635
7.1200140056;-1.9081045204;-2.0151070701;-1.9616182635
7.1300139860;-1.8903247564;-2.0151070701;-1.9616182635
7.1400139665;-1.9081294570;-1.9972774679;-1.9616182635
7.1500139470;-1.9081294570;-1.9972774679;-1.9616182635
7.1600139276;-1.9081294570;-1.9972774679;-1.9616182635
7.1700139082;-1.9081294570;-1.9972774679;-1.9616182635
7.1800138889;-1.9081047280;-2.0151070701;-1.9616182635
7.1900138696;-1.8902998548;-2.0151070701;-1.9615935688
7.2000138504;-1.8903245153;-2.0151070701;-1.9437886613
7.2100138313;-1.9081294570;-2.0151070701;-1.9437886613
7.2200138122;-1.9081540495;-2.0151070701;-1.9437886613
7.2300137931;-1.9259345005;-2.0151070701;-1.9437886613
7.2400137741;-1.9081539819;-2.0151070701;-1.9437886613
7.2500137552;-1.9259345679;-2.0151070701;-1.9437886613
7.2600137363;-1.9081049993;-2.0151070701;-1.9437886613
7.2700137174;-1.8903242789;-2.0151070701;-1.9437886613
7.2800136986;-1.9081294570;-2.0151070701;-1.9437886613
7.2900136799;-1.9081538143;-1.9972774679;-1.9437886613
7.3000136612;-1.9259347350;-1.9972774679;-1.9437886613
7.3100136426;-1.9081294570;-1.9794478657;-1.9438129523
7.3200136240;-1.9081537149;-1.9259590591;-1.9616182635
7.3300136054;-1.9259590591;-1.9437886613;-1.9615940385
7.3400135870;-1.9259590591;-1.9259590591;-1.9438128535
7.3500135685;-1.9259590591;-1.9081294570;-1.9615941042
7.3600135501;-1.9259349325;-1.9437886613;-1.9437886613
7.3700135318;-1.9081294570;-1.9437886613;-1.9437886613
7.3800135135;-1.9081294570;-1.9616182635;-1.9437886613
7.3900134953;-1.9081054278;-1.9437886613;-1.9437646322
7.4000134771;-1.8902998548;-1.9794478657;-1.9259590591
7.4100134590;-1.8902998548;-1.9794478657;-1.9259830237
7.4200134409;-1.8902998548;-1.9794478657;-1.9437886613
7.4300134228;-1.8903237550;-1.9616182635;-1.9437886613
7.4400134048;-1.9081294570;-1.9616182635;-1.9438125296
7.4500133869;-1.9081294570;-1.9616182635;-1.9615944272
7.4600133690;-1.9081294570;-1.9437886613;-1.9438124659
7.4700133511;-1.9081294570;-1.9616182635;-1.9615944907
7.4800133333;-1.9081294570;-1.9437886613;-1.9437886613
7.4900133156;-1.9081531665;-1.9259590591;-1.9437886613
7.5000132979;-1.9259117030;-1.9259590591;-1.9437886613
7.5100132802;-1.8903235014;-1.9259590591;-1.9437886613
7.5200132626;-1.9081294570;-1.9259590591;-1.9438122767
7.5300132450;-1.9081058728;-1.9437886613;-1.9616182635
7.5400132275;-1.8903234077;-1.9437886613;-1.9616182635
7.5500132100;-1.9081294570;-1.9616182635;-1.9616182635
7.5600131926;-1.9081294570;-1.9616182635;-1.9616182635
7.5700131752;-1.9081294570;-1.9437886613;-1.9615948035
7.5800131579;-1.9081294570;-1.9437886613;-1.9437886613
7.5900131406;-1.9081294570;-1.9616182635;-1.9437652629
7.6000131234;-1.9081060892;-1.9437886613;-1.9259824269
7.6100131062;-1.8902998548;-1.9616182635;-1.9437653242
7.6200130890;-1.8903231614;-1.9616182635;-1.9259823658
7.6300130719;-1.9081294570;-1.9437886613;-1.9437886613
7.6400130548;-1.9081294570;-1.9259590591;-1.9437886613
7.6500130378;-1.9081294570;-1.9259590591;-1.9437886613
7.6600130208;-1.9081294570;-1.9437886613;-1.9437886613
7.6700130039;-1.9081294570;-1.9259590591;-1.9437886613
7.6800129870;-1.9081294570;-1.9081294570;-1.9437886613
7.6900129702;-1.9081063616;-1.9616182635;-1.9437886613
7.7000129534;-1.8903229202;-1.9081294570;-1.9437886613
7.7100129366;-1.9081294570;-1.9259590591;-1.9437886613
7.7200129199;-1.9081294570;-1.9259590591;-1.9437886613
7.7300129032;-1.9081294570;-1.9081294570;-1.9437886613
7.7400128866;-1.9081294570;-1.9259590591;-1.9437886613
7.7500128700;-1.9081294570;-1.9081294570;-1.9437657441
7.7600128535;-1.9081294570;-1.9081294570;-1.9259819470
7.7700128370;-1.9081294570;-1.9259590591;-1.9437886613
7.7800128205;-1.9081294570;-1.9259590591;-1.9438114905
7.7900128041;-1.9081294570;-1.9437886613;-1.9616182635
7.8000127877;-1.9081294570;-1.9259590591;-1.9615954926
7.8100127714;-1.9081294570;-1.9259590591;-1.9437886613
7.8200127551;-1.9081294570;-1.9259590591;-1.9437886613
7.8300127389;-1.9081294570;-1.9259590591;-1.9437886613
7.8400127226;-1.9081294570;-1.9081294570;-1.9437886613
7.8500127065;-1.9081294570;-1.9259590591;-1.9437886613
7.8600126904;-1.9081520547;-1.9437886613;-1.9437886613
7.8700126743;-1.9259590591;-1.9259590591;-1.9437886613
7.8800126582;-1.9259365186;-1.9259590591;-1.9437886613
7.8900126422;-1.9081519691;-1.9437886613;-1.9437886613
7.9000126263;-1.9259365754;-1.9259590591;-1.9437886613
7.9100126103;-1.9081294570;-1.9437886613;-1.9437886613
7.9200125945;-1.9081294570;-1.9437886613;-1.9437886613
7.9300125786;-1.9081294570;-1.9437886613;-1.9437886613
7.9400125628;-1.9081294570;-1.9437886613;-1.9437886613
7.9500125471;-1.9081294570;-1.9259590591;-1.9437886613
7.9600125313;-1.9081294570;-1.9437886613;-1.9437886613
7.9700125156;-1.9081294570;-1.9437886613;-1.9437886613
7.9800125000;-1.9081294570;-1.9437886613;-1.9437664022
7.9900124844;-1.9081294570;-1.9437886613;-1.9259812906
8.0000124688;-1.9081516607;-1.9616182635;-1.9437664576
8.0100124533;-1.9259368830;-1.9437886613;-1.9259590591
8.0200124378;-1.9081294570;-1.9616182635;-1.9259812077
8.0300124224;-1.9081294570;-1.9616182635;-1.9437886613
8.0400124069;-1.9081294570;-1.9437886613;-1.9437886613
8.0500123916;-1.9081294570;-1.9437886613;-1.9438107277
8.0600123762;-1.9081294570;-1.9437886613;-1.9615962245
8.0700123609;-1.9081294570;-1.9616182635;-1.9438106732
8.0800123457;-1.9081294570;-1.9437886613;-1.9615962788
8.0900123305;-1.9081294570;-1.9437886613;-1.9437886613
8.1000123153;-1.9081294570;-1.9616182635;-1.9437886613
8.1100123001;-1.9081294570;-1.9616182635;-1.9437886613
8.1200122850;-1.9081513338;-1.9616182635;-1.9437886613
8.1300122699;-1.9259372091;-1.9794478657;-1.9438105113
8.1400122549;-1.9081512802;-1.9794478657;-1.9615964403
8.1500122399;-1.9259372626;-1.9972774679;-1.9437886613
8.1600122249;-1.9081294570;-1.9972774679;-1.9438104313
8.1700122100;-1.9081512004;-1.9972774679;-1.9616182635
8.1800121951;-1.9259373422;-1.9972774679;-1.9616182635
8.1900121803;-1.9081511475;-1.9972774679;-1.9616182635
8.2000121655;-1.9259590591;-1.9972774679;-1.9616182635
8.2100121507;-1.9259590591;-1.9972774679;-1.9615966257
8.2200121359;-1.9259374475;-1.9972774679;-1.9437886613
8.2300121212;-1.9081294570;-1.9972774679;-1.9437886613
8.2400121065;-1.9081294570;-1.9972774679;-1.9437886613
8.2500120919;-1.9081509903;-1.9972774679;-1.9437886613
8.2600120773;-1.9259375518;-1.9972774679;-1.9437886613
8.2700120627;-1.9081509384;-2.0151070701;-1.9438101428
8.2800120482;-1.9259376035;-2.0151070701;-1.9616182635
8.2900120337;-1.9081294570;-2.0329366723;-1.9616182635
8.3000120192;-1.9081080529;-2.0329366723;-1.9615968594
8.3100120048;-1.8903212332;-2.0151070701;-1.9437886613
8.3200119904;-1.8903851639;-2.0151070701;-1.9437886613
8.3200478469;-1.9081294570;-1.9972774679;-1.9437886613
8.3300239234;-1.9081294570;-1.9972774679;-1.9437886613
8.3500119474;-1.9081294570;-1.9794478657;-1.9437886613
8.3600119332;-1.9081294570;-1.9794478657;-1.9438099124
8.3700119190;-1.9081294570;-1.9794478657;-1.9616182635
8.3800119048;-1.9081082565;-1.9794478657;-1.9615970631
8.3900118906;-1.8903210301;-1.9972774679;-1.9437886613
8.4000118765;-1.9081294570;-1.9972774679;-1.9437886613
8.4100118624;-1.9081294570;-1.9794478657;-1.9437886613
8.4200118483;-1.9081505571;-1.9972774679;-1.9437886613
8.4300118343;-1.9259590591;-1.9794478657;-1.9437886613
8.4400118203;-1.9259590591;-1.9794478657;-1.9438097116
8.4500118064;-1.9259590591;-1.9972774679;-1.9615972381
8.4600117925;-1.9259380584;-1.9794478657;-1.9437886613
8.4700117786;-1.9081294570;-1.9794478657;-1.9437886613
8.4800117647;-1.9081504083;-1.9794478657;-1.9437886613
8.4900117509;-1.9259381324;-1.9794478657;-1.9437886613
8.5000117371;-1.9081294570;-1.9794478657;-1.9438095636
8.5100117233;-1.9081294570;-1.9794478657;-1.9616182635
8.5200117096;-1.9081294570;-1.9794478657;-1.9616182635
8.5300116959;-1.9081294570;-1.9794478657;-1.9615974346
8.5400116822;-1.9081294570;-1.9794478657;-1.9438094660
8.5500116686;-1.9081294570;-1.9794478657;-1.9615974831
8.5600116550;-1.9081294570;-2.0151070701;-1.9437886613
8.5700116414;-1.9081501890;-1.9794478657;-1.9438093934
8.5800116279;-1.9259590591;-1.9972774679;-1.9615975555
8.5900116144;-1.9259383752;-1.9972774679;-1.9438093453
8.6000116009;-1.9081294570;-2.0151070701;-1.9616182635
8.6100115875;-1.9081294570;-1.9972774679;-1.9615976274
8.6200115741;-1.9081294570;-1.9972774679;-1.9437886613
8.6300115607;-1.9081294570;-1.9972774679;-1.9438092498
8.6400115473;-1.9081500217;-1.9972774679;-1.9615976988
8.6500115340;-1.9259590591;-1.9972774679;-1.9438092024
8.6600115207;-1.9259590591;-1.9794478657;-1.9616182635
8.6700115075;-1.9259590591;-2.0151070701;-1.9616182635
8.6800114943;-1.9259590591;-2.0151070701;-1.9616387338
8.6900114811;-1.9259590591;-2.0151070701;-1.9794274189
8.7000114679;-1.9259590591;-2.0329366723;-1.9615978402
8.7100114548;-1.9259386591;-2.0329366723;-1.9437886613
8.7200114416;-1.9081294570;-2.0329366723;-1.9437682846
8.7300114286;-1.9081294570;-2.0329366723;-1.9259590591
8.7400114155;-1.9081294570;-2.0151070701;-1.9259793894
8.7500114025;-1.9081294570;-1.9972774679;-1.9437886613
8.7600113895;-1.9081294570;-1.9972774679;-1.9437886613
8.7700113766;-1.9081294570;-1.9794478657;-1.9437886613
8.7800113636;-1.9081496949;-1.9972774679;-1.9437886613
8.7900113507;-1.9259590591;-1.9794478657;-1.9437886613
8.8000113379;-1.9259590591;-1.9794478657;-1.9437684693
8.8100113250;-1.9259388899;-1.9794478657;-1.9259590591
8.8200113122;-1.9081496034;-1.9794478657;-1.9259590591
8.8300112994;-1.9259389354;-1.9794478657;-1.9259791829
8.8400112867;-1.9081495580;-1.9794478657;-1.9437886613
8.8500112740;-1.9259590591;-1.9616182635;-1.9437886613
8.8600112613;-1.9259590591;-1.9972774679;-1.9437886613
8.8700112486;-1.9259590591;-1.9972774679;-1.9438086946
8.8800112360;-1.9259590591;-1.9972774679;-1.9615982528
8.8900112233;-1.9259590591;-1.9972774679;-1.9437886613
8.9000112108;-1.9259590591;-1.9972774679;-1.9438086273
8.9100111982;-1.9259391155;-1.9972774679;-1.9615983199
8.9200111857;-1.9081294570;-1.9972774679;-1.9437886613
8.9300111732;-1.9081294570;-1.9972774679;-1.9437886613
8.9400111607;-1.9081294570;-1.9972774679;-1.9437886613
8.9500111483;-1.9081493117;-1.9794478657;-1.9437886613
8.9600111359;-1.9259392264;-1.9794478657;-1.9437886613
8.9700111235;-1.9081492676;-1.9794478657;-1.9437886613
8.9800111111;-1.9259590591;-1.9794478657;-1.9437886613
8.9900110988;-1.9259590591;-1.9794478657;-1.9437886613
9.0000110865;-1.9259590591;-1.9794478657;-1.9437689165
9.0100110742;-1.9259590591;-1.9794478657;-1.9259787822
9.0200110619;-1.9259590591;-1.9616182635;-1.9437886613
9.0300110497;-1.9259590591;-1.9616182635;-1.9437886613
9.0400110375;-1.9259590591;-1.9794478657;-1.9437886613
9.0500110254;-1.9259590591;-1.9437886613;-1.9437886613
9.0600110132;-1.9259590591;-1.9616182635;-1.9437886613
9.0700110011;-1.9259590591;-1.9616182635;-1.9437886613
9.0800109890;-1.9259394877;-1.9616182635;-1.9437886613
9.0900109769;-1.9081490070;-1.9616182635;-1.9437886613
9.1000109649;-1.9259590591;-1.9616182635;-1.9437886613
9.1100109529;-1.9259590591;-1.9616182635;-1.9437886613
9.1100437158;-1.9259590591;-1.9616182635;-1.9437886613
9.1200218579;-1.9259395945;-1.9616182635;-1.9437886613
9.1400109170;-1.9081294570;-1.9616182635;-1.9437886613
9.1500109051;-1.9081294570;-1.9616182635;-1.9437886613
9.1600108932;-1.9081488580;-1.9616182635;-1.9438080624
9.1700108814;-1.9259590591;-1.9616182635;-1.9615988835
9.1800108696;-1.9259397002;-1.9616182635;-1.9438080203
9.1900108578;-1.9081294570;-1.9437886613;-1.9615989256
9.2000108460;-1.9081294570;-1.9437886613;-1.9437886613
9.2100108342;-1.9081487531;-1.9437886613;-1.9437886613
9.2200108225;-1.9259590591;-1.9437886613;-1.9437886613
9.2300108108;-1.9259398047;-1.9437886613;-1.9437886613
9.2400107991;-1.9081294570;-1.9437886613;-1.9437694277
9.2500107875;-1.9081486699;-1.9437886613;-1.9259782721
9.2600107759;-1.9259398669;-1.9437886613;-1.9438078536
9.2700107643;-1.9081294570;-1.9437886613;-1.9616182635
9.2800107527;-1.9081294570;-1.9437886613;-1.9615991125
9.2900107411;-1.9081103265;-1.9437886613;-1.9437886613
9.3000107296;-1.8902998548;-1.9437886613;-1.9437886613
9.3100107181;-1.8903189443;-1.9437886613;-1.9437886613
9.3200107066;-1.9081294570;-1.9437886613;-1.9437886613
9.3300106952;-1.9081294570;-1.9437886613;-1.9437886613
9.3400106838;-1.9081294570;-1.9437886613;-1.9437886613
9.3500106724;-1.9081294570;-1.9437886613;-1.9437886613
9.3600106610;-1.9081294570;-1.9437886613;-1.9438076492
9.3700106496;-1.9081484246;-1.9259590591;-1.9616182635
9.3800106383;-1.9259590591;-1.9437886613;-1.9615993160
9.3900106270;-1.9259590591;-1.9437886613;-1.9437886613
9.4000106157;-1.9259401518;-1.9437886613;-1.9437886613
9.4100106045;-1.9081294570;-1.9437886613;-1.9437886613
9.4200105932;-1.9081294570;-1.9616182635;-1.9437886613
9.4300105820;-1.9081483043;-1.9437886613;-1.9437886613
9.4400105708;-1.9259590591;-1.9616182635;-1.9437886613
9.4500105597;-1.9259402515;-1.9616182635;-1.9437886613
9.4600105485;-1.9081294570;-1.9437886613;-1.9437698736
9.4700105374;-1.9081294570;-1.9437886613;-1.9437136683
9.4700420610;-1.9081294570;-1.9437886613;-1.9259590591
9.4800210305;-1.9081294570;-1.9437886613;-1.9437886613
9.5000105042;-1.9081294570;-1.9437886613;-1.9437886613
9.5100104932;-1.9081294570;-1.9437886613;-1.9437886613
9.5200104822;-1.9081294570;-1.9437886613;-1.9437886613
9.5300104712;-1.9081294570;-1.9437886613;-1.9437886613
9.5400104603;-1.9081480877;-1.9259590591;-1.9437886613
9.5500104493;-1.9259590591;-1.9437886613;-1.9437886613
9.5600104384;-1.9259776510;-1.9616182635;-1.9437886613
9.5700104275;-1.9437700888;-1.9616182635;-1.9437886613
9.5800104167;-1.9259776123;-1.9616182635;-1.9438072145
9.5900104058;-1.9437701274;-1.9616182635;-1.9615997296
9.6000103950;-1.9259405445;-1.9616182635;-1.9437886613
9.6100103842;-1.9081479524;-1.9437886613;-1.9437886613
9.6200103734;-1.9259590591;-1.9437886613;-1.9437886613
9.6300103627;-1.9259590591;-1.9437886613;-1.9437886613
9.6400103520;-1.9259406211;-1.9259590591;-1.9438070994
9.6500103413;-1.9081294570;-1.9259590591;-1.9615998445
9.6600103306;-1.9081294570;-1.9437886613;-1.9437886613
9.6700103199;-1.9081294570;-1.9437886613;-1.9437886613
9.6800103093;-1.9081294570;-1.9437886613;-1.9437886613
9.6900102987;-1.9081294570;-1.9616182635;-1.9437886613
9.7000102881;-1.9081294570;-1.9437886613;-1.9437886613
9.7100102775;-1.9081294570;-1.9437886613;-1.9437886613
9.7200102669;-1.9081294570;-1.9616182635;-1.9438069481
9.7300102564;-1.9081294570;-1.9437886613;-1.9616182635
9.7400102459;-1.9081477063;-1.9437886613;-1.9616182635
9.7500102354;-1.9259590591;-1.9437886613;-1.9616000329
9.7600102249;-1.9259408471;-1.9616182635;-1.9437886613
9.7700102145;-1.9081294570;-1.9437886613;-1.9437704679
9.7800102041;-1.9081294570;-1.9616182635;-1.9259772341
9.7900101937;-1.9081294570;-1.9437886613;-1.9437886613
9.8000101833;-1.9081475949;-1.9437886613;-1.9438067993
9.8100101729;-1.9259590591;-1.9437886613;-1.9616182635
9.8200101626;-1.9259590591;-1.9437886613;-1.9616001624
9.8300101523;-1.9259590591;-1.9437886613;-1.9438067441
9.8400101420;-1.9259409947;-1.9437886613;-1.9616182635
9.8500101317;-1.9081475031;-1.9437886613;-1.9616002174
9.8600101215;-1.9259590591;-1.9437886613;-1.9437706334
9.8700101112;-1.9259590591;-1.9437886613;-1.9259770688
9.8800101010;-1.9259590591;-1.9437886613;-1.9437886613
9.8900100908;-1.9259590591;-1.9437886613;-1.9437886613
9.9000100806;-1.9259770144;-1.9437886613;-1.9437886613
9.9100100705;-1.9437707241;-1.9437886613;-1.9438065986
9.9200100604;-1.9437170565;-1.9437886613;-1.9438602662
9.9200401606;-1.9259590591;-1.9437886613;-1.9615824611
9.9300200803;-1.9259232926;-1.9437886613;-1.9437886613
9.9400200602;-1.9080937263;-1.9437886613;-1.9438243920
9.9500200401;-1.8902641599;-1.9437886613;-1.9615825686
9.9600200200;-1.8725059118;-1.9437886613;-1.9437886613
9.9700200000;-1.8903354783;-1.9437886613;-1.9437886613
9.9800199800;-1.9081294570;-1.9437886613;-1.9437886613
9.9900199601;-1.9081294570;-1.9437886613;-1.9437886613
10.0000199402;-1.9081649741;-1.9616182635;-1.9437886613
10.0100199203;-1.9259235774;-1.9616182635;-1.9437886613
10.0200199005;-1.9081649035;-1.9437886613;-1.9437886613
10.0300198807;-1.9259590591;-1.9437886613;-1.9437886613
10.0400198610;-1.9259236830;-1.9437886613;-1.9437886613
10.0500198413;-1.9081294570;-1.9437886613;-1.9437886613
10.0600198216;-1.9081294570;-1.9437886613;-1.9438239675
10.0700198020;-1.9080941857;-1.9437886613;-1.9615829923
10.0800197824;-1.8902998548;-1.9616182635;-1.9437886613
10.0900197628;-1.8902998548;-1.9437886613;-1.9438238629
10.1000197433;-1.8902998548;-1.9437886613;-1.9616182635
10.1100197239;-1.8903349870;-1.9437886613;-1.9616182635
10.1200197044;-1.9081645546;-1.9437886613;-1.9615831659
10.1300196850;-1.9259941223;-1.9259590591;-1.9438237245
10.1400196657;-1.9437886613;-1.9259590591;-1.9615832348
10.1500196464;-1.9437886613;-1.9259590591;-1.9437886613
10.1600196271;-1.9437886613;-1.9259590591;-1.9437886613
10.1700196078;-1.9437886613;-1.9437886613;-1.9437886613
10.1800195886;-1.9437886613;-1.9437886613;-1.9437537697
10.1900195695;-1.9437538039;-1.9616182635;-1.9259590591
10.2000195503;-1.9259242357;-1.9616182635;-1.9259938826
10.2100195313;-1.9080946675;-1.9616182635;-1.9438234508
10.2200195122;-1.8903346103;-1.9616182635;-1.9616182635
10.2300194932;-1.9080947352;-1.9437886613;-1.9616182635
10.2400194742;-1.8902998548;-1.9437886613;-1.9616182635
10.2500194553;-1.8903345090;-1.9437886613;-1.9616182635
10.2600194363;-1.9081640775;-1.9437886613;-1.9615836429
10.2700194175;-1.9259244721;-1.9437886613;-1.9437886613
10.2800193986;-1.9081640104;-1.9437886613;-1.9437886613
10.2900193798;-1.9259590591;-1.9437886613;-1.9438231814
10.3000193611;-1.9259590591;-1.9437886613;-1.9615837769
10.3100193424;-1.9437800522;-1.9437886613;-1.9437886613
10.3200193237;-1.9348609548;-1.9437886613;-1.9438230814
10.3300193050;-1.9259590591;-1.9437886613;-1.9615838766
10.3400192864;-1.9259590591;-1.9616182635;-1.9437886613
10.3500192678;-1.9259247384;-1.9616182635;-1.9437886613
10.3600192493;-1.9081294570;-1.9437886613;-1.9437886613
10.3700192308;-1.9081294570;-1.9437886613;-1.9437886613
10.3700575816;-1.9081294570;-1.9616182635;-1.9437886613
10.3800287908;-1.9081294570;-1.9437886613;-1.9259590591
10.4000191755;-1.9081636133;-1.9437886613;-1.9259590591
10.4100191571;-1.9259590591;-1.9437886613;-1.9259590591
10.4200191388;-1.9259590591;-1.9437886613;-1.9259590591
10.4300191205;-1.9259590591;-1.9437886613;-1.9259931176
10.4400191022;-1.9259590591;-1.9437886613;-1.9437886613
10.4500190840;-1.9259250656;-1.9259590591;-1.9437886613
10.4600190658;-1.9081294570;-1.9259590591;-1.9437886613
10.4700190476;-1.9081294570;-1.9437886613;-1.9437886613
10.4800190295;-1.9081294570;-1.9437886613;-1.9437886613
10.4900190114;-1.9081294570;-1.9437886613;-1.9437547969
10.5000189934;-1.9081294570;-1.9616182635;-1.9259590591
10.5100189753;-1.9081632571;-1.9616182635;-1.9259928593
10.5200189573;-1.9259252910;-1.9616182635;-1.9437886613
10.5300189394;-1.9081631932;-1.9616182635;-1.9437886613
10.5400189215;-1.9259253548;-1.9616182635;-1.9437886613
10.5500189036;-1.9081294570;-1.9437886613;-1.9437886613
10.5600188857;-1.9081294570;-1.9437886613;-1.9437886613
10.5700188679;-1.9081294570;-1.9437886613;-1.9437886613
10.5800188501;-1.9081294570;-1.9616182635;-1.9437886613
10.5900188324;-1.9081294570;-1.9616182635;-1.9437886613
10.6000188147;-1.9081629712;-1.9437886613;-1.9437886613
10.6100187970;-1.9259255763;-1.9437886613;-1.9438221442
10.6200187793;-1.9081629084;-1.9437886613;-1.9615848121
10.6300187617;-1.9259590591;-1.9259590591;-1.9437886613
10.6400187441;-1.9259590591;-1.9259590591;-1.9437886613
10.6500187266;-1.9259590591;-1.9437886613;-1.9437886613
10.6600187091;-1.9259590591;-1.9259590591;-1.9437886613
10.6700186916;-1.9259590591;-1.9259590591;-1.9437886613
10.6800186741;-1.9259590591;-1.9259590591;-1.9437886613
10.6900186567;-1.9259590591;-1.9259590591;-1.9437886613
10.7000186393;-1.9259590591;-1.9259590591;-1.9437886613
10.7100186220;-1.9259590591;-1.9437886613;-1.9437886613
10.7200186047;-1.9259590591;-1.9437886613;-1.9438218019
10.7300185874;-1.9259259494;-1.9437886613;-1.9616182635
10.7400185701;-1.9081294570;-1.9437886613;-1.9437886613
10.7500185529;-1.9081294570;-1.9437886613;-1.9616182635
10.7600185357;-1.9081624747;-1.9437886613;-1.9616182635
10.7700185185;-1.9259260719;-1.9259590591;-1.9616182635
10.7800185014;-1.9081624137;-1.9437886613;-1.9616182635
10.7900184843;-1.9259590591;-1.9437886613;-1.9615853372
10.8000184672;-1.9259590591;-1.9259590591;-1.9437886613
10.8100184502;-1.9259590591;-1.9437886613;-1.9437886613
10.8200184332;-1.9259590591;-1.9437886613;-1.9437886613
10.8300184162;-1.9259262540;-1.9616182635;-1.9437886613
10.8400183993;-1.9081294570;-1.9437886613;-1.9437886613
10.8500183824;-1.9081294570;-1.9437886613;-1.9438214062
10.8600183655;-1.9081294570;-1.9437886613;-1.9616182635
10.8700183486;-1.9081621418;-1.9437886613;-1.9616182635
10.8800183318;-1.9259590591;-1.9437886613;-1.9615856086
10.8900183150;-1.9259590591;-1.9437886613;-1.9438212864
10.9000182983;-1.9259590591;-1.9437886613;-1.9615856683
10.9100182815;-1.9259590591;-1.9437886613;-1.9437886613
10.9200182648;-1.9259590591;-1.9437886613;-1.9437886613
10.9300182482;-1.9259590591;-1.9437886613;-1.9437886613
10.9400182315;-1.9259590591;-1.9616182635;-1.9438211378
10.9500182149;-1.9259590591;-1.9437886613;-1.9615858166
10.9600181984;-1.9259590591;-1.9437886613;-1.9438210788
10.9700181818;-1.9259590591;-1.9437886613;-1.9615858755
10.9800181653;-1.9259590591;-1.9259590591;-1.9437886613
10.9900181488;-1.9259590591;-1.9437886613;-1.9437886613
11.0000181324;-1.9259267591;-1.9259590591;-1.9437886613
11.0100181159;-1.9081617277;-1.9437886613;-1.9437886613
11.0200180995;-1.9259268176;-1.9437886613;-1.9437886613
11.0300180832;-1.9081616694;-1.9616182635;-1.9437886613
11.0400180668;-1.9259590591;-1.9616182635;-1.9438208447
11.0500180505;-1.9259590591;-1.9437886613;-1.9616182635
11.0600180343;-1.9259590591;-1.9437886613;-1.9616182635
11.0700180180;-1.9259269627;-1.9259590591;-1.9615861670
11.0800180018;-1.9081294570;-1.9259590591;-1.9438207290
11.0900179856;-1.9081294570;-1.9259590591;-1.9615862247
11.1000179695;-1.9081294570;-1.9437886613;-1.9438206714
11.1100179533;-1.9081614383;-1.9259590591;-1.9615862822
11.1200179372;-1.9259590591;-1.9437886613;-1.9438206140
11.1300179211;-1.9259590591;-1.9437886613;-1.9616182635
11.1400179051;-1.9259271636;-1.9437886613;-1.9616182635
11.1500178891;-1.9081613240;-1.9437886613;-1.9616182635
11.1600178731;-1.9259590591;-1.9616182635;-1.9615864250
11.1700178571;-1.9259590591;-1.9437886613;-1.9438204715
11.1800178412;-1.9259590591;-1.9437886613;-1.9616182635
11.1900178253;-1.9259590591;-1.9437886613;-1.9616182635
11.2000178094;-1.9259590591;-1.9437886613;-1.9616182635
11.2100177936;-1.9259590591;-1.9259590591;-1.9616182635
11.2200177778;-1.9259590591;-1.9259590591;-1.9616182635
11.2300177620;-1.9259590591;-1.9437886613;-1.9616182635
11.2400177462;-1.9259906719;-1.9437886613;-1.9616182635
11.2500177305;-1.9437570766;-1.9437886613;-1.9615866788
11.2600177148;-1.9259590591;-1.9437886613;-1.9438202182
11.2700176991;-1.9259590591;-1.9437886613;-1.9616182635
11.2800176835;-1.9259590591;-1.9437886613;-1.9615867625
11.2900176678;-1.9259590591;-1.9616182635;-1.9438201346
11.3000176523;-1.9259590591;-1.9616182635;-1.9616182635
11.3100176367;-1.9259590591;-1.9437886613;-1.9615868457
11.3200176211;-1.9259590591;-1.9616182635;-1.9437886613
11.3300176056;-1.9259590591;-1.9437886613;-1.9437572988
11.3400175901;-1.9259590591;-1.9437886613;-1.9259590591
11.3500175747;-1.9259590591;-1.9437886613;-1.9259590591
11.3600175593;-1.9259590591;-1.9437886613;-1.9259903391
11.3700175439;-1.9259278066;-1.9437886613;-1.9437886613
11.3800175285;-1.9081606822;-1.9437886613;-1.9437886613
11.3900175131;-1.9259590591;-1.9437886613;-1.9437886613
11.4000174978;-1.9259590591;-1.9437886613;-1.9437886613
11.4100174825;-1.9259590591;-1.9437886613;-1.9438198047
11.4200174672;-1.9259279429;-1.9437886613;-1.9616182635
11.4300174520;-1.9081605461;-1.9437886613;-1.9616182635
11.4400174368;-1.9259590591;-1.9437886613;-1.9616182635
11.4500174216;-1.9259590591;-1.9616182635;-1.9615872285
11.4600174064;-1.9259590591;-1.9437886613;-1.9437886613
11.4700173913;-1.9259590591;-1.9437886613;-1.9438196424
11.4800173762;-1.9259590591;-1.9437886613;-1.9616182635
11.4900173611;-1.9259281318;-1.9437886613;-1.9616182635
11.5000173461;-1.9081294570;-1.9437886613;-1.9616182635
11.5100173310;-1.9081294570;-1.9437886613;-1.9616182635
11.5200173160;-1.9081603040;-1.9437886613;-1.9616182635
11.5300173010;-1.9259590591;-1.9437886613;-1.9616182635
11.5400172861;-1.9259590591;-1.9616182635;-1.9615874697
11.5500172712;-1.9259590591;-1.9437886613;-1.9437886613
11.5600172563;-1.9259590591;-1.9437886613;-1.9437886613
11.5700172414;-1.9259283449;-1.9616182635;-1.9437886613
11.5800172265;-1.9081294570;-1.9616182635;-1.9437886613
11.5900172117;-1.9081601184;-1.9616182635;-1.9437886613
11.6000171969;-1.9259590591;-1.9616182635;-1.9437886613
11.6100171821;-1.9259590591;-1.9616182635;-1.9438192701
11.6200171674;-1.9259590591;-1.9437886613;-1.9616182635
11.6300171527;-1.9259590591;-1.9437886613;-1.9616182635
11.6400171380;-1.9259590591;-1.9437886613;-1.9616182635
11.6500171233;-1.9259590591;-1.9616182635;-1.9615877595
11.6600171086;-1.9259590591;-1.9437886613;-1.9437886613
11.6700170940;-1.9259590591;-1.9437886613;-1.9437886613
11.6800170794;-1.9259286332;-1.9437886613;-1.9438190873
11.6900170648;-1.9081598570;-1.9259590591;-1.9616182635
11.7000170503;-1.9258983109;-1.9437886613;-1.9616182635
11.7100170358;-1.8902391582;-1.9437886613;-1.9616182635
11.7200170213;-1.8545800055;-1.9437886613;-1.9615879411
11.7300170068;-1.8189511493;-1.9437886613;-1.9437886613
11.7400169924;-1.8010913019;-1.9437886613;-1.9437886613
11.7500169779;-1.7654321488;-1.9437886613;-1.9437584160
11.7600169635;-1.7298334350;-1.9437886613;-1.9259892788
11.7700169492;-1.7299240173;-1.9616182635;-1.9437886613
11.7800169348;-1.7833825787;-1.9616182635;-1.9437886613
11.7900169205;-1.8190718751;-1.9437886613;-1.9437886613
11.8000169062;-1.8725304877;-1.9437886613;-1.9437886613
11.8100168919;-1.9081595491;-1.9437886613;-1.9437886613
11.8200168776;-1.9259590591;-1.9437886613;-1.9437886613
11.8300168634;-1.9259891006;-1.9437886613;-1.9437886613
11.8400168492;-1.9437586452;-1.9437886613;-1.9437886613
11.8500168350;-1.9259890501;-1.9616182635;-1.9437886613
11.8600168209;-1.9437886613;-1.9437886613;-1.9437886613
11.8700168067;-1.9437587208;-1.9616182635;-1.9437886613
11.8800167926;-1.9259590591;-1.9437886613;-1.9438185768
11.8900167785;-1.9259590591;-1.9616182635;-1.9615883732
11.9000167645;-1.9259590591;-1.9616182635;-1.9438185267
11.9100167504;-1.9259590591;-1.9616182635;-1.9615884232
11.9200167364;-1.9259292438;-1.9616182635;-1.9437886613
11.9300167224;-1.9081294570;-1.9616182635;-1.9437886613
11.9400167084;-1.9081294570;-1.9616182635;-1.9437886613
11.9500166945;-1.9081591977;-1.9437886613;-1.9437886613
11.9600166806;-1.9259590591;-1.9437886613;-1.9437886613
11.9700166667;-1.9259590591;-1.9437886613;-1.9437886613
11.9800166528;-1.9259590591;-1.9437886613;-1.9438183279
11.9900166389;-1.9259887010;-1.9437886613;-1.9616182635
12.0000166251;-1.9437590441;-1.9437886613;-1.9437886613
12.0100166113;-1.9259590591;-1.9616182635;-1.9437886613
12.0200165975;-1.9259886273;-1.9794478657;-1.9437886613
12.0300165837;-1.9437295740;-1.9616182635;-1.9437591177
12.0400165700;-1.9080113801;-1.9616182635;-1.9259590591
12.0500165563;-1.8366635742;-1.9616182635;-1.9259590591
12.0600165426;-1.7476335668;-1.9616182635;-1.9259885296
12.0700165289;-1.7298039889;-1.9616182635;-1.9438181074
12.0800165153;-1.7119449893;-1.9616182635;-1.9616182635
12.0900165017;-1.6762858334;-1.9616182635;-1.9616182635
12.1000164880;-1.6405973041;-1.9616182635;-1.9616182635
12.1100164745;-1.5871379192;-1.9437886613;-1.9616182635
12.1200164609;-1.5515080881;-1.9259590591;-1.9616182635
12.1300164474;-1.5336492091;-1.9437886613;-1.9615596617
12.1400164339;-1.4980486065;-1.9437886613;-1.9259590591
12.1500164204;-1.4980193537;-1.9616182635;-1.9259590591
12.1600164069;-1.4802190043;-1.9437886613;-1.9259882880
12.1700163934;-1.4801605945;-1.9616182635;-1.9437886613
12.1800163800;-1.4445889810;-1.9616182635;-1.9437886613
12.1900163666;-1.4623602450;-1.9616182635;-1.9438178185
12.2000163532;-1.4445306666;-1.9616182635;-1.9616182635
12.2100163399;-1.4267010882;-1.9437886613;-1.9616473731
12.2200163265;-1.4088424239;-1.9437886613;-1.9794478657
12.2300163132;-1.3732123291;-1.9437886613;-1.9794478657
12.2400162999;-1.3554117890;-1.9437886613;-1.9794188273
12.2500162866;-1.3553537594;-1.9437886613;-1.9616182635
12.2600162734;-1.3196656109;-1.9437886613;-1.9616182635
12.2700162602;-1.2662637780;-1.9616182635;-1.9615892959
12.2800162470;-1.2662058897;-1.9437886613;-1.9438176055
12.2900162338;-1.2305467323;-1.9437886613;-1.9616471842
12.3000162206;-1.1949453693;-1.9616182635;-1.9793900712
12.3100162075;-1.1949164954;-1.9616182635;-1.9438175352
12.3200161943;-1.1770580661;-1.9616182635;-1.9615894130
12.3300161812;-1.1414277355;-1.9616182635;-1.9437886613
12.3400161681;-1.1235981566;-1.9616182635;-1.9438174652
12.3500161551;-1.1057685777;-1.9437886613;-1.9616182635
12.3600161421;-1.0879389987;-1.9616182635;-1.9616182635
12.3700161290;-1.0701381539;-1.9616182635;-1.9616182635
12.3800161160;-1.0701381539;-1.9437886613;-1.9615895524
12.3900161031;-1.0701381539;-1.9437886613;-1.9437886613
12.4000160901;-1.0701094890;-1.9437886613;-1.9437886613
12.4100160772;-1.0523085517;-1.9437886613;-1.9437886613
12.4200160643;-1.0523657896;-1.9437886613;-1.9437886613
12.4300160514;-1.0879391601;-1.9437886613;-1.9437886613
12.4400160385;-1.0701381539;-1.9437886613;-1.9437886613
12.4500160256;-1.0701381539;-1.9616182635;-1.9437886613
12.4600160128;-1.0701381539;-1.9616182635;-1.9437886613
12.4700160000;-1.0701096494;-1.9437886613;-1.9437886613
12.4800159872;-1.0523655153;-1.9437886613;-1.9437886613
12.4900159744;-1.0879962152;-1.9616182635;-1.9437886613
12.5000159617;-1.1057973583;-1.9437886613;-1.9437886613
12.5100159490;-1.1057121172;-1.9437886613;-1.9437886613
12.5200159363;-1.0522233785;-1.9437886613;-1.9438170524
12.5300159236;-0.9987913766;-1.9437886613;-1.9615898950
12.5400159109;-0.9809051051;-1.9616182635;-1.9437886613
12.5500158983;-0.9274730129;-1.9616182635;-1.9438169848
12.5600158856;-0.9096434332;-1.9616182635;-1.9615899626
12.5700158730;-0.8918138535;-1.9616182635;-1.9438169399
12.5800158604;-0.8739560176;-1.9616182635;-1.9616182635
12.5900158479;-0.8382686242;-1.9437886613;-1.9616182635
12.6000158353;-0.7848363074;-1.9437886613;-1.9616182635
12.6100158228;-0.7670067276;-1.9437886613;-1.9615900744
12.6200158103;-0.7135461101;-1.9616182635;-1.9438168282
12.6300157978;-0.6778658056;-1.9437886613;-1.9615901189
12.6400157853;-0.6511108689;-1.9437886613;-1.9438167837
12.6500157729;-0.6242856981;-1.9616182635;-1.9616182635
12.6600157604;-0.5529112217;-1.9616182635;-1.9616182635
12.6700157480;-0.4459337411;-1.9616182635;-1.9616182635
12.6800157356;-0.3390403621;-1.9616182635;-1.9616182635
12.6900157233;-0.2857196933;-1.9616182635;-1.9616182635
12.7000157109;-0.3392084339;-1.9616182635;-1.9616182635
12.7100156986;-0.3926412386;-1.9616182635;-1.9615902955
12.7200156863;-0.4104708189;-1.9437886613;-1.9438166074
12.7300156740;-0.4283562476;-1.9616182635;-1.9616461877
12.7400156617;-0.4815101604;-1.9616182635;-1.9794199634
12.7500156495;-0.3214342645;-1.9616182635;-1.9615903830
12.7600156372;-0.4102757203;-1.9616182635;-1.9437886613
12.7700156250;-0.3034374226;-1.9616182635;-1.9438164983
12.7800156128;-0.2855243963;-1.9616182635;-1.9616182635
12.7900156006;-0.2142060742;-1.9437886613;-1.9616182635
12.8000155885;-0.1428599801;-1.9437886613;-1.9615904916
12.8100155763;-0.0537953282;-1.9437886613;-1.9437886613
12.8200155642;-0.0181361670;-1.9437886613;-1.9437886613
12.8300155521;0.0175507015;-1.9616182635;-1.9437886613
12.8400155400;0.0709010150;-1.9437886613;-1.9437886613
12.8500155280;0.0351865250;-1.9437886613;-1.9437886613
12.8600155159;-0.0361317979;-1.9616182635;-1.9437886613
12.8700155039;-0.1074224997;-1.9616182635;-1.9437886613
12.8800154919;-0.1609112421;-1.9616182635;-1.9437886613
12.8900154799;-0.2144275633;-1.9794478657;-1.9437886613
12.9000154679;-0.2857458868;-1.9616182635;-1.9438162187
12.9100154560;-0.3570642105;-1.9616182635;-1.9616182635
12.9200154440;-0.4284100491;-1.9616182635;-1.9616182635
12.9300154321;-0.5175579540;-1.9616182635;-1.9615907699
12.9400154202;-0.6066509142;-1.9437886613;-1.9438161338
12.9500154083;-0.6600298522;-1.9437886613;-1.9616457148
12.9600153965;-0.6422277013;-1.9437886613;-1.9794478657
12.9700153846;-0.6421180650;-1.9437886613;-1.9794478657
12.9800153728;-0.5707175764;-1.9437886613;-1.9794204777
12.9900153610;-0.4459378752;-1.9437886613;-1.9616182635
13.0000153492;-0.3390424260;-1.9437886613;-1.9615909175
13.0100153374;-0.2855536823;-1.9616182635;-1.9437613363
13.0200153257;-0.2321195467;-1.9616182635;-1.9259590591
13.0300153139;-0.2143172487;-1.9616182635;-1.9259590591
13.0400153022;-0.2142627239;-1.9437886613;-1.9259590591
13.0500152905;-0.1785763196;-1.9616182635;-1.9259590591
13.0600152788;-0.1250875754;-1.9616182635;-1.9259590591
13.0700152672;-0.0716532311;-1.9616182635;-1.9259862591
13.0800152555;-0.0537964704;-1.9437886613;-1.9437886613
13.0900152439;-0.0182459417;-1.9437886613;-1.9437886613
13.1000152323;-0.0540136564;-1.9437886613;-1.9437886613
13.1100152207;-0.1608555594;-1.9616182635;-1.9438157786
13.1200152091;-0.1787664309;-1.9616182635;-1.9615911669
13.1300151976;-0.2501659857;-1.9616182635;-1.9437886613
13.1400151860;-0.3746213352;-1.9437886613;-1.9437616058
13.1500151745;-0.2678060553;-1.9616182635;-1.9259590591
13.1600151630;-0.2678330698;-1.9616182635;-1.9259860737
13.1700151515;-0.2855546752;-1.9437886613;-1.9437886613
13.1800151400;-0.2322277719;-1.9437886613;-1.9437886613
13.1900151286;-0.2857165173;-1.9437886613;-1.9437886613
13.2000151172;-0.3392321958;-1.9437886613;-1.9438155943
13.2100151057;-0.4104428728;-1.9437886613;-1.9616182635
13.2200150943;-0.4104159805;-1.9437886613;-1.9616182635
13.2300150830;-0.3926132706;-1.9437886613;-1.9616182635
13.2400150716;-0.3925864188;-1.9437886613;-1.9616182635
13.2500150602;-0.3747568368;-1.9437886613;-1.9616182635
13.2600150489;-0.3569540662;-1.9437886613;-1.9615914521
13.2700150376;-0.3567933185;-1.9616182635;-1.9438154526
13.2800150263;-0.2500567666;-1.9437886613;-1.9616182635
13.2900150150;-0.3034385086;-1.9437886613;-1.9616182635
13.3000150038;-0.2856623885;-1.9437886613;-1.9616182635
13.3100149925;-0.3034919707;-1.9437886613;-1.9615915525
13.3200149813;-0.3212681708;-1.9437886613;-1.9438153524
13.3300149701;-0.3034919307;-1.9437886613;-1.9616182635
13.3400149589;-0.3212682107;-1.9437886613;-1.9615916124
13.3500149477;-0.3034652596;-1.9437886613;-1.9438152926
13.3600149365;-0.3034652596;-1.9437886613;-1.9615916522
13.3700149254;-0.3034120766;-1.9437886613;-1.9437886613
13.3800149142;-0.2677529119;-1.9437886613;-1.9437886613
13.3900149031;-0.2321202990;-1.9616182635;-1.9437886613
13.4000148920;-0.2143172487;-1.9437886613;-1.9437886613
13.4100148810;-0.2143172487;-1.9437886613;-1.9438151738
13.4200148699;-0.2142907560;-1.9437886613;-1.9616182635
13.4300148588;-0.1964347004;-1.9437886613;-1.9616182635
13.4400148478;-0.1608019887;-1.9259590591;-1.9437886613
13.4500148368;-0.1429988399;-1.9437886613;-1.9437886613
13.4600148258;-0.1429988399;-1.9616182635;-1.9437886613
13.4700148148;-0.1429988399;-1.9616182635;-1.9437622667
13.4800148038;-0.1429988399;-1.9616182635;-1.9259854343
13.4900147929;-0.1429461286;-1.9616182635;-1.9437886613
13.5000147820;-0.1072342908;-1.9616182635;-1.9438149975
13.5100147710;-0.0359685933;-1.9437886613;-1.9615919468
13.5200147601;-0.0003094277;-1.9437886613;-1.9438149587
13.5300147493;0.0354285719;-1.9437886613;-1.9615919856
13.5400147384;0.1236311758;-1.9616182635;-1.9437886613
13.5500147275;-0.4266981172;-1.9437886613;-1.9437886613
13.5600147167;0.6405335164;-1.9437886613;-1.9437886613
13.5700147059;-0.0181392231;-1.9437886613;-1.9437886613
13.5800146951;0.0172843093;-1.9616182635;-1.9437886613
13.5900146843;-0.1074181224;-1.9616182635;-1.9437886613
13.6000146735;-0.1606977266;-1.9437886613;-1.9437886613
13.6100146628;-0.0714453155;-1.9437886613;-1.9438147853
13.6200146520;0.0888643031;-1.9437886613;-1.9616182635
13.6300146413;0.1423530524;-1.9437886613;-1.9616182635
13.6400146306;0.1957636017;-1.9437886613;-1.9615921969
13.6500146199;0.1957115065;-1.9437886613;-1.9437886613
13.6600146092;0.1600263115;-1.9616182635;-1.9437886613
13.6700145985;0.1065895811;-1.9616182635;-1.9438146710
13.6800145879;0.0887340072;-1.9616182635;-1.9615922729
13.6900145773;0.0529969255;-1.9437886613;-1.9438146331
13.7000145666;-0.0360990853;-1.9437886613;-1.9616182635
13.7100145560;-0.0895878352;-1.9437886613;-1.9615923296
13.7200145455;-0.1430506702;-1.9437886613;-1.9438145765
13.7300145349;-0.1787357332;-1.9259590591;-1.9615923672
13.7400145243;-0.2322503609;-1.9437886613;-1.9438145388
13.7500145138;-0.3035686946;-1.9437886613;-1.9616182635
13.7600145033;-0.3748353484;-1.9437886613;-1.9615924235
13.7700144928;-0.4105461580;-1.9616182635;-1.9437886613
13.7800144823;-0.4818386894;-1.9437886613;-1.9437886613
13.7900144718;-0.5354563598;-1.9437886613;-1.9437886613
13.8000144613;-0.6776292525;-1.9616182635;-1.9438144267
13.8100144509;-0.4996166305;-1.9616182635;-1.9615925168
13.8200144404;-0.5174462141;-1.9437886613;-1.9437886613
13.8300144300;-0.5354814745;-1.9616182635;-1.9438143709
13.8400144196;-0.6958449632;-1.9437886613;-1.9615925725
13.8500144092;-0.7848901914;-1.9437886613;-1.9438143339
13.8600143988;-0.8026684669;-1.9437886613;-1.9616182635
13.8700143885;-0.7847619762;-1.9437886613;-1.9615926279
13.8800143781;-0.7135461101;-1.9616182635;-1.9438142786
13.8900143678;-0.7135973078;-1.9437886613;-1.9615926647
13.9000143575;-0.7491797340;-1.9437886613;-1.9437886613
13.9100143472;-0.7312223393;-1.9437886613;-1.9438142235
13.9200143369;-0.6242959237;-1.9616182635;-1.9616182635
13.9300143266;-0.5529010114;-1.9616182635;-1.9616182635
13.9400143164;-0.4281959531;-1.9616182635;-1.9616182635
13.9500143062;-0.3747326903;-1.9616182635;-1.9616182635
13.9600142959;-0.3390989932;-1.9437886613;-1.9616182635
13.9700142857;-0.3212694092;-1.9616182635;-1.9615928109
13.9800142755;-0.3033635215;-1.9437886613;-1.9437886613
13.9900142653;-0.2320706017;-1.9437886613;-1.9438140777
14.0000142552;-0.1787088409;-1.9616182635;-1.9615928652
14.0100142450;-0.2143933893;-1.9616182635;-1.9438140416
14.0200142349;-0.2678821418;-1.9437886613;-1.9615929014
14.0300142248;-0.3213202060;-1.9437886613;-1.9437886613
14.0400142146;-0.3391244640;-1.9437886613;-1.9438139875
14.0500142045;-0.3390485395;-1.9437886613;-1.9615929554
14.0600141945;-0.2856103672;-1.9616182635;-1.9437886613
14.0700141844;-0.2678565998;-1.9616182635;-1.9438139336
14.0800141743;-0.3035157684;-1.9616182635;-1.9615930091
14.0900141643;-0.3392001736;-1.9616182635;-1.9437886613
14.1000141543;-0.3926637080;-1.9616182635;-1.9438138800
14.1100141443;-0.4283228767;-1.9437886613;-1.9615930627
14.1200141343;-0.4639316794;-1.9437886613;-1.9438138444
14.1300141243;-0.4639316794;-1.9616182635;-1.9615930982
14.1400141143;-0.4639568269;-1.9616182635;-1.9437635138
14.1500141044;-0.4817612816;-1.9616182635;-1.9259841890
14.1600140944;-0.4817612816;-1.9437886613;-1.9437886613
14.1700140845;-0.4817110927;-1.9437886613;-1.9437886613
14.1800140746;-0.4459766932;-1.9437886613;-1.9437886613
14.1900140647;-0.3568538295;-1.9437886613;-1.9437886613
14.2000140548;-0.2855605327;-1.9437886613;-1.9438137029
14.2100140449;-0.2320968029;-1.9437886613;-1.9616182635
14.2200140351;-0.1964626400;-1.9616182635;-1.9616182635
14.2300140252;-0.1785580886;-1.9437886613;-1.9616182635
14.2400140154;-0.1072647212;-1.9616182635;-1.9616182635
14.2500140056;-0.0546992635;-1.9616182635;-1.9616182635
14.2600139958;-0.6586359226;-1.9437886613;-1.9615933270
14.2700139860;0.3560555879;-1.9437886613;-1.9437886613
14.2800139762;0.2311239860;-1.9616182635;-1.9437886613
14.2900139665;0.0173929269;-1.9437886613;-1.9437886613
14.3000139567;-0.0358720251;-1.9437886613;-1.9616182635
14.3100139470;0.0710806345;-1.9616182635;-1.9616182635
14.3200139373;0.1600050681;-1.9616182635;-1.9616182635
14.3300139276;0.0886370984;-1.9616182635;-1.9527003638
14.3400139179;-0.0182908157;-1.9616182635;-1.9437886613
14.3500139082;-0.0896339361;-1.9616182635;-1.9437886613
14.3600138985;-0.1787323343;-1.9437886613;-1.9438010344
14.3700138889;-0.2322705816;-1.9437886613;-1.9616058990
14.3800138793;-0.3214926938;-1.9437886613;-1.9437886613
14.3900138696;-0.4641046624;-1.9616182635;-1.9437886613
14.4000138600;-0.5888376737;-1.9437886613;-1.9438010002
14.4100138504;-0.6601313364;-1.9437886613;-1.9616182635
14.4200138408;-0.7135461101;-1.9616182635;-1.9616059418
14.4300138313;-0.7132503876;-1.9616182635;-1.9437886613
14.4400138217;-0.4995170042;-1.9616182635;-1.9437886613
14.4500138122;-0.4460036391;-1.9616182635;-1.9437886613
14.4600138026;-0.3747344833;-1.9616182635;-1.9616182635
14.4700137931;-0.3391490396;-1.9616182635;-1.9616182635
14.4800137836;-0.3570031836;-1.9616182635;-1.9616059926
14.4900137741;-0.3926132706;-1.9616182635;-1.9437886613
14.5000137646;-0.3931282935;-1.9616182635;-1.9438009154
14.5100137552;-0.7669859006;-1.9616182635;-1.9616060179
14.5200137457;-0.7310083441;-1.9437886613;-1.9438008985
14.5300137363;-0.4637114098;-1.9437886613;-1.9616182635
14.5400137268;-0.3030983954;-1.9437886613;-1.9616182635
14.5500137174;-0.0364611621;-1.9437886613;-1.9616182635
14.5600137080;-0.3570029145;-1.9437886613;-1.9616304672
14.5700136986;-0.3926132706;-1.9437886613;-1.9794356704
14.5800136893;-0.3926620520;-1.9259590591;-1.9616182635
14.5900136799;-0.4283455971;-1.9259590591;-1.9616182635
14.6000136705;-0.4818587111;-1.9259590591;-1.9616182635
14.6100136612;-0.6065684969;-1.9437886613;-1.9616182635
14.6200136519;-0.5708606774;-1.9437886613;-1.9616061098
14.6300136426;-0.4995908838;-1.9437886613;-1.9438008068
14.6400136333;-0.4995908838;-1.9437886613;-1.9438493227
14.6400408441;-0.4995908838;-1.9437886613;-1.9616182635
14.6500204221;-0.4995908838;-1.9437886613;-1.9616061428
14.6700136054;-0.4995908838;-1.9437886613;-1.9437886613
14.6800135962;-0.4995908838;-1.9437886613;-1.9437886613
14.6900135870;-0.4995908838;-1.9616182635;-1.9437765653
14.7000135777;-0.4995908838;-1.9437886613;-1.9259590591
14.7100135685;-0.4995908838;-1.9437886613;-1.9259590591
14.7200135593;-0.4995908838;-1.9437886613;-1.9259711306
14.7300135501;-0.4996150268;-1.9437886613;-1.9437886613
14.7400135410;-0.5173963593;-1.9437886613;-1.9437886613
14.7500135318;-0.4995908838;-1.9437886613;-1.9437886613
14.7600135227;-0.4995908838;-1.9259590591;-1.9437886613
14.7700135135;-0.4995908838;-1.9259590591;-1.9438006921
14.7800135044;-0.4995908838;-1.9259590591;-1.9616302862
14.7900134953;-0.4995908838;-1.9259590591;-1.9794598803
14.8000134862;-0.4996149129;-1.9081294570;-1.9972654615
14.8100134771;-0.5173964730;-1.9081294570;-1.9794598641
14.8200134680;-0.4996148805;-1.9259590591;-1.9972654776
14.8300134590;-0.5174204860;-1.9259590591;-1.9794478657
14.8400134499;-0.5173965214;-1.9437886613;-1.9794358915
14.8500134409;-0.4995908838;-1.9437886613;-1.9616182635
14.8600134318;-0.4996148161;-1.9616182635;-1.9616182635
14.8700134228;-0.5174204860;-1.9794478657;-1.9616182635
14.8800134138;-0.5174204860;-1.8724702526;-1.9616063214
14.8900134048;-0.5173966017;-1.9437886613;-1.9438005955
14.9000133958;-0.4995908838;-1.9259590591;-1.9616301897
14.9100133869;-0.4995908838;-1.9794478657;-1.9794478657
14.9200133779;-0.4995908838;-1.9437886613;-1.9794478657
14.9300133690;-0.4996147042;-1.9259590591;-1.9794359635
14.9400133601;-0.5173966814;-1.9259590591;-1.9616182635
14.9500133511;-0.4995908838;-1.9259590591;-1.9616063771
14.9600133422;-0.4995908838;-1.9081294570;-1.9437767829
14.9700133333;-0.4995908838;-1.9437886613;-1.9259590591
14.9800133245;-0.4995908838;-1.9437886613;-1.9259590591
14.9900133156;-0.4995908838;-1.8902998548;-1.9259590591
15.0000133067;-0.4995908838;-1.7298334350;-1.9259590591
15.0100132979;-0.4995908838;-1.6406854241;-1.9259590591
15.0200132890;-0.4995908838;-1.6406854241;-1.9259590591
15.0300132802;-0.4995672214;-1.6050262197;-1.9259590591
15.0400132714;-0.4817612816;-1.6228558219;-1.9259590591
15.0500132626;-0.4817849126;-1.5693670153;-1.9259708668
15.0600132538;-0.4995672684;-1.5515374131;-1.9438004612
15.0700132450;-0.4817612816;-1.5693670153;-1.9616182635
15.0800132363;-0.4817848657;-1.4802190043;-1.9616300478
15.0900132275;-0.4995673152;-1.4980486065;-1.9794478657
15.1000132188;-0.4817612816;-1.5337078109;-1.9794478657
15.1100132100;-0.4817848190;-1.4802190043;-1.9794361048
15.1200132013;-0.4995673619;-1.4802190043;-1.9616182635
15.1300131926;-0.4817847880;-1.5158782087;-1.9616182635
15.1400131839;-0.4995673929;-1.5515374131;-1.9616182635
15.1500131752;-0.4817612816;-1.5693670153;-1.9616182635
15.1600131666;-0.4817612816;-1.5693670153;-1.9616299858
15.1700131579;-0.4817847261;-1.5337078109;-1.9794361511
15.1800131492;-0.4995908838;-1.4980486065;-1.9616299704
15.1900131406;-0.4995674700;-1.4623894021;-1.9794478657
15.2000131320;-0.4817846800;-1.4267301978;-1.9794361742
15.2100131234;-0.4995675007;-1.3910709934;-1.9616065797
15.2200131148;-0.4817846493;-1.3910709934;-1.9437769851
15.2300131062;-0.4995675313;-1.3732413912;-1.9259473906
15.2400130976;-0.4817612816;-1.3732413912;-1.9081411179
15.2500130890;-0.4817612816;-1.3375821868;-1.9259590591
15.2600130804;-0.4817612816;-1.3375821868;-1.9259590591
15.2700130719;-0.4817612816;-1.3019229824;-1.9259706973
15.2800130634;-0.4817612816;-1.2127749715;-1.9437770308
15.2900130548;-0.4817612816;-1.0166493473;-1.9259590591
15.3000130463;-0.4817845275;-0.9809901430;-1.9259706745
15.3100130378;-0.4995908838;-0.9631605408;-1.9437886613
15.3200130293;-0.4995676681;-0.9631605408;-1.9437886613
15.3300130208;-0.4817844821;-0.9988197451;-1.9438002541
15.3400130124;-0.4995908838;-0.9631605408;-1.9616182635
15.3500130039;-0.4995908838;-0.9453309386;-1.9616182635
15.3600129955;-0.4995677284;-0.9453309386;-1.9616182635
15.3700129870;-0.4817612816;-0.9631605408;-1.9616182635
15.3800129786;-0.4817612816;-0.9453309386;-1.9616182635
15.3900129702;-0.4817612816;-0.9809901430;-1.9616182635
15.3900388601;-0.4817612816;-0.9631605408;-1.9616182635
15.4000194301;-0.4817612816;-0.9809901430;-1.9616182635
15.4000517464;-0.4817612816;-0.9631605408;-1.9616182635
15.4100258732;-0.4817612816;-0.9453309386;-1.9616182635
15.4100645995;-0.4818188707;-0.9275013364;-1.9616182635
15.4200322997;-0.4818993172;-0.9453309386;-1.9616182635
15.4200774194;-0.4995218659;-0.9275013364;-1.9616182635
15.4300387097;-0.4994300497;-0.9631605408;-1.9616182635
15.4300902062;-0.4818416986;-0.9453309386;-1.9617560322
15.4400451031;-0.4819448553;-0.9631605408;-1.9619623457
15.4401029601;-0.4994990969;-0.9453309386;-1.9972774679
15.4500514801;-0.4817612816;-0.9631605408;-1.9793103627
15.4700450161;-0.4817612816;-0.9275013364;-1.9434451246
15.4800449871;-0.4818414403;-0.9096717342;-1.8547093136
15.4900449583;-0.4995107764;-0.8740125298;-1.8719212989
15.5000449294;-0.4818413375;-0.8561829276;-1.7294905589
15.5100449006;-0.4994308745;-0.7848645188;-1.6406854241
15.5200448718;-0.4640915861;-0.7135461101;-1.6404114744
15.5300448430;-0.4995908838;-0.6243980991;-1.5691616845
15.5400448143;-0.4995110327;-0.5530796903;-1.5160834082
15.5500447857;-0.4817612816;-0.4995908838;-1.5693670153
15.5600447570;-0.4817612816;-0.4461020772;-1.5694353278
15.5700447284;-0.4817612816;-0.4104428728;-1.5873331553
15.5800446999;-0.4818409288;-0.4282724750;-1.6229240472
15.5900446713;-0.4995908838;-0.4461020772;-1.6406854241
15.6000446429;-0.4995908838;-0.4817612816;-1.6408217010
15.6100446144;-0.4995908838;-0.4817612816;-1.6765489137
15.6200445860;-0.4995908838;-0.4995908838;-1.7300375903
15.6300445576;-0.4995114899;-0.4817612816;-1.7833902501
15.6400445293;-0.4817612816;-0.4817612816;-1.8012198091
15.6500445010;-0.4817612816;-0.5174204860;-1.8188456017
15.6600444727;-0.4817612816;-0.5887388947;-1.7833901206
15.6700444444;-0.4817612816;-0.5887388947;-1.8011518438
15.6800444162;-0.4817612816;-0.5709092925;-1.8010840508
15.6900443881;-0.4817612816;-0.5709092925;-1.7832544915
15.7000443599;-0.4817612816;-0.5352500881;-1.7654249322
15.7100443319;-0.4817612816;-0.4817612816;-1.7477307016
15.7200443038;-0.4817612816;-0.3926132706;-1.7653573962
15.7300442758;-0.4817612816;-0.3034652596;-1.7297658562
15.7400442478;-0.4817612816;-0.2321468509;-1.7119362966
15.7500442198;-0.4817612816;-0.1786580443;-1.6939717498
15.7600441919;-0.4817612816;-0.1608284421;-1.6404830709
15.7700441640;-0.4818399746;-0.1608284421;-1.5869269833
15.7800441362;-0.4995122403;-0.2143172487;-1.5156761104
15.7900441084;-0.4817612816;-0.2678060553;-1.4621874310
15.8000440806;-0.4817612816;-0.6243980991;-1.4087660329
15.8100440529;-0.4818397767;-0.2143172487;-1.3732413912
15.8200440252;-0.4995124380;-0.3926132706;-1.3731741944
15.8300439975;-0.4818396781;-0.2499764531;-1.3553446343
15.8400439698;-0.4995908838;-0.2321468509;-1.3375150743
15.8500439422;-0.4995125856;-0.2678060553;-1.3196184437
15.8600439147;-0.4817612816;-0.2678060553;-1.2840263518
15.8700438871;-0.4817612816;-0.3034652596;-1.2661967916
15.8800438596;-0.4818394326;-0.3391244640;-1.2484341758
15.8900438322;-0.4995908838;-0.3569540662;-1.2483672732
15.9000438048;-0.4995128305;-0.3391244640;-1.2304708519
15.9100437774;-0.4817612816;-0.3034652596;-1.1950790074
15.9200437500;-0.4817612816;-0.2499764531;-1.2306713510
15.9300437227;-0.4817612816;-0.1608284421;-1.2483674401
15.9400436954;-0.4817612816;-0.1073396355;-1.2306045736
15.9500436681;-0.4818390916;-0.0538508290;-1.2306712262
15.9600436409;-0.4995131223;-0.0360212268;-1.2482343427
15.9700436137;-0.4817612816;-0.0360212268;-1.1948787997
15.9800435866;-0.4817612816;0.0174675798;-1.1771157671
15.9900435594;-0.4817612816;-0.0181916246;-1.1769827933
16.0000435323;-0.4817612816;-0.0181916246;-1.1413901171
16.0100435053;-0.4818388016;-0.0181916246;-1.1235605562
16.0200434783;-0.4995134119;-0.0716804311;-1.1056646320
16.0300434513;-0.4818387054;-0.0538508290;-1.0700055099
16.0400434243;-0.4995135079;-0.0538508290;-1.0344126686
16.0500433974;-0.4818386095;-0.0716804311;-1.0165168676
16.0600433705;-0.4995908838;-0.1073396355;-0.9809239441
16.0700433437;-0.4995136516;-0.1429988399;-0.9630282249
16.0800433168;-0.4817612816;-0.2499764531;-0.9274352193
16.0900432900;-0.4817612816;-0.2678060553;-0.9095395818
16.1000432633;-0.4818383706;-0.3034652596;-0.8738804590
16.1100432366;-0.4995138423;-0.3034652596;-0.8382873307
16.1200432099;-0.4817612816;-0.2856356575;-0.8205237232
16.1300431832;-0.4817612816;-0.2678060553;-0.8204578099
16.1400431566;-0.4817612816;-0.2143172487;-0.8026282483
16.1500431300;-0.4817612816;-0.1786580443;-0.7847986866
16.1600431034;-0.4817612816;-0.1429988399;-0.7669691249
16.1700430769;-0.4817612816;-0.1073396355;-0.7491395632
16.1800430504;-0.4817612816;-0.1251692377;-0.7313100013
16.1900430240;-0.4817612816;-0.1251692377;-0.7135461101
16.2000429975;-0.4817612816;-0.1429988399;-0.7134148495
16.2100429711;-0.4817612816;-0.1429988399;-0.6776901355
16.2200429448;-0.4817612816;-0.1073396355;-0.6252502473
16.2300429185;-0.4817612816;-0.0895100333;-0.8557898693
16.2400428922;-0.4817612816;-0.0003620224;-0.8552012027
16.2400979192;-0.4817612816;0.0709563864;-0.7492816489
16.2500489596;-0.4817612816;0.0174675798;-0.6245288783
16.2700428135;-0.4818375696;-0.0360212268;-0.6598612546
16.2800427873;-0.4995908838;-0.1251692377;-0.6066338067
16.2900427611;-0.4995908838;-0.1964876465;-0.6243980991
16.3000427350;-0.4995908838;-0.1608284421;-0.6245285593
16.3100427090;-0.4995147818;-0.1429988399;-0.6601224938
16.3200426829;-0.4817612816;-0.0895100333;-0.6780172070
16.3300426569;-0.4817612816;-0.0360212268;-0.7136112211
16.3400426309;-0.4817612816;-0.0003620224;-0.7314407837
16.3500426050;-0.4818371984;0.0174675798;-0.7491402826
16.3600425791;-0.4995908838;0.0531267842;-0.7313107199
16.3700425532;-0.4995908838;0.0531267842;-0.7133512515
16.3800425273;-0.4995908838;0.0531267842;-0.6597976497
16.3900425015;-0.4995151512;0.0174675798;-0.5886740206
16.4000424757;-0.4818369682;0.0174675798;-0.5709092925
16.4100424500;-0.4995152430;0.0352971820;-0.5711036790
16.4200424242;-0.4817612816;0.0352971820;-0.6246571242
16.4300423985;-0.4818368307;0.0352971820;-0.6958459421
16.4400423729;-0.4995908838;0.0352971820;-0.7315050682
16.4500423472;-0.4995154260;0.0709563864;-0.7671641944
16.4600423216;-0.4817612816;0.0352971820;-0.8026941210
16.4700422961;-0.4817612816;0.0352971820;-0.8026941210
16.4800422705;-0.4818366028;0.0531267842;-0.8025005552
16.4900422450;-0.4995156080;0.0531267842;-0.7492053145
16.5000422195;-0.4817612816;0.0887859886;-0.7499786449
16.5100421941;-0.4817612816;0.1601043974;-0.9620656489
16.5200421687;-0.4817612816;0.2492524083;-0.6603791368
16.5300421433;-0.4817612816;-0.0895100333;-0.7492696424
16.5400421179;-0.4817612816;0.6415036565;-0.7669063381
16.5500420926;-0.4817612816;0.0887859886;-0.7313757123
16.5600420673;-0.4818362409;0.0352971820;-0.7313115001
16.5700420420;-0.4995908838;-0.0003620224;-0.7134819365
16.5800420168;-0.4995160144;0.0174675798;-0.6961654537
16.5900419916;-0.4817612816;0.0352971820;-0.8200109497
16.6000419664;-0.4817612816;0.0352971820;-0.6777587891
16.6100419413;-0.4818360164;0.0174675798;-0.6424837812
16.6200419162;-0.4995908838;-0.0538508290;-0.7132901833
16.6300418911;-0.4995908838;-0.0895100333;-0.6421637579
16.6400418660;-0.4995162829;-0.1073396355;-0.6243341939
16.6500418410;-0.4818358379;-0.0895100333;-0.6066323640
16.6600418160;-0.4995908838;-0.0895100333;-0.6243342701
16.6700417910;-0.4995908838;-0.0716804311;-0.6066960788
16.6800417661;-0.4995908838;-0.0716804311;-0.6419089367
16.6900417412;-0.4995165052;-0.0538508290;-0.5530159754
16.7000417163;-0.4817612816;-0.0360212268;-0.5353137652
16.7100416915;-0.4817612816;-0.0360212268;-0.5530796903
16.7200416667;-0.4818355274;-0.0538508290;-0.5532704942
16.7300416419;-0.4995908838;-0.0360212268;-0.6068227510
16.7400416171;-0.4995908838;-0.0360212268;-0.6777598542
16.7500415924;-0.4995167702;-0.0360212268;-0.6424181655
16.7600415677;-0.4818353511;-0.0360212268;-0.6959068591
16.7700415430;-0.4995908838;-0.1251692377;-0.7492687273
16.7800415184;-0.4995908838;-0.0895100333;-0.7670349166
16.7900414938;-0.4995908838;-0.0003620224;-0.7671615921
16.8000414692;-0.4995908838;0.0174675798;-0.8026308208
16.8100414446;-0.4995908838;0.0531267842;-0.7848012560
16.8200414201;-0.4995908838;0.0352971820;-0.7669084658
16.8300413956;-0.4995908838;-0.0003620224;-0.7313125242
16.8400413712;-0.4995908838;-0.0181916246;-0.7134198085
16.8500413467;-0.4995908838;-0.0360212268;-0.6780131327
16.8600413223;-0.4995908838;-0.0360212268;-0.7129784235
16.8700412979;-0.4995908838;-0.0360212268;-0.5525123382
16.8800412736;-0.4995908838;-0.0716804311;-0.3923612626
16.8900412493;-0.4995908838;-0.0360212268;-0.3209800373
16.9000412250;-0.4995908838;-0.2143172487;-0.2318951394
16.9100412007;-0.4995908838;-0.0360212268;-0.1607655512
16.9200411765;-0.4995908838;-0.0538508290;-0.1430616938
16.9300411523;-0.4995908838;-0.1251692377;-0.1609540762
16.9400411281;-0.4995908838;-0.1786580443;-0.1966759870
16.9500411039;-0.4995908838;-0.1964876465;-0.2501646831
16.9600410798;-0.4995908838;-0.2143172487;-0.3036533793
16.9700410557;-0.4995908838;-0.1786580443;-0.3572674154
16.9800410317;-0.4995908838;-0.1073396355;-0.4464152429
16.9900410076;-0.4995908838;-0.1073396355;-0.5354378776
17.0000409836;-0.4995178544;-0.1251692377;-0.5889891342
17.0100409596;-0.4818342682;-0.1251692377;-0.6603073968
17.0200409357;-0.4996638278;-0.1608284421;-0.7316256594
17.0300409117;-0.5173475845;-0.1786580443;-0.8028814720
17.0400408879;-0.4995908838;-0.1786580443;-0.8563077554
17.0500408640;-0.4995908838;-0.1786580443;-0.8918421320
17.0600408401;-0.4995908838;-0.1964876465;-0.8919044731
17.0700408163;-0.4995908838;-0.1786580443;-0.9095471245
17.0800407925;-0.4995908838;-0.2143172487;-0.8739502612
17.0900407688;-0.4996635306;-0.2499764531;-0.8558717659
17.1000407451;-0.4995908838;-0.2499764531;-0.7667239358
17.1100407213;-0.4995908838;-0.2678060553;-0.6777004256
17.1200406977;-0.4995908838;-0.2678060553;-0.6237768599
17.1300406740;-0.4995908838;-0.2856356575;-0.4459158136
17.1400406504;-0.4995908838;-0.2678060553;-0.3924271150
17.1500406268;-0.4995908838;-0.2499764531;-0.3390004323
17.1600406032;-0.4995908838;-0.2856356575;-0.3033412997
17.1700405797;-0.4995908838;-0.3391244640;-0.2677441112
17.1800405562;-0.4995908838;-0.4104428728;-0.2499145449
17.1900405327;-0.4995908838;-0.4639316794;-0.2320849785
17.2000405093;-0.4995908838;-0.5174204860;-0.2142554120
17.2100404858;-0.4995908838;-0.5174204860;-0.1963022437
17.2200404624;-0.4995908838;-0.5352500881;-0.1428135442
17.2300404391;-0.4995908838;-0.4995908838;-0.0893248445
17.2400404157;-0.4995908838;-0.4639316794;-0.0358978388
17.2500403924;-0.4995908838;-0.3926132706;-0.0001153886
17.2600403691;-0.4995908838;-0.3569540662;0.0713261239
17.2700403458;-0.4995908838;-0.3034652596;0.1781803493
17.2800403226;-0.4995908838;-0.2321468509;0.2495601684
17.2900402994;-0.4995908838;-0.1608284421;0.3387080024
17.3000402762;-0.4996626533;-0.0538508290;0.4277943553
17.3100402530;-0.5173487577;0.0531267842;0.4990511769
17.3200402299;-0.4995191967;0.1779339995;0.5524784669
17.3300402068;-0.4818329275;0.2670820105;0.5881376009
17.3400401837;-0.4995908838;0.3740596237;0.6237353946
17.3500401606;-0.4995193200;0.4632076346;0.6415036565
17.3600401376;-0.4818328043;0.5345260434;0.6415649265
17.3700401146;-0.4995194020;0.5701852478;0.6592107889
17.3800400916;-0.4818327224;0.5701852478;0.6212260589
17.3900400687;-0.4995908838;-0.0181916246;-0.0884702301
17.4000400458;-0.4995908838;0.9802660982;0.2150603226
17.4100400229;-0.4995908838;0.6771628609;0.6413203714
17.4200400000;-0.4995908838;0.3562300215;0.5878316695
17.4300399772;-0.4995908838;0.4275484302;0.5338547648
17.4400399543;-0.4995908838;0.4632076346;0.3379124950
17.4500399315;-0.4995908838;0.4275484302;0.1953978670
17.4600399088;-0.4995908838;0.3740596237;0.0884813832
17.4700398860;-0.4995908838;0.2670820105;-0.0007273408
17.4800398633;-0.4995908838;0.1601043974;-0.1075830426
17.4900398406;-0.4995908838;0.0887859886;-0.1789013130
17.5000398180;-0.4995908838;-0.0003620224;-0.2500980183
17.5100397953;-0.4995908838;-0.0538508290;-0.2853319170
17.5200397727;-0.4995200108;-0.0716804311;-0.1960019375
17.5300397501;-0.4817612816;-0.0716804311;-0.0536687914
17.5400397276;-0.4817612816;-0.1251692377;-0.0003013776
17.5500397050;-0.4818320340;-0.1786580443;0.0172857485
17.5600396825;-0.4995908838;-0.2499764531;-0.0363846834
17.5700396601;-0.4995908838;-0.3034652596;-0.1434226327
17.5800396376;-0.4995202515;-0.3747836684;-0.2678060553
17.5900396152;-0.4818318739;-0.4817612816;-0.2680479488
17.6000395928;-0.4995908838;-0.5709092925;-0.3393057817
17.6100395704;-0.4995908838;-0.6422277013;-0.3937609672
17.6200395480;-0.4995908838;-0.6778869057;-0.7307720023
17.6300395257;-0.4995908838;-0.6957165079;-0.5530796903
17.6400395034;-0.4995908838;-0.5887388947;-0.5544666579
17.6500394811;-0.4995908838;-0.5709092925;-0.9628591959
17.6600394589;-0.4995205698;-0.5887388947;-0.8738318247
17.6700394366;-0.4818315559;-0.2856356575;-0.8204033210
17.6800394144;-0.4995908838;-0.4817612816;-0.7848043516
17.6900393922;-0.4995908838;-0.4995908838;-0.7664335821
17.7000393701;-0.4995908838;-0.7492053145;-0.5886186954
17.7100393479;-0.4995908838;-0.7492053145;-0.5525991630
17.7200393258;-0.4996609608;-0.5352500881;-0.4100226473
17.7300393038;-0.5173504482;-0.4461020772;-0.2853956633
17.7400392817;-0.4995908838;-0.3926132706;-0.2141373539
17.7500392597;-0.4995908838;-0.3569540662;-0.1601092662
17.7600392377;-0.4995209638;-0.3391244640;0.0531267842
17.7700392157;-0.4817612816;-0.3212948618;0.0530070557
17.7800391937;-0.4818311233;-0.4639316794;0.0174675798
17.7900391718;-0.4995210811;-0.4104428728;0.0173479852
17.8000391499;-0.4818310452;-0.5174204860;-0.0183111524
17.8100391280;-0.4995908838;-0.1073396355;-0.0537910984
17.8200391061;-0.4995908838;-0.3391244640;-0.0357824379
17.8300390843;-0.4995908838;-0.3569540662;0.0344618871
17.8400390625;-0.4995908838;-0.4461020772;-0.2150924473
17.8500390407;-0.4995908838;-0.5530796903;-0.4461616746
17.8600390190;-0.4995908838;-0.3391244640;-0.4639316794
17.8700389972;-0.4995908838;-0.6243980991;-0.4635744927
17.8800389755;-0.4995908838;-0.4639316794;-0.3573705523
17.8900389538;-0.4995908838;-0.5174204860;-0.4817612816
17.9000389321;-0.4996602596;-0.6243980991;-0.4817612816
17.9100389105;-0.5173511486;-0.5709092925;-0.4817612816
17.9200388889;-0.5172621765;-0.5709092925;-0.4817612816
17.9200887902;-0.4995908838;-0.5709092925;-0.4817612816
17.9300443951;-0.4995908838;-0.5530796903;-0.4995908838
17.9500388242;-0.4995908838;-0.5530796903;-0.4995908838
17.9600388027;-0.4995908838;-0.5174204860;-0.4995316493
17.9700387812;-0.4995908838;-0.5709092925;-0.4818204832
17.9800387597;-0.4995908838;-0.5709092925;-0.4995908838
17.9900387382;-0.4995908838;-0.4995908838;-0.4995908838
18.0000387168;-0.4995218914;-0.4995908838;-0.4995908838
18.0100386954;-0.4818302358;-0.5352500881;-0.4995908838
18.0200386740;-0.4995908838;-0.5352500881;-0.4995908838
18.0300386527;-0.4995220056;-0.0895100333;-0.4996498895
18.0400386313;-0.4818301217;-0.3747836684;-0.5174204860
18.0500386100;-0.4995908838;-0.4817612816;-0.5173615452
18.0600385888;-0.4995908838;-0.4995908838;-0.4995908838
18.0700385675;-0.4995908838;-0.4995908838;-0.4995908838
18.0800385463;-0.4995221951;-0.4995908838;-0.4995908838
18.0900385250;-0.4818299324;-0.4995908838;-0.4995908838
18.1000385039;-0.4995908838;-0.4995908838;-0.4996496626
18.1100384827;-0.4995223084;-0.4995908838;-0.5173617394
18.1200384615;-0.4817612816;-0.4995908838;-0.4995908838
18.1300384404;-0.4817612816;-0.4995908838;-0.4995908838
18.1400384193;-0.4817612816;-0.4995908838;-0.4995322339
18.1500383982;-0.4818297066;-0.4817612816;-0.4818198993
18.1600383772;-0.4995908838;-0.4995908838;-0.4995908838
18.1700383562;-0.4995908838;-0.4995908838;-0.4995908838
18.1800383352;-0.4995908838;-0.4995908838;-0.4995908838
18.1900383142;-0.4995908838;-0.4995908838;-0.4995908838
18.2000382932;-0.4995908838;-0.4995908838;-0.4995908838
18.2100382723;-0.4995908838;-0.4995908838;-0.4995908838
18.2200382514;-0.4995908838;-0.4995908838;-0.4995908838
18.2300382305;-0.4995908838;-0.4995908838;-0.4995908838
18.2400382096;-0.4995227947;-0.4995908838;-0.4995908838
18.2500381888;-0.4818293335;-0.4995908838;-0.4995908838
18.2600381679;-0.4995228689;-0.4995908838;-0.4995908838
18.2700381471;-0.4818292594;-0.4995908838;-0.4995908838
18.2800381264;-0.4995908838;-0.4995908838;-0.4995908838
18.2900381056;-0.4995908838;-0.4995908838;-0.4995908838
18.3000380849;-0.4995908838;-0.4995908838;-0.4995908838
18.3100380642;-0.4995908838;-0.4995908838;-0.4995327754
18.3200380435;-0.4995908838;-0.4995908838;-0.4818193583
18.3300380228;-0.4995908838;-0.4995908838;-0.4995908838
18.3400380022;-0.4995908838;-0.4995908838;-0.4995908838
18.3500379816;-0.4995908838;-0.4995908838;-0.4995329014
18.3600379610;-0.4995908838;-0.4995908838;-0.4817612816
18.3700379404;-0.4995908838;-0.4995908838;-0.4818192011
18.3800379198;-0.4995908838;-0.4995908838;-0.4995908838
18.3900378993;-0.4995908838;-0.5174204860;-0.4995908838
18.4000378788;-0.4995908838;-0.5174204860;-0.4995908838
18.4100378583;-0.4995908838;-0.4995908838;-0.4995908838
18.4200378378;-0.4995908838;-0.4995908838;-0.4995908838
18.4300378174;-0.4995908838;-0.4995908838;-0.4995908838
18.4400377970;-0.4995235296;-0.4995908838;-0.4995908838
18.4500377766;-0.4817612816;-0.5174204860;-0.4995908838
18.4600377562;-0.4817612816;-0.4995908838;-0.4995908838
18.4700377358;-0.4817612816;-0.4995908838;-0.4995908838
18.4800377155;-0.4818284906;-0.4995908838;-0.4995908838
18.4900376952;-0.4995237109;-0.4995908838;-0.4995908838
18.5000376749;-0.4817612816;-0.4995908838;-0.4995908838
18.5100376547;-0.4817612816;-0.4995908838;-0.4995908838
18.5200376344;-0.4817612816;-0.4995908838;-0.4995334308
18.5300376142;-0.4817612816;-0.4995908838;-0.4818187037
18.5400375940;-0.4816942890;-0.4995908838;-0.4995908838
18.5500375738;-0.4639986360;-0.4995908838;-0.4995908838
18.5600375536;-0.4816943608;-0.4995908838;-0.4995908838
18.5700375335;-0.4639985643;-0.4817612816;-0.4995908838
18.5800375134;-0.4816944325;-0.4995908838;-0.4995908838
18.5900374933;-0.4639316794;-0.4995908838;-0.4995908838
18.6000374732;-0.4638649018;-0.4995908838;-0.4995336766
18.6100374532;-0.4461688190;-0.4817612816;-0.4818184582
18.6200374332;-0.4639316794;-0.4817612816;-0.4995908838
18.6300374131;-0.4639983499;-0.4817612816;-0.4995908838
18.6400373932;-0.4817612816;-0.4995908838;-0.4995337987
18.6500373732;-0.4817612816;-0.4817612816;-0.4818183362
18.6600373533;-0.4817612816;-0.4995908838;-0.4995908838
18.6700373333;-0.4817612816;-0.4817612816;-0.4995338899
18.6800373134;-0.4817612816;-0.4817612816;-0.4817612816
18.6900372936;-0.4817612816;-0.4995908838;-0.4818182147
18.7000372737;-0.4817612816;-0.4995908838;-0.4995339809
18.7100372539;-0.4817612816;-0.4817612816;-0.4818181542
18.7200372340;-0.4817612816;-0.4995908838;-0.4819033475
18.7200850159;-0.4817612816;-0.4995908838;-0.4995908838
18.7300425080;-0.4818275626;-0.4995908838;-0.4995908838
18.7500371747;-0.4995908838;-0.4995908838;-0.4995908838
18.7600371550;-0.4995246730;-0.4995908838;-0.4995908838
18.7700371353;-0.4818274572;-0.4995908838;-0.4995908838
18.7800371156;-0.4995908838;-0.4995908838;-0.4995908838
18.7900370959;-0.4995908838;-0.4995908838;-0.4995342520
18.8000370763;-0.4995908838;-0.4995908838;-0.4818178834
18.8100370566;-0.4995908838;-0.4995908838;-0.4995908838
18.8200370370;-0.4995248831;-0.4995908838;-0.4995908838
18.8300370175;-0.4817612816;-0.4995908838;-0.4995908838
18.8400369979;-0.4817612816;-0.4817612816;-0.4995908838
18.8500369783;-0.4817612816;-0.4995908838;-0.4995908838
18.8600369588;-0.4817612816;-0.4995908838;-0.4995908838
18.8700369393;-0.4817612816;-0.4995908838;-0.4995908838
18.8800369198;-0.4817612816;-0.4995908838;-0.4995908838
18.8900369004;-0.4817612816;-0.4995908838;-0.4995908838
18.9000368809;-0.4817612816;-0.4995908838;-0.4995908838
18.9100368615;-0.4817612816;-0.4995908838;-0.4995908838
18.9200368421;-0.4817612816;-0.4995908838;-0.4995908838
18.9300368227;-0.4817612816;-0.4995908838;-0.4995908838
18.9400368034;-0.4817612816;-0.4995908838;-0.4995908838
18.9500367840;-0.4817612816;-0.4995908838;-0.4995347276
18.9600367647;-0.4817612816;-0.4995908838;-0.4818174082
18.9700367454;-0.4817612816;-0.4995908838;-0.4819014856
18.9700839014;-0.4817612816;-0.4995908838;-0.4995908838
18.9800419507;-0.4817612816;-0.4995908838;-0.4995908838
18.9800942902;-0.4817612816;-0.4995908838;-0.4995908838
18.9900471451;-0.4995908838;-0.4995908838;-0.4995908838
19.0100418848;-0.4995162439;-0.4995908838;-0.4995908838
19.0200418629;-0.4817612816;-0.4817612816;-0.4995908838
19.0300418410;-0.4817612816;-0.4995908838;-0.4995908838
19.0400418191;-0.4817612816;-0.4995908838;-0.4995908838
19.0500417973;-0.4817612816;-0.4995908838;-0.4995908838
19.0600417755;-0.4817612816;-0.4817612816;-0.4995908838
19.0700417537;-0.4817612816;-0.4995908838;-0.4995908838
19.0800417319;-0.4817612816;-0.4995908838;-0.4995908838
19.0900417101;-0.4818356103;-0.4995908838;-0.4995258801
19.1000416884;-0.4995165938;-0.4817612816;-0.4818262514
19.1100416667;-0.4817612816;-0.5174204860;-0.4995908838
19.1200416450;-0.4817612816;-0.4995908838;-0.4995908838
19.1300416233;-0.4817612816;-0.4995908838;-0.4995908838
19.1400416017;-0.4818354171;-0.4995908838;-0.4995908838
19.1500415800;-0.4995167867;-0.4995908838;-0.4995908838
19.1600415584;-0.4817612816;-0.4995908838;-0.4995908838
19.1700415369;-0.4817612816;-0.4995908838;-0.4995908838
19.1800415153;-0.4817612816;-0.4995908838;-0.4995908838
19.1900414938;-0.4817612816;-0.4995908838;-0.4995908838
19.2000414723;-0.4817612816;-0.4995908838;-0.4995908838
19.2100414508;-0.4817612816;-0.4995908838;-0.4995908838
19.2100931677;-0.4817612816;-0.4995908838;-0.4995908838
19.2200465839;-0.4817612816;-0.4995908838;-0.4995908838
19.2201034126;-0.4817612816;-0.4995908838;-0.4995908838
19.2300517063;-0.4816691389;-0.4995908838;-0.4995908838
19.2400516796;-0.4640237744;-0.4995908838;-0.4995908838
19.2500516529;-0.4817612816;-0.4817612816;-0.4995908838
19.2600516262;-0.4817612816;-0.4817612816;-0.4995908838
19.2700515996;-0.4816693290;-0.4995908838;-0.4995908838
19.2800515730;-0.4640235845;-0.4995908838;-0.4995908838
19.2900515464;-0.4817612816;-0.4995908838;-0.4995908838
19.3000515198;-0.4818530921;-0.4995908838;-0.4995908838
19.3100514933;-0.4995908838;-0.4995908838;-0.4995908838
19.3200514668;-0.4995908838;-0.4995908838;-0.4995908838
19.3300514403;-0.4995908838;-0.4995908838;-0.4995908838
19.3400514139;-0.4995908838;-0.4995908838;-0.4995908838
19.3401129944;-0.4995908838;-0.4995908838;-0.4995908838
19.3500564972;-0.4995908838;-0.4995908838;-0.4995908838
19.3700513347;-0.4995908838;-0.4817612816;-0.4995908838
19.3800513084;-0.4995908838;-0.4995908838;-0.4995908838
19.3900512821;-0.4995908838;-0.4995908838;-0.4995086778
19.4000512558;-0.4995908838;-0.4995908838;-0.4818434454
19.4100512295;-0.4995908838;-0.4995908838;-0.4995908838
19.4200512033;-0.4996821304;-0.4995908838;-0.4995908838
19.4300511771;-0.5174204860;-0.4995908838;-0.4995908838
19.4400511509;-0.5175116393;-0.4995908838;-0.4995088878
19.4500511247;-0.5351589813;-0.4995908838;-0.4818432356
19.4600510986;-0.5174204860;-0.4995908838;-0.4995908838
19.4700510725;-0.5174204860;-0.4995908838;-0.4995908838
19.4800510465;-0.5174204860;-0.4995908838;-0.4995090551
19.4900510204;-0.5173295650;-0.4995908838;-0.4818430685
19.5000509944;-0.4996817584;-0.4995908838;-0.4995908838
19.5100509684;-0.5173296576;-0.4995908838;-0.4995908838
19.5200509424;-0.4995908838;-0.4995908838;-0.4995908838
19.5300509165;-0.4996816197;-0.4995908838;-0.4995908838
19.5400508906;-0.5173297962;-0.4995908838;-0.4995908838
19.5500508647;-0.4995908838;-0.4995908838;-0.4995908838
19.5600508388;-0.4995908838;-0.4995908838;-0.4995908838
19.5700508130;-0.4995908838;-0.4995908838;-0.4995908838
19.5800507872;-0.4995908838;-0.4995908838;-0.4995094702
19.5900507614;-0.4995908838;-0.4995908838;-0.4817612816
19.6000507357;-0.4995908838;-0.4995908838;-0.4818426126
19.6100507099;-0.4995908838;-0.4995908838;-0.4995908838
19.6200506842;-0.4995908838;-0.4995908838;-0.4995908838
19.6300506586;-0.4995006073;-0.4995908838;-0.4995908838
19.6400506329;-0.4817612816;-0.4995908838;-0.4995908838
19.6500506073;-0.4817612816;-0.4995908838;-0.4995908838
19.6600505817;-0.4817612816;-0.4995908838;-0.4995908838
19.6700505561;-0.4817612816;-0.4995908838;-0.4995908838
19.6800505306;-0.4817612816;-0.4995908838;-0.4995908838
19.6900505051;-0.4817612816;-0.4995908838;-0.4995908838
19.7000504796;-0.4817612816;-0.4995908838;-0.4995908838
19.7100504541;-0.4816713693;-0.4995908838;-0.4995908838
19.7200504286;-0.4639316794;-0.4995908838;-0.4995908838
19.7300504032;-0.4639316794;-0.4995908838;-0.4996716824
19.7400503778;-0.4638419029;-0.4995908838;-0.5173397280
19.7500503525;-0.4461020772;-0.4995908838;-0.4995908838
19.7600503271;-0.4461020772;-0.4995908838;-0.4995908838
19.7700503018;-0.4460124361;-0.4995908838;-0.4996715200
19.7800502765;-0.4282724750;-0.4995908838;-0.5173398902
19.7900502513;-0.4282724750;-0.4995908838;-0.4995908838
19.8000502260;-0.4281829690;-0.4995908838;-0.4996713986
19.8100502008;-0.4105323339;-0.4995908838;-0.5173400115
19.8200501756;-0.4282724750;-0.4995908838;-0.4995908838
19.8300501505;-0.4282724750;-0.4995908838;-0.4995908838
19.8400501253;-0.4282724750;-0.4995908838;-0.4995908838
19.8500501002;-0.4282724750;-0.4995908838;-0.4995908838
19.8600500751;-0.4282724750;-0.4995908838;-0.4995908838
19.8700500501;-0.4282724750;-0.4995908838;-0.4995908838
19.8800500250;-0.4281833270;-0.4995908838;-0.4995908838
19.8900500000;-0.4103537693;-0.4995908838;-0.4995908838
19.9000499750;-0.3926132706;-0.4995908838;-0.4996709966
19.9100499500;-0.3926132706;-0.4995908838;-0.5173404131
19.9200499251;-0.3926132706;-0.5174204860;-0.4995908838
19.9300499002;-0.3926132706;-0.4995908838;-0.4996708768
19.9400498753;-0.3926132706;-0.4995908838;-0.5174204860
19.9500498504;-0.3925244335;-0.5174204860;-0.5173405726
19.9600498256;-0.3747836684;-0.5174204860;-0.4995110102
19.9700498008;-0.3746949198;-0.4995908838;-0.4816016138
19.9800497760;-0.3569540662;-0.4995908838;-0.4460222830
19.9900497512;-0.3568654058;-0.4995908838;-0.4281927205
20.0000497265;-0.3391244640;-0.4995908838;-0.4103631579
20.0100497018;-0.3391244640;-0.4817612816;-0.3925335953
20.0200496771;-0.3390359357;-0.4995908838;-0.3746243969
20.0300496524;-0.3212948618;-0.4995908838;-0.3391244640
20.0400496278;-0.3213833023;-0.4995908838;-0.3391244640
20.0500496032;-0.3392128607;-0.4817612816;-0.3390449467
20.0600495786;-0.3569540662;-0.4817612816;-0.3210564279
20.0700495540;-0.3569540662;-0.4995908838;-0.2675677393
20.0800495295;-0.3569540662;-0.4817612816;-0.2143966480
20.0900495050;-0.3568658445;-0.4995908838;-0.2323055710
20.1000494805;-0.3391244640;-0.4995908838;-0.2680440178
20.1100494560;-0.3391244640;-0.4995908838;-0.3215327068
20.1200494315;-0.3391244640;-0.4995908838;-0.3749421534
20.1300494071;-0.3391244640;-0.4995908838;-0.4106012796
20.1400493827;-0.3392124680;-0.4995908838;-0.4461812415
20.1500493583;-0.3568661057;-0.4995908838;-0.4640899299
20.1600493340;-0.3391244640;-0.4817612816;-0.4995908838
20.1700493097;-0.3391244640;-0.4995908838;-0.4995118364
20.1800492854;-0.3391244640;-0.5174204860;-0.4818402900
20.1900492611;-0.3390366767;-0.4995908838;-0.4995908838
20.2000492368;-0.3212948618;-0.4995908838;-0.4995908838
20.2100492126;-0.3212948618;-0.4995908838;-0.4995908838
20.2200491884;-0.3212948618;-0.4995908838;-0.4995908838
20.2300491642;-0.3212072471;-0.4995908838;-0.4995908838
20.2400491400;-0.3035528314;-0.4995908838;-0.4995908838
20.2500491159;-0.3212948618;-0.4817612816;-0.4995908838
20.2600490918;-0.3212948618;-0.4817612816;-0.4995121853
20.2700490677;-0.3212948618;-0.4817612816;-0.4817612816
20.2800490436;-0.3212948618;-0.4817612816;-0.4816826603
20.2900490196;-0.3212948618;-0.4817612816;-0.4637745138
20.3000489956;-0.3213821762;-0.4817612816;-0.4280368420
20.3100489716;-0.3391244640;-0.4817612816;-0.3746266566
20.3200489476;-0.3391244640;-0.4817612816;-0.3389675290
20.3300489237;-0.3391244640;-0.4817612816;-0.3033084013
20.3400488998;-0.3391244640;-0.4817612816;-0.2678844461
20.3500488759;-0.3390373629;-0.4995908838;-0.2856356575
20.3600488520;-0.3213819204;-0.4817612816;-0.2856356575
20.3700488281;-0.3391244640;-0.4995908838;-0.2857922097
20.3800488043;-0.3391244640;-0.4817612816;-0.3213730998
20.3900487805;-0.3390375328;-0.4995908838;-0.3391244640
20.4000487567;-0.3212948618;-0.4995908838;-0.3391244640
20.4100487329;-0.3212948618;-0.4995908838;-0.3390463403
20.4200487092;-0.3212948618;-0.4995908838;-0.3213729475
20.4300486855;-0.3212080998;-0.4995908838;-0.3391244640
20.4400486618;-0.3035519795;-0.4995908838;-0.3391244640
20.4500486381;-0.3212948618;-0.4995908838;-0.3391244640
20.4600486145;-0.3212948618;-0.4817612816;-0.3391244640
20.4700485909;-0.3212948618;-0.4995908838;-0.3392023602
20.4800485673;-0.3212948618;-0.4817612816;-0.3570319246
20.4900485437;-0.3212948618;-0.4817612816;-0.3748614890
20.5000485201;-0.3212948618;-0.4995908838;-0.3926910535
20.5100484966;-0.3212948618;-0.4995908838;-0.4103651276
20.5200484731;-0.3212948618;-0.4995908838;-0.3926909782
20.5300484496;-0.3212948618;-0.4817612816;-0.4103652029
20.5400484262;-0.3212948618;-0.4995908838;-0.3926132706
20.5500484027;-0.3212948618;-0.4995908838;-0.3925356758
20.5600483793;-0.3212086452;-0.4995908838;-0.3747061111
20.5700483559;-0.3035514346;-0.4995908838;-0.3569540662
20.5800483325;-0.3212087285;-0.4995908838;-0.3569540662
20.5900483092;-0.3035513514;-0.4995908838;-0.3569540662
20.6000482859;-0.3212948618;-0.4995908838;-0.3568766586
20.6100482625;-0.3212088531;-0.4995908838;-0.3391244640
20.6200482393;-0.3035512269;-0.4817612816;-0.3390471310
20.6300482160;-0.3212948618;-0.4817612816;-0.3212175660
20.6400481928;-0.3212948618;-0.4817612816;-0.3034652596
20.6500481696;-0.3212948618;-0.4995908838;-0.3033880382
20.6600481464;-0.3212090601;-0.4995908838;-0.2856356575
20.6700481232;-0.3035510201;-0.4817612816;-0.2855585103
20.6800481000;-0.3212948618;-0.4995908838;-0.2678060553
20.6900480769;-0.3212948618;-0.4995908838;-0.2677289822
20.7000480538;-0.3212092249;-0.4995908838;-0.2499764531
20.7100480307;-0.3034652596;-0.4817612816;-0.2499764531
20.7200480077;-0.3035508144;-0.4995908838;-0.2498994909
20.7300479846;-0.3212948618;-0.4995908838;-0.2321468509
20.7400479616;-0.3212093892;-0.4817612816;-0.2320699625
20.7500479386;-0.3035506914;-0.4817612816;-0.2141635455
20.7600479157;-0.3212094710;-0.4995908838;-0.1785812295
20.7700478927;-0.3035506096;-0.4995908838;-0.1607516641
20.7800478698;-0.3212095527;-0.4817612816;-0.1429220986
20.7900478469;-0.3034652596;-0.4995908838;-0.1250158285
20.8000478240;-0.3035504872;-0.4817612816;-0.0893566974
20.8100478011;-0.3212948618;-0.4817612816;-0.0538508290
20.8200477783;-0.3212097157;-0.4995908838;-0.0537742342
20.8300477555;-0.3035503651;-0.4817612816;-0.0359446685
20.8400477327;-0.3212948618;-0.4995908838;-0.0180385811
20.8500477099;-0.3212098375;-0.4817612816;0.0174675798
20.8600476872;-0.3034652596;-0.4817612816;0.0176969263
20.8700476644;-0.3034652596;-0.4995908838;0.0709563864
20.8800476417;-0.3035501625;-0.4817612816;0.0710327624
20.8900476190;-0.3212099994;-0.4817612816;0.0888623283
20.9000475964;-0.3035500817;-0.4817612816;0.1066918942
20.9100475737;-0.3212948618;-0.4817612816;0.1245214601
20.9200475511;-0.3212101204;-0.4995908838;0.1423510261
20.9300475285;-0.3035499608;-0.4817612816;0.1601805921
20.9400475059;-0.3212102009;-0.4995908838;0.1780863167
20.9500474834;-0.3034652596;-0.4995908838;0.2138976937
20.9600474608;-0.3035498403;-0.4817612816;0.2852920444
20.9700474383;-0.3212103213;-0.4817612816;0.3745159253
20.9800474158;-0.3034652596;-0.4995908838;0.4811892653
20.9900473934;-0.3035497201;-0.4817612816;0.5166204629
21.0000473709;-0.3212104414;-0.4817612816;0.4990187236
21.0100473485;-0.3034652596;-0.4995908838;0.5347537625
21.0200473261;-0.3034652596;-0.4817612816;0.5886218139
21.0300473037;-0.3034652596;-0.4817612816;0.7310308407
21.0400472813;-0.3034652596;-0.4817612816;0.8200270749
21.0500472590;-0.3034652596;-0.4817612816;0.8735157741
21.0600472367;-0.3035494410;-0.4817612816;0.9270802007
21.0700472144;-0.3212107203;-0.4817612816;0.9983227751
21.0800471921;-0.3034652596;-0.4995908838;1.0518114746
21.0900471698;-0.3034652596;-0.4995908838;1.1053001742
21.1000471476;-0.3035492823;-0.4995908838;1.1587132893
21.1100471254;-0.3212108788;-0.4995908838;1.1946746186
21.1200471032;-0.3034652596;-0.4817612816;1.3011989377
21.1300470810;-0.3034652596;-0.4817612816;1.3010479818
21.1400470588;-0.3034652596;-0.4817612816;1.2653888484
21.1500470367;-0.3034652596;-0.4995908838;1.2298051219
21.1600470146;-0.3034652596;-0.4817612816;1.2119001835
21.1700469925;-0.3034652596;-0.4817612816;1.1761657137
21.1800469704;-0.3034652596;-0.4995908838;1.1758647455
21.1801032379;-0.3034652596;-0.4995908838;1.1225684024
21.1900516190;-0.3034652596;-0.4995908838;1.0335292141
21.2100469043;-0.3034652596;-0.4817612816;0.9799653183
21.2200468823;-0.3034652596;-0.4817612816;0.9085718906
21.2300468604;-0.3034652596;-0.4995908838;0.8195743047
21.2400468384;-0.3034652596;-0.4995908838;0.7661606930
21.2500468165;-0.3034652596;-0.4817612816;0.7303514503
21.2600467946;-0.3034652596;-0.4995908838;0.6589581627
21.2700467727;-0.3034652596;-0.4995908838;0.5698103270
21.2800467508;-0.3034652596;-0.4817612816;0.4806624911
21.2900467290;-0.3034652596;-0.4995908838;0.3915146551
21.3000467071;-0.3034652596;-0.4995908838;0.3024416981
21.3100466853;-0.3034652596;-0.4817612816;0.2311982733
21.3200466636;-0.3034652596;-0.4817612816;0.1776347621
21.3300466418;-0.3034652596;-0.4817612816;0.1063164927
21.3400466200;-0.3035483426;-0.4817612816;0.0350729629
21.3500465983;-0.3212118176;-0.4995908838;-0.0184157392
21.3600465766;-0.3034652596;-0.4817612816;-0.0718297714
21.3700465549;-0.3034652596;-0.4995908838;-0.1074142709
21.3800465333;-0.3034652596;-0.4995908838;-0.1253184391
21.3900465116;-0.3034652596;-0.4817612816;-0.1608284421
21.4000464900;-0.3034652596;-0.4817612816;-0.1609775049
21.4100464684;-0.3034652596;-0.4817612816;-0.1965621433
21.4200464468;-0.3034652596;-0.4995908838;-0.2143917109
21.4300464253;-0.3034652596;-0.4817612816;-0.2322957063
21.4400464037;-0.3034652596;-0.4995908838;-0.2678060553
21.4500463822;-0.3034652596;-0.4995908838;-0.2676573378
21.4600463607;-0.3034652596;-0.4995908838;-0.2319982023
21.4700463392;-0.3034652596;-0.4995908838;-0.1962647769
21.4800463177;-0.3034652596;-0.4995908838;-0.1427760735
21.4900462963;-0.3034652596;-0.4995908838;-0.0891389276
21.5000462749;-0.3034652596;-0.4995908838;-0.0002136487
21.5100462535;-0.3034652596;-0.4817612816;0.0358162498
21.5200462321;-0.3035476515;-0.4817612816;0.1601785156
21.5300462107;-0.3212125080;-0.4817612816;0.1774894951
21.5400461894;-0.3034652596;-0.4995908838;0.0702899374
21.5500461681;-0.3034652596;-0.4817612816;-0.0898801120
21.5600461467;-0.3034652596;-0.4995908838;-0.1785840627
21.5700461255;-0.3034652596;-0.4995908838;-0.1611981797
21.5800461042;-0.3033830956;-0.4995908838;-0.2505677607
21.5900460829;-0.2857177837;-0.4817612816;-0.3931304266
21.6000460617;-0.3034652596;-0.4995908838;-0.5178635585
21.6100460405;-0.3034652596;-0.4995908838;-0.6248409679
21.6200460193;-0.3034652596;-0.4995908838;-0.7318183774
21.6300459982;-0.3034652596;-0.4995908838;-0.8387220435
21.6400459770;-0.3034652596;-0.4995908838;-0.9280173046
21.6500459559;-0.3034652596;-0.4995908838;-1.0525295794
21.6600459348;-0.3034652596;-0.4995908838;-1.1056500741
21.6700459137;-0.3034652596;-0.4817612816;-1.0699909373
21.6800458926;-0.3034652596;-0.4995908838;-1.0339639276
21.6900458716;-0.3034652596;-0.4995908838;-0.9091569483
21.7000458505;-0.3034652596;-0.4817612816;-0.7843499688
21.7100458295;-0.3034652596;-0.4995908838;-0.6599103565
21.7200458085;-0.3034652596;-0.4995908838;-0.6243980991
21.7300457875;-0.3033836596;-0.4995908838;-0.6245449117
21.7400457666;-0.2857172201;-0.4817612816;-0.6601306762
21.7500457457;-0.3034652596;-0.4995908838;-0.6777402273
21.7600457247;-0.3033837715;-0.4995908838;-0.6420077843
21.7700457038;-0.2857171084;-0.4995908838;-0.5885190781
21.7800456830;-0.3034652596;-0.4995908838;-0.5351036106
21.7900456621;-0.3035466362;-0.4995908838;-0.4995908838
21.8000456413;-0.3212135224;-0.4817612816;-0.4996640557
21.8100456204;-0.3034652596;-0.4817612816;-0.5173473473
21.8200455996;NaN;-0.4995908838;-0.4997370943
21.8300455789;NaN;-0.4995908838;-0.5357615922
21.8400455581;NaN;-0.4817612816;-0.6604955360
21.8500455373;NaN;-0.4995908838;-0.7673269387
21.8600455166;NaN;-0.4817612816;-0.8388641316
21.8700454959;NaN;-0.4817612816;-0.9635981756
21.8800454752;NaN;-0.4995908838;-1.0703568719
21.8900454545;NaN;-0.4995908838;-1.1239184521
21.9000454339;NaN;-0.4817612816;-1.1951638887
21.9100454133;NaN;-0.4995908838;-1.2486525961
21.9200453926;NaN;-0.4817612816;-1.3020685299
21.9300453721;NaN;-0.4995908838;-1.3377276683
21.9400453515;NaN;-0.4995908838;-1.3735322224
21.9500453309;NaN;-0.4817612816;-1.4447051497
21.9600453104;NaN;-0.4817612816;-1.4803642883
21.9700452899;NaN;-0.4995908838;-1.5158782087
21.9800452694;NaN;-0.4817612816;-1.5158782087
21.9900452489;NaN;-0.4995908838;-1.5157331218
22.0000452284;NaN;-0.4817612816;-1.4802915150
22.0100452080;NaN;-0.4104428728;-1.4979761286
22.0200451875;NaN;-0.3569540662;-1.4801465591
22.0300451671;NaN;-0.3391244640;-1.4622445771
22.0400451467;NaN;-0.3034652596;-1.4266578179
22.0500451264;NaN;-0.2678060553;-1.4088282484
22.0600451060;NaN;-0.2499764531;-1.3910709934
22.0700450857;NaN;-0.2499764531;-1.3909987113
22.0800450653;NaN;-0.2321468509;-1.3909024508
22.0800990545;NaN;-0.1608284421;-1.3729204269
22.0900495272;NaN;-0.0895100333;-1.3554117890
22.1100450045;NaN;-0.0360212268;-1.3554839410
22.1200449843;NaN;-0.0895100333;-1.3733856304
22.1300449640;NaN;-0.1429988399;-1.4089005956
22.1400449438;NaN;-0.1964876465;-1.4091167601
22.1500449236;NaN;-0.2499764531;-1.4625334471
22.1600449035;NaN;-0.3391244640;-1.4980486065
22.1700448833;NaN;-0.3926132706;-1.4982644802
22.1800448632;NaN;-0.4282724750;-1.5513935618
22.1900448430;NaN;-0.4639316794;-1.5161657824
22.2000448229;NaN;-0.4639316794;-1.5873403400
22.2100448029;NaN;-0.4817612816;-1.6229276509
22.2200447828;NaN;-0.4817612816;-1.6409726118
22.2300447628;NaN;-0.4817612816;-1.7121473625
22.2400447427;NaN;-0.4817612816;-1.7476630372
22.2500447227;NaN;-0.4817612816;-1.7475913365
22.2600447027;NaN;-0.4817612816;-1.7298334350
22.2700446828;NaN;-0.4817612816;-1.7301199817
22.2800446628;NaN;-0.4995908838;-1.8014382626
22.2900446429;NaN;-0.4817612816;-1.8726133981
22.3000446229;NaN;-0.4817612816;-1.9081294570
22.3100446030;NaN;-0.4817612816;-1.9081294570
22.3200445831;NaN;-0.4817612816;-1.9078435485
22.3300445633;NaN;-0.4639316794;-1.8365252670
22.3400445434;NaN;-0.4461020772;-1.7651355719
22.3500445236;NaN;-0.4282724750;-1.6761304833
22.3600445038;NaN;-0.4104428728;-1.6226417719
22.3700444840;NaN;-0.3926132706;-1.5691530605
22.3800444642;NaN;-0.4104428728;-1.5155930623
22.3900444444;NaN;-0.4104428728;-1.4443460351
22.4000444247;NaN;-0.3926132706;-1.3909285467
22.4100444050;NaN;-0.4104428728;-1.3551982138
22.4200443853;NaN;-0.3926132706;-1.3018518223
22.4300443656;NaN;-0.3747836684;-1.2838799944
22.4400443459;NaN;-0.3569540662;-1.2303201853
22.4500443262;NaN;-0.3212948618;-1.1589308369
22.4600443066;NaN;-0.2856356575;-1.0695698807
22.4700442870;NaN;-0.2143172487;-0.9265783011
22.4800442674;NaN;-0.1608284421;-0.6952906800
22.4900442478;NaN;-0.0716804311;-0.5883132551
22.5000442282;NaN;0.0174675798;-0.4816903730
22.5100442087;NaN;0.0887859886;-0.4637190476
22.5200441891;NaN;0.1244451930;-0.4105137188
22.5300441696;NaN;0.1601043974;-0.4282016603
22.5400441501;NaN;0.1601043974;-0.4104428728
22.5500441306;NaN;0.1779339995;-0.4104428728
22.5600441112;NaN;0.1957636017;-0.4104428728
22.5700440917;NaN;0.2135932039;-0.4104428728
22.5800440723;NaN;0.2314228061;-0.4103722140
22.5900440529;NaN;0.2670820105;-0.3926132706
22.6000440335;NaN;0.3027412149;-0.3926132706
22.6100440141;NaN;0.3384004193;-0.3925427050
22.6200439947;NaN;0.3740596237;-0.3747836684
22.6300439754;NaN;0.4632076346;-0.3748541720
22.6400439560;NaN;0.4810372368;-0.3749480668
22.6400966184;NaN;0.5345260434;-0.3925350021
22.6500483092;NaN;0.5701852478;-0.3747836684
22.6700438982;NaN;0.6236740544;-0.3747836684
22.6800438789;NaN;0.6771628609;-0.3747836684
22.6900438596;NaN;0.7128220653;-0.3747836684
22.7000438404;NaN;0.7484812697;-0.3747133810
22.7100438212;NaN;0.7841404741;-0.3570243229
22.7200438020;NaN;0.8019700763;-0.3747134425
22.7300437828;NaN;0.8197996785;-0.3569540662
22.7400437637;NaN;0.8376292807;-0.3569540662
22.7500437445;NaN;0.8554588828;-0.3569540662
22.7600437254;NaN;0.9089476894;-0.3569540662
22.7700437063;NaN;0.9624364960;-0.3569540662
22.7800436872;NaN;0.9980957004;-0.3569540662
22.7900436681;NaN;1.0159253026;-0.3569540662
22.8000436491;NaN;0.9980957004;-0.3569540662
22.8100436300;NaN;0.9980957004;-0.3569540662
22.8200436110;NaN;0.9802660982;-0.3569540662
22.8300435920;NaN;0.9624364960;-0.3569540662
22.8400435730;NaN;0.9446068938;-0.3570239252
22.8500435540;NaN;0.9267772916;-0.3747138398
22.8600435350;NaN;0.9446068938;-0.3569540662
22.8700435161;NaN;0.9624364960;-0.3569540662
22.8800434972;NaN;0.9802660982;-0.3569540662
22.8900434783;NaN;1.0159253026;-0.3569540662
22.9000434594;NaN;1.0337549048;-0.3569540662
22.9100434405;NaN;1.0515845070;-0.3569540662
22.9200434216;NaN;1.0515845070;-0.3569540662
22.9300434028;NaN;1.0515845070;-0.3569540662
22.9400433839;NaN;1.0515845070;-0.3569540662
22.9500433651;NaN;1.0515845070;-0.3569540662
22.9600433463;NaN;1.0694141092;-0.3569540662
22.9700433276;NaN;1.0694141092;-0.3569540662
22.9800433088;NaN;1.0872437113;-0.3569540662
22.9900432900;NaN;1.0872437113;-0.3569540662
23.0000432713;NaN;1.0694141092;-0.3568846905
23.0100432526;NaN;1.0515845070;-0.3391244640
23.0200432339;NaN;1.0515845070;-0.3391244640
23.0300432152;NaN;1.0337549048;-0.3391244640
23.0400431965;NaN;1.0337549048;-0.3391244640
23.0500431779;NaN;1.0337549048;-0.3391244640
23.0600431593;NaN;1.0337549048;-0.3391936603
23.0700431406;NaN;1.0515845070;-0.3569540662
23.0800431220;NaN;1.0694141092;-0.3568849296
23.0900431034;NaN;1.0872437113;-0.3391935709
23.1000430849;NaN;1.0694141092;-0.3569540662
23.1100430663;NaN;1.0694141092;-0.3568850188
23.1200430478;NaN;1.0872437113;-0.3391934817
23.1300430293;NaN;1.0872437113;-0.3568850782
23.1400430108;NaN;1.1229029157;-0.3391244640
23.1500429923;NaN;1.1585621201;-0.3391933928
23.1600429738;NaN;1.1942213245;-0.3568851671
23.1700429553;NaN;1.1942213245;-0.3391244640
23.1800429369;NaN;1.2120509267;-0.3391244640
23.1900429185;NaN;1.2120509267;-0.3391244640
23.2000429000;NaN;1.2120509267;-0.3391244640
23.2100428816;NaN;1.1942213245;-0.3391244640
23.2200428633;NaN;1.1763917223;-0.3391244640
23.2300428449;NaN;1.1763917223;-0.3391244640
23.2400428266;NaN;1.1585621201;-0.3391244640
23.2500428082;NaN;1.1229029157;-0.3391244640
23.2600427899;NaN;1.0694141092;-0.3391244640
23.2700427716;NaN;1.0337549048;-0.3391244640
23.2800427533;NaN;0.9980957004;-0.3391244640
23.2900427350;NaN;0.9802660982;-0.3391244640
23.3000427168;NaN;0.9802660982;-0.3391244640
23.3100426985;NaN;0.9624364960;-0.3391244640
23.3200426803;NaN;0.9446068938;-0.3391244640
23.3300426621;NaN;0.9089476894;-0.3391244640
23.3400426439;NaN;0.8376292807;-0.3391244640
23.3500426257;NaN;0.7841404741;-0.3391244640
23.3600426076;NaN;0.7306516675;-0.3391244640
23.3700425894;NaN;0.6949924631;-0.3391244640
23.3800425713;NaN;0.6949924631;-0.3391244640
23.3900425532;NaN;0.6949924631;-0.3391244640
23.4000425351;NaN;0.6771628609;-0.3391244640
23.4100425170;NaN;0.6593332587;-0.3391244640
23.4200424989;NaN;0.6415036565;-0.3391244640
23.4300424809;NaN;0.6236740544;-0.3391244640
23.4400424628;NaN;0.6058444522;-0.3391244640
23.4500424448;NaN;0.6236740544;-0.3391244640
23.4600424268;NaN;0.6058444522;-0.3391244640
23.4700424088;NaN;0.6058444522;-0.3391244640
23.4800423908;NaN;0.5523556456;-0.3390564987
23.4900423729;NaN;0.5166964412;-0.3213627984
23.5000423549;NaN;0.4988668390;-0.3391244640
23.5100423370;NaN;0.4810372368;-0.3391244640
23.5200423191;NaN;0.4453780324;-0.3391244640
23.5300423012;NaN;0.4453780324;-0.3391244640
23.5400422833;NaN;0.4275484302;-0.3391244640
23.5500422654;NaN;0.4097188280;-0.3391244640
23.5600422476;NaN;0.3918892259;-0.3391244640
23.5700422297;NaN;0.3384004193;-0.3390567568
23.5800422119;NaN;0.3027412149;-0.3213625405
23.5900421941;NaN;0.2849116127;-0.3391244640
23.6000421763;NaN;0.2670820105;-0.3391244640
23.6100421585;NaN;0.2492524083;-0.3391244640
23.6200421408;NaN;0.2135932039;-0.3391244640
23.6300421230;NaN;0.1957636017;-0.3391244640
23.6400421053;NaN;0.2135932039;-0.3391244640
23.6500420875;NaN;0.1957636017;-0.3391244640
23.6600420698;NaN;0.1422747952;-0.3391244640
23.6700420521;NaN;0.0887859886;-0.3390570413
23.6800420345;NaN;0.0174675798;-0.3213622563
23.6900420168;NaN;-0.0181916246;-0.3390570979
23.7000419992;NaN;-0.0716804311;-0.3212948618
23.7100419815;NaN;-0.1073396355;-0.3213621715
23.7200419639;NaN;-0.1786580443;-0.3391244640
23.7300419463;NaN;-0.2143172487;-0.3391244640
23.7400419287;NaN;-0.2678060553;-0.3391244640
23.7500419111;NaN;-0.3034652596;-0.3390572671
23.7600418936;NaN;-0.3212948618;-0.3213620306
23.7700418760;NaN;-0.3569540662;-0.3390573234
23.7800418585;NaN;-0.3926132706;-0.3213619744
23.7900418410;NaN;-0.4104428728;-0.3391244640
23.8000418235;NaN;-0.4461020772;-0.3391244640
23.8100418060;NaN;-0.4817612816;-0.3391244640
23.8200417885;NaN;-0.4995908838;-0.3391244640
23.8300417711;NaN;-0.5352500881;-0.3391244640
23.8400417537;NaN;-0.5887388947;-0.3391244640
23.8500417362;NaN;-0.6065684969;-0.3391244640
23.8600417188;NaN;-0.6422277013;-0.3390575753
23.8700417014;NaN;-0.6957165079;-0.3213617227
23.8800416840;NaN;-0.7135461101;-0.3391244640
23.8900416667;NaN;-0.7492053145;-0.3391244640
23.9000416493;NaN;-0.7670349166;-0.3391244640
23.9100416320;NaN;-0.7492053145;-0.3391244640
23.9200416146;NaN;-0.8026941210;-0.3391244640
23.9300415973;NaN;-0.7848645188;-0.3391244640
23.9400415800;NaN;-0.7670349166;-0.3391244640
23.9500415628;NaN;-0.7492053145;-0.3391244640
23.9600415455;NaN;-0.7135461101;-0.3390578529
23.9700415282;NaN;-0.7313757123;-0.3212948618
23.9800415110;NaN;-0.7135461101;-0.3213614177
23.9900414938;NaN;-0.7670349166;-0.3391244640
24.0000414766;NaN;-0.7670349166;-0.3391244640
24.0100414594;NaN;-0.7848645188;-0.3391244640
24.0200414422;NaN;-0.8026941210;-0.3391244640
24.0300414250;NaN;-0.8026941210;-0.3390580459
24.0400414079;NaN;-0.8026941210;-0.3213612525
24.0500413907;NaN;-0.8026941210;-0.3391244640
24.0600413736;NaN;-0.8561829276;NaN
24.0700413565;NaN;-0.8383533254;NaN
24.0800413394;NaN;-0.8383533254;NaN
24.0900413223;NaN;-0.8561829276;NaN
24.1000413052;NaN;-0.8918421320;NaN
24.1100412882;NaN;-0.9096717342;NaN
24.1200412712;NaN;-0.9453309386;NaN
24.1300412541;NaN;-0.9275013364;NaN
24.1400412371;NaN;-0.9631605408;NaN
24.1500412201;NaN;-0.9631605408;NaN
24.1600412031;NaN;-0.9809901430;NaN
24.1700411862;NaN;-0.9631605408;NaN
24.1800411692;NaN;-0.9453309386;NaN
24.1900411523;NaN;-0.9096717342;NaN
24.2000411353;NaN;-0.8561829276;NaN
24.2100411184;NaN;-0.8205237232;NaN
24.2200411015;NaN;-0.8026941210;NaN
24.2300410846;NaN;-0.7848645188;NaN
24.2400410678;NaN;-0.7848645188;NaN
24.2400902749;NaN;-0.7670349166;NaN
24.2500451375;NaN;-0.7492053145;NaN
24.2700410172;NaN;-0.7313757123;NaN
24.2800410004;NaN;-0.6957165079;NaN
24.2900409836;NaN;-0.6600573035;NaN
24.3000409668;NaN;-0.5887388947;NaN
24.3100409500;NaN;-0.5530796903;NaN
24.3200409333;NaN;-0.6065684969;NaN
24.3300409165;NaN;-0.6422277013;NaN
24.3400408998;NaN;-0.6065684969;NaN
24.3500408831;NaN;-0.6422277013;NaN
24.3600408664;NaN;-0.6243980991;NaN
24.3700408497;NaN;-0.6778869057;NaN
24.3800408330;NaN;-0.7492053145;NaN
24.3900408163;NaN;-0.8561829276;NaN
24.4000407997;NaN;-0.9631605408;NaN
24.4100407830;NaN;-1.0523085517;NaN
24.4200407664;NaN;-1.1236269605;NaN
24.4300407498;NaN;-1.1592861649;NaN
24.4400407332;NaN;-1.1949453693;NaN
24.4500407166;NaN;-1.2127749715;NaN
24.4600407000;NaN;-1.1949453693;NaN
24.4700406835;NaN;-1.1949453693;NaN
24.4800406669;NaN;-1.1949453693;NaN
24.4900406504;NaN;-1.2306045736;NaN
24.5000406339;NaN;-1.2127749715;NaN
24.5100406174;NaN;-1.2840933802;NaN
24.5200406009;NaN;-1.3554117890;NaN
24.5300405844;NaN;-1.4445598000;NaN
24.5400405680;NaN;-1.4802190043;NaN
24.5500405515;NaN;-1.4980486065;NaN
24.5600405351;NaN;-1.5158782087;NaN
24.5700405186;NaN;-1.4980486065;NaN
24.5800405022;NaN;-1.4802190043;NaN
24.5900404858;NaN;-1.4802190043;NaN
24.6000404694;NaN;-1.4980486065;NaN
24.6100404531;NaN;-1.5158782087;NaN
24.6200404367;NaN;-1.5337078109;NaN
24.6300404204;NaN;-1.5337078109;NaN
24.6400404040;NaN;-1.5515374131;NaN
24.6500403877;NaN;-1.5515374131;NaN
24.6600403714;NaN;-1.5337078109;NaN
24.6700403551;NaN;-1.5515374131;NaN
24.6800403388;NaN;-1.5515374131;NaN
24.6900403226;NaN;-1.5693670153;NaN
24.7000403063;NaN;-1.5693670153;NaN
24.7100402901;NaN;-1.6228558219;NaN
24.7200402739;NaN;-1.6228558219;NaN
24.7300402576;NaN;-1.6228558219;NaN
24.7400402414;NaN;-1.6050262197;NaN
24.7500402253;NaN;-1.5871966175;NaN
24.7600402091;NaN;-1.5871966175;NaN
24.7700401929;NaN;-1.6406854241;NaN
24.7800401768;NaN;-1.7298334350;NaN
24.7900401606;NaN;-1.8368110482;NaN
24.8000401445;NaN;-1.9259590591;NaN
24.8100401284;NaN;-1.9972774679;NaN
24.8200401123;NaN;-1.9794478657;NaN
24.8300400962;NaN;-1.9616182635;NaN
24.8400400802;NaN;-1.9437886613;NaN
24.8500400641;NaN;-1.9437886613;NaN
24.8600400481;NaN;-1.9437886613;NaN
24.8700400320;NaN;-1.9794478657;NaN
24.8800400160;NaN;-2.0507662745;NaN
24.8900400000;NaN;-2.1220846833;NaN
24.9000399840;NaN;-2.1577438876;NaN
24.9100399680;NaN;-2.1399142855;NaN
24.9200399521;NaN;-2.1220846833;NaN
24.9300399361;NaN;-2.1577438876;NaN
24.9400399202;NaN;-2.1577438876;NaN
24.9500399042;NaN;-2.0507662745;NaN
24.9600398883;NaN;-1.9794478657;NaN
24.9700398724;NaN;-1.8902998548;NaN
24.9800398565;NaN;-1.8724702526;NaN
24.9900398406;NaN;-1.8189814460;NaN
25.0000398248;NaN;-1.8189814460;NaN
25.0100398089;NaN;-1.7833222416;NaN
25.0200397931;NaN;-1.6763446285;NaN
25.0300397772;NaN;-1.5693670153;NaN
25.0400397614;NaN;-1.4623894021;NaN
25.0500397456;NaN;-1.4089005956;NaN
25.0600397298;NaN;-1.3732413912;NaN
25.0700397141;NaN;-1.3554117890;NaN
25.0800396983;NaN;-1.3375821868;NaN
25.0900396825;NaN;-1.2484341758;NaN
25.1000396668;NaN;-1.1949453693;NaN
25.1100396511;NaN;-1.0879677561;NaN
25.1200396354;NaN;-0.9809901430;NaN
25.1300396197;NaN;-0.8026941210;NaN
25.1400396040;NaN;-0.7135461101;NaN
25.1500395883;NaN;-0.6065684969;NaN
25.1600395726;NaN;-0.4817612816;NaN
25.1700395570;NaN;-0.4461020772;NaN
25.1800395413;NaN;-0.4282724750;NaN
25.1900395257;NaN;-0.4282724750;NaN
25.2000395101;NaN;-0.4104428728;NaN
25.2100394945;NaN;-0.3926132706;NaN
25.2200394789;NaN;-0.3926132706;NaN
25.2300394633;NaN;-0.3926132706;NaN
25.2400394477;NaN;-0.3926132706;NaN
25.2500394322;NaN;-0.3747836684;NaN
25.2600394166;NaN;-0.3747836684;NaN
25.2700394011;NaN;-0.3747836684;NaN
25.2800393856;NaN;-0.3747836684;NaN
25.2900393701;NaN;-0.3747836684;NaN
25.3000393546;NaN;-0.3569540662;NaN
25.3100393391;NaN;-0.3747836684;NaN
25.3200393236;NaN;-0.3569540662;NaN
25.3300393082;NaN;-0.3747836684;NaN
25.3400392927;NaN;-0.3569540662;NaN
25.3500392773;NaN;-0.3569540662;NaN
25.3600392619;NaN;-0.3569540662;NaN
25.3700392465;NaN;-0.3747836684;NaN
25.3800392311;NaN;-0.3747836684;NaN
25.3900392157;NaN;-0.3569540662;NaN
25.4000392003;NaN;-0.3569540662;NaN
25.4100391850;NaN;-0.3747836684;NaN
25.4200391696;NaN;-0.3569540662;NaN
25.4300391543;NaN;-0.3569540662;NaN
25.4400391389;NaN;-0.3569540662;NaN
25.4500391236;NaN;-0.3569540662;NaN
25.4600391083;NaN;-0.3391244640;NaN
25.4700390930;NaN;-0.3569540662;NaN
25.4800390778;NaN;-0.3569540662;NaN
25.4900390625;NaN;-0.3569540662;NaN
25.5000390472;NaN;-0.3569540662;NaN
25.5100390320;NaN;-0.3391244640;NaN
25.5200390168;NaN;-0.3569540662;NaN
25.5300390016;NaN;-0.3391244640;NaN
25.5400389864;NaN;-0.3391244640;NaN
25.5500389712;NaN;-0.3391244640;NaN
25.5600389560;NaN;-0.3391244640;NaN
25.5700389408;NaN;-0.3569540662;NaN
25.5800389257;NaN;-0.3391244640;NaN
25.5900389105;NaN;-0.3569540662;NaN
25.6000388954;NaN;-0.3391244640;NaN
25.6000855033;NaN;-0.3391244640;NaN
25.6100427517;NaN;-0.3569540662;NaN
25.6300388500;NaN;-0.3391244640;NaN
25.6400388350;NaN;-0.3391244640;NaN
25.6500388199;NaN;-0.3391244640;NaN
25.6600388048;NaN;-0.3391244640;NaN
25.6700387898;NaN;-0.3391244640;NaN
25.6800387747;NaN;-0.3391244640;NaN
25.6900387597;NaN;-0.3391244640;NaN
25.7000387447;NaN;-0.3391244640;NaN
25.7100387297;NaN;-0.3391244640;NaN
25.7200387147;NaN;-0.3391244640;NaN
25.7300386997;NaN;-0.3391244640;NaN
25.7400386847;NaN;-0.3391244640;NaN
25.7500386698;NaN;-0.3212948618;NaN
25.7600386548;NaN;-0.3391244640;NaN
25.7700386399;NaN;-0.3391244640;NaN
25.7800386250;NaN;-0.3391244640;NaN
25.7900386100;NaN;-0.3391244640;NaN
25.8000385951;NaN;-0.3391244640;NaN
25.8100385802;NaN;-0.3391244640;NaN
25.8200385654;NaN;-0.3391244640;NaN
25.8300385505;NaN;-0.3391244640;NaN
25.8400385356;NaN;-0.3391244640;NaN
25.8500385208;NaN;-0.3212948618;NaN
25.8600385060;NaN;-0.3391244640;NaN
25.8700384911;NaN;-0.3391244640;NaN
25.8800384763;NaN;-0.3212948618;NaN
25.8900384615;NaN;-0.3391244640;NaN
25.9000384468;NaN;-0.3391244640;NaN
25.9100384320;NaN;-0.3391244640;NaN
25.9200384172;NaN;-0.3391244640;NaN
25.9300384025;NaN;-0.3391244640;NaN
25.9400383877;NaN;-0.3391244640;NaN
25.9500383730;NaN;-0.3212948618;NaN
25.9600383583;NaN;-0.3391244640;NaN
25.9700383436;NaN;-0.3391244640;NaN
25.9800383289;NaN;-0.3212948618;NaN
25.9900383142;NaN;-0.3212948618;NaN
26.0000382995;NaN;-0.3212948618;NaN
26.0100382848;NaN;-0.3391244640;NaN
26.0200382702;NaN;-0.3391244640;NaN
26.0300382555;NaN;-0.3391244640;NaN
26.0400382409;NaN;-0.3212948618;NaN
26.0500382263;NaN;-0.3212948618;NaN
26.0600382117;NaN;-0.3391244640;NaN
26.0700381971;NaN;-0.3212948618;NaN
26.0800381825;NaN;-0.3391244640;NaN
26.0900381679;NaN;-0.3391244640;NaN
26.1000381534;NaN;-0.3212948618;NaN
26.1100381388;NaN;-0.3212948618;NaN
26.1200381243;NaN;-0.3212948618;NaN
26.1300381098;NaN;-0.3391244640;NaN
26.1400380952;NaN;-0.3212948618;NaN
26.1500380807;NaN;-0.3391244640;NaN
26.1600380662;NaN;-0.3391244640;NaN
26.1700380518;NaN;-0.3212948618;NaN
26.1800380373;NaN;-0.3391244640;NaN
26.1900380228;NaN;-0.3212948618;NaN
26.2000380084;NaN;-0.3391244640;NaN
26.2100379939;NaN;-0.3212948618;NaN
26.2200379795;NaN;-0.3391244640;NaN
26.2300379651;NaN;-0.3391244640;NaN
26.2400379507;NaN;-0.3391244640;NaN
26.2500379363;NaN;-0.3212948618;NaN
26.2600379219;NaN;-0.3212948618;NaN
26.2700379075;NaN;-0.3212948618;NaN
26.2800378931;NaN;-0.3391244640;NaN
26.2900378788;NaN;-0.3212948618;NaN
26.3000378644;NaN;-0.3212948618;NaN
26.3100378501;NaN;-0.3391244640;NaN
26.3200378358;NaN;-0.3212948618;NaN
26.3300378215;NaN;-0.3212948618;NaN
26.3400378072;NaN;-0.3212948618;NaN
26.3500377929;NaN;-0.3212948618;NaN
26.3600377786;NaN;-0.3391244640;NaN
26.3700377644;NaN;-0.3212948618;NaN
26.3800377501;NaN;-0.3391244640;NaN
26.3900377358;NaN;-0.3212948618;NaN
26.4000377216;NaN;-0.3212948618;NaN
26.4100377074;NaN;-0.3212948618;NaN
26.4200376932;NaN;-0.3391244640;NaN
26.4300376790;NaN;-0.3212948618;NaN
26.4400376648;NaN;-0.3391244640;NaN
26.4500376506;NaN;-0.3391244640;NaN
26.4600376364;NaN;-0.3212948618;NaN
26.4700376223;NaN;-0.3391244640;NaN
26.4800376081;NaN;-0.3212948618;NaN
26.4900375940;NaN;-0.3391244640;NaN
26.5000375799;NaN;-0.3391244640;NaN
26.5100375657;NaN;-0.3212948618;NaN
26.5200375516;NaN;-0.3391244640;NaN
26.5300375375;NaN;-0.3391244640;NaN
26.5400375235;NaN;-0.3391244640;NaN
26.5500375094;NaN;-0.3391244640;NaN
26.5600374953;NaN;-0.3391244640;NaN
26.5700374813;NaN;-0.3391244640;NaN
26.5800374672;NaN;-0.3212948618;NaN
26.5900374532;NaN;-0.3212948618;NaN
26.6000374392;NaN;-0.3212948618;NaN
26.6100374251;NaN;-0.3212948618;NaN
26.6200374111;NaN;-0.3391244640;NaN
26.6300373972;NaN;-0.3212948618;NaN
26.6400373832;NaN;-0.3212948618;NaN
26.6500373692;NaN;-0.3391244640;NaN
26.6600373552;NaN;-0.3212948618;NaN
26.6700373413;NaN;-0.3391244640;NaN
26.6800373274;NaN;-0.3212948618;NaN
26.6900373134;NaN;-0.3212948618;NaN
26.7000372995;NaN;-0.3391244640;NaN
26.7100372856;NaN;-0.3391244640;NaN
26.7200372717;NaN;-0.3212948618;NaN
26.7300372578;NaN;-0.3212948618;NaN
26.7400372439;NaN;-0.3212948618;NaN
26.7500372301;NaN;-0.3212948618;NaN
26.7600372162;NaN;-0.3212948618;NaN
26.7700372024;NaN;-0.3212948618;NaN
26.7800371885;NaN;-0.3391244640;NaN
26.7900371747;NaN;-0.3212948618;NaN
26.8000371609;NaN;-0.3212948618;NaN
26.8100371471;NaN;-0.3391244640;NaN
26.8200371333;NaN;-0.3212948618;NaN
26.8300371195;NaN;-0.3212948618;NaN
26.8400371058;NaN;-0.3212948618;NaN
26.8500370920;NaN;-0.3391244640;NaN
26.8600370782;NaN;-0.3391244640;NaN
26.8700370645;NaN;-0.3212948618;NaN
26.8800370508;NaN;-0.3391244640;NaN
26.8900370370;NaN;-0.3212948618;NaN
26.9000370233;NaN;-0.3391244640;NaN
26.9100370096;NaN;-0.3391244640;NaN
26.9200369959;NaN;-0.3212948618;NaN
26.9300369822;NaN;-0.3212948618;NaN
26.9400369686;NaN;-0.3212948618;NaN
26.9500369549;NaN;-0.3034652596;NaN
26.9600369413;NaN;-0.3391244640;NaN
26.9700369276;NaN;-0.3212948618;NaN
26.9800369140;NaN;-0.3212948618;NaN
26.9900369004;NaN;-0.3212948618;NaN
27.0000368868;NaN;-0.3212948618;NaN
27.0100368732;NaN;-0.3212948618;NaN
27.0200368596;NaN;-0.3212948618;NaN
27.0300368460;NaN;-0.3212948618;NaN
27.0400368324;NaN;-0.3212948618;NaN
27.0500368189;NaN;-0.3212948618;NaN
27.0600368053;NaN;-0.3212948618;NaN
27.0700367918;NaN;-0.3212948618;NaN
27.0800367782;NaN;-0.3212948618;NaN
27.0900367647;NaN;-0.3212948618;NaN
27.1000367512;NaN;-0.3212948618;NaN
27.1100367377;NaN;-0.3212948618;NaN
27.1200367242;NaN;-0.3212948618;NaN
27.1300367107;NaN;-0.3034652596;NaN
27.1400366972;NaN;-0.3391244640;NaN
27.1500366838;NaN;-0.3212948618;NaN
27.1600366703;NaN;-0.3212948618;NaN
27.1700366569;NaN;NaN;NaN