Time (s);Ay (m/s²) --sensor: Accelerometer --remote: 1 --Run1;Ay (m/s²) --sensor: Accelerometer --remote: 1 --Run2;Ay (m/s²) --sensor: Accelerometer --remote: 1 --Run3;Ay (m/s²) --sensor: Accelerometer --remote: 1 --Run4;Ay (m/s²) --sensor: Accelerometer --remote: 1 --Run5;Fᵧ (N) --sensor: Force --remote: 1 --Run1;Fᵧ (N) --sensor: Force --remote: 1 --Run2;Fᵧ (N) --sensor: Force --remote: 1 --Run3;Fᵧ (N) --sensor: Force --remote: 1 --Run4;Fᵧ (N) --sensor: Force --remote: 1 --Run5
0.0000000000;-9.7953036663;-9.9853893997;-9.7456665527;-9.7808891415;-9.8329674246;-2.3182103074;-2.7817799644;-2.2676931012;-2.5907485123;-2.5143359315
0.0100000000;-9.7899563426;-9.9291981158;-9.7508976303;-9.7701686616;-9.8215964359;-2.3182103074;-2.7817799644;-2.2672685868;-2.5905487409;-2.5143359315
0.0200000000;-9.7908281889;-9.8628855173;-9.7603135698;-9.7657771397;-9.8112783370;-2.3159816071;-2.7817799644;-2.2669502011;-2.5914227410;-2.5143359315
0.0300000000;-9.7920487736;-9.7983714962;-9.7703494890;-9.7676370784;-9.8004291870;-2.3162292405;-2.7817799644;-2.2667025677;-2.5932370446;-2.5143359315
0.0400000000;-9.7898788452;-9.7534399245;-9.7741468638;-9.7768994582;-9.7911490472;-2.3162292405;-2.7817799644;-2.2647215008;-2.5935786079;-2.5143359315
0.0500000000;-9.7898788452;-9.6997479074;-9.7822840955;-9.7862674642;-9.7879850894;-2.3162292405;-2.7817799644;-2.2647215008;-2.5953075390;-2.5143359315
0.0600000000;-9.7833690598;-9.6518591699;-9.7953036663;-9.8093958722;-9.7848207725;-2.3162292405;-2.7817799644;-2.2647215008;-2.5973175229;-2.5143359315
0.0700000000;-9.7790292028;-9.6305719622;-9.8153755046;-9.8329559435;-9.7859168971;-2.3162292405;-2.7817799644;-2.2647215008;-2.5975407417;-2.5143359315
0.0800000000;-9.7795716850;-9.6474847551;-9.8321924502;-9.8510457902;-9.7875596097;-2.3162292405;-2.7799806467;-2.2647215008;-2.5975407417;-2.5143359315
0.0900000000;-9.7871664346;-9.6811795088;-9.8457545031;-9.8639664027;-9.7906904978;-2.3162292405;-2.7779841797;-2.2647215008;-2.5993554595;-2.5143359315
0.1000000000;-9.7947611842;-9.7291383476;-9.8500943600;-9.8709317008;-9.8029754134;-2.3162292405;-2.7759901366;-2.2647215008;-2.6013495026;-2.5143359315
0.1100000000;-9.7985585590;-9.7802490383;-9.8462969852;-9.8652212652;-9.8140537664;-2.3182103074;-2.7758367636;-2.2647215008;-2.6015028755;-2.5123548646
0.1200000000;-9.8018134517;-9.8274398916;-9.8370747892;-9.8447607123;-9.8219190329;-2.3182103074;-2.7739883998;-2.2647215008;-2.6033512394;-2.5123548646
0.1300000000;-9.8088657192;-9.8722566838;-9.8256826648;-9.8204386710;-9.8320880394;-2.3182103074;-2.7738556967;-2.2647215008;-2.6053406746;-2.5103737977
0.1400000000;-9.8088657192;-9.9031234882;-9.8142905404;-9.8045365692;-9.8398812834;-2.3182103074;-2.7738556967;-2.2647215008;-2.6054650094;-2.5103737977
0.1500000000;-9.8088657192;-9.9166666981;-9.8028984159;-9.7985330304;-9.8469888722;-2.3182103074;-2.7719850499;-2.2647215008;-2.6054650094;-2.5103737977
0.1600000000;-9.8034408981;-9.9040021283;-9.7904213273;-9.7941125019;-9.8566311900;-2.3182103074;-2.7699981354;-2.2647215008;-2.6054650094;-2.5103737977
0.1700000000;-9.7958461484;-9.8692487022;-9.7801141671;-9.7941667899;-9.8793039445;-2.3201913743;-2.7698935629;-2.2647215008;-2.6054650094;-2.5083927308
0.1800000000;-9.7898788452;-9.8380082728;-9.7681795605;-9.7971764089;-9.9099188734;-2.3201913743;-2.7698935629;-2.2647215008;-2.6054650094;-2.5064116639
0.1900000000;-9.7866239525;-9.8241058187;-9.7600423288;-9.8019296979;-9.9460854525;-2.3201913743;-2.7698935629;-2.2647215008;-2.6054650094;-2.5044305969
0.2000000000;-9.7839115419;-9.8261069825;-9.7562449540;-9.8118010406;-9.9861359840;-2.3201913743;-2.7679987999;-2.2647215008;-2.6054650094;-2.5044305969
0.2100000000;-9.7801141671;-9.8413004394;-9.7584148824;-9.8286291229;-10.0242734545;-2.3221724412;-2.7698108687;-2.2647215008;-2.6054650094;-2.5024495300
0.2200000000;-9.7784867207;-9.8544550468;-9.7654671499;-9.8415368721;-10.0576241085;-2.3221724412;-2.7679918710;-2.2647215008;-2.6054650094;-2.5024495300
0.2300000000;-9.7822840955;-9.8633220634;-9.7784867207;-9.8450105276;-10.0959825288;-2.3241535081;-2.7660077414;-2.2647215008;-2.6054650094;-2.5004684631
0.2400000000;-9.7909638094;-9.8599998822;-9.7942187021;-9.8386648230;-10.1512694418;-2.3261345750;-2.7659314291;-2.2647215008;-2.6054650094;-2.4984873962
0.2500000000;-9.8056108265;-9.8509666425;-9.8099506834;-9.8351298904;-10.2265733558;-2.3261345750;-2.7659314291;-2.2647215008;-2.6054650094;-2.4945252624
0.2600000000;-9.8235127363;-9.8417330450;-9.8197153615;-9.8313612276;-10.3209460938;-2.3261345750;-2.7659314291;-2.2647215008;-2.6054650094;-2.4925441955
0.2700000000;-9.8381597535;-9.8325002105;-9.8235127363;-9.8290778546;-10.4186118719;-2.3281156419;-2.7659314291;-2.2647215008;-2.6073799647;-2.4905631286
0.2800000000;-9.8517218064;-9.8180184261;-9.8240552185;-9.8284290490;-10.5294881006;-2.3281156419;-2.7659314291;-2.2647215008;-2.6074460763;-2.4866009947
0.2900000000;-9.8620289666;-9.7996780100;-9.8251401827;-9.8248282812;-10.6728656537;-2.3300967088;-2.7678505252;-2.2647215008;-2.6093651724;-2.4826388609
0.3000000000;-9.8717936446;-9.7791119892;-9.8262251469;-9.8159189554;-10.8351878913;-2.3281156419;-2.7659915183;-2.2647215008;-2.6094271432;-2.4766956602
0.3100000000;-9.8739635731;-9.7647973950;-9.8262251469;-9.8066811784;-10.9880742413;-2.3300967088;-2.7659314291;-2.2647215008;-2.6094271432;-2.4687713926
0.3200000000;-9.8734210910;-9.7633282465;-9.8224277721;-9.8000057530;-11.1290468201;-2.3300967088;-2.7659314291;-2.2647215008;-2.6113515606;-2.4588660580
0.3300000000;-9.8690812341;-9.7780644551;-9.8132055761;-9.7945123766;-11.2417092110;-2.3300967088;-2.7659314291;-2.2647215008;-2.6114082101;-2.4469796565
0.3400000000;-9.8636564129;-9.8022381447;-9.8023559338;-9.7859964660;-11.3155423423;-2.3320777757;-2.7659314291;-2.2647215008;-2.6114082101;-2.4350932551
0.3500000000;-9.8533492527;-9.8266672409;-9.7887938809;-9.7747318648;-11.3481438577;-2.3300967088;-2.7659314291;-2.2647215008;-2.6133371066;-2.4212257867
0.3600000000;-9.8349048608;-9.8347099921;-9.7806566492;-9.7643557232;-11.3579580158;-2.3281156419;-2.7659314291;-2.2647215008;-2.6133892770;-2.4033961845
0.3700000000;-9.8170029509;-9.8232688108;-9.7768592744;-9.7550679201;-11.3312201625;-2.3281156419;-2.7639999206;-2.2647215008;-2.6153207855;-2.3875476492
0.3800000000;-9.8012709696;-9.7991543295;-9.7730618996;-9.7489346921;-11.2596095227;-2.3281156419;-2.7620176435;-2.2647215008;-2.6153703439;-2.3677369801
0.3900000000;-9.7871664346;-9.7694328487;-9.7714344532;-9.7445124250;-11.1551011268;-2.3300967088;-2.7619692953;-2.2647215008;-2.6153703439;-2.3459452441
0.4000000000;-9.7822840955;-9.7491172499;-9.7681795605;-9.7417213587;-11.0423831934;-2.3281156419;-2.7619692953;-2.2647215008;-2.6153703439;-2.3241535081
0.4100000000;-9.7795716850;-9.7401678610;-9.7654671499;-9.7447080214;-10.9231254195;-2.3281156419;-2.7619692953;-2.2667025677;-2.6153703439;-2.3003807052
0.4200000000;-9.7779442386;-9.7426225948;-9.7714344532;-9.7588624040;-10.7984147753;-2.3261345750;-2.7600322743;-2.2667025677;-2.6173073649;-2.2766079023
0.4300000000;-9.7774017565;-9.7564806676;-9.7828265777;-9.7823524081;-10.6645619063;-2.3261345750;-2.7599882284;-2.2686836346;-2.6192893902;-2.2508540324
0.4400000000;-9.7806566492;-9.7716536049;-9.8012709696;-9.8124811435;-10.5204190012;-2.3281156419;-2.7580493313;-2.2706647015;-2.6193324777;-2.2231190957
0.4500000000;-9.7925912557;-9.7910992495;-9.8208003258;-9.8366421886;-10.3702117786;-2.3281156419;-2.7580071615;-2.2726457684;-2.6193324777;-2.1953841589
0.4600000000;-9.8034408981;-9.8106369199;-9.8408721640;-9.8521986942;-10.2166918213;-2.3300967088;-2.7599477812;-2.2746268354;-2.6193324777;-2.1656681553
0.4700000000;-9.8088657192;-9.8307058853;-9.8587740739;-9.8601034531;-10.0514108244;-2.3300967088;-2.7599882284;-2.2766079023;-2.6193324777;-2.1359521516
0.4800000000;-9.8115781298;-9.8470627171;-9.8723361268;-9.8609231219;-9.8805704051;-2.3281156419;-2.7599882284;-2.2766079023;-2.6193324777;-2.1082172149
0.4900000000;-9.8142905404;-9.8542985453;-9.8858981797;-9.8546800476;-9.7085599370;-2.3300967088;-2.7599882284;-2.2766079023;-2.6212754328;-2.0785012112
0.5000000000;-9.8164604688;-9.8549664598;-9.8962053399;-9.8382405567;-9.5312082104;-2.3281156419;-2.7599882284;-2.2766079023;-2.6213135446;-2.0487852076
0.5100000000;-9.8202578436;-9.8406010178;-9.8972903041;-9.8114801613;-9.3484301837;-2.3281156419;-2.7619325960;-2.2785889692;-2.6213135446;-2.0190692039
0.5200000000;-9.8208003258;-9.8131662923;-9.8907805187;-9.7775381701;-9.1714108629;-2.3281156419;-2.7619692953;-2.2785889692;-2.6213135446;-1.9913342672
0.5300000000;-9.8202578436;-9.7812283785;-9.8783034300;-9.7438637775;-8.9977009679;-2.3281156419;-2.7639149745;-2.2785889692;-2.6213135446;-1.9655803974
0.5400000000;-9.8148330225;-9.7513437445;-9.8609440023;-9.7175422045;-8.8229863305;-2.3300967088;-2.7620040617;-2.2766079023;-2.6213135446;-1.9398265275
0.5500000000;-9.8132055761;-9.7412238622;-9.8359898250;-9.7072102810;-8.6535854645;-2.3300967088;-2.7580754948;-2.2746268354;-2.6213135446;-1.9120915908
0.5600000000;-9.8213428079;-9.7479881573;-9.8099506834;-9.7115985838;-8.4970803749;-2.3300967088;-2.7580071615;-2.2746268354;-2.6213135446;-1.8863377209
0.5700000000;-9.8305650038;-9.7694452499;-9.7811991313;-9.7285513754;-8.3541373079;-2.3320777757;-2.7580071615;-2.2766079023;-2.6213135446;-1.8625649180
0.5800000000;-9.8311074860;-9.7890161222;-9.7502776507;-9.7527446527;-8.2199628817;-2.3320777757;-2.7580071615;-2.2766079023;-2.6213135446;-1.8407731820
0.5900000000;-9.8370747892;-9.8010784250;-9.7209836164;-9.7845223901;-8.1040811643;-2.3320777757;-2.7580071615;-2.2766079023;-2.6213135446;-1.8229435798
0.6000000000;-9.8435845746;-9.8092790058;-9.6954869570;-9.8160192142;-8.0077221550;-2.3340588427;-2.7580071615;-2.2746268354;-2.6232631580;-1.8051139776
0.6100000000;-9.8533492527;-9.8131462274;-9.6743301545;-9.8427662851;-7.9282331037;-2.3340588427;-2.7580071615;-2.2746268354;-2.6252447166;-1.7892654423
0.6200000000;-9.8620289666;-9.8185469184;-9.6656504406;-9.8598916781;-7.8671722256;-2.3340588427;-2.7560565798;-2.2726457684;-2.6272262601;-1.7734169071
0.6300000000;-9.8701661983;-9.8309183951;-9.6667354049;-9.8656643331;-7.8261677044;-2.3320777757;-2.7560260945;-2.2746268354;-2.6272567454;-1.7615305056
0.6400000000;-9.8685387520;-9.8417951567;-9.6786700114;-9.8616141834;-7.7977631598;-2.3320777757;-2.7579775866;-2.2766079023;-2.6272567454;-1.7536062380
0.6500000000;-9.8620289666;-9.8467676525;-9.7009117782;-9.8535852151;-7.7839794665;-2.3300967088;-2.7560552343;-2.2766079023;-2.6272567454;-1.7476630372
0.6600000000;-9.8533492527;-9.8420279019;-9.7285783661;-9.8480794906;-7.7837799808;-2.3281156419;-2.7560260945;-2.2766079023;-2.6272567454;-1.7417198365
0.6700000000;-9.8511793242;-9.8360750898;-9.7573299182;-9.8468700420;-7.7987524423;-2.3261345750;-2.7540733344;-2.2785889692;-2.6292095055;-1.7397387696
0.6800000000;-9.8430420925;-9.8210143054;-9.7893363630;-9.8426202092;-7.8208979194;-2.3261345750;-2.7520918687;-2.2785889692;-2.6292378123;-1.7397387696
0.6900000000;-9.8262251469;-9.7999374252;-9.8164604688;-9.8345854014;-7.8570526400;-2.3241535081;-2.7520639607;-2.2805700361;-2.6272842656;-1.7417198365
0.7000000000;-9.8066957907;-9.7803817434;-9.8452120210;-9.8269729686;-7.9046418993;-2.3221724412;-2.7501100369;-2.2805700361;-2.6253028215;-1.7456819703
0.7100000000;-9.7871664346;-9.7694111687;-9.8669113056;-9.8162074148;-7.9604164164;-2.3201913743;-2.7520371846;-2.2825511030;-2.6252756785;-1.7536062380
0.7200000000;-9.7774017565;-9.7681940293;-9.8858981797;-9.8042975590;-8.0291480928;-2.3201913743;-2.7540186086;-2.2825511030;-2.6272303264;-1.7635115725
0.7300000000;-9.7779442386;-9.7719269611;-9.9016301610;-9.7870750008;-8.1082269307;-2.3182103074;-2.7540450276;-2.2825511030;-2.6272567454;-1.7753979740
0.7400000000;-9.7817416134;-9.7735832424;-9.9103098749;-9.7660098128;-8.1949389606;-2.3182103074;-2.7540450276;-2.2825511030;-2.6292120797;-1.7892654423
0.7500000000;-9.7909638094;-9.7805662204;-9.9146497318;-9.7416736730;-8.2946031836;-2.3182103074;-2.7520893632;-2.2845321699;-2.6311934767;-1.8070950445
0.7600000000;-9.8034408981;-9.7876196330;-9.9162771781;-9.7209566555;-8.4030059260;-2.3182103074;-2.7520639607;-2.2865132368;-2.6292628932;-1.8249246467
0.7700000000;-9.8137480583;-9.7968158170;-9.9135647676;-9.7130339673;-8.5222335249;-2.3182103074;-2.7520639607;-2.2865132368;-2.6292378123;-1.8427542489
0.7800000000;-9.8240552185;-9.8108614907;-9.9151922139;-9.7213143345;-8.6453485031;-2.3182103074;-2.7501073552;-2.2865132368;-2.6311944178;-1.8645459849
0.7900000000;-9.8343623787;-9.8238964193;-9.9108523570;-9.7411141359;-8.7744050123;-2.3182103074;-2.7500828938;-2.2865132368;-2.6312188792;-1.8883187879
0.8000000000;-9.8484669137;-9.8278068350;-9.9043425716;-9.7733716670;-8.9105020225;-2.3182103074;-2.7481256987;-2.2865132368;-2.6312188792;-1.9140726577
0.8100000000;-9.8598590381;-9.8224923626;-9.8945778935;-9.8075188618;-9.0504367335;-2.3182103074;-2.7461443475;-2.2865132368;-2.6312188792;-1.9398265275
0.8200000000;-9.8739635731;-9.8143862859;-9.8821008049;-9.8422344563;-9.1984582163;-2.3182103074;-2.7461207600;-2.2865132368;-2.6331766362;-1.9675614643
0.8300000000;-9.8983752683;-9.8132181937;-9.8685387520;-9.8647724176;-9.3535463551;-2.3162292405;-2.7480787881;-2.2865132368;-2.6331999461;-1.9952964010
0.8400000000;-9.9336366059;-9.8094518551;-9.8560616633;-9.8758868544;-9.5140794437;-2.3142481736;-2.7481018269;-2.2845321699;-2.6312416531;-2.0230313377
0.8500000000;-9.9629306401;-9.8035087172;-9.8457545031;-9.8713609060;-9.6837925166;-2.3122671066;-2.7481018269;-2.2825511030;-2.6331774310;-2.0527473414
0.8600000000;-9.9585907832;-9.7948587215;-9.8376172714;-9.8510950526;-9.8557566513;-2.3102860397;-2.7481018269;-2.2825511030;-2.6351587510;-2.0824633451
0.8700000000;-9.9808325499;-9.7802769320;-9.8343623787;-9.8235784596;-10.0352553122;-2.3083049728;-2.7481018269;-2.2825511030;-2.6351810130;-2.1101982818
0.8800000000;-10.0513552250;-9.7624090056;-9.8327349323;-9.7921904541;-10.2180579455;-2.3043428390;-2.7481018269;-2.2825511030;-2.6371403073;-2.1379332185
0.8900000000;-10.1826358970;-9.7547000691;-9.8316499681;-9.7649656362;-10.3992865085;-2.3003807052;-2.7481018269;-2.2825511030;-2.6352025489;-2.1656681553
0.9000000000;-10.3084917479;-9.7562274525;-9.8300225217;-9.7516396905;-10.5794234230;-2.2964185714;-2.7481018269;-2.2825511030;-2.6351810130;-2.1914220251
0.9100000000;-10.4180731353;-9.7675158717;-9.8278525933;-9.7481762616;-10.7584746740;-2.2924564375;-2.7481018269;-2.2825511030;-2.6351810130;-2.2151948280
0.9200000000;-10.5086676486;-9.7848137548;-9.8208003258;-9.7635118821;-10.9283887167;-2.2884943037;-2.7461416157;-2.2825511030;-2.6351810130;-2.2409486979
0.9300000000;-10.6322850470;-9.8043224092;-9.8110356477;-9.8166546203;-11.0837098159;-2.2845321699;-2.7461207600;-2.2825511030;-2.6351810130;-2.2647215008
0.9400000000;-10.7171876130;-9.8511567208;-9.7921504890;-9.8406911129;-11.3474128100;-2.2785889692;-2.7461207600;-2.2825511030;-2.6351810130;-2.2865132368
0.9500000000;-10.7712233995;-9.8814869612;-9.7796990156;-9.8619365522;-11.4574245759;-2.2706647015;-2.7480816098;-2.2825511030;-2.6351810130;-2.3083049728
0.9600000000;-10.7733824806;-9.9049609069;-9.7661466366;-9.8815205526;-11.5494843152;-2.2607593670;-2.7500628810;-2.2825511030;-2.6351810130;-2.3300967088
0.9700000000;-10.7062668278;-9.9102131757;-9.7498979297;-9.8878925481;-11.6262933006;-2.2528350993;-2.7500828938;-2.2805700361;-2.6351810130;-2.3499073779
0.9800000000;-10.6320045218;-9.8986093257;-9.7395300696;-9.8791145965;-11.6852473134;-2.2429297648;-2.7520443443;-2.2805700361;-2.6391039139;-2.3637748463
0.9900000000;-10.5576772556;-9.8792251952;-9.7313705612;-9.8525044517;-11.7252284149;-2.2310433633;-2.7520639607;-2.2825511030;-2.6391431468;-2.3776423147
1.0000000000;-10.4838873444;-9.8612883341;-9.7323652062;-9.8195761259;-11.7525999075;-2.2191569619;-2.7520639607;-2.2825511030;-2.6391431468;-2.3915097831
1.0100000000;-10.4160128074;-9.8540260883;-9.7313012100;-9.7870029148;-11.7664253031;-2.2072705604;-2.7520639607;-2.2825511030;-2.6391431468;-2.4014151176
1.0200000000;-10.3508829072;-9.8554884691;-9.7221564192;-9.7655180061;-11.7688126543;-2.1914220251;-2.7540261586;-2.2825511030;-2.6411053447;-2.4093393852
1.0300000000;-10.2852418389;-9.8555191812;-9.7054102998;-9.7580683475;-11.7629978585;-2.1775545567;-2.7560074036;-2.2825511030;-2.6411242137;-2.4152825860
1.0400000000;-10.2228201844;-9.8576489188;-9.6789184597;-9.7547071147;-11.7474457025;-2.1636870884;-2.7540635439;-2.2845321699;-2.6411242137;-2.4172636529
1.0500000000;-10.1561296716;-9.8965635532;-9.6566342048;-9.7519790904;-11.7242556743;-2.1498196200;-2.7520823055;-2.2845321699;-2.6411242137;-2.4172636529
1.0600000000;-10.0850986634;-10.0224553365;-9.6478281680;-9.7566554486;-11.6955988787;-2.1339710847;-2.7520639607;-2.2865132368;-2.6411242137;-2.4133015191
1.0700000000;-10.0091896272;-10.2474447352;-9.6375350799;-9.7694581842;-11.6593847298;-2.1201036164;-2.7481378493;-2.2884943037;-2.6391611580;-2.4093393852
1.0800000000;-9.9289351534;-10.4800994843;-9.6256142918;-9.7977950625;-11.6171718508;-2.1062361480;-2.7441753909;-2.2884943037;-2.6391431468;-2.4053772514
1.0900000000;-9.8411144067;-10.7347091515;-9.6088399818;-9.8307789387;-11.5673912478;-2.0903876127;-2.7402129383;-2.2904753706;-2.6391431468;-2.3974529838
1.1000000000;-9.7451601432;-11.0195613004;-9.5898709831;-9.8580663265;-11.5094806899;-2.0745390774;-2.7362504913;-2.2924564375;-2.6391431468;-2.3855665823
1.1100000000;-9.6475201838;-11.3262722927;-9.5800239281;-9.8735706529;-11.4428975049;-2.0606716090;-2.7283606743;-2.2944375045;-2.6391431468;-2.3716991140
1.1200000000;-9.5471771303;-11.6568208382;-9.5750983856;-9.8707921577;-11.3612346243;-2.0448230738;-2.7184719632;-2.2964185714;-2.6391431468;-2.3558505787
1.1300000000;-9.4403567517;-11.9872505073;-9.5885010572;-9.8611923108;-11.2686435972;-2.0309556054;-2.7085658859;-2.2983996383;-2.6391431468;-2.3400020434
1.1400000000;-9.3329420537;-12.2728739576;-9.6074425613;-9.8519543484;-11.1636001293;-2.0170881370;-2.6966956879;-2.3023617721;-2.6391431468;-2.3201913743
1.1500000000;-9.2222955061;-12.4606454988;-9.6258929264;-9.8427302137;-11.0455428795;-2.0032206686;-2.6808798713;-2.3043428390;-2.6411074238;-2.3003807052
1.1600000000;-9.1083937330;-12.5267190528;-9.6556350177;-9.8292738762;-10.9101951447;-1.9873721334;-2.6630657890;-2.3063239059;-2.6411242137;-2.2785889692
1.1700000000;-9.0036098483;-12.5565958524;-9.6962328462;-9.8098885290;-10.7574834719;-1.9715235981;-2.6452349380;-2.3083049728;-2.6430887706;-2.2528350993
1.1800000000;-8.9096635574;-12.5218633258;-9.7525237635;-9.7892967698;-10.5900759110;-1.9576561297;-2.6215100276;-2.3102860397;-2.6431052807;-2.2251001626
1.1900000000;-8.8254924269;-12.4145442799;-9.8256248187;-9.7792654915;-10.4144216854;-1.9457697282;-2.5938059588;-2.3142481736;-2.6431052807;-2.1993462928
1.2000000000;-8.7505493081;-12.2435870668;-9.9026312855;-9.7795586629;-10.2295609913;-1.9358643937;-2.5641042139;-2.3182103074;-2.6431052807;-2.1716113560
1.2100000000;-8.6918250760;-12.0139474997;-9.9812831185;-9.7922812069;-10.0418817049;-1.9279401261;-2.5324211720;-2.3221724412;-2.6431052807;-2.1418953524
1.2200000000;-8.6488393443;-11.7561359324;-10.0416512738;-9.8047735548;-9.8509558277;-1.9200158584;-2.4967916213;-2.3241535081;-2.6431052807;-2.1101982818
1.2300000000;-8.6194349463;-11.4936106552;-10.0851871433;-9.8172529473;-9.6626479377;-1.9140726577;-2.4571994661;-2.3261345750;-2.6450706238;-2.0804822781
1.2400000000;-8.6111292841;-11.2331530150;-10.1081364324;-9.8260232564;-9.4722474561;-1.9081294570;-2.4175756514;-2.3300967088;-2.6431208806;-2.0507662745
1.2500000000;-8.6250595440;-10.9855477406;-10.1126217969;-9.8362944070;-9.2850175848;-1.9061483900;-2.3759862866;-2.3320777757;-2.6431052807;-2.0210502708
1.2600000000;-8.6542366774;-10.7461584121;-10.1078112149;-9.8460733272;-9.1069192255;-1.9061483900;-2.3324156526;-2.3340588427;-2.6411395718;-1.9933153341
1.2700000000;-8.6921454016;-10.5186480707;-10.0867793169;-9.8462969852;-8.9391139680;-1.9061483900;-2.2888295812;-2.3360399096;-2.6411242137;-1.9675614643
1.2800000000;-8.7392731734;-10.2966643828;-10.0553927968;-9.8367526007;-8.7821528344;-1.9061483900;-2.2452435495;-2.3380209765;-2.6411242137;-1.9398265275
1.2900000000;-8.7913171968;-10.0811757951;-10.0158514317;-9.8190312538;-8.6349754605;-1.9061483900;-2.2016575566;-2.3400020434;-2.6411242137;-1.9140726577
1.3000000000;-8.8460904621;-9.8700612941;-9.9730175628;-9.7990046738;-8.4980996084;-1.9081294570;-2.1561054308;-2.3419831103;-2.6411242137;-1.8883187879
1.3100000000;-8.9019610977;-9.6536679680;-9.9398508738;-9.7821126361;-8.3768778854;-1.9101105239;-2.1105383348;-2.3439641772;-2.6411242137;-1.8665270518
1.3200000000;-8.9583783084;-9.4307799747;-9.9175269053;-9.7695377897;-8.2655122555;-1.9160537246;-2.0669376682;-2.3459452441;-2.6391578222;-1.8447353158
1.3300000000;-9.0099530843;-9.2024502661;-9.9071307742;-9.7628962789;-8.1703283350;-1.9239779922;-2.0213853225;-2.3479263110;-2.6391431468;-1.8249246467
1.3400000000;-9.0582605187;-8.9719026506;-9.8995156717;-9.7648778275;-8.0930263532;-1.9299211930;-1.9777849434;-2.3499073779;-2.6391431468;-1.8070950445
1.3500000000;-9.1011584724;-8.7402543535;-9.8849193588;-9.7734183591;-8.0293527535;-1.9378454606;-1.9341991658;-2.3499073779;-2.6391431468;-1.7912465092
1.3600000000;-9.1397081608;-8.5032433601;-9.8681172614;-9.7900634655;-7.9771051839;-1.9477507952;-1.8906134213;-2.3518884449;-2.6391431468;-1.7753979740
1.3700000000;-9.1782263705;-8.2629459301;-9.8496836303;-9.8068829320;-7.9319738479;-1.9576561297;-1.8470277092;-2.3518884449;-2.6391431468;-1.7615305056
1.3800000000;-9.2194377249;-8.0172539324;-9.8344701111;-9.8252956623;-7.8992446707;-1.9695425312;-1.8034420290;-2.3518884449;-2.6391431468;-1.7516251710
1.3900000000;-9.2595911019;-7.7757644762;-9.8257437926;-9.8405556700;-7.8768555269;-1.9814289326;-1.7637906100;-2.3499073779;-2.6391431468;-1.7456819703
1.4000000000;-9.3040462625;-7.5450354196;-9.8138315212;-9.8499035285;-7.8588911746;-1.9952964010;-1.7261345329;-2.3499073779;-2.6391431468;-1.7397387696
1.4100000000;-9.3539191035;-7.3267634045;-9.8013576202;-9.8522196946;-7.8500825306;-2.0071828025;-1.6904597422;-2.3499073779;-2.6391431468;-1.7357766358
1.4200000000;-9.4129884403;-7.1236463898;-9.7921123780;-9.8517328790;-7.8510328992;-2.0210502708;-1.6587336372;-2.3499073779;-2.6391431468;-1.7337955689
1.4300000000;-9.4791257465;-6.9314411807;-9.7850448116;-9.8527847750;-7.8606795761;-2.0349177392;-1.6290025665;-2.3499073779;-2.6391431468;-1.7337955689
1.4400000000;-9.5550098974;-6.7629314795;-9.7866128809;-9.8565276778;-7.8800778629;-2.0507662745;-1.6032203573;-2.3518884449;-2.6391431468;-1.7357766358
1.4500000000;-9.6455089312;-6.6204363585;-9.7925509343;-9.8725530759;-7.9092425875;-2.0646337429;-1.5814006650;-2.3518884449;-2.6371754661;-1.7417198365
1.4600000000;-9.7495785816;-6.5061262375;-9.8012127138;-9.9388097682;-7.9519204532;-2.0824633451;-1.5635434818;-2.3518884449;-2.6371620799;-1.7496441041
1.4700000000;-9.8645171169;-6.4248480048;-9.8077373545;-10.1092504699;-8.0070921402;-2.0983118803;-1.5516166593;-2.3518884449;-2.6371620799;-1.7575683718
1.4800000000;-9.9881506334;-6.3745257078;-9.8093974231;-10.4147430048;-8.0752783846;-2.1141604156;-1.5416976797;-2.3538695118;-2.6332261866;-1.7674737063
1.4900000000;-10.1161532494;-6.3572718644;-9.8137195053;-10.7282312233;-8.1586279376;-2.1300089509;-1.5376960125;-2.3538695118;-2.6292638801;-1.7793601078
1.5000000000;-10.2463402799;-6.3800757769;-9.8169816762;-11.0349095542;-8.2609175469;-2.1458574862;-1.5357018265;-2.3558505787;-2.6233334577;-1.7952086431
1.5100000000;-10.3706129611;-6.4317849961;-9.8223925445;-11.3222962465;-8.3795197124;-2.1597249546;-1.5396252824;-2.3558505787;-2.6173900047;-1.8130382453
1.5200000000;-10.4943075886;-6.5208189261;-9.8305125034;-11.5880198520;-8.5127923442;-2.1755734898;-1.5475241528;-2.3558505787;-2.6094782696;-1.8328489144
1.5300000000;-10.6077575410;-6.6322941953;-9.8364940536;-11.8368281023;-8.6580364058;-2.1874598913;-1.5574171155;-2.3558505787;-2.5995853070;-1.8526595835
1.5400000000;-10.7076652661;-6.7735133319;-9.8376103605;-12.0592345684;-8.8173593196;-2.2013273597;-1.5732281989;-2.3558505787;-2.5896795680;-1.8744513195
1.5500000000;-10.7891583492;-6.9365387548;-9.8316877373;-12.2204526587;-8.9870392620;-2.2132137611;-1.5910459012;-2.3558505787;-2.5758367780;-1.9002051893
1.5600000000;-10.8538227316;-7.1191239318;-9.8154778638;-12.2633815600;-9.1638136235;-2.2251001626;-1.6128134269;-2.3558505787;-2.5560629370;-1.9279401261
1.5700000000;-10.9000515313;-7.3185626252;-9.7932727544;-12.1624446914;-9.3492484100;-2.2350054971;-1.6365747044;-2.3578316456;-2.5382201738;-1.9556750628
1.5800000000;-10.9326864881;-7.5321417471;-9.7694127865;-12.0455064154;-9.5444356407;-2.2449108317;-1.6642859536;-2.3578316456;-2.5164523561;-1.9853910665
1.5900000000;-10.9506800632;-7.7528616231;-9.7520122581;-11.9187310879;-9.7392081720;-2.2528350993;-1.6959596291;-2.3558505787;-2.4946597844;-2.0151070701
1.6000000000;-10.9540254963;-7.9908160783;-9.7362696346;-11.7917761949;-9.9280792997;-2.2607593670;-1.7276579002;-2.3558505787;-2.4669604851;-2.0428420069
1.6100000000;-10.9443403306;-8.2295192388;-9.7216154130;-11.6557659599;-10.1158052200;-2.2647215008;-1.7613251434;-2.3558505787;-2.4392245107;-2.0725580105
1.6200000000;-10.9270265725;-8.4676928570;-9.7118206025;-11.5030733968;-10.2997661207;-2.2686836346;-1.7989426456;-2.3558505787;-2.4075504289;-2.1022740142
1.6300000000;-10.9037351566;-8.7010358272;-9.7101437784;-11.3383556110;-10.4713531768;-2.2726457684;-1.8385534236;-2.3558505787;-2.3738830686;-2.1319900178
1.6400000000;-10.8804075841;-8.9327116987;-9.7133693757;-11.1569052284;-10.6336773481;-2.2726457684;-1.8801453950;-2.3558505787;-2.3382345124;-2.1597249546
1.6500000000;-10.8560015157;-9.1616875741;-9.7338804786;-10.9602333158;-10.7867778792;-2.2726457684;-1.9217492831;-2.3558505787;-2.3025740368;-2.1874598913
1.6600000000;-10.8375209531;-9.3922392654;-9.7642024220;-10.7451712066;-10.9258298998;-2.2706647015;-1.9653224979;-2.3538695118;-2.2669135764;-2.2132137611
1.6700000000;-10.8201545010;-9.6195932088;-9.7999753873;-10.5137932552;-11.0470223617;-2.2667025677;-2.0089074871;-2.3538695118;-2.2273143043;-2.2369865641
1.6800000000;-10.8060303336;-9.8436916323;-9.8314659620;-10.2741339212;-11.1545997574;-2.2627404339;-2.0544619399;-2.3538695118;-2.1857221217;-2.2607593670
1.6900000000;-10.7989365836;-10.0645345467;-9.8580770422;-10.0236703615;-11.2518304431;-2.2587783001;-2.1000280281;-2.3538695118;-2.1460878506;-2.2825511030
1.7000000000;-10.7924234253;-10.2917743955;-9.8787267502;-9.7618221127;-11.3366075305;-2.2548161662;-2.1475637138;-2.3538695118;-2.1025259502;-2.3023617721
1.7100000000;-10.7832166021;-10.5265972812;-9.8880151052;-9.4949786127;-11.4099783799;-2.2488729655;-2.1931412182;-2.3538695118;-2.0609107113;-2.3221724412
1.7200000000;-10.7712971927;-10.7663341476;-9.8880681081;-9.2253852680;-11.4778550505;-2.2389676310;-2.2367375075;-2.3558505787;-2.0212766859;-2.3400020434
1.7300000000;-10.7528894019;-11.0173900314;-9.8842923100;-8.9642793890;-11.5386970936;-2.2310433633;-2.2803223947;-2.3578316456;-1.9816540612;-2.3538695118
1.7400000000;-10.7241954920;-11.2766209946;-9.8745612247;-8.7118551459;-11.5930223112;-2.2211380288;-2.3219373918;-2.3578316456;-1.9440013251;-2.3657559132
1.7500000000;-10.6862726430;-11.5370165669;-9.8604807617;-8.4723800258;-11.6440554057;-2.2132137611;-2.3655110545;-2.3578316456;-1.9024199850;-2.3776423147
1.7600000000;-10.6331930639;-11.7968876947;-9.8415207214;-8.2464606244;-11.6891508947;-2.2013273597;-2.4051558962;-2.3578316456;-1.8667262715;-2.3875476492
1.7700000000;-10.5579099688;-12.0524606829;-9.8263095356;-8.0341059890;-11.7282783127;-2.1874598913;-2.4408383430;-2.3578316456;-1.8310659603;-2.3934908500
1.7800000000;-10.4690155179;-12.2956453054;-9.8116590550;-7.8379840158;-11.7598281110;-2.1716113560;-2.4745285205;-2.3578316456;-1.7973757827;-2.3994340507
1.7900000000;-10.3681767202;-12.5204490881;-9.8018671054;-7.6650768893;-11.7832456686;-2.1577438876;-2.5042673172;-2.3578316456;-1.7676369860;-2.4014151176
1.8000000000;-10.2586397345;-12.7257329582;-9.8001948988;-7.5160344796;-11.7963786662;-2.1438764193;-2.5320139721;-2.3578316456;-1.7398903312;-2.4014151176
1.8100000000;-10.1377248836;-12.9028991590;-9.8023441404;-7.3876632197;-11.7981300429;-2.1280278840;-2.5577794327;-2.3558505787;-1.7121545707;-2.3974529838
1.8200000000;-10.0108127709;-13.0421932050;-9.8055932320;-7.2793761975;-11.7863413680;-2.1121793487;-2.5795933429;-2.3538695118;-1.6863891772;-2.3934908500
1.8300000000;-9.8784726118;-13.1451190647;-9.8088482193;-7.1922322071;-11.7583056800;-2.0943497465;-2.5974448809;-2.3538695118;-1.6645753903;-2.3855665823
1.8400000000;-9.7461031696;-13.2052538730;-9.8137219487;-7.1246470786;-11.7080898662;-2.0765201443;-2.6093635777;-2.3538695118;-1.6486944457;-2.3756612478
1.8500000000;-9.6207485223;-13.2252114133;-9.8169856372;-7.0744589837;-11.6393869870;-2.0586905421;-2.6192797883;-2.3538695118;-1.6348159886;-2.3637748463
1.8600000000;-9.5083823087;-13.2066310837;-9.8153841157;-7.0405653247;-11.5474067478;-2.0428420069;-2.6252442321;-2.3538695118;-1.6248892994;-2.3499073779
1.8700000000;-9.4041797864;-13.1586558895;-9.8126773703;-7.0266868715;-11.4401492666;-2.0289745385;-2.6272463184;-2.3558505787;-1.6169543290;-2.3340588427
1.8800000000;-9.3118924698;-13.0872886167;-9.8083459595;-7.0302132906;-11.3128692035;-2.0111449363;-2.6252860508;-2.3578316456;-1.6129712321;-2.3162292405
1.8900000000;-9.2288421575;-12.9807811966;-9.8002283879;-7.0494996535;-11.1724943789;-1.9952964010;-2.6193634327;-2.3578316456;-1.6129504873;-2.2944375045
1.9000000000;-9.1620302913;-12.8594105015;-9.7953289641;-7.0861228972;-11.0169511065;-1.9834099995;-2.6094784675;-2.3578316456;-1.6168920914;-2.2726457684
1.9100000000;-9.1055572379;-12.7276866420;-9.7942242948;-7.1347664969;-10.8472906413;-1.9695425312;-2.5976020135;-2.3598127125;-1.6228251860;-2.2488729655
1.9200000000;-9.0626301084;-12.5845807165;-9.7963775024;-7.1996202914;-10.6694306580;-1.9576561297;-2.5817734831;-2.3598127125;-1.6307394512;-2.2251001626
1.9300000000;-9.0251700427;-12.4381361722;-9.7985474877;-7.2786139667;-10.4882654597;-1.9457697282;-2.5619826148;-2.3598127125;-1.6406348853;-2.1993462928
1.9400000000;-8.9947542755;-12.2905844852;-9.8023366573;-7.3695770615;-10.3070671412;-1.9358643937;-2.5382294117;-2.3598127125;-1.6544824974;-2.1735924229
1.9500000000;-8.9708514049;-12.1451699778;-9.8045149028;-7.4746138792;-10.1312392138;-1.9259590591;-2.5124849380;-2.3598127125;-1.6703213826;-2.1458574862
1.9600000000;-8.9502201220;-11.9944068936;-9.8061451303;-7.5921541148;-9.9597626307;-1.9160537246;-2.4847593029;-2.3578316456;-1.6901125432;-2.1161414825
1.9700000000;-8.9323041318;-11.8323105970;-9.8056135390;-7.7211043558;-9.7947747604;-1.9101105239;-2.4530813466;-2.3558505787;-1.7118948714;-2.0864254789
1.9800000000;-8.9165609092;-11.6733231178;-9.8066903928;-7.8657240193;-9.6368345122;-1.9021862562;-2.4194122769;-2.3558505787;-1.7376295708;-2.0586905421
1.9900000000;-8.9013683368;-11.4993282626;-9.8088549767;-8.0276813628;-9.4870215739;-1.8942619886;-2.3837620505;-2.3558505787;-1.7653553344;-2.0289745385
2.0000000000;-8.8840192282;-11.3128283339;-9.8137240067;-8.2064659800;-9.3512555265;-1.8902998548;-2.3441593610;-2.3538695118;-1.7970335630;-2.0012396017
2.0100000000;-8.8650399128;-11.1063295540;-9.8148277039;-8.3940510996;-9.2118681852;-1.8883187879;-2.3025657104;-2.3538695118;-1.8307027546;-1.9735046650
2.0200000000;-8.8433534057;-10.8808315511;-9.8180720373;-8.5945939878;-9.0794274733;-1.8863377209;-2.2589909075;-2.3558505787;-1.8663531003;-1.9457697282
2.0300000000;-8.8248926991;-10.6368822280;-9.8224067043;-8.8108314210;-8.9502790709;-1.8863377209;-2.2154064033;-2.3578316456;-1.9020131492;-1.9180347915
2.0400000000;-8.8086073201;-10.3739496353;-9.8256669403;-9.0374559259;-8.8243859234;-1.8863377209;-2.1698504128;-2.3578316456;-1.9416161825;-1.8922809217
2.0500000000;-8.7939521005;-10.0968641458;-9.8256826648;-9.2786667127;-8.6985242815;-1.8863377209;-2.1242848155;-2.3598127125;-1.9792668987;-1.8685081187
2.0600000000;-8.7884828160;-9.8035236894;-9.8300017564;-9.5323872791;-8.5748119563;-1.8883187879;-2.0787192284;-2.3598127125;-2.0208512117;-1.8486974496
2.0700000000;-8.7911563534;-9.4965941193;-9.8354215098;-9.7905643794;-8.4548818295;-1.8942619886;-2.0311820182;-2.3617937794;-2.0585112987;-1.8288867805
2.0800000000;-8.8014275799;-9.1911476040;-9.8381468982;-10.0466636612;-8.3392868339;-1.9002051893;-1.9836353393;-2.3617937794;-2.0981240972;-1.8110571784
2.0900000000;-8.8236132805;-8.8846418675;-9.8370799071;-10.3005925684;-8.2242704130;-1.9061483900;-1.9380603925;-2.3617937794;-2.1377463213;-1.7932275762
2.1000000000;-8.8615136605;-8.5920987330;-9.8343751133;-10.5550256679;-8.1280685765;-1.9120915908;-1.8944666104;-2.3617937794;-2.1773685370;-1.7773790409
2.1100000000;-8.9156866547;-8.3120491784;-9.8305827490;-10.7982323289;-8.0379568586;-1.9200158584;-1.8528539915;-2.3598127125;-2.2169907445;-1.7635115725
2.1200000000;-8.9796553054;-8.0439404461;-9.8381244283;-11.0332551465;-7.9586501270;-1.9299211930;-1.8112506821;-2.3578316456;-2.2546410914;-1.7516251710
2.1300000000;-9.0566288672;-7.7942172349;-9.8646183114;-11.2585345086;-7.8885815533;-1.9437886613;-1.7716192762;-2.3578316456;-2.2903102782;-1.7417198365
2.1400000000;-9.1498624356;-7.5672401203;-9.8091232162;-11.4660220732;-7.8314985215;-1.9596371966;-1.7359409674;-2.3578316456;-2.3279421808;-1.7337955689
2.1500000000;-9.2474912810;-7.3684245376;-9.7824060322;-11.6513246963;-7.7885112339;-1.9735046650;-1.7022529884;-2.3578316456;-2.3596673100;-1.7258713012
2.1600000000;-9.3500001520;-7.1999706545;-9.8125243742;-11.8170582787;-7.7590921239;-1.9873721334;-1.6725181870;-2.3558505787;-2.3913650445;-1.7219091674
2.1700000000;-9.4568515300;-7.0527596104;-9.9087859842;-11.9707521249;-7.7464616343;-2.0032206686;-1.6447736284;-2.3558505787;-2.4191186493;-1.7199281005
2.1800000000;-9.5707430611;-6.9315455085;-10.1527155425;-12.2299634022;-7.7506494723;-2.0190692039;-1.6190102238;-2.3558505787;-2.4448820539;-1.7219091674
2.1900000000;-9.7996877073;-6.7541243782;-10.3028041455;-12.3339052404;-7.8098313957;-2.0368988061;-1.5972001150;-2.3538695118;-2.4686643057;-1.7238902343
2.2000000000;-9.9163207288;-6.7048915876;-10.4380238355;-12.4194095602;-7.8692389494;-2.0547284083;-1.5793523048;-2.3518884449;-2.4884932228;-1.7318145019
2.2100000000;-10.0275824139;-6.6806882238;-10.5559021277;-12.4880653060;-7.9471150437;-2.0725580105;-1.5654667911;-2.3499073779;-2.5083042885;-1.7417198365
2.2200000000;-10.1269666358;-6.6728769846;-10.7548152387;-12.5393684837;-8.0439729689;-2.0864254789;-1.5555435715;-2.3459452441;-2.5241708267;-1.7536062380
2.2300000000;-10.2181791984;-6.6856248583;-10.9152041692;-12.5807716071;-8.1603552732;-2.1022740142;-1.5456380422;-2.3400020434;-2.5360750718;-1.7674737063
2.2400000000;-10.3055556528;-6.7131003010;-11.0123289502;-12.6108093943;-8.2973398791;-2.1181225494;-1.5416495332;-2.3340588427;-2.5459893654;-1.7853033085
2.2500000000;-10.3848324579;-6.7579014526;-11.0357612685;-12.6241224363;-8.4453037904;-2.1339710847;-1.5396597007;-2.3281156419;-2.5519501356;-1.8031329107
2.2600000000;-10.4516692666;-6.8163159234;-11.0327336770;-12.6190166176;-8.6014413192;-2.1498196200;-1.5435958432;-2.3201913743;-2.5559210344;-1.8249246467
2.2700000000;-10.5092547318;-6.8941840794;-11.0068916866;-12.5959968368;-8.7635750514;-2.1656681553;-1.5515029591;-2.3102860397;-2.5559383366;-1.8467163827
2.2800000000;-10.5586929017;-6.9867642586;-10.9496588616;-12.5561389387;-8.9332831652;-2.1795356237;-1.5613998666;-2.3003807052;-2.5519933552;-1.8704891857
2.2900000000;-10.6021445210;-7.0891732885;-10.8840862479;-12.5010614057;-9.1020183582;-2.1914220251;-1.5752504413;-2.2884943037;-2.5460586198;-1.8942619886
2.3000000000;-10.6412419196;-7.2013480187;-10.8093001329;-12.4291923461;-9.2696683890;-2.2033084266;-1.5930632949;-2.2746268354;-2.5341976161;-1.9200158584
2.3100000000;-10.6862185686;-7.3265019508;-10.7258290366;-12.3367706892;-9.4351620886;-2.2151948280;-1.6128658248;-2.2607593670;-2.5203383960;-1.9457697282
2.3200000000;-10.7296325542;-7.4641411844;-10.6342155080;-12.2285321081;-9.5958074759;-2.2251001626;-1.6366221275;-2.2449108317;-2.5025254021;-1.9735046650
2.3300000000;-10.7703431552;-7.6185439275;-10.5323125750;-12.0992253649;-9.7472847802;-2.2350054971;-1.6643407040;-2.2290622964;-2.4827228060;-1.9992585348
2.3400000000;-10.8131824498;-7.7881583119;-10.4238672413;-11.9471586110;-9.8981096019;-2.2449108317;-1.6960215523;-2.2112326942;-2.4589663670;-2.0269934716
2.3500000000;-10.8549641592;-7.9799278263;-10.3094496370;-11.7765723525;-10.0430348108;-2.2528350993;-1.7277191848;-2.1934030920;-2.4312476567;-2.0527473414
2.3600000000;-10.8967367388;-8.1832267638;-10.1944439578;-11.5912738626;-10.1846706763;-2.2587783001;-1.7613895904;-2.1735924229;-2.4015394545;-2.0804822781
2.3700000000;-10.9352814260;-8.4000619426;-10.0751299319;-11.3955948732;-10.3214439817;-2.2627404339;-1.7990139397;-2.1537817538;-2.3698501205;-2.1082172149
2.3800000000;-10.9689569894;-8.6358183168;-9.9541657774;-11.1773349037;-10.4533343898;-2.2667025677;-1.8386277084;-2.1339710847;-2.3381525019;-2.1359521516
2.3900000000;-10.9972118537;-8.8852052768;-9.8315740995;-10.9469602369;-10.5840925910;-2.2686836346;-1.8802226065;-2.1121793487;-2.3044820072;-2.1617060215
2.4000000000;-11.0135850967;-9.1529781059;-9.7100450762;-10.7094524443;-10.7137656646;-2.2706647015;-1.9237986333;-2.0923686796;-2.2688303828;-2.1874598913
2.4100000000;-11.0196370874;-9.4365177308;-9.5944436054;-10.4606220082;-10.8461046756;-2.2706647015;-1.9693557881;-2.0725580105;-2.2311976293;-2.2112326942
2.4200000000;-11.0153812294;-9.7261447098;-9.4848098670;-10.2105389906;-10.9741897046;-2.2686836346;-2.0149210893;-2.0527473414;-2.1915837476;-2.2369865641
2.4300000000;-10.9986651733;-10.0222753832;-9.3784534087;-9.9609722997;-11.0990062379;-2.2647215008;-2.0604863843;-2.0329366723;-2.1539347656;-2.2587783001
2.4400000000;-10.9710855363;-10.3190209560;-9.2769664062;-9.7087454793;-11.2232472411;-2.2587783001;-2.1080247194;-2.0131260032;-2.1143208285;-2.2825511030
2.4500000000;-10.9272743116;-10.6093413118;-9.1782095881;-9.4602120674;-11.3421219132;-2.2528350993;-2.1555711015;-1.9972774679;-2.0766719221;-2.3023617721
2.4600000000;-10.8704164374;-10.8979751274;-9.0805509549;-9.2149427676;-11.4544992018;-2.2468918986;-2.2011443666;-1.9814289326;-2.0390310412;-2.3221724412
2.4700000000;-10.8021526520;-11.1780129241;-8.9866681774;-8.9836069890;-11.5614380896;-2.2389676310;-2.2467096375;-1.9655803974;-1.9994170227;-2.3380209765
2.4800000000;-10.7171142703;-11.4450816880;-8.9008884520;-8.7642418685;-11.6575911115;-2.2290622964;-2.2903017285;-1.9517129290;-1.9617682272;-2.3538695118
2.4900000000;-10.6227926152;-11.6985934870;-8.8216319118;-8.5568129419;-11.7428934382;-2.2171758950;-2.3319126842;-1.9358643937;-1.9241273608;-2.3677369801
2.5000000000;-10.5214010529;-11.9256754866;-8.7467327414;-8.3618541957;-11.8060869890;-2.2033084266;-2.3715425054;-1.9219969253;-1.8884597355;-2.3796233816
2.5100000000;-10.4145714923;-12.1309984489;-8.6761737153;-8.1761699246;-11.8502534454;-2.1894409582;-2.4091911929;-1.9081294570;-1.8527999762;-2.3875476492
2.5200000000;-10.3044697779;-12.3092585727;-8.6174902440;-8.0002431253;-11.8738228253;-2.1755734898;-2.4448587475;-1.8962430555;-1.8191135192;-2.3954719169
2.5300000000;-10.1943425605;-12.4587835417;-8.5658977787;-7.8415597089;-11.8773121776;-2.1617060215;-2.4765718416;-1.8863377209;-1.7893815223;-2.3954719169
2.5400000000;-10.0901364127;-12.5897420814;-8.5235111270;-7.6964989137;-11.8623364757;-2.1458574862;-2.5062960356;-1.8744513195;-1.7576917086;-2.3974529838
2.5500000000;-9.9870533146;-12.6974285321;-8.4925004071;-7.5644676749;-11.8267698474;-2.1300089509;-2.5340390992;-1.8645459849;-1.7299409364;-2.3954719169
2.5600000000;-9.8839786511;-12.7812498980;-8.4739591163;-7.4459917949;-11.7695145882;-2.1141604156;-2.5558541974;-1.8566217173;-1.7041790025;-2.3915097831
2.5700000000;-9.7932854870;-12.8476351625;-8.4625124063;-7.3378742156;-11.6986022054;-2.0983118803;-2.5736993624;-1.8526595835;-1.6803981975;-2.3835855154
2.5800000000;-9.7075333920;-12.8918328151;-8.4624251077;-7.2448733962;-11.6055459065;-2.0824633451;-2.5915292273;-1.8506785166;-1.6605719972;-2.3736801809
2.5900000000;-9.6272022962;-12.9212951987;-8.4699621009;-7.1638581009;-11.5057991431;-2.0685958767;-2.6054120793;-1.8486974496;-1.6447080494;-2.3617937794
2.6000000000;-9.5528347253;-12.9366456352;-8.4888628873;-7.1001220470;-11.3979330448;-2.0527473414;-2.6153326805;-1.8486974496;-1.6229314351;-2.3459452441
2.6100000000;-9.4817428774;-12.9453994173;-8.5132341821;-7.0516099925;-11.2835381451;-2.0368988061;-2.6212910322;-1.8486974496;-1.6189162147;-2.3300967088
2.6200000000;-9.4133677197;-12.9417426071;-8.5473378274;-7.0188235474;-11.1637057175;-2.0210502708;-2.6232871357;-1.8506785166;-1.6149465342;-2.3142481736
2.6300000000;-9.3444746296;-12.9256076592;-8.5960524617;-7.0012364347;-11.0422029150;-2.0052017356;-2.6213209924;-1.8566217173;-1.6129579351;-2.2944375045
2.6400000000;-9.2815002450;-12.8980674489;-8.6561843231;-7.0031160672;-10.9206818637;-1.9893532003;-2.6153926034;-1.8645459849;-1.6109768402;-2.2726457684
2.6500000000;-9.2228781631;-12.8532331809;-8.7180168547;-7.0298719442;-10.7954056698;-1.9754857319;-2.6055019701;-1.8724702526;-1.6149167699;-2.2508540324
2.6600000000;-9.1621346267;-12.7792355862;-8.7900923277;-7.0724981383;-10.6668683034;-1.9616182635;-2.5936227959;-1.8803945202;-1.6208526610;-2.2270812295
2.6700000000;-9.1024519257;-12.6823795694;-8.8660137706;-7.1345997307;-10.5372218114;-1.9477507952;-2.5758150422;-1.8902998548;-1.6307434026;-2.2013273597
2.6800000000;-9.0384693284;-12.5638105258;-8.9484252456;-7.2178364382;-10.4064903060;-1.9338833268;-2.5540376831;-1.9021862562;-1.6426226291;-2.1755734898
2.6900000000;-8.9749932223;-12.4235404855;-9.0373468417;-7.3158170779;-10.2730641606;-1.9219969253;-2.5302718680;-1.9160537246;-1.6564829753;-2.1518006869
2.7000000000;-8.9142137290;-12.2572769559;-9.1311629882;-7.4359309217;-10.1331694795;-1.9101105239;-2.5025511246;-1.9319022599;-1.6742982508;-2.1240657502
2.7100000000;-8.8561468026;-12.0655088520;-9.2282461056;-7.5793581186;-9.9905206342;-1.9002051893;-2.4728419804;-1.9497318621;-1.6960757646;-2.0983118803
2.7200000000;-8.8018695434;-11.8509251681;-9.3237373103;-7.7434410439;-9.8414029591;-1.8902998548;-2.4391778565;-1.9655803974;-1.7198416528;-2.0705769436
2.7300000000;-8.7530055644;-11.6124822585;-9.4235251820;-7.9308138836;-9.6873849148;-1.8843566540;-2.4035253862;-1.9814289326;-1.7475625470;-2.0408609399
2.7400000000;-8.7106438570;-11.3555348367;-9.5287302766;-8.1308211434;-9.5317040879;-1.8784134533;-2.3658918005;-1.9992585348;-1.7752978465;-2.0131260032
2.7500000000;-8.6769466528;-11.0871183767;-9.6377446738;-8.3470500091;-9.3658090189;-1.8744513195;-2.3243031590;-2.0170881370;-1.8089549655;-1.9853910665
2.7600000000;-8.6535454363;-10.8083823743;-9.7500180137;-8.5747418269;-9.2014132321;-1.8704891857;-2.2827002175;-2.0368988061;-1.8426335372;-1.9596371966
2.7700000000;-8.6523015706;-10.5257790335;-9.8698553595;-8.8100831350;-9.0322045301;-1.8685081187;-2.2410972798;-2.0567094752;-1.8782860974;-1.9319022599
2.7800000000;-8.6592960984;-10.2425984942;-9.9886696639;-9.0540895507;-8.8650906716;-1.8704891857;-2.1955463124;-2.0765201443;-1.9178937885;-1.9041673231
2.7900000000;-8.6819693412;-9.9556549984;-10.1063989284;-9.3089159278;-8.7012204513;-1.8704891857;-2.1499811984;-2.0963308134;-1.9555415850;-1.8784134533
2.8000000000;-8.7155273915;-9.6702816361;-10.2214271684;-9.5633601417;-8.5448995813;-1.8724702526;-2.1044160885;-2.1121793487;-1.9931823279;-1.8526595835
2.8100000000;-8.7157642558;-9.6682720856;-10.2222370915;-9.5651519488;-8.5437992951;-1.8724981549;-2.1040952075;-2.1300089509;-1.9934543546;-1.8525061205
2.8100704225;-8.7606328378;-9.3849981683;-10.3373817658;-9.8181557264;-8.3956506626;-1.8764463376;-2.0586905421;-2.1478385531;-2.0329366723;-1.8307980916
2.8200352113;-8.8737607445;-8.8508537032;-10.5529489146;-10.2917084353;-8.1360430494;-1.8863377209;-1.9696949228;-2.1656681553;-2.1120408109;-1.7912465092
2.8400000000;-8.9447406708;-8.6076208185;-10.6512010408;-10.5185593801;-8.0343748456;-1.8942619886;-1.9280850839;-2.1834977575;-2.1496884676;-1.7753979740
2.8500000000;-9.0233497253;-8.3742437908;-10.7423892017;-10.7340921299;-7.9501068993;-1.9041673231;-1.8845079874;-2.1993462928;-2.1873291943;-1.7615305056
2.8600000000;-9.0998565462;-8.1533166420;-10.8205985936;-10.9403718110;-7.8821258614;-1.9140726577;-1.8428982036;-2.2132137611;-2.2249699179;-1.7496441041
2.8700000000;-9.1838908883;-7.9411091604;-10.8917140726;-11.1336828333;-7.8320311822;-1.9239779922;-1.8032695376;-2.2270812295;-2.2606364027;-1.7397387696
2.8800000000;-9.2663612963;-7.7440251846;-10.9552381730;-11.3091571003;-7.8003766122;-1.9378454606;-1.7656219890;-2.2389676310;-2.2982702887;-1.7318145019
2.8900000000;-9.3525919592;-7.5648165488;-11.0117059364;-11.4731492583;-7.7866307845;-1.9517129290;-1.7299555570;-2.2528350993;-2.3339367207;-1.7258713012
2.9000000000;-9.4410037850;-7.4045850381;-11.0584271362;-11.6257481934;-7.7902511475;-1.9675614643;-1.6982445469;-2.2647215008;-2.3656477308;-1.7219091674
2.9100000000;-9.5272751924;-7.2579719102;-11.0964608071;-11.7707001460;-7.8096211829;-1.9814289326;-1.6685214368;-2.2746268354;-2.3973451694;-1.7219091674
2.9200000000;-9.6173035408;-7.1238477933;-11.1274308091;-11.9085918160;-7.8431132657;-1.9952964010;-1.6407794419;-2.2845321699;-2.4270682541;-1.7238902343
2.9300000000;-9.7030469892;-6.9989795203;-11.1491929010;-12.0442475620;-7.8890997732;-2.0091638694;-1.6150185615;-2.2924564375;-2.4528358500;-1.7278523681
2.9400000000;-9.7887611006;-6.8930007962;-11.1633488990;-12.1739864038;-7.9486382799;-2.0250124047;-1.5951875885;-2.2964185714;-2.4766156162;-1.7318145019
2.9500000000;-9.8766306125;-6.8038620158;-11.1699098032;-12.2934751916;-8.0190544508;-2.0408609399;-1.5753766955;-2.3003807052;-2.4964398498;-1.7377577027
2.9600000000;-9.9655924058;-6.7331525475;-11.1699533478;-12.4026558739;-8.1019321973;-2.0547284083;-1.5595146865;-2.3023617721;-2.5142763000;-1.7476630372
2.9700000000;-10.0534836884;-6.6803516152;-11.1618701853;-12.5009931398;-8.1929910961;-2.0705769436;-1.5476149011;-2.3043428390;-2.5281571745;-1.7595494387
2.9800000000;-10.1402899460;-6.6449166711;-11.1461883223;-12.5825910068;-8.2911135205;-2.0864254789;-1.5396773384;-2.3023617721;-2.5400503112;-1.7734169071
2.9900000000;-10.2222388700;-6.6327507106;-11.1234502803;-12.6511180202;-8.4021970657;-2.1022740142;-1.5357019976;-2.2983996383;-2.5479878294;-1.7892654423
3.0000000000;-10.3052332744;-6.6363929534;-11.0941985797;-12.7001996371;-8.5150209362;-2.1181225494;-1.5356888778;-2.2944375045;-2.5499885976;-1.8070950445
3.0100000000;-10.3839234303;-6.6638256439;-11.0557421923;-12.7281439746;-8.6321581516;-2.1339710847;-1.5396379782;-2.2865132368;-2.5480205857;-1.8249246467
3.0200000000;-10.4620460865;-6.7156662523;-11.0102189634;-12.7220792275;-8.7547098391;-2.1478385531;-1.5475492978;-2.2785889692;-2.5460394974;-1.8447353158
3.0300000000;-10.5342367468;-6.7913829012;-10.9549484322;-12.6807643076;-8.8783890836;-2.1617060215;-1.5594228359;-2.2706647015;-2.5401092238;-1.8685081187
3.0400000000;-10.6036935973;-6.8893586121;-10.8926076134;-12.6165011939;-9.0074510565;-2.1735924229;-1.5752585916;-2.2607593670;-2.5321913459;-1.8942619886
3.0500000000;-10.6677430591;-7.0090402355;-10.8215973257;-12.5283809426;-9.1381775404;-2.1874598913;-1.5950565641;-2.2488729655;-2.5183430900;-1.9180347915
3.0600000000;-10.7247505173;-7.1531087194;-10.7451408631;-12.4131763655;-9.2947077512;-2.1973652259;-1.6188167526;-2.2350054971;-2.5025008203;-1.9457697282
3.0700000000;-10.7763223870;-7.3189040552;-10.6573304362;-12.2783431719;-9.4369837542;-2.2072705604;-1.6445644800;-2.2211380288;-2.4827027670;-1.9715235981
3.0800000000;-10.8262422366;-7.5021017210;-10.5592054346;-12.1186233500;-9.5801930001;-2.2151948280;-1.6742680107;-2.2072705604;-2.4609171955;-1.9992585348
3.0900000000;-10.8729175192;-7.7096447289;-10.4534679407;-11.9393032989;-9.7346959298;-2.2231190957;-1.7059590379;-2.1914220251;-2.4371505177;-2.0289745385
3.1000000000;-10.9125645829;-7.9362277228;-10.3444476149;-11.7463441276;-9.8957558081;-2.2290622964;-1.7396311706;-2.1755734898;-2.4133774713;-2.0586905421
3.1100000000;-10.9435419747;-8.1823360273;-10.2273209389;-11.5435713222;-10.0638631664;-2.2350054971;-1.7772591662;-2.1577438876;-2.3836801533;-2.0884065458
3.1200000000;-10.9674564446;-8.4366905054;-10.1117595933;-11.3401393011;-10.2374111398;-2.2389676310;-1.8148998180;-2.1399142855;-2.3519890715;-2.1161414825
3.1300000000;-10.9853964804;-8.7007947459;-9.9929742388;-11.1249155347;-10.4126226762;-2.2429297648;-1.8564900628;-2.1220846833;-2.3183168848;-2.1438764193
3.1400000000;-10.9919782710;-8.9719772933;-9.8736292280;-10.9036489856;-10.5867748215;-2.2429297648;-1.8980928832;-2.1042550811;-2.2846384111;-2.1735924229
3.1500000000;-10.9925582948;-9.2534368511;-9.7521244857;-10.6823076624;-10.7426452281;-2.2429297648;-1.9416705381;-2.0844444120;-2.2489851025;-2.1973652259
3.1600000000;-10.9850144145;-9.5360681168;-9.6365361177;-10.4593591640;-10.9101652077;-2.2409486979;-1.9872292964;-2.0666148098;-2.2113506900;-2.2251001626
3.1700000000;-10.9666374750;-9.8165597919;-9.5274544023;-10.2390692576;-11.0675859192;-2.2369865641;-2.0308194057;-2.0487852076;-2.1737100499;-2.2468918986
3.1800000000;-10.9379495868;-10.0889694847;-9.4221871753;-10.0220278066;-11.2093244113;-2.2330244302;-2.0763781973;-2.0289745385;-2.1360694122;-2.2667025677
3.1900000000;-10.9021888824;-10.3500166754;-9.3180218670;-9.8071699371;-11.3396296640;-2.2270812295;-2.1219431771;-2.0111449363;-2.0964538623;-2.2865132368
3.2000000000;-10.8599147777;-10.6023584166;-9.2262633782;-9.5912672567;-11.4499425269;-2.2211380288;-2.1655332206;-1.9933153341;-2.0568321431;-2.3043428390
3.2100000000;-10.8084349260;-10.8449449272;-9.1308081533;-9.3742795802;-11.5423323512;-2.2132137611;-2.2110920616;-1.9754857319;-2.0172104263;-2.3201913743
3.2200000000;-10.7461150733;-11.0799161867;-9.0385644222;-9.1626373028;-11.6173567440;-2.2052894935;-2.2527070907;-1.9596371966;-1.9795636830;-2.3360399096
3.2300000000;-10.6777976541;-11.3019170275;-8.9511932093;-8.9558844116;-11.6777083233;-2.1973652259;-2.2962848785;-1.9437886613;-1.9399480665;-2.3479263110
3.2400000000;-10.6002776709;-11.5098224629;-8.8703220507;-8.7524065478;-11.7169616344;-2.1874598913;-2.3378937508;-1.9299211930;-1.9023013652;-2.3598127125
3.2500000000;-10.5173094476;-11.7106107007;-8.7921866388;-8.5537916397;-11.7393573660;-2.1775545567;-2.3755464898;-1.9160537246;-1.8666357699;-2.3697180470
3.2600000000;-10.4262202405;-11.9043462488;-8.7210773007;-8.3605954169;-11.7470854826;-2.1656681553;-2.4131871099;-1.9021862562;-1.8329512805;-2.3776423147
3.2700000000;-10.3313071467;-12.0861908908;-8.6591773140;-8.1690726923;-11.7444664189;-2.1518006869;-2.4468776006;-1.8902998548;-1.7992728328;-2.3835855154
3.2800000000;-10.2347534063;-12.2566378415;-8.6032645822;-7.9818574984;-11.7283140658;-2.1399142855;-2.4785809647;-1.8784134533;-1.7675694687;-2.3875476492
3.2900000000;-10.1387290667;-12.4162296330;-8.5522409285;-7.8086305936;-11.7061254600;-2.1260468171;-2.5083032239;-1.8685081187;-1.7398223093;-2.3895287161
3.3000000000;-10.0437864728;-12.5638959251;-8.5131098332;-7.6457570999;-11.6758187378;-2.1121793487;-2.5320941432;-1.8625649180;-1.7140622394;-2.3895287161
3.3100000000;-9.9499288922;-12.6953258417;-8.4848352898;-7.4980159175;-11.6368367153;-2.0963308134;-2.5558671599;-1.8546406504;-1.6883081380;-2.3835855154
3.3200000000;-9.8501460355;-12.8142439785;-8.4630967545;-7.3670735213;-11.5918627875;-2.0785012112;-2.5737147156;-1.8486974496;-1.6684794977;-2.3776423147
3.3300000000;-9.7632698650;-12.9115440087;-8.4516430756;-7.2508049519;-11.5398459142;-2.0626526760;-2.5875941346;-1.8467163827;-1.6486686526;-2.3697180470
3.3400000000;-9.6780890187;-12.9887566433;-8.4515754654;-7.1486483434;-11.4818517735;-2.0468041407;-2.5994865371;-1.8447353158;-1.6328081851;-2.3558505787
3.3500000000;-9.6004677819;-13.0383686443;-8.4591254074;-7.0638139776;-11.4195031131;-2.0309556054;-2.6074226315;-1.8467163827;-1.6189347164;-2.3419831103
3.3600000000;-9.5245093661;-13.0710668022;-8.4748096537;-7.0043823073;-11.3468995764;-2.0170881370;-2.6094212993;-1.8486974496;-1.6090175730;-2.3261345750
3.3700000000;-9.4534142629;-13.0783435678;-8.5007886131;-6.9645513410;-11.2645260820;-2.0012396017;-2.6094271432;-1.8526595835;-1.6030626329;-2.3083049728
3.3800000000;-9.3818085772;-13.0585091530;-8.5392323232;-6.9469319367;-11.1729251581;-1.9853910665;-2.6054766286;-1.8586027842;-1.5990946382;-2.2865132368
3.3900000000;-9.3091210792;-13.0158512604;-8.5912321826;-6.9531643831;-11.0694128264;-1.9715235981;-2.5995391866;-1.8645459849;-1.6010582932;-2.2647215008
3.4000000000;-9.2402025401;-12.9434170280;-8.6530192543;-7.0365394179;-10.9555785924;-1.9576561297;-2.5876700617;-1.8724702526;-1.6109346649;-2.2449108317
3.4100000000;-9.1831715696;-12.8432958992;-8.7224139791;-7.0758766852;-10.8217566842;-1.9457697282;-2.5738082515;-1.8823755871;-1.6168866933;-2.2211380288
3.4200000000;-9.1202771834;-12.7176579782;-8.8837334349;-7.1149924081;-10.6759288303;-1.9338833268;-2.5559900170;-1.8902998548;-1.6228385701;-2.1953841589
3.4300000000;-8.9951472627;-12.4006062621;-8.9737518952;-7.3334176179;-10.5203170178;-1.9219969253;-2.5342095830;-1.9021862562;-1.6366832105;-2.1696302891
3.4400000000;-8.9327508978;-12.2125854455;-9.0724112522;-7.4704400674;-10.1749157180;-1.9120915908;-2.5084669500;-1.9140726577;-1.6545015099;-2.1418953524
3.4500000000;-8.8703639222;-12.0093216277;-9.1770615760;-7.6285498652;-9.9942833915;-1.9021862562;-2.4827128669;-1.9299211930;-1.6743066339;-2.1141604156
3.4600000000;-8.8138932548;-11.7935489486;-9.2796117997;-7.8051441473;-9.8109494112;-1.8942619886;-2.4510326137;-1.9457697282;-1.6980682470;-2.0844444120
3.4700000000;-8.7655416233;-11.5647620799;-9.3853705608;-8.0012539008;-9.6265118832;-1.8883187879;-2.4173598769;-1.9635993304;-1.7257920579;-2.0567094752
3.4800000000;-8.7242518810;-11.3288547201;-9.4922328709;-8.2045931768;-9.4420620592;-1.8823755871;-2.3817060425;-1.9794478657;-1.7515517976;-2.0289745385
3.4900000000;-8.6889389821;-11.0826764684;-9.6060969147;-8.4144503718;-9.2640487019;-1.8784134533;-2.3440711107;-1.9992585348;-1.7832321924;-2.0012396017
3.5000000000;-8.6606694722;-10.8336998588;-9.7210966740;-8.6276085152;-9.0936183483;-1.8764323864;-2.3044550817;-2.0190692039;-1.8169049728;-1.9715235981
3.5100000000;-8.6459074957;-10.5820107116;-9.8420226286;-8.8450915703;-8.9318560614;-1.8744513195;-2.2628579557;-2.0388798730;-1.8486079092;-1.9437886613
3.5200000000;-8.6527770662;-10.3243905038;-9.9613852262;-9.0663798472;-8.7766283790;-1.8744513195;-2.2212552196;-2.0586905421;-1.8842562048;-1.9180347915
3.5300000000;-8.6711261567;-10.0688492285;-10.0769685408;-9.2893259564;-8.6332752909;-1.8744513195;-2.1796524853;-2.0785012112;-1.9199156913;-1.8942619886
3.5400000000;-8.7035576463;-9.8144051519;-10.1882163390;-9.5176443673;-8.5034669381;-1.8764323864;-2.1360742351;-2.0983118803;-1.9595262116;-1.8685081187
3.5500000000;-8.7463285941;-9.5546084975;-10.2983518317;-9.7364082755;-8.3823932583;-1.8784134533;-2.0924904221;-2.1161414825;-1.9971723267;-1.8467163827
3.5600000000;-8.7972552783;-9.2958245850;-10.4036364789;-9.9480817625;-8.2769741853;-1.8823755871;-2.0489066110;-2.1319900178;-2.0348128908;-1.8249246467
3.5700000000;-8.7975385811;-9.2943869633;-10.4042211675;-9.9492571852;-8.2763894922;-1.8823975990;-2.0486589910;-2.1498196200;-2.0350274928;-1.8248145875
3.5700555556;-8.8564838178;-9.0401000053;-10.5064753036;-10.1575628202;-8.1854253934;-1.8863542298;-2.0032206686;-2.1656681553;-2.0745390774;-1.8050589480
3.5800277778;-8.9977893675;-8.5561839313;-10.6918179398;-10.5677165742;-8.0454035204;-1.9002051893;-1.9161741218;-2.1815166906;-2.1497156406;-1.7714358401
3.6000000000;-9.0753347641;-8.3239173455;-10.7727345514;-10.7706346723;-7.9915951145;-1.9081294570;-1.8745659275;-2.1973652259;-2.1913074171;-1.7575683718
3.6100000000;-9.1502212716;-8.0992400557;-10.8471097766;-10.9676442730;-7.9523751574;-1.9160537246;-1.8329632076;-2.2112326942;-2.2289588883;-1.7456819703
3.6200000000;-9.2293898562;-7.8805482469;-10.9144368682;-11.1597563524;-7.9235104107;-1.9279401261;-1.7913604893;-2.2251001626;-2.2646238036;-1.7357766358
3.6300000000;-9.3107462430;-7.6758731496;-10.9779397277;-11.3453802429;-7.9044168363;-1.9398265275;-1.7537090810;-2.2369865641;-2.2983076208;-1.7298334350
3.6400000000;-9.3910442150;-7.4885231523;-11.0365688932;-11.5298455436;-7.8977716032;-1.9536939959;-1.7180441983;-2.2488729655;-2.3300103402;-1.7238902343
3.6500000000;-9.4740237500;-7.3196068929;-11.0865489129;-11.7089442416;-7.8955546928;-1.9655803974;-1.6843604135;-2.2607593670;-2.3617076454;-1.7219091674
3.6600000000;-9.5559491370;-7.1648429337;-11.1310774046;-11.8895754213;-7.9062642728;-1.9814289326;-1.6566091223;-2.2706647015;-2.3914292513;-1.7199281005
3.6700000000;-9.6346370743;-7.0257943422;-11.1685665120;-12.0600590823;-7.9262375235;-1.9952964010;-1.6308496951;-2.2766079023;-2.4191697600;-1.7219091674
3.6800000000;-9.7154511574;-6.9040886982;-11.1952362094;-12.2148823259;-7.9543601373;-2.0091638694;-1.6070713647;-2.2825511030;-2.4449291717;-1.7258713012
3.6900000000;-9.7973589922;-6.8035003618;-11.2115939241;-12.3534371719;-7.9954507034;-2.0250124047;-1.5872498724;-2.2865132368;-2.4667317453;-1.7318145019
3.7000000000;-9.8760466910;-6.7240700468;-11.2230254563;-12.4767869515;-8.0484881529;-2.0408609399;-1.5694148162;-2.2904753706;-2.4865478827;-1.7417198365
3.7100000000;-9.9530938104;-6.6652610174;-11.2258073637;-12.5795930783;-8.1118506979;-2.0547284083;-1.5555366260;-2.2904753706;-2.5043829239;-1.7516251710
3.7200000000;-10.0322805620;-6.6259939948;-11.2182946931;-12.6537535461;-8.1887414222;-2.0705769436;-1.5456206268;-2.2904753706;-2.5182610851;-1.7635115725
3.7300000000;-10.1136373248;-6.6121617497;-11.1967071917;-12.7055845737;-8.2808052171;-2.0844444120;-1.5396668181;-2.2884943037;-2.5301528538;-1.7793601078
3.7400000000;-10.1944731583;-6.6173863268;-11.1653200691;-12.7282125699;-8.3896696586;-2.1002929472;-1.5396510116;-2.2845321699;-2.5361119029;-1.7952086431
3.7500000000;-10.2763810759;-6.6491138416;-11.1236296648;-12.7097661204;-8.5067633758;-2.1121793487;-1.5396510116;-2.2766079023;-2.5400793194;-1.8130382453
3.7600000000;-10.3593739939;-6.7025932269;-11.0710934660;-12.6640086043;-8.6373627714;-2.1260468171;-1.5436026912;-2.2706647015;-2.5400898013;-1.8328489144
3.7700000000;-10.4445283554;-6.7809939770;-11.0082454038;-12.5970147427;-8.7761567813;-2.1399142855;-1.5534924132;-2.2607593670;-2.5381139478;-1.8526595835
3.7800000000;-10.5270086300;-6.8822029298;-10.9345515315;-12.5045791623;-8.9263094336;-2.1537817538;-1.5653736834;-2.2528350993;-2.5302052655;-1.8764323864
3.7900000000;-10.6105440814;-7.0072710450;-10.8521605565;-12.3898579479;-9.0878548072;-2.1656681553;-1.5831878090;-2.2389676310;-2.5203050626;-1.9002051893
3.8000000000;-10.6935497677;-7.1540622025;-10.7610895232;-12.2614610628;-9.2548874332;-2.1775545567;-1.6049693218;-2.2251001626;-2.5064478716;-1.9259590591
3.8100000000;-10.7690154852;-7.3182587900;-10.6597236367;-12.1211077148;-9.4268082735;-2.1874598913;-1.6267612060;-2.2112326942;-2.4906044011;-1.9536939959
3.8200000000;-10.8379626928;-7.5019632674;-10.5550477832;-11.9672124642;-9.6025379112;-2.1973652259;-1.6544808532;-2.1973652259;-2.4708039161;-1.9794478657
3.8300000000;-10.9003998471;-7.7352647234;-10.4444254795;-11.8067161413;-9.7793805826;-2.2052894935;-1.6881437803;-2.1795356237;-2.4490171791;-2.0071828025
3.8400000000;-10.9541737566;-7.9545838931;-10.3316037346;-11.6439939903;-9.9551605795;-2.2132137611;-1.7218221432;-2.1636870884;-2.4232734015;-2.0368988061
3.8500000000;-11.0019591481;-8.1909342503;-10.2171502958;-11.4817796085;-10.1309293959;-2.2191569619;-1.7574764660;-2.1458574862;-2.3955433991;-2.0626526760
3.8600000000;-11.0340872403;-8.4344429296;-10.1037609569;-11.3126096499;-10.3045504030;-2.2231190957;-1.7931359066;-2.1280278840;-2.3638563303;-2.0903876127
3.8700000000;-11.0558660343;-8.6850042113;-9.9946866185;-11.1428141662;-10.4727795825;-2.2251001626;-1.8327473205;-2.1082172149;-2.3321590508;-2.1181225494
3.8800000000;-11.0630305359;-8.9415441436;-9.8840305668;-10.9660488128;-10.6275290195;-2.2270812295;-1.8743449188;-2.0903876127;-2.2984857722;-2.1458574862
3.8900000000;-11.0582392079;-9.2061996072;-9.7739004224;-10.7795526068;-10.7773075002;-2.2290622964;-1.9159475953;-2.0705769436;-2.2648074150;-2.1716113560
3.9000000000;-11.0393593648;-9.4784556830;-9.6696964111;-10.5854337284;-10.9152223414;-2.2270812295;-1.9615023225;-2.0487852076;-2.2271770069;-2.1953841589
3.9100000000;-11.0101430524;-9.7464925053;-9.5709215704;-10.3858623168;-11.0406649332;-2.2251001626;-2.0050911169;-2.0269934716;-2.1895364925;-2.2211380288
3.9200000000;-10.9663121269;-9.9811896016;-9.4748798545;-10.1771159860;-11.1536297869;-2.2231190957;-2.0447227659;-2.0071828025;-2.1518959794;-2.2449108317
3.9300000000;-10.9142943465;-10.2370295216;-9.3777819109;-9.9661110242;-11.2573391689;-2.2191569619;-2.0882964858;-1.9893532003;-2.1122794032;-2.2647215008
3.9400000000;-10.8536006279;-10.4861057550;-9.2849830034;-9.7432931110;-11.3475294211;-2.2151948280;-2.1318802351;-1.9715235981;-2.0726578130;-2.2865132368
3.9500000000;-10.7885341814;-10.7281293372;-9.1932936446;-9.5128257606;-11.4268422844;-2.2092516273;-2.1754639829;-1.9536939959;-2.0330362240;-2.3063239059
3.9600000000;-10.7164356035;-10.9593406819;-9.0967666401;-9.2747632260;-11.4969162082;-2.2033084266;-2.2190477294;-1.9378454606;-1.9934146363;-2.3221724412
3.9700000000;-10.6421304046;-11.1818502088;-9.0039720620;-9.0387493349;-11.5609900561;-2.1934030920;-2.2606553603;-1.9200158584;-1.9537930499;-2.3360399096
3.9800000000;-10.5624245413;-11.3919197910;-8.9155134520;-8.8086560333;-11.6121138576;-2.1834977575;-2.3002818982;-1.9061483900;-1.9161475912;-2.3499073779
3.9900000000;-10.4886011916;-11.5938086406;-8.8292410526;-8.5797082235;-11.6561258094;-2.1735924229;-2.3399034822;-1.8942619886;-1.8785070864;-2.3617937794
4.0000000000;-10.4121299527;-11.7929312105;-8.7467540602;-8.3561320181;-11.6877137711;-2.1617060215;-2.3775489139;-1.8843566540;-1.8408665828;-2.3697180470
4.0100000000;-10.3404848408;-11.9807468069;-8.6707569567;-8.1444110007;-11.7105840881;-2.1478385531;-2.4112370899;-1.8744513195;-1.8052022435;-2.3756612478
4.0200000000;-10.2688759013;-12.1598555241;-8.6034238160;-7.9435536379;-11.7269229234;-2.1339710847;-2.4449154332;-1.8645459849;-1.7734951719;-2.3816044485
4.0300000000;-10.1967284751;-12.3292097361;-8.5415397504;-7.7562259267;-11.7324542462;-2.1181225494;-2.4766175881;-1.8566217173;-1.7437740960;-2.3835855154
4.0400000000;-10.1256540624;-12.4866500253;-8.4899272335;-7.5915711030;-11.7303585440;-2.1022740142;-2.5063386511;-1.8506785166;-1.7160341119;-2.3816044485
4.0500000000;-10.0545876338;-12.6337667287;-8.4534688650;-7.4475583072;-11.7136841004;-2.0864254789;-2.5301261997;-1.8447353158;-1.6922514308;-2.3796233816
4.0600000000;-9.9840597337;-12.7635919695;-8.4289694073;-7.3236251525;-11.6818247326;-2.0725580105;-2.5499466987;-1.8427542489;-1.6704547086;-2.3736801809
4.0700000000;-9.9135358092;-12.8749824937;-8.4153279182;-7.2192291003;-11.6401474326;-2.0567094752;-2.5677812510;-1.8407731820;-1.6486628426;-2.3657559132
4.0800000000;-9.8343952267;-12.9625553420;-8.4163062466;-7.1386511265;-11.5795719107;-2.0428420069;-2.5796822187;-1.8407731820;-1.6327997176;-2.3558505787
4.0900000000;-9.7546528970;-13.0224970804;-8.4281622502;-7.0808718397;-11.5069929276;-2.0289745385;-2.5895924319;-1.8407731820;-1.6209036056;-2.3439641772
4.1000000000;-9.6716752706;-13.0606808630;-8.4508682750;-7.0431982396;-11.4208669942;-2.0131260032;-2.5975215545;-1.8427542489;-1.6109934044;-2.3300967088
4.1100000000;-9.5827497954;-13.0712542919;-8.4865785978;-7.0250616446;-11.3163428855;-1.9992585348;-2.5995170234;-1.8467163827;-1.6030642936;-2.3122671066
4.1200000000;-9.4932426104;-13.0530852773;-8.5385404157;-7.0339596435;-11.2014329095;-1.9853910665;-2.5975455154;-1.8506785166;-1.5990925663;-2.2944375045
4.1300000000;-9.3999614002;-13.0104618214;-8.5997756020;-7.0646230540;-11.0756780107;-1.9715235981;-2.5916118276;-1.8586027842;-1.5971067143;-2.2766079023
4.1400000000;-9.3050370842;-12.9364404610;-8.6718490897;-7.1132347011;-10.9369237269;-1.9576561297;-2.5836922765;-1.8685081187;-1.5971019520;-2.2548161662
4.1500000000;-9.2074080595;-12.8309537188;-8.7488479057;-7.1813574249;-10.7856866246;-1.9437886613;-2.5718153084;-1.8784134533;-1.6030309345;-2.2310433633
4.1600000000;-9.1097596219;-12.6977629849;-8.8339609190;-7.2641859659;-10.6262706066;-1.9299211930;-2.5579525003;-1.8922809217;-1.6109505080;-2.2072705604
4.1700000000;-9.0164201964;-12.5444273644;-8.9234410537;-7.3611262470;-10.4646278818;-1.9160537246;-2.5401322530;-1.9041673231;-1.6228275208;-2.1834977575
4.1800000000;-8.9268821469;-12.3699442959;-9.0167225499;-7.4710996354;-10.2986656917;-1.9041673231;-2.5183498274;-1.9180347915;-1.6366903507;-2.1577438876
4.1900000000;-8.8454507565;-12.1786025119;-9.1132628970;-7.5940933011;-10.1294382215;-1.8942619886;-2.4926052239;-1.9338833268;-1.6525342695;-2.1300089509
4.2000000000;-8.7770047508;-11.9747421636;-9.2114422796;-7.7301072392;-9.9634043913;-1.8843566540;-2.4628984428;-1.9497318621;-1.6723356606;-2.1042550811
4.2100000000;-8.7156534744;-11.7627033994;-9.3069398608;-7.8743161439;-9.7984760137;-1.8764323864;-2.4312058789;-1.9675614643;-1.6941228348;-2.0785012112
4.2200000000;-8.6694347639;-11.5398400077;-9.4018796172;-8.0255903875;-9.6319456045;-1.8704891857;-2.3955558214;-1.9834099995;-1.7198675028;-2.0487852076
4.2300000000;-8.6378673765;-11.3147253050;-9.4968155460;-8.1935683949;-9.4739987490;-1.8645459849;-2.3579200035;-1.9992585348;-1.7475979314;-2.0210502708
4.2400000000;-8.6231022424;-11.0869031666;-9.5928288444;-8.3671042747;-9.3215073866;-1.8605838511;-2.3183030979;-2.0190692039;-1.7753330206;-1.9933153341
4.2500000000;-8.6267706951;-10.8585183127;-9.6936980162;-8.5444566364;-9.1701415165;-1.8586027842;-2.2767051047;-2.0349177392;-1.8089974238;-1.9655803974
4.2600000000;-8.6461906076;-10.6252913040;-9.7935239110;-8.7298962961;-9.0241603447;-1.8586027842;-2.2331260240;-2.0547284083;-1.8426757447;-1.9378454606
4.2700000000;-8.6813430082;-10.3893316525;-9.8960358027;-8.9234735988;-8.8830667705;-1.8586027842;-2.1895423157;-2.0745390774;-1.8783305245;-1.9120915908
4.2800000000;-8.7246857640;-10.1528094267;-10.0034150787;-9.1246522951;-8.7463182753;-1.8605838511;-2.1439821380;-2.0923686796;-1.9159663917;-1.8883187879
4.2900000000;-8.7734723479;-9.9168197062;-10.1092120559;-9.3334261179;-8.6149848222;-1.8645459849;-2.1003938355;-2.1101982818;-1.9536068652;-1.8645459849
4.3000000000;-8.8319938486;-9.6738474422;-10.2139202680;-9.5530127150;-8.4890764323;-1.8685081187;-2.0528571471;-2.1300089509;-1.9912473377;-1.8407731820
4.3100000000;-8.8943540896;-9.4297353188;-10.3202372207;-9.7764777363;-8.3739682691;-1.8744513195;-2.0092642927;-2.1478385531;-2.0308643115;-1.8209625129
4.3200000000;-8.9578180311;-9.1840006813;-10.4265653896;-10.0010587870;-8.2648724632;-1.8823755871;-1.9656805898;-2.1656681553;-2.0704858596;-1.8031329107
4.3300000000;-9.0196731342;-8.9414764051;-10.5328935509;-10.2299427360;-8.1676571502;-1.8902998548;-1.9220968879;-2.1795356237;-2.1101074067;-1.7872843754
4.3400000000;-9.0793619608;-8.7022071796;-10.6322176310;-10.4669210588;-8.0834520491;-1.9002051893;-1.8785131872;-2.1953841589;-2.1477524193;-1.7734169071
4.3500000000;-9.1347256538;-8.4678056884;-10.7282607002;-10.7034554796;-8.0101168185;-1.9101105239;-1.8369060313;-2.2092516273;-2.1853928872;-1.7595494387
4.3600000000;-9.1900596852;-8.2366740410;-10.8172772272;-10.9346201310;-7.9492444014;-1.9219969253;-1.7972799641;-2.2211380288;-2.2230333543;-1.7476630372
4.3700000000;-9.2448549126;-8.0082598572;-10.8954696624;-11.1646506415;-7.9013871734;-1.9338833268;-1.7596349852;-2.2330244302;-2.2586972560;-1.7377577027
4.3800000000;-9.2969524040;-7.7906221374;-10.9665837753;-11.3839411467;-7.8676252408;-1.9477507952;-1.7239710946;-2.2449108317;-2.2943566442;-1.7298334350
4.3900000000;-9.2971880559;-7.7896377947;-10.9669053420;-11.3849328585;-7.8674730482;-1.9478135439;-1.7238231556;-2.2528350993;-2.2945179989;-1.7298155068
4.3900452489;-9.3523895714;-7.5855222286;-11.0898145022;-11.5896269791;-7.8452300682;-1.9616496379;-1.6941742306;-2.2607593670;-2.3300967088;-1.7258668192
4.4000226244;-9.4656265749;-7.2265477219;-11.1345422326;-11.9659404547;-7.8380039198;-1.9893532003;-1.6348046897;-2.2686836346;-2.3894617879;-1.7219091674
4.4200000000;-9.5290614473;-7.0739470030;-11.1643282786;-12.1267310650;-7.8541573452;-2.0052017356;-1.6110228427;-2.2766079023;-2.4172013269;-1.7238902343
4.4300000000;-9.5968436006;-6.9387112719;-11.1839271040;-12.2626328434;-7.8865616089;-2.0210502708;-1.5892265450;-2.2805700361;-2.4409831533;-1.7278523681
4.4400000000;-9.6743543108;-6.8256746090;-11.1926796022;-12.3757250682;-7.9309396993;-2.0368988061;-1.5713879697;-2.2825511030;-2.4627794405;-1.7357766358
4.4500000000;-9.7540858673;-6.7370312841;-11.1889655381;-12.4687143169;-7.9904788878;-2.0507662745;-1.5555349233;-2.2845321699;-2.4806179956;-1.7456819703
4.4600000000;-9.8462260084;-6.6744136662;-11.1765461306;-12.5330468258;-8.0657458490;-2.0666148098;-1.5436396187;-2.2865132368;-2.4964710317;-1.7575683718
4.4700000000;-9.9524602448;-6.6335346798;-11.1538301095;-12.5761374794;-8.1540569417;-2.0804822781;-1.5357064874;-2.2845321699;-2.5083663164;-1.7714358401
4.4800000000;-10.0593271869;-6.6234967691;-11.1218844059;-12.5927050931;-8.2629159394;-2.0963308134;-1.5297588550;-2.2825511030;-2.5162994279;-1.7872843754
4.4900000000;-10.1694311070;-6.6357781329;-11.0790995465;-12.5832263310;-8.3821735023;-2.1121793487;-1.5297456771;-2.2785889692;-2.5222470504;-1.8051139776
4.5000000000;-10.2849456285;-6.6724530155;-11.0286981633;-12.5519995498;-8.5128140604;-2.1280278840;-1.5317223708;-2.2726457684;-2.5242368928;-1.8249246467
4.5100000000;-10.3999570769;-6.7324650618;-10.9739352922;-12.5071208434;-8.6521585011;-2.1418953524;-1.5396335572;-2.2647215008;-2.5222645627;-1.8467163827
4.5200000000;-10.5128092575;-6.8211821696;-10.9142935215;-12.3870657450;-8.7991074880;-2.1557628207;-1.5515112890;-2.2567972332;-2.5104087063;-1.8685081187
4.5300000000;-10.6159464385;-6.9332743736;-10.8508471326;-12.3484105910;-8.9541892566;-2.1676492222;-1.5653744702;-2.2488729655;-2.5054374281;-1.8922809217
4.5400000000;-10.7098575922;-7.0681564203;-10.7846811371;-12.3101235341;-9.1104176107;-2.1815166906;-1.5831954690;-2.2369865641;-2.5004793124;-1.9160537246
4.5500000000;-10.7902347283;-7.2193702659;-10.7141858255;-12.2254603526;-9.2704198324;-2.1934030920;-1.6049786392;-2.2231190957;-2.4866312732;-1.9418075944
4.5600000000;-10.8527378074;-7.3884725309;-10.6404284418;-12.1295561966;-9.4326062032;-2.2033084266;-1.6287472298;-2.2072705604;-2.4707869880;-1.9695425312
4.5700000000;-10.9032670215;-7.5706372049;-10.5601823213;-12.0281682645;-9.5915846170;-2.2112326942;-1.6564736657;-2.1914220251;-2.4509848572;-1.9952964010
4.5800000000;-10.9380885210;-7.7690487535;-10.4734262373;-11.9186720253;-9.7548372802;-2.2191569619;-1.6861855028;-2.1755734898;-2.4311740947;-2.0230313377
4.5900000000;-10.9566386221;-7.9778193839;-10.3823160896;-11.7956715752;-9.9181274244;-2.2251001626;-1.7178784249;-2.1577438876;-2.4074097749;-2.0527473414
4.6000000000;-10.9605307516;-8.1995866668;-10.2895608803;-11.6574984384;-10.0814175557;-2.2310433633;-1.7515524317;-2.1379332185;-2.3796832845;-2.0804822781
4.6100000000;-10.9524704057;-8.4214659306;-10.1924832366;-11.5035984331;-10.2425563320;-2.2330244302;-1.7872075233;-2.1201036164;-2.3499714213;-2.1082172149
4.6200000000;-10.9346311127;-8.6476479404;-10.0905266247;-11.3328923460;-10.3982980150;-2.2350054971;-1.8268205061;-2.1002929472;-2.3182784734;-2.1339710847
4.6300000000;-10.9097218971;-8.8722535395;-9.9815315269;-11.1416115890;-10.5507660878;-2.2350054971;-1.8664420271;-2.0804822781;-2.2826276252;-2.1617060215
4.6400000000;-10.8788382463;-9.1016859976;-9.8708740951;-10.9334726589;-10.6978276771;-2.2350054971;-1.9080403722;-2.0606716090;-2.2469682570;-2.1874598913
4.6500000000;-10.8452212478;-9.3349252039;-9.7548160431;-10.7128099278;-10.8389263624;-2.2330244302;-1.9516198015;-2.0448230738;-2.2093320556;-2.2132137611
4.6600000000;-10.8105088472;-9.5714240194;-9.6414184308;-10.4759123364;-10.9702923254;-2.2310433633;-1.9952034721;-2.0250124047;-2.1716916128;-2.2389676310
4.6700000000;-10.7443824897;-10.0444880260;-9.4219163490;-9.9802276072;-11.0913553551;-2.2251001626;-2.0387871418;-2.0071828025;-2.1300974671;-2.2627404339
4.6800000000;-10.7166717765;-10.2815845795;-9.3139480853;-9.7258181745;-11.2037245594;-2.2191569619;-2.0843476715;-1.9893532003;-2.0884948740;-2.2825511030
4.6900000000;-10.6900805246;-10.5229487762;-9.2081438813;-9.4665664140;-11.3978960402;-2.2112326942;-2.1279355457;-1.9715235981;-2.0488691515;-2.3023617721
4.7000000000;-10.6645742773;-10.7606010650;-9.1039717673;-9.2104671736;-11.4799369356;-2.2052894935;-2.1715192130;-1.9536939959;-2.0092476358;-2.3221724412
4.7100000000;-10.6374633699;-11.0046551325;-9.0051926952;-8.9661940131;-11.5538014192;-2.1973652259;-2.2131259920;-1.9358643937;-1.9696261209;-2.3400020434
4.7200000000;-10.6076490761;-11.2477037772;-8.9139904120;-8.7343918110;-11.6146969340;-2.1894409582;-2.2567054781;-1.9219969253;-1.9339583991;-2.3538695118
4.7300000000;-10.5740463750;-11.4902042195;-8.8309211030;-8.5139959426;-11.6657932919;-2.1775545567;-2.2963353329;-1.9101105239;-1.8982990370;-2.3657559132
4.7400000000;-10.5291147103;-11.7294779197;-8.7565272769;-8.3114215619;-11.7065877003;-2.1676492222;-2.3359568456;-1.8942619886;-1.8626396756;-2.3736801809
4.7500000000;-10.4749424117;-11.9569068916;-8.6886615884;-8.1192496349;-11.7338533719;-2.1557628207;-2.3736014352;-1.8823755871;-1.8289572372;-2.3796233816
4.7600000000;-10.4099336619;-12.1734744555;-8.6337616766;-7.9416714745;-11.7470195380;-2.1438764193;-2.4112418709;-1.8704891857;-1.7972558837;-2.3835855154
4.7700000000;-10.3292329959;-12.3711387250;-8.5859639041;-7.7840988087;-11.7525230975;-2.1300089509;-2.4449284265;-1.8605838511;-1.7675356149;-2.3875476492
4.7800000000;-10.2403317968;-12.5508890714;-8.5479086379;-7.6455274525;-11.7429151311;-2.1181225494;-2.4746528134;-1.8526595835;-1.7397964308;-2.3875476492
4.7900000000;-10.1427550863;-12.7089784247;-8.5255364735;-7.5238007559;-11.7234860296;-2.1022740142;-2.5023919884;-1.8467163827;-1.7140383312;-2.3835855154
4.8000000000;-10.0359603565;-12.8373138753;-8.5145926898;-7.4183560564;-11.6889227145;-2.0864254789;-2.5261731137;-1.8407731820;-1.6902613161;-2.3796233816
4.8100000000;-9.9215572048;-12.9374223118;-8.5107372065;-7.3291866514;-11.6450754244;-2.0705769436;-2.5440150970;-1.8348299813;-1.6684653853;-2.3736801809
4.8200000000;-9.8011731616;-13.0028772632;-8.5198526189;-7.2541491785;-11.5807299166;-2.0547284083;-2.5618447751;-1.8288867805;-1.6486505386;-2.3637748463
4.8300000000;-9.6818162022;-13.0298532763;-8.5323032369;-7.1932169533;-11.5043603754;-2.0388798730;-2.5717664905;-1.8308678475;-1.6327937667;-2.3538695118
4.8400000000;-9.5662345196;-13.0301245230;-8.5566177134;-7.1506769019;-11.4160557369;-2.0230313377;-2.5796948679;-1.8328489144;-1.6189221635;-2.3400020434
4.8500000000;-9.4544503462;-13.0022021365;-8.5874865661;-7.1239027624;-11.3179638803;-2.0071828025;-2.5836651542;-1.8348299813;-1.6090086514;-2.3241535081
4.8600000000;-9.3534586122;-12.9525132787;-8.6297080628;-7.1096460252;-11.2063480892;-1.9913342672;-2.5836732734;-1.8387921151;-1.6010802910;-2.3063239059
4.8700000000;-9.2600884025;-12.8687734479;-8.6784793324;-7.1148337749;-11.0833176618;-1.9754857319;-2.5816962495;-1.8447353158;-1.5971100381;-2.2884943037
4.8800000000;-9.1753893776;-12.7696509337;-8.7294558827;-7.1358003992;-10.9505056604;-1.9616182635;-2.5757611100;-1.8506785166;-1.5951249199;-2.2686836346
4.8900000000;-9.1036751436;-12.6564123354;-8.7869072159;-7.1714279043;-10.8057805396;-1.9497318621;-2.5678408444;-1.8605838511;-1.5970979255;-2.2468918986
4.9000000000;-9.0433665886;-12.5290686379;-8.8497923290;-7.2222390808;-10.6512684368;-1.9358643937;-2.5579394956;-1.8704891857;-1.6010560490;-2.2231190957
4.9100000000;-8.9982173443;-12.3774161723;-8.9164880875;-7.2887764457;-10.4971949457;-1.9259590591;-2.5381488371;-1.8823755871;-1.6109493690;-2.1993462928
4.9200000000;-8.9618005972;-12.2367960960;-8.9891338385;-7.3705105715;-10.3382935079;-1.9140726577;-2.5203151518;-1.8922809217;-1.6228318088;-2.1735924229
4.9300000000;-8.9378307806;-12.0898457260;-9.0655945466;-7.4674349179;-10.1755836621;-1.9041673231;-2.4965542585;-1.9061483900;-1.6366953315;-2.1478385531
4.9400000000;-8.9236477443;-11.9363853218;-9.1426238935;-7.5795494805;-10.0117616428;-1.8962430555;-2.4708042783;-1.9200158584;-1.6545170178;-2.1220846833
4.9500000000;-8.9149244925;-11.7721182547;-9.2261153943;-7.7089982991;-9.8490029442;-1.8883187879;-2.4410961267;-1.9358643937;-1.6743237809;-2.0943497465
4.9600000000;-8.9110880760;-11.6093541873;-9.3134260853;-7.8536632611;-9.6894776239;-1.8803945202;-2.4094029067;-1.9517129290;-1.6980887234;-2.0666148098
4.9700000000;-8.9121341537;-11.4041754234;-9.4083014426;-8.0199508661;-9.5332073375;-1.8764323864;-2.3697972900;-1.9695425312;-1.7238387264;-2.0388798730
4.9800000000;-8.9186009013;-11.2141468783;-9.5064663706;-8.2031143169;-9.3801920841;-1.8704891857;-2.3321529063;-1.9853910665;-1.7535469243;-2.0111449363
4.9900000000;-8.9261871594;-11.0065494124;-9.6154208800;-8.3993430502;-9.2304318630;-1.8685081187;-2.2925353648;-2.0052017356;-1.7852401667;-1.9853910665
5.0000000000;-8.9310910596;-10.7987747123;-9.7255378796;-8.6102001681;-9.0823152770;-1.8665270518;-2.2548909981;-2.0250124047;-1.8169373628;-1.9596371966
5.0100000000;-8.9392026875;-10.5609200414;-9.8475039126;-8.8319523539;-8.9390490677;-1.8665270518;-2.2113191697;-2.0448230738;-1.8525888308;-1.9338833268
5.0200000000;-8.9446489929;-10.3098741125;-9.9711789161;-9.0656268641;-8.8006653977;-1.8665270518;-2.1697126704;-2.0626526760;-1.8882481753;-1.9101105239
5.0300000000;-8.9511503358;-10.0458081293;-10.0970196276;-9.3133809596;-8.6682385927;-1.8665270518;-2.1241557990;-2.0844444120;-1.9258846710;-1.8863377209
5.0400000000;-8.9587366761;-9.7676477467;-10.2174951450;-9.5677344694;-8.5417793304;-1.8704891857;-2.0805682419;-2.1042550811;-1.9655022485;-1.8645459849
5.0500000000;-8.9663315423;-9.4802169689;-10.3400809657;-9.8221643941;-8.4202132407;-1.8764323864;-2.0369846007;-2.1240657502;-2.0031465733;-1.8427542489
5.0600000000;-8.9766176276;-9.2206300965;-10.4567631154;-10.0717689507;-8.3067528534;-1.8803945202;-1.9973553097;-2.1438764193;-2.0427641650;-1.8229435798
5.0700000000;-8.9890779535;-8.9339212753;-10.5680160249;-10.3159547626;-8.2062648600;-1.8863377209;-1.9518022716;-2.1636870884;-2.0804084734;-1.8051139776
5.0800000000;-9.0085526166;-8.6609104103;-10.6679230773;-10.5536431384;-8.1166480769;-1.8922809217;-1.9062375578;-2.1815166906;-2.1180488891;-1.7872843754
5.0900000000;-9.0345414911;-8.3955579274;-10.7596672660;-10.7810681109;-8.0394930279;-1.9002051893;-1.8626500423;-2.1993462928;-2.1576665019;-1.7714358401
5.1000000000;-9.0675786226;-8.1410239120;-10.8368146510;-10.9981854407;-7.9715921283;-1.9081294570;-1.8210436095;-2.2151948280;-2.1953107858;-1.7575683718
5.1100000000;-9.1125127956;-7.8994889462;-10.9025442836;-11.1990968150;-7.9204352146;-1.9180347915;-1.7814182593;-2.2310433633;-2.2329511999;-1.7476630372
5.1200000000;-9.1656138788;-7.6758093559;-10.9595729121;-11.3815880933;-7.8791115515;-1.9299211930;-1.7437739916;-2.2429297648;-2.2686143932;-1.7397387696
5.1300000000;-9.2327737451;-7.4813149388;-11.0079215646;-11.5450979109;-7.8513137930;-1.9418075944;-1.7081108063;-2.2528350993;-2.3022965041;-1.7318145019
5.1400000000;-9.3108087068;-7.3112801704;-11.0459753154;-11.6949824666;-7.8397649702;-1.9536939959;-1.6744287033;-2.2647215008;-2.3339975328;-1.7278523681
5.1500000000;-9.4013085788;-7.1656580087;-11.0753365502;-11.8296955841;-7.8407302104;-1.9675614643;-1.6447049249;-2.2726457684;-2.3637174793;-1.7278523681
5.1600000000;-9.5005176263;-7.0422992653;-11.0987094391;-11.9492185246;-7.8552475887;-1.9834099995;-1.6189433103;-2.2805700361;-2.4171642171;-1.7278523681
5.1700000000;-9.6094833030;-6.9395711935;-11.1134231831;-12.0594503961;-7.8811782920;-1.9992585348;-1.5971438594;-2.2865132368;-2.4281280803;-1.7318145019
5.1800000000;-9.7260605735;-6.8644433018;-11.1232253453;-12.1620685428;-7.9254866347;-2.0151070701;-1.5793065719;-2.2904753706;-2.4390344554;-1.7397387696
5.1900000000;-9.8502328084;-6.8105351029;-11.1232998859;-12.2549463792;-7.9871653849;-2.0329366723;-1.5634541759;-2.2924564375;-2.4568508346;-1.7496441041
5.2000000000;-9.9723095855;-6.7799338154;-11.1216848157;-12.3396680602;-8.0597561643;-2.0507662745;-1.5495828615;-2.2944375045;-2.4727032231;-1.7575683718
5.2100000000;-10.0976000102;-6.7678239970;-11.1157504295;-12.4098162035;-8.1491077654;-2.0685958767;-1.5416472013;-2.2944375045;-2.4845972438;-1.7694547732
5.2200000000;-10.2126861059;-6.7736218784;-11.1049376894;-12.4712164433;-8.2520527818;-2.0864254789;-1.5357001982;-2.2924564375;-2.4964836885;-1.7853033085
5.2300000000;-10.3206950201;-6.7989344017;-11.0860121900;-12.5191094233;-8.3712471501;-2.1002929472;-1.5317342766;-2.2884943037;-2.5044155317;-1.8011518438
5.2400000000;-10.4173443565;-6.8362537402;-11.0600260030;-12.5534397693;-8.5018801881;-2.1161414825;-1.5317267440;-2.2845321699;-2.5083852125;-1.8189814460
5.2500000000;-10.5031396343;-6.8967931596;-11.0264489534;-12.5725983590;-8.6412188283;-2.1300089509;-1.5356813738;-2.2785889692;-2.5103700456;-1.8387921151
5.2600000000;-10.5727009250;-6.9699122687;-10.9852769405;-12.5626207524;-8.7897748729;-2.1418953524;-1.5435981657;-2.2706647015;-2.5083964757;-1.8586027842
5.2700000000;-10.6302945756;-7.0533592905;-10.9381251982;-12.5313938508;-8.9384175840;-2.1537817538;-1.5534997906;-2.2607593670;-2.5024607437;-1.8803945202
5.2800000000;-10.6737996065;-7.1546375978;-10.8812370574;-12.4757908054;-9.0924344063;-2.1656681553;-1.5693371686;-2.2508540324;-2.4945401857;-1.9021862562
5.2900000000;-10.7064302611;-7.2689816398;-10.8113534109;-12.3968478910;-9.2486516998;-2.1755734898;-1.5871631031;-2.2369865641;-2.4846385470;-1.9279401261
5.3000000000;-10.7287494020;-7.3968831294;-10.7295267007;-12.2977958729;-9.4075764183;-2.1854788244;-1.6069701182;-2.2231190957;-2.4707784773;-1.9536939959
5.3100000000;-10.7450686244;-7.5345850512;-10.6336112909;-12.1781347488;-9.5654515485;-2.1934030920;-1.6327129280;-2.2112326942;-2.4529562462;-1.9794478657
5.3200000000;-10.7597279670;-7.6858141278;-10.5284369984;-12.0373220076;-9.7227791165;-2.2033084266;-1.6624216160;-2.1953841589;-2.4331492176;-2.0071828025
5.3300000000;-10.7706059927;-7.8522180916;-10.4161940854;-11.8748151383;-9.8768768785;-2.2092516273;-1.6941150941;-2.1775545567;-2.4113611085;-2.0349177392
5.3400000000;-10.7825327114;-8.0338120650;-10.2974371800;-11.6938269669;-10.0293320314;-2.2151948280;-1.7277896526;-2.1597249546;-2.3856145413;-2.0626526760
5.3500000000;-10.7987752502;-8.2316710003;-10.1727087878;-11.5056599058;-10.1833845381;-2.2211380288;-1.7614679066;-2.1418953524;-2.3559058131;-2.0923686796
5.3600000000;-10.8150499357;-8.4420425331;-10.0430898924;-11.3007833270;-10.3331521822;-2.2270812295;-1.7991009431;-2.1240657502;-2.3261897069;-2.1220846833
5.3700000000;-10.8318631063;-8.6632790767;-9.9155888480;-11.0839177234;-10.4785798128;-2.2310433633;-1.8387187420;-2.1062361480;-2.2925188047;-2.1518006869
5.3800000000;-10.8513727457;-8.8975156359;-9.7902577973;-10.8572631297;-10.6218174513;-2.2330244302;-1.8803176209;-2.0864254789;-2.2568631469;-2.1795356237
5.3900000000;-10.8692868637;-9.1506848466;-9.6670967400;-10.6288914549;-10.7591224797;-2.2330244302;-1.9238975797;-2.0666148098;-2.2212038209;-2.2052894935
5.4000000000;-10.8861119985;-9.4212289827;-9.5541832932;-10.3945999459;-10.8936851362;-2.2330244302;-1.9655037812;-2.0468041407;-2.1835670768;-2.2310433633
5.4100000000;-10.8959284731;-9.6999950597;-9.4456536226;-10.1602429978;-11.0153221680;-2.2310433633;-2.0090837524;-2.0289745385;-2.1439492529;-2.2548161662
5.4200000000;-10.9035391921;-9.9852859984;-9.3430794973;-9.9328613989;-11.1336149332;-2.2290622964;-2.0526673715;-2.0111449363;-2.1043277810;-2.2746268354
5.4300000000;-10.8976708039;-10.2657983632;-9.2491654870;-9.7077031908;-11.2459649387;-2.2270812295;-2.0982284285;-1.9933153341;-2.0647063097;-2.2964185714
5.4400000000;-10.8814712235;-10.5457286853;-9.1612387418;-9.4847150132;-11.3485845215;-2.2231190957;-2.1437931200;-1.9754857319;-2.0270622840;-2.3162292405
5.4500000000;-10.8511944038;-10.8261916272;-9.0765867424;-9.2676530382;-11.4446645080;-2.2151948280;-2.1873803592;-1.9576561297;-1.9874444353;-2.3300967088
5.4600000000;-10.8089668831;-11.1023588581;-8.9957282766;-9.0576318295;-11.5310090270;-2.2072705604;-2.2289865176;-1.9398265275;-1.9498004238;-2.3439641772
5.4700000000;-10.7521116537;-11.3661222841;-8.9186672891;-8.8578828829;-11.6070509574;-2.1993462928;-2.2705890605;-1.9259590591;-1.9141374928;-2.3558505787
5.4800000000;-10.6752233744;-11.6141826305;-8.8502508665;-8.6646851170;-11.6690222237;-2.1914220251;-2.3082366599;-1.9140726577;-1.8784781708;-2.3677369801
5.4900000000;-10.5831098878;-11.8432848486;-8.7840515198;-8.4812172329;-11.7158132862;-2.1795356237;-2.3458770550;-1.9002051893;-1.8447963271;-2.3756612478
5.5000000000;-10.4801151463;-12.0474858292;-8.7248693748;-8.3053678219;-11.7511776418;-2.1676492222;-2.3795624806;-1.8883187879;-1.8130955638;-2.3835855154
5.5100000000;-10.3635775549;-12.2272694373;-8.6705853373;-8.1338935097;-11.7697732930;-2.1537817538;-2.4132407280;-1.8764323864;-1.7813983898;-2.3895287161
5.5200000000;-10.2447880257;-12.3810276665;-8.6190293941;-7.9715892600;-11.7737019764;-2.1399142855;-2.4429639802;-1.8665270518;-1.7516787136;-2.3895287161
5.5300000000;-10.1211355164;-12.5098211890;-8.5766491366;-7.8222643308;-11.7619078969;-2.1260468171;-2.4707025763;-1.8586027842;-1.7239401174;-2.3875476492
5.5400000000;-9.9969094063;-12.6131220839;-8.5424140988;-7.6838127174;-11.7333060409;-2.1121793487;-2.4964600924;-1.8526595835;-1.7001601116;-2.3875476492
5.5500000000;-9.8759111046;-12.6903878476;-8.5168551160;-7.5588946712;-11.6894996735;-2.0963308134;-2.5182590119;-1.8467163827;-1.6783647488;-2.3736944076
5.5600000000;-9.7581677838;-12.7475279478;-8.4999760688;-7.4464657780;-11.6299656642;-2.0626846286;-2.5360957719;-1.8427542489;-1.6585504659;-2.3677423104
5.5700000000;-9.6544520003;-12.7824448821;-8.4901610725;-7.3454410093;-11.5590005630;-2.0547355026;-2.5519479017;-1.8387921151;-1.6407172627;-2.3617937794
5.5800000000;-9.5616093044;-12.7999584803;-8.4906303303;-7.2579557254;-11.4739545765;-2.0468041407;-2.5638414163;-1.8387921151;-1.6248651394;-2.3499073779
5.5900000000;-9.4801551693;-12.8065643835;-8.4976365171;-7.1861799740;-11.3769543771;-2.0309556054;-2.5717727717;-1.8387921151;-1.6129716376;-2.3340588427
5.6000000000;-9.4090161513;-12.8055464948;-8.5154618382;-7.1296000444;-11.2728584882;-2.0151070701;-2.5757419681;-1.8427542489;-1.6050402948;-2.3182103074
5.6100000000;-9.3465685888;-12.7996221537;-8.5446757269;-7.0951880839;-11.1584838781;-1.9992585348;-2.5757490057;-1.8467163827;-1.5990935566;-2.3023617721
5.6200000000;-9.2456259677;-12.7839758870;-8.5825887133;-7.0787245435;-11.0391789451;-1.9695671189;-2.5717938845;-1.8506785166;-1.5971054584;-2.2825511030
5.6300000000;-9.2236991455;-12.7607155351;-8.6361843175;-7.0855313920;-10.9171424225;-1.9626149385;-2.5658541715;-1.8566217173;-1.5971019520;-2.2607593670
5.6400000000;-9.2019806421;-12.7191055658;-8.7006642129;-7.1102979131;-10.7843274360;-1.9556750628;-2.5559558064;-1.8665270518;-1.5990795250;-2.2389676310
5.6500000000;-9.1646591843;-12.6574374210;-8.7749166513;-7.1556510070;-10.6471153624;-1.9418075944;-2.5420952829;-1.8764323864;-1.6050157563;-2.2171758950
5.6600000000;-9.1266887714;-12.5773100726;-8.8557018733;-7.3123515612;-10.5055633065;-1.9299211930;-2.5262501864;-1.8883187879;-1.6307312604;-2.1934030920
5.6700000000;-9.0897919501;-12.4712091826;-8.9440744266;-7.3660102114;-10.3612845388;-1.9180347915;-2.5064464195;-1.9002051893;-1.6396714237;-2.1696302891
5.6800000000;-9.0507479107;-12.3482103680;-9.0421967176;-7.4192202102;-10.2191331691;-1.9081294570;-2.4846580921;-1.9140726577;-1.6485940654;-2.1438764193
5.6900000000;-9.0084564753;-12.2003275106;-9.1468516700;-7.5448584229;-10.0700096599;-1.9002051893;-2.4589110824;-1.9279401261;-1.6683857267;-2.1161414825
5.7000000000;-8.9623713554;-12.0237252634;-9.2564004164;-7.6889751035;-9.9219003960;-1.8922809217;-2.4292019149;-1.9437886613;-1.6921516753;-2.0884065458
5.7100000000;-8.9146436565;-11.8237485025;-9.3681380081;-7.8526049094;-9.7700360329;-1.8863377209;-2.3975082053;-1.9616182635;-1.7179021661;-2.0606716090
5.7200000000;-8.8631335626;-11.5977553357;-9.4804293922;-8.0330804097;-9.6176009735;-1.8803945202;-2.3598781740;-1.9794478657;-1.7436561139;-2.0329366723
5.7300000000;-8.8153682861;-11.3564783718;-9.5938020011;-8.2292996848;-9.4683880621;-1.8744513195;-2.3222377891;-1.9972774679;-1.7753429442;-2.0052017356
5.7400000000;-8.7692455137;-11.0951711478;-9.7098758179;-8.4342719262;-9.3127495043;-1.8704891857;-2.2826197710;-2.0151070701;-1.8070401101;-1.9774667988
5.7500000000;-8.7290602063;-10.8229344705;-9.8281233578;-8.6473872774;-9.1570548348;-1.8665270518;-2.2410206746;-2.0329366723;-1.8407149152;-1.9497318621
5.7600000000;-8.6969973599;-10.5452261397;-9.9469246117;-8.8675663176;-9.0040493209;-1.8645459849;-2.1974404998;-2.0527473414;-1.8743931533;-1.9219969253
5.7700000000;-8.6730719388;-10.2615550047;-10.0603419950;-9.0947978602;-8.8483779300;-1.8645459849;-2.1538568980;-2.0725580105;-1.9100490423;-1.8962430555
5.7800000000;-8.6653654385;-9.9756813239;-10.1710282571;-9.3258603384;-8.6985995840;-1.8645459849;-2.1082956395;-2.0903876127;-1.9476860096;-1.8744513195
5.7900000000;-8.6777051933;-9.6870998121;-10.2746918582;-9.5596464362;-8.5564022832;-1.8665270518;-2.0647086288;-2.1101982818;-1.9853263923;-1.8506785166
5.8000000000;-8.7052682430;-9.4054873275;-10.3734581392;-9.7875538814;-8.4217999603;-1.8704891857;-2.0211250283;-2.1300089509;-2.0229667745;-1.8308678475
5.8100000000;-8.7485599301;-9.1298515908;-10.4668031781;-10.0094938027;-8.2947926140;-1.8744513195;-1.9775414283;-2.1478385531;-2.0625848310;-1.8110571784
5.8200000000;-8.8054287953;-8.8704030054;-10.5568784331;-10.2254662014;-8.1807590127;-1.8823755871;-1.9339578287;-2.1636870884;-2.1002286047;-1.7932275762
5.8300000000;-8.8758600250;-8.6352976364;-10.6372331407;-10.4386929259;-8.0872757495;-1.8922809217;-1.8923519157;-2.1815166906;-2.1378689858;-1.7773790409
5.8400000000;-8.9560819879;-8.4116952548;-10.7126721800;-10.6454482470;-8.0074148006;-1.9041673231;-1.8507493897;-2.1973652259;-2.1735316745;-1.7654926394
5.8500000000;-9.0476852816;-8.2043264371;-10.7805347128;-10.8424715889;-7.9427299976;-1.9160537246;-1.8111245618;-2.2112326942;-2.2091909822;-1.7555873049
5.8600000000;-9.1490645072;-8.0062397533;-10.8451128526;-11.0286559033;-7.8970004864;-1.9299211930;-1.7734808126;-2.2231190957;-2.2428725861;-1.7476630372
5.8700000000;-9.2548204014;-7.8249063571;-10.9032030860;-11.2066752538;-7.8670308972;-1.9457697282;-1.7378181422;-2.2350054971;-2.2765508205;-1.7397387696
5.8800000000;-9.3595279573;-7.6641558553;-10.9607105026;-11.3733349619;-7.8506420432;-1.9596371966;-1.7041365504;-2.2449108317;-2.3082513397;-1.7357766358
5.8900000000;-9.4653058609;-7.5175650916;-11.0144424117;-11.5355835404;-7.8494294190;-1.9735046650;-1.6744137576;-2.2528350993;-2.3379707804;-1.7318145019
5.9000000000;-9.5705522255;-7.3866930829;-11.0600661282;-11.6908069114;-7.8634067217;-1.9893532003;-1.6486531216;-2.2607593670;-2.3657091425;-1.7337955689
5.9100000000;-9.6704064656;-7.2656360943;-11.1349463274;-11.8379036733;-7.8909601105;-2.0052017356;-1.6228991787;-2.2686836346;-2.3914664262;-1.7377577027
5.9200000000;-9.8682638578;-7.0599937663;-11.1589044606;-11.9838446667;-7.9331518378;-2.0210502708;-1.6011007107;-2.2726457684;-2.4152426316;-1.7417198365
5.9300000000;-9.9567689372;-6.9757786083;-11.1747045852;-12.2388345803;-8.0591922247;-2.0349177392;-1.5832643992;-2.2746268354;-2.4370377586;-1.7555739868
5.9400000000;-10.0435808415;-6.9083418179;-11.1818292825;-12.3501883898;-8.1367051353;-2.0507662745;-1.5693902440;-2.2746268354;-2.4568518073;-1.7605358137
5.9500000000;-10.1223095338;-6.8539629443;-11.1791980725;-12.4431687327;-8.2250230440;-2.0646337429;-1.5575004908;-2.2766079023;-2.4727070237;-1.7654926394
5.9600000000;-10.1929007662;-6.8169008192;-11.1635740119;-12.5209212020;-8.3274135071;-2.0785012112;-1.5515473350;-2.2766079023;-2.4846000840;-1.7793601078
5.9700000000;-10.2553545398;-6.7929018785;-11.1365439970;-12.5754403506;-8.4380008412;-2.0943497465;-1.5456041177;-2.2726457684;-2.4945087535;-1.7952086431
5.9800000000;-10.3150508431;-6.7899796006;-11.1013495391;-12.6077043276;-8.5551143350;-2.1082172149;-1.5416386711;-2.2686836346;-2.5024363449;-1.8130382453
5.9900000000;-10.3741866835;-6.8023064992;-11.0520995613;-12.6096821459;-8.6771264613;-2.1220846833;-1.5416320786;-2.2627404339;-2.5064050822;-1.8288867805
6.0000000000;-10.4247098219;-6.8335832913;-10.9914347342;-12.5791348287;-8.7986497933;-2.1339710847;-1.5475654232;-2.2548161662;-2.5064116639;-1.8486974496
6.0100000000;-10.4762373839;-6.8897560833;-10.9231436220;-12.5240812097;-8.9250019928;-2.1458574862;-1.5574642142;-2.2449108317;-2.5024560899;-1.8704891857
6.0200000000;-10.5304640218;-6.9687352725;-10.8467195297;-12.4489051162;-9.0556995365;-2.1597249546;-1.5693473683;-2.2369865641;-2.4945383604;-1.8942619886
6.0300000000;-10.5830988571;-7.0699622863;-10.7632340606;-12.3515113278;-9.1907370702;-2.1716113560;-1.5851893978;-2.2270812295;-2.4846362733;-1.9180347915
6.0400000000;-10.6389485848;-7.1918202857;-10.6705439670;-12.2361652452;-9.3301145932;-2.1834977575;-1.6030157794;-2.2151948280;-2.4727531086;-1.9418075944
6.0500000000;-10.6980532900;-7.3369791210;-10.5734738847;-12.1039891875;-9.4684603823;-2.1934030920;-1.6228232385;-2.2013273597;-2.4569110578;-1.9655803974
6.0600000000;-10.7598749149;-7.5103000527;-10.4677593758;-11.9587497196;-9.6159276025;-2.2013273597;-1.6505452167;-2.1874598913;-2.4371068519;-1.9893532003
6.0700000000;-10.8206425688;-7.7053846691;-10.3603597646;-11.7961996682;-9.7672454093;-2.2112326942;-1.6802580474;-2.1716113560;-2.4153183102;-2.0151070701
6.0800000000;-10.8776348689;-7.9296900223;-10.2491803819;-11.6313067262;-9.9239722980;-2.2191569619;-1.7139297799;-2.1557628207;-2.3915486912;-2.0428420069
6.0900000000;-10.9329820065;-8.1709345709;-10.1428127895;-11.4578077372;-10.0888102048;-2.2270812295;-1.7476080074;-2.1399142855;-2.3657979948;-2.0705769436
6.1000000000;-10.9813207932;-8.4241616460;-10.0380991537;-11.2793831576;-10.2542645783;-2.2310433633;-1.7832640698;-2.1240657502;-2.3380662212;-2.0983118803
6.1100000000;-11.0177642876;-8.6887864660;-9.9317844533;-11.0912488563;-10.4202614426;-2.2330244302;-1.8209012094;-2.1062361480;-2.3083533704;-2.1260468171
6.1200000000;-11.0401204610;-8.9621175928;-9.8249184686;-10.8949586335;-10.5846518688;-2.2350054971;-1.8605194260;-2.0884065458;-2.2766594423;-2.1537817538
6.1300000000;-11.0489098374;-9.2495010973;-9.7234291715;-10.6958946640;-10.7479520302;-2.2350054971;-1.9021187197;-2.0705769436;-2.2410065863;-2.1834977575
6.1400000000;-11.0430605793;-9.5359465869;-9.6246742696;-10.4892907170;-10.9047946945;-2.2350054971;-1.9456990903;-2.0547284083;-2.2053472881;-2.2092516273
6.1500000000;-11.0225639245;-9.8180835193;-9.5329368230;-10.2767009479;-11.0492175314;-2.2330244302;-1.9873048154;-2.0368988061;-2.1696879902;-2.2350054971
6.1600000000;-10.9863436182;-10.0926568515;-9.4407180341;-10.0661897663;-11.1827746842;-2.2290622964;-2.0308851957;-2.0210502708;-2.1320508262;-2.2587783001
6.1700000000;-10.9360053325;-10.3526506217;-9.3517236998;-9.8535572756;-11.3033327569;-2.2231190957;-2.0724909097;-2.0052017356;-2.0944104568;-2.2805700361
6.1800000000;-10.8694095828;-10.6028324548;-9.2649080609;-9.6392912167;-11.4087217228;-2.2171758950;-2.1160712996;-1.9893532003;-2.0567700877;-2.3003807052
6.1900000000;-10.7940730436;-10.8368018087;-9.1754190674;-9.4191061838;-11.4994580100;-2.2112326942;-2.1596548845;-1.9735046650;-2.0191297190;-2.3182103074
6.2000000000;-10.7057513238;-11.0555707891;-9.0869846901;-9.1999274313;-11.5733976322;-2.2033084266;-2.2012605820;-1.9576561297;-1.9814893506;-2.3340588427
6.2100000000;-10.6087150091;-11.2586124902;-8.9990971453;-8.9850524203;-11.6315944081;-2.1953841589;-2.2408852020;-1.9418075944;-1.9418710903;-2.3479263110
6.2200000000;-10.5083804623;-11.4426978297;-8.9122902697;-8.7729080394;-11.6676109363;-2.1854788244;-2.2805066418;-1.9259590591;-1.9062054449;-2.3578316456
6.2300000000;-10.4058672980;-11.6153182444;-8.8287210958;-8.5661585437;-11.6926688217;-2.1735924229;-2.3181501790;-1.9120915908;-1.8705461494;-2.3677369801
6.2400000000;-10.3054896223;-11.7738595237;-8.7505596339;-8.3701989009;-11.7025780816;-2.1617060215;-2.3557905462;-1.9002051893;-1.8368647615;-2.3776423147
6.2500000000;-10.2105110753;-11.9306546573;-8.6762085617;-8.1791878732;-11.7005214255;-2.1498196200;-2.3894750884;-1.8883187879;-1.8031865385;-2.3816044485
6.2600000000;-10.1204192919;-12.0804488069;-8.6115751299;-7.9973513803;-11.6865298055;-2.1379332185;-2.4211753938;-1.8784134533;-1.7714862331;-2.3855665823
6.2700000000;-10.0384391959;-12.2210410466;-8.5524009919;-7.8274199699;-11.6638273607;-2.1220846833;-2.4508946220;-1.8704891857;-1.7397890825;-2.3855665823
6.2800000000;-9.9581380107;-12.3561723593;-8.5061867601;-7.6753253159;-11.6324449448;-2.1082172149;-2.4766548457;-1.8645459849;-1.7120477869;-2.3835855154
6.2900000000;-9.8907668779;-12.4869534282;-8.4735306410;-7.5373774874;-11.5923825590;-2.0943497465;-2.5004308478;-1.8586027842;-1.6862907129;-2.3796233816
6.3000000000;-9.8267276091;-12.6107076041;-8.4533604634;-7.4178270012;-11.5468644864;-2.0785012112;-2.5222257729;-1.8566217173;-1.6644926532;-2.3736801809
6.3100000000;-9.7702491607;-12.7225728040;-8.4462059135;-7.3156484485;-11.4980709881;-2.0646337429;-2.5400616789;-1.8546406504;-1.6446788051;-2.3657559132
6.3200000000;-9.7122156169;-12.8198160602;-8.4504565426;-7.2308299224;-11.4368867671;-2.0487852076;-2.5539354311;-1.8526595835;-1.6288239810;-2.3558505787
6.3300000000;-9.6541693208;-12.9013370572;-8.4655613310;-7.1639079871;-11.3707487536;-2.0368988061;-2.5638470298;-1.8546406504;-1.6149533585;-2.3419831103
6.3400000000;-9.5923552732;-12.9531528947;-8.4968985314;-7.1164983021;-11.2970412009;-2.0230313377;-2.5717744319;-1.8566217173;-1.6030638128;-2.3300967088
6.3500000000;-9.5278202749;-12.9815803848;-8.5385897618;-7.0907649790;-11.2162761007;-2.0091638694;-2.5737648337;-1.8605838511;-1.5951333056;-2.3162292405
6.3600000000;-9.4616493301;-12.9829184705;-8.5943562468;-7.0867316745;-11.1230842534;-1.9972774679;-2.5717899722;-1.8645459849;-1.5911649519;-2.2983996383
6.3700000000;-9.3900830103;-12.9592814083;-8.6566918224;-7.1017153663;-11.0201021391;-1.9853910665;-2.5678309289;-1.8704891857;-1.5891807798;-2.2805700361
6.3800000000;-9.3147065716;-12.8972533623;-8.7266138916;-7.1394428582;-10.9035929651;-1.9735046650;-2.5618908091;-1.8784134533;-1.5911556607;-2.2587783001
6.3900000000;-9.2409155025;-12.8015450429;-8.8046691736;-7.1988821152;-10.7724464507;-1.9517283819;-2.5500136506;-1.8863377209;-1.5970926947;-2.2369865641
6.4000000000;-9.1590627054;-12.6743517086;-8.8876321408;-7.2762649610;-10.6282648824;-1.9467641219;-2.5341712485;-1.8962430555;-1.6050138958;-2.2132137611
6.4100000000;-9.0755320403;-12.5199932525;-8.9727860794;-7.3699403880;-10.4753631119;-1.9418075944;-2.5143666935;-1.9081294570;-1.6149161732;-2.1874598913
6.4200000000;-8.9925271038;-12.3433471951;-9.0649547193;-7.4788175152;-10.3116314890;-1.9299211930;-2.4905999857;-1.9200158584;-1.6287775226;-2.1617060215
6.4300000000;-8.9127562111;-12.1460711937;-9.1561011539;-7.6044946114;-10.1413497804;-1.9200158584;-2.4628711253;-1.9319022599;-1.6466010247;-2.1359521516
6.4400000000;-8.8383935531;-11.9297927663;-9.2488541729;-7.7464525340;-9.9634831297;-1.9101105239;-2.4351361222;-1.9457697282;-1.6664086746;-2.1062361480
6.4500000000;-8.7689175251;-11.7025894012;-9.3362364882;-7.8982453396;-9.7850089905;-1.9021862562;-2.4054231096;-1.9596371966;-1.6901754103;-2.0785012112
6.4600000000;-8.7134755345;-11.4650736033;-9.4268071044;-8.0683900873;-9.6070673720;-1.8942619886;-2.3697729920;-1.9754857319;-1.7159262842;-2.0507662745
6.4700000000;-8.6683700692;-11.2263880829;-9.5195560170;-8.2510761937;-9.4269806946;-1.8902998548;-2.3321356840;-1.9933153341;-1.7436582342;-2.0230313377
6.4800000000;-8.6362637116;-10.9850050171;-9.6123215416;-8.4365791468;-9.2511742797;-1.8883187879;-2.2944953237;-2.0091638694;-1.7733712602;-1.9952964010
6.4900000000;-8.6209456605;-10.7457472262;-9.7093938413;-8.6296249878;-9.0845456010;-1.8843566540;-2.2548769353;-2.0269934716;-1.8070433908;-1.9675614643
6.5000000000;-8.6321353109;-10.5086594342;-9.8108060953;-8.8313392539;-8.9266018463;-1.8843566540;-2.2152555040;-2.0448230738;-1.8426996405;-1.9418075944
6.5100000000;-8.6586016433;-10.2721290121;-9.9160199433;-9.0369029480;-8.7784131385;-1.8843566540;-2.1736560353;-2.0626526760;-1.8783589284;-1.9160537246
6.5200000000;-8.6997194587;-10.0420541514;-10.0228777857;-9.2500212889;-8.6373016329;-1.8863377209;-2.1320535331;-2.0824633451;-1.9159962584;-1.8902998548
6.5300000000;-8.7527927653;-9.8152639178;-10.1292096188;-9.4637569169;-8.5091557314;-1.8902998548;-2.0884729842;-2.1002929472;-1.9536366173;-1.8665270518
6.5400000000;-8.8161858149;-9.5847403270;-10.2366140893;-9.6839393330;-8.3951048941;-1.9041552435;-2.0448894110;-2.1201036164;-1.9932550275;-1.8447353158
6.5500000000;-8.8866559497;-9.3552574213;-10.3440267756;-9.9020435220;-8.2897832557;-1.9071366603;-2.0032838943;-2.1379332185;-2.0328764574;-1.8249246467
6.5600000000;-8.9620249468;-9.1273970990;-10.4503626763;-10.1147570730;-8.2049683347;-1.9101105239;-1.9597033325;-2.1537817538;-2.0705198262;-1.8070950445
6.5700000000;-9.0417379942;-8.9049273890;-10.5545367902;-10.3306341052;-8.1343172490;-1.9160537246;-1.9161197603;-2.1716113560;-2.1101382493;-1.7912465092
6.5800000000;-9.1209453650;-8.6862698720;-10.6543873098;-10.5449350233;-8.0766958942;-1.9239779922;-1.8764923280;-2.1874598913;-2.1477816085;-1.7694697813
6.5900000000;-9.1953029637;-8.4714098414;-10.7488210523;-10.7565348390;-8.0283312498;-1.9338833268;-1.8368708993;-2.2033084266;-2.1854219658;-1.7654956388
6.6000000000;-9.2674701882;-8.2565840305;-10.8302920312;-10.9616645083;-7.9897266615;-1.9457697282;-1.7992275497;-2.2171758950;-2.2210842440;-1.7615305056
6.6100000000;-9.3374674329;-8.0455215455;-10.9073578892;-11.1581369218;-7.9646503327;-1.9556750628;-1.7635652762;-2.2290622964;-2.2567435294;-1.7555873049
6.6200000000;-9.4042178430;-7.8382565455;-10.9779300798;-11.3491502780;-7.9488354293;-1.9675614643;-1.7298840790;-2.2409486979;-2.2904247267;-1.7496441041
6.6300000000;-9.4682517191;-7.6455416550;-11.0403770361;-11.5282966615;-7.9400924441;-1.9774667988;-1.6981839578;-2.2508540324;-2.3221248479;-1.7456819703
6.6400000000;-9.5295731221;-7.4658612643;-11.0914559389;-11.6965817393;-7.9416277455;-1.9893532003;-1.6684649126;-2.2607593670;-2.3518438930;-1.7437009034
6.6500000000;-9.5871051607;-7.3024266714;-11.1295271254;-11.8577747673;-7.9513198984;-2.0012396017;-1.6427050448;-2.2686836346;-2.3815599634;-1.7437009034
6.6600000000;-9.6413781903;-7.1515034098;-11.1588860654;-12.0108415905;-7.9713001095;-2.0151070701;-1.6209073286;-2.2746268354;-2.4053417165;-1.7456819703
6.6700000000;-9.6983192885;-7.0162835322;-11.1774112681;-12.1487916850;-7.9983617923;-2.0289745385;-1.5991155440;-2.2785889692;-2.4291145725;-1.7496441041
6.6800000000;-9.7542036093;-6.9016350598;-11.1834711980;-12.2661830795;-8.0362395972;-2.0408609399;-1.5812799885;-2.2805700361;-2.4489311993;-1.7555873049
6.6900000000;-9.8138491669;-6.8086768020;-11.1818999919;-12.3694020929;-8.0876556991;-2.0547284083;-1.5654284657;-2.2825511030;-2.4667637934;-1.7635115725
6.7000000000;-9.8783691317;-6.7401068073;-11.1673491143;-12.4536841321;-8.1499458003;-2.0685958767;-1.5515580186;-2.2825511030;-2.4826153118;-1.7734169071
6.7100000000;-9.9520793916;-6.7002506548;-11.1435477527;-12.5168311263;-8.2246988899;-2.0824633451;-1.5436249026;-2.2805700361;-2.4945076267;-1.7872843754
6.7200000000;-10.0377044826;-6.6843075454;-11.1110624826;-12.5582837687;-8.3140801718;-2.0983118803;-1.5396568815;-2.2766079023;-2.5024377903;-1.8031329107
6.7300000000;-10.1282640242;-6.6895457568;-11.0742052573;-12.5726673293;-8.4213350624;-2.1121793487;-1.5376728753;-2.2686836346;-2.5083839390;-1.8189814460
6.7400000000;-10.2237060076;-6.7197052843;-11.0292385888;-12.5620736557;-8.5395020987;-2.1260468171;-1.5416262261;-2.2627404339;-2.5103708714;-1.8387921151
6.7500000000;-10.3261844520;-6.7785836471;-10.9761345144;-12.5243773350;-8.6669059033;-2.1399142855;-1.5475665135;-2.2548161662;-2.5123519426;-1.8586027842
6.7600000000;-10.4303302047;-6.8629879589;-10.9159700566;-12.4659993596;-8.8078339239;-2.1537817538;-1.5574660257;-2.2468918986;-2.5064204167;-1.8803945202
6.7700000000;-10.5339493692;-6.9718141201;-10.8509072482;-12.3886172907;-8.9633998007;-2.1676492222;-1.5713276888;-2.2369865641;-2.4984990496;-1.9041673231
6.7800000000;-10.6337949026;-7.1039771222;-10.7809619985;-12.2981542865;-9.1217828426;-2.1795356237;-1.5911296607;-2.2251001626;-2.4885966070;-1.9279401261
6.7900000000;-10.7266118085;-7.2551654914;-10.7082884203;-12.1903756284;-9.2877180563;-2.1914220251;-1.6129185346;-2.2132137611;-2.4727567647;-1.9517129290
6.8000000000;-10.8091450908;-7.4221147052;-10.6264399696;-12.0689958280;-9.4628614598;-2.2013273597;-1.6366884837;-2.1993462928;-2.4588863618;-1.9774667988
6.8100000000;-10.8732928977;-7.6101738728;-10.5396774470;-11.9372754514;-9.6445384969;-2.2112326942;-1.6624395081;-2.1854788244;-2.4390843519;-2.0052017356
6.8200000000;-10.9276126465;-7.8150882522;-10.4442626675;-11.7947106307;-9.8219701808;-2.2191569619;-1.6921497826;-2.1716113560;-2.4172954657;-2.0329366723
6.8300000000;-10.9700133057;-8.0588686312;-10.3498619130;-11.6472027950;-9.9988262934;-2.2270812295;-1.7278003867;-2.1537817538;-2.3935255043;-2.0586905421
6.8400000000;-10.9961706524;-8.2847041791;-10.2511605810;-11.4894424596;-10.1762154608;-2.2330244302;-1.7614814835;-2.1379332185;-2.3657962844;-2.0864254789
6.8500000000;-11.0065917565;-8.5168329858;-10.1475807419;-11.3229857012;-10.3455425536;-2.2369865641;-1.7991160671;-2.1201036164;-2.3380612890;-2.1121793487
6.8600000000;-11.0028962545;-8.7522449802;-10.0439655774;-11.1516081108;-10.5040432451;-2.2389676310;-1.8367564178;-2.1002929472;-2.3063699105;-2.1379332185
6.8700000000;-10.9861730714;-8.9909119399;-9.9333489579;-10.9613853700;-10.6570720059;-2.2389676310;-1.8763749640;-2.0804822781;-2.2726945774;-2.1636870884
6.8800000000;-10.9558914683;-9.2290692262;-9.8183728244;-10.7634529255;-10.7992977504;-2.2389676310;-1.9179745853;-2.0606716090;-2.2390163693;-2.1894409582
6.8900000000;-10.9152790420;-9.4709865060;-9.7065969367;-10.5573884791;-10.9285223300;-2.2369865641;-1.9595770774;-2.0408609399;-2.2013817532;-2.2132137611
6.9000000000;-10.8681293777;-9.7086339626;-9.5975374216;-10.3437236250;-11.0393488237;-2.2330244302;-2.0031577775;-2.0210502708;-2.1637414035;-2.2350054971
6.9100000000;-10.8177013719;-9.9446305747;-9.4906517801;-10.1299826134;-11.1397978507;-2.2290622964;-2.0467413401;-2.0012396017;-2.1261010539;-2.2567972332
6.9200000000;-10.7624026032;-10.1510324172;-9.3832431063;-9.9103338961;-11.2304772930;-2.2231190957;-2.0843902532;-1.9834099995;-2.0864824881;-2.2766079023
6.9300000000;-10.7086846835;-10.3786916958;-9.2812166218;-9.6857918598;-11.3108539761;-2.2171758950;-2.1279652639;-1.9635993304;-2.0468610680;-2.2944375045
6.9400000000;-10.6533625686;-10.6054612716;-9.1813833957;-9.4579785959;-11.3836124717;-2.2092516273;-2.1675923765;-1.9457697282;-2.0092178727;-2.3122671066
6.9500000000;-10.6039536313;-10.8257673283;-9.0783339627;-9.2285216204;-11.4471624741;-2.2033084266;-2.2091920249;-1.9299211930;-1.9715775241;-2.3261345750
6.9600000000;-10.5578190010;-11.0433284444;-8.9844179200;-9.0097903627;-11.5041793476;-2.1934030920;-2.2488162825;-1.9160537246;-1.9359154084;-2.3380209765
6.9700000000;-10.5160165891;-11.2592528072;-8.8970311164;-8.7954638218;-11.5557620065;-2.1834977575;-2.2884377017;-1.9021862562;-1.9002561311;-2.3499073779
6.9800000000;-10.4731677759;-11.4697845748;-8.8139996934;-8.5876257120;-11.5965409941;-2.1735924229;-2.3280591206;-1.8883187879;-1.8665750949;-2.3598127125
6.9900000000;-10.4308498984;-11.6840353137;-8.7380014176;-8.3879089337;-11.6329246159;-2.1636870884;-2.3637240496;-1.8764323864;-1.8348751339;-2.3677369801
7.0000000000;-10.3799175404;-11.8907879315;-8.6690555530;-8.1925697397;-11.6638925058;-2.1518006869;-2.3974050774;-1.8665270518;-1.8031779991;-2.3736801809
7.0100000000;-10.3278464101;-12.0867182635;-8.6109326559;-8.0096275356;-11.6851323137;-2.1399142855;-2.4291050300;-1.8586027842;-1.7734591174;-2.3776423147
7.0200000000;-10.2671491060;-12.2734123806;-8.5609663372;-7.8434599031;-11.6960693120;-2.1260468171;-2.4568456507;-1.8526595835;-1.7457213107;-2.3796233816
7.0300000000;-10.2031585348;-12.4428155136;-8.5223693842;-7.6930353910;-11.6956230961;-2.1121793487;-2.4845806431;-1.8467163827;-1.7179863183;-2.3796233816
7.0400000000;-10.1289103351;-12.5953967118;-8.4983967856;-7.5588804567;-11.6859361276;-2.0963308134;-2.5063808410;-1.8427542489;-1.6942078556;-2.3756612478
7.0500000000;-10.0454321185;-12.7273951423;-8.4836847695;-7.4388517850;-11.6616475752;-2.0824633451;-2.5261943517;-1.8387921151;-1.6724132740;-2.3716991140
7.0600000000;-9.9521928484;-12.8366270678;-8.4798111652;-7.3372254084;-11.6200220438;-2.0666148098;-2.5420485148;-1.8368110482;-1.6545780400;-2.3637748463
7.0700000000;-9.8534981762;-12.9160811176;-8.4878647832;-7.2518952190;-11.5615746073;-2.0507662745;-2.5539405283;-1.8387921151;-1.6387266791;-2.3518884449
7.0800000000;-9.7499172676;-12.9549392256;-8.5035437336;-7.1882117992;-11.4863098323;-2.0329366723;-2.5618703921;-1.8407731820;-1.6248563930;-2.3380209765
7.0900000000;-9.6463021715;-12.9681726102;-8.5300497445;-7.1462282575;-11.3936897780;-2.0151070701;-2.5678163909;-1.8427542489;-1.6149454663;-2.3201913743
7.1000000000;-9.5367613883;-12.9564466885;-8.5690217059;-7.1216469866;-11.2853237402;-1.9992585348;-2.5698030265;-1.8467163827;-1.6089966890;-2.3043428390
7.1100000000;-9.4287950496;-12.9160003234;-8.6177774759;-7.1171116541;-11.1628392236;-1.9834099995;-2.5678275127;-1.8526595835;-1.6050317689;-2.2845321699
7.1200000000;-9.3229949013;-12.8446498946;-8.6714497256;-7.1321114868;-11.0289396555;-1.9675614643;-2.5618898495;-1.8605838511;-1.6050262197;-2.2627404339
7.1300000000;-9.2209808709;-12.7520606893;-8.7337754113;-7.1677156462;-10.8766541240;-1.9536939959;-2.5539683371;-1.8685081187;-1.6070045197;-2.2409486979
7.1400000000;-9.1211481311;-12.6383141960;-8.8020873763;-7.2255463677;-10.7172212317;-1.9398265275;-2.5401091423;-1.8784134533;-1.6129421983;-2.2171758950
7.1500000000;-9.0294113422;-12.5023344566;-8.8752893069;-7.2986353679;-10.5545017755;-1.9279401261;-2.5242633393;-1.8902998548;-1.6208637184;-2.1914220251
7.1600000000;-8.9468894045;-12.2010917182;-9.0329606511;-7.3879887588;-10.3906793026;-1.9180347915;-2.5044581501;-1.9041673231;-1.6307663129;-2.1676492222
7.1700000000;-8.8198672529;-12.0351854440;-9.1181236072;-7.4903935344;-10.2246958606;-1.9081294570;-2.4826691273;-1.9200158584;-1.6466066129;-2.1418953524
7.1800000000;-8.7779524368;-11.8573640235;-9.2038322690;-7.7399896189;-9.8993939292;-1.9002051893;-2.4569207108;-1.9378454606;-1.6644334980;-2.1181225494
7.1900000000;-8.7507069716;-11.6767412067;-9.2922354423;-7.8841830529;-9.7436374808;-1.8922809217;-2.4291884685;-1.9556750628;-1.6862197805;-2.0903876127
7.2000000000;-8.7413369232;-11.4934059142;-9.3855031291;-8.0429719645;-9.5917039711;-1.8863377209;-2.3974968249;-1.9735046650;-1.7099898851;-2.0626526760
7.2100000000;-8.7407228981;-11.3014480644;-9.4815011940;-8.2158717814;-9.4521644244;-1.8823755871;-2.3638213632;-1.9913342672;-1.7357410641;-2.0349177392
7.2200000000;-8.7563211091;-11.1018848543;-9.5829018442;-8.3937551430;-9.3132819790;-1.8784134533;-2.3261864927;-2.0111449363;-1.7654516517;-2.0111449363
7.2300000000;-8.7822758261;-10.8936521140;-9.6908034934;-8.5808134731;-9.1738674461;-1.8764323864;-2.2885461499;-2.0309556054;-1.7951677119;-1.9834099995
7.2400000000;-8.8169238275;-10.6778140433;-9.8036009644;-8.7781674050;-9.0403580394;-1.8764323864;-2.2469491235;-2.0507662745;-1.8268621137;-1.9576561297
7.2500000000;-8.8511050296;-10.4533064158;-9.9164385063;-8.9793898656;-8.9149653303;-1.8764323864;-2.2053466398;-2.0685958767;-1.8625159355;-1.9319022599
7.2600000000;-8.8906622601;-10.2190442257;-10.0341184732;-9.1881659039;-8.7907249666;-1.8784134533;-2.1617658069;-2.0864254789;-1.8981752071;-1.9081294570
7.2700000000;-8.9302638950;-9.9825396287;-10.1502242407;-9.4007807533;-8.6675695996;-1.8803945202;-2.1181822529;-2.1062361480;-1.9338344785;-1.8843566540
7.2800000000;-8.9704035884;-9.7341931232;-10.2630883432;-9.6198760882;-8.5471112180;-1.8843566540;-2.0745986992;-2.1240657502;-1.9694937497;-1.8625649180
7.2900000000;-9.0019386585;-9.4782104047;-10.3759258715;-9.8390420779;-8.4325893404;-1.8883187879;-2.0329935063;-2.1418953524;-2.0071313812;-1.8427542489
7.3000000000;-9.0360933265;-9.2200061854;-10.4860730381;-10.0565982069;-8.3234975799;-1.8942619886;-1.9894126594;-2.1577438876;-2.0447717227;-1.8249246467
7.3100000000;-9.0675796877;-8.9644681451;-10.5875888774;-10.2757465851;-8.2246669376;-1.9002051893;-1.9478074743;-2.1755734898;-2.0824120639;-1.8051139776
7.3200000000;-9.0676653049;-8.9637728734;-10.5878649190;-10.2763429551;-8.2243982764;-1.9002267519;-1.9476942703;-2.1914220251;-2.0825144866;-1.8050762430
7.3200272109;-9.0985479826;-8.7166796028;-10.6821674855;-10.4946733626;-8.1392519882;-1.9081402383;-1.9061483900;-2.2052894935;-2.1201036164;-1.7912276419
7.3300136054;-9.1646499258;-8.2346461682;-10.8465535781;-10.9181657828;-7.9916827922;-1.9259590591;-1.8289378529;-2.2191569619;-2.1933547077;-1.7635115725
7.3500000000;-9.2020684391;-8.0088634206;-10.9139010531;-11.1227311582;-7.9345834535;-1.9358643937;-1.7912975124;-2.2310433633;-2.2290139776;-1.7536062380
7.3600000000;-9.2448811835;-7.7933983235;-10.9714836358;-11.3191998919;-7.8926688893;-1.9477507952;-1.7556355583;-2.2409486979;-2.2626948612;-1.7456819703
7.3700000000;-9.2941950916;-7.5968389216;-11.0203775532;-11.5010910846;-7.8659442089;-1.9596371966;-1.7219546785;-2.2528350993;-2.2963730603;-1.7397387696
7.3800000000;-9.3537857570;-7.4214164723;-11.0589772109;-11.6737016340;-7.8538720122;-1.9735046650;-1.6882764796;-2.2627404339;-2.3280728658;-1.7357766358
7.3900000000;-9.4215313040;-7.2693009836;-11.0878076097;-11.8301127753;-7.8553723898;-1.9873721334;-1.6605334719;-2.2726457684;-2.3577915970;-1.7337955689
7.4000000000;-9.4979523864;-7.1356761056;-11.1111781645;-11.9750792430;-7.8725848081;-2.0032206686;-1.6347768854;-2.2766079023;-2.3855292539;-1.7357766358
7.4100000000;-9.5868203215;-7.0226457598;-11.1215898713;-12.1081165535;-7.9044547621;-2.0190692039;-1.6129797773;-2.2805700361;-2.4112858367;-1.7377577027
7.4200000000;-9.6892418941;-6.9334548050;-11.1254394350;-12.2233150934;-7.9541966504;-2.0349177392;-1.5931664098;-2.2865132368;-2.4350613452;-1.7437009034
7.4300000000;-9.8025350661;-6.8681336587;-11.1227790744;-12.3243682429;-8.0239906208;-2.0507662745;-1.5753341163;-2.2884943037;-2.4548773683;-1.7536062380
7.4400000000;-9.9239873392;-6.8250700015;-11.1130706362;-12.4043390143;-8.1090199725;-2.0685958767;-1.5634397268;-2.2884943037;-2.4727096581;-1.7635115725
7.4500000000;-10.0498098968;-6.8026363243;-11.0963097811;-12.4626156508;-8.2108515330;-2.0864254789;-1.5535317225;-2.2865132368;-2.4865824553;-1.7753979740
7.4600000000;-10.1708235906;-6.8024298332;-11.0730346749;-12.5013393574;-8.3284255450;-2.1022740142;-1.5475832141;-2.2805700361;-2.4964931045;-1.7892654423
7.4700000000;-10.2944892323;-6.8244656552;-11.0432496466;-12.5146289198;-8.4552824121;-2.1201036164;-1.5455968538;-2.2746268354;-2.5024416057;-1.8051139776
7.4800000000;-10.4111801584;-6.8628316652;-11.0053401668;-12.5088621901;-8.5924366284;-2.1359521516;-1.5455942124;-2.2686836346;-2.5064063880;-1.8229435798
7.4900000000;-10.5229713950;-6.9249971476;-10.9598314677;-12.4808874726;-8.7388233076;-2.1518006869;-1.5495510774;-2.2627404339;-2.5083900964;-1.8407731820
7.5000000000;-10.6191164269;-7.0045826757;-10.9078042372;-12.4317439151;-8.8879826557;-2.1795171829;-1.5554916542;-2.2548161662;-2.5064142948;-1.8625649180
7.5100000000;-10.7000673400;-7.1015280508;-10.8487288932;-12.3678843213;-9.0414669320;-2.1854748754;-1.5653917444;-2.2449108317;-2.5004763454;-1.8843566540
7.5200000000;-10.7652902358;-7.2136833029;-10.7852921330;-12.2866933745;-9.1933787528;-2.1914220251;-1.5792539823;-2.2330244302;-2.4905762482;-1.9081294570
7.5300000000;-10.8120897969;-7.3404909193;-10.7132097878;-12.1908264953;-9.3452755789;-2.2013273597;-1.5970783679;-2.2211380288;-2.4767140034;-1.9319022599
7.5400000000;-10.8463648987;-7.4830209124;-10.6319093404;-12.0851434142;-9.4960973898;-2.2092516273;-1.6188649010;-2.2072705604;-2.4628465108;-1.9576561297
7.5500000000;-10.8697773016;-7.6402082372;-10.5413865085;-11.9696953912;-9.6420716240;-2.2191569619;-1.6426351284;-2.1934030920;-2.4450221116;-1.9853910665
7.5600000000;-10.8748047335;-7.8104303711;-10.4448706235;-11.8428719780;-9.7912261700;-2.2270812295;-1.6703648862;-2.1775545567;-2.4271924784;-2.0131260032
7.5700000000;-10.8748430768;-7.9985101038;-10.3429255425;-11.7089507247;-9.9371853861;-2.2330244302;-1.7000783313;-2.1597249546;-2.4054059248;-2.0388798730
7.5800000000;-10.8635401867;-8.1937415453;-10.2344790660;-11.5642191986;-10.0809646895;-2.2369865641;-1.7317728500;-2.1418953524;-2.3796572238;-2.0666148098
7.5900000000;-10.8526861843;-8.3965629536;-10.1259815348;-11.4091745795;-10.2263367713;-2.2409486979;-1.7674269094;-2.1240657502;-2.3519248425;-2.0923686796
7.6000000000;-10.8402216997;-8.6080543736;-10.0115633233;-11.2406014515;-10.3652731737;-2.2429297648;-1.8050646456;-2.1042550811;-2.3222113875;-2.1201036164
7.6100000000;-10.8245149876;-8.8266130552;-9.8949454362;-11.0584659106;-10.5036126868;-2.2449108317;-1.8446834553;-2.0864254789;-2.2924953329;-2.1458574862
7.6200000000;-10.8114741215;-9.0527617209;-9.7766958346;-10.8622310977;-10.6414097007;-2.2468918986;-1.8843048613;-2.0685958767;-2.2608008011;-2.1716113560
7.6300000000;-10.8022222421;-9.2891931241;-9.6638161423;-10.6556494520;-10.7743637100;-2.2468918986;-1.9259047478;-2.0507662745;-2.2271251958;-2.1953841589
7.6400000000;-10.7946147508;-9.5316313661;-9.5558231177;-10.4398341273;-10.9040479702;-2.2449108317;-1.9675072237;-2.0329366723;-2.1934470010;-2.2171758950
7.6500000000;-10.7891730102;-9.7778867403;-9.4500211766;-10.2174807789;-11.0272518022;-2.2409486979;-2.0110881869;-2.0151070701;-2.1558118316;-2.2389676310
7.6600000000;-10.7789036436;-10.0241764950;-9.3485423174;-9.9875437004;-11.1444832752;-2.2350054971;-2.0546717327;-1.9972774679;-2.1181714966;-2.2607593670
7.6700000000;-10.7734409202;-10.2742293621;-9.2530182514;-9.7569913347;-11.2562848908;-2.2290622964;-2.1002337724;-1.9794478657;-2.0825096558;-2.2785889692
7.6800000000;-10.7594034429;-10.5248541158;-9.1602318846;-9.5183798269;-11.3588983919;-2.2231190957;-2.1438198907;-1.9635993304;-2.0448718939;-2.2983996383
7.6900000000;-10.7393775443;-10.7733333512;-9.0750026219;-9.2812952781;-11.4533646824;-2.2151948280;-2.1874034359;-1.9477507952;-2.0072315594;-2.3142481736
7.7000000000;-10.7101544339;-11.0212554226;-8.9903703828;-9.0512074077;-11.5370055132;-2.2052894935;-2.2290084769;-1.9319022599;-1.9715697291;-2.3281156419
7.7100000000;-10.6722472491;-11.2632588558;-8.9132785878;-8.8308566243;-11.6081836080;-2.1934030920;-2.2686324442;-1.9160537246;-1.9359104651;-2.3419831103
7.7200000000;-10.6170472337;-11.4960691220;-8.8416284580;-8.6159753237;-11.6658090852;-2.1815166906;-2.3062753377;-1.9021862562;-1.9002512013;-2.3538695118
7.7300000000;-10.5477173364;-11.7196569738;-8.7775565161;-8.4124253273;-11.7077216922;-2.1696302891;-2.3439156716;-1.8902998548;-1.8645919376;-2.3617937794
7.7400000000;-10.4615910294;-11.9281084568;-8.7232327541;-8.2240263850;-11.7317514273;-2.1557628207;-2.3775989708;-1.8784134533;-1.8309111913;-2.3677369801
7.7500000000;-10.3667223257;-12.1165313413;-8.6749055873;-8.0481325757;-11.7411046738;-2.1438764193;-2.4092986434;-1.8685081187;-1.8011900392;-2.3716991140
7.7600000000;-10.2588670973;-12.2848819249;-8.6320075113;-7.8831053031;-11.7347352801;-2.1300089509;-2.4390172425;-1.8605838511;-1.7714739866;-2.3756612478
7.7700000000;-10.1444520752;-12.4358484633;-8.5988410492;-7.7391303440;-11.7120958970;-2.1141604156;-2.4647762409;-1.8526595835;-1.7457149881;-2.3736801809
7.7800000000;-10.0219121208;-12.5619279792;-8.5759777972;-7.6109429925;-11.6753323100;-2.0983118803;-2.4885516227;-1.8467163827;-1.7219396064;-2.3697180470
7.7900000000;-9.8976949346;-12.6641280762;-8.5612685211;-7.4984880319;-11.6233885441;-2.0824633451;-2.5083673974;-1.8407731820;-1.6981667645;-2.3657559132
7.8000000000;-9.7718502737;-12.7435337573;-8.5568500408;-7.4049873921;-11.5562549380;-2.0685958767;-2.5261995620;-1.8387921151;-1.6763724596;-2.3558505787
7.8100000000;-9.6524534890;-12.7963909481;-8.5600471363;-7.3272521431;-11.4776952198;-2.0547284083;-2.5420506532;-1.8368110482;-1.6605163082;-2.3459452441
7.8200000000;-9.5417200660;-12.8226659173;-8.5692240419;-7.2631012706;-11.3909692117;-2.0388798730;-2.5539421278;-1.8348299813;-1.6466462904;-2.3340588427
7.8300000000;-9.4428967295;-12.8314993532;-8.5849067324;-7.2184199017;-11.2950304176;-2.0230313377;-2.5618714556;-1.8368110482;-1.6367358925;-2.3201913743
7.8400000000;-9.3543931137;-12.8213598932;-8.6162516630;-7.1889722575;-11.1898692243;-2.0071828025;-2.5658386367;-1.8407731820;-1.6268305419;-2.3043428390
7.8500000000;-9.2740433472;-12.7933085358;-8.6574067221;-7.1773996145;-11.0803249280;-1.9913342672;-2.5658436712;-1.8447353158;-1.6208822971;-2.2845321699
7.8600000000;-9.2072147969;-12.7409024058;-8.7034812002;-7.1837293349;-10.9653652705;-1.9774667988;-2.5638651151;-1.8506785166;-1.6169176429;-2.2647215008
7.8700000000;-9.1517950077;-12.6743005597;-8.7544381092;-7.2036651225;-10.8460560978;-1.9655803974;-2.5579269266;-1.8586027842;-1.6169126211;-2.2449108317
7.8800000000;-9.1072291675;-12.5898298464;-8.8124310208;-7.2425337403;-10.7207938231;-1.9536939959;-2.5480265915;-1.8704891857;-1.6208697459;-2.2231190957
7.8900000000;-9.0724363799;-12.4917586187;-8.8785531284;-7.2966303550;-10.5922527344;-1.9418075944;-2.5361426756;-1.8803945202;-1.6287890172;-2.2013273597
7.9000000000;-9.0447164394;-12.3801250426;-8.9474285873;-7.3648427335;-10.4572303086;-1.9299211930;-2.5183205491;-1.8922809217;-1.6367132975;-2.1775545567
7.9100000000;-9.0240489000;-12.2549291193;-9.0249389982;-7.4498453174;-10.3183866350;-1.9180347915;-2.4945552030;-1.9061483900;-1.6485947214;-2.1537817538
7.9200000000;-9.0088185207;-12.1161708498;-9.1084372171;-7.5452204146;-10.1768209899;-1.9081294570;-2.4727609374;-1.9200158584;-1.6644382917;-2.1280278840
7.9300000000;-8.9947057163;-11.9611614993;-9.1909034081;-7.6584220104;-10.0325428789;-1.9002051893;-2.4489905888;-1.9338833268;-1.6842440083;-2.1002929472
7.9400000000;-8.9832931676;-11.7931038538;-9.2792841195;-7.7863034515;-9.8817880306;-1.8942619886;-2.4192820047;-1.9497318621;-1.7040547086;-2.0745390774
7.9500000000;-8.9697472223;-11.6168661901;-9.3741706722;-7.9293693592;-9.7293630903;-1.8883187879;-2.3875873699;-1.9655803974;-1.7278225776;-2.0487852076
7.9600000000;-8.9561850434;-11.4255001803;-9.4744902618;-8.0924590153;-9.5753106725;-1.8823755871;-2.3539116622;-1.9814289326;-1.7555525927;-2.0210502708
7.9700000000;-8.9410075486;-11.2232465137;-9.5818500872;-8.2691757476;-9.4244707135;-1.8784134533;-2.3162762909;-1.9992585348;-1.7832875729;-1.9933153341
7.9800000000;-8.9279716839;-11.0026141051;-9.6881856519;-8.4524724185;-9.2672057440;-1.8744513195;-2.2766573672;-2.0170881370;-1.8130011466;-1.9655803974
7.9900000000;-8.9122597492;-10.7716036491;-9.8025898588;-8.6524842627;-9.1131109355;-1.8724702526;-2.2350573705;-2.0368988061;-1.8466743900;-1.9378454606
8.0000000000;-8.8981429843;-10.5265213009;-9.9202853610;-8.8617937188;-8.9590443648;-1.8724702526;-2.1954335007;-2.0547284083;-1.8823311796;-1.9120915908
8.0100000000;-8.8861921548;-10.2710986802;-10.0380050607;-9.0840855051;-8.8082045617;-1.8744513195;-2.1518548953;-2.0725580105;-1.9160118363;-1.8902998548
8.0200000000;-8.8780266848;-10.0150490811;-10.1541093666;-9.3145629357;-8.6659977221;-1.8764323864;-2.1082713559;-2.0923686796;-1.9516686318;-1.8704891857
8.0300000000;-8.8774279398;-9.7471630797;-10.2658938506;-9.5510292127;-8.5297817574;-1.8803945202;-2.0646878167;-2.1121793487;-1.9893065001;-1.8486974496
8.0400000000;-8.8828086622;-9.4759472053;-10.3733383960;-9.7886285756;-8.4043735274;-1.8843566540;-2.0211042777;-2.1300089509;-2.0269468293;-1.8269057136
8.0500000000;-8.8963107105;-9.2063167292;-10.4764430030;-10.0246271365;-8.2892773559;-1.8902998548;-1.9775207388;-2.1478385531;-2.0645871583;-1.8070950445
8.0600000000;-8.9217195221;-8.9426163225;-10.5725152548;-10.2568495505;-8.1850263880;-1.8962430555;-1.9378944364;-2.1636870884;-2.1042061053;-1.7892654423
8.0700000000;-8.9574476907;-8.6913372927;-10.6604581325;-10.4884975122;-8.1007683770;-1.9041673231;-1.8982730377;-2.1815166906;-2.1418488828;-1.7753979740
8.0800000000;-9.0088681373;-8.4487707816;-10.7397251363;-10.7115453230;-8.0306664532;-1.9140726577;-1.8606302633;-2.1973652259;-2.1794892114;-1.7635115725
8.0900000000;-9.0717128628;-8.2202625707;-10.8086967737;-10.9248388396;-7.9778964008;-1.9259590591;-1.8229899349;-2.2112326942;-2.2151509127;-1.7536062380
8.1000000000;-9.1459499160;-8.0053213502;-10.8684380701;-11.1229955436;-7.9419482953;-1.9378454606;-1.7873282368;-2.2251001626;-2.2527888013;-1.7417198365
8.1100000000;-9.2321178043;-7.8017910667;-10.9221880509;-11.3081111652;-7.9169011249;-1.9517129290;-1.7516689785;-2.2350054971;-2.2864718631;-1.7337955689
8.1200000000;-9.3264509218;-7.6209481420;-10.9688935951;-11.4780580918;-7.9086202477;-1.9635993304;-1.7199669926;-2.2429297648;-2.3181714152;-1.7298334350
8.1300000000;-9.4310754844;-7.4526705586;-11.0080082274;-11.6344267811;-7.9107023170;-1.9774667988;-1.6862912353;-2.2528350993;-2.3498685334;-1.7298334350
8.1400000000;-9.5443918214;-7.3124684988;-11.0395279740;-11.7745470165;-7.9263189680;-1.9913342672;-1.6565703315;-2.2627404339;-2.3776083673;-1.7318145019
8.1500000000;-9.6610027522;-7.1891807499;-11.0656069441;-11.8989296225;-7.9554979519;-2.0071828025;-1.6308115735;-2.2706647015;-2.4013860555;-1.7357766358
8.1600000000;-9.7760218431;-7.0853996923;-11.0889536562;-12.0113404697;-7.9971635091;-2.0250124047;-1.6090149613;-2.2746268354;-2.4251588939;-1.7397387696
8.1700000000;-9.8883363830;-7.0000726258;-11.1036640050;-12.1107419586;-8.0513064107;-2.0388798730;-1.5892018438;-2.2785889692;-2.4429957793;-1.7476630372
8.1800000000;-10.0000926282;-6.9337282220;-11.1113101112;-12.1998097727;-8.1163129846;-2.0547284083;-1.5733484531;-2.2825511030;-2.4608254079;-1.7555873049
8.1900000000;-10.1037667312;-6.8842194992;-11.1135194645;-12.2748094545;-8.1910936296;-2.0685958767;-1.5614572080;-2.2845321699;-2.4746977229;-1.7694547732
8.2000000000;-10.1982263553;-6.8558312778;-11.1070725952;-12.3378532841;-8.2788665587;-2.0824633451;-1.5535281085;-2.2845321699;-2.4865865520;-1.7833222416
8.2100000000;-10.2802322853;-6.8453728491;-11.0946386392;-12.3868131897;-8.3791214147;-2.0983118803;-1.5475824919;-2.2845321699;-2.4945156455;-1.7991707769
8.2200000000;-10.3524537097;-6.8581958186;-11.0756987154;-12.4216682322;-8.4886261359;-2.1121793487;-1.5495539449;-2.2825511030;-2.5004612592;-1.8150193122
8.2300000000;-10.4132945887;-6.8814359616;-11.0475560670;-12.4402693241;-8.6035878119;-2.1260468171;-1.5535136832;-2.2766079023;-2.5024471316;-1.8348299813
8.2400000000;-10.4611274341;-6.9268177875;-11.0118067729;-12.4442074119;-8.7212847991;-2.1399142855;-1.5594544943;-2.2686836346;-2.5044282015;-1.8546406504
8.2500000000;-10.5040191017;-6.9869108237;-10.9630768517;-12.4302744378;-8.8459976796;-2.1498196200;-1.5673763780;-2.2627404339;-2.5024519226;-1.8764323864
8.2600000000;-10.5398740277;-7.0664925792;-10.9050971910;-12.3968272709;-8.9766870980;-2.1636870884;-1.5792580116;-2.2508540324;-2.4965134984;-1.8982241224
8.2700000000;-10.5643678917;-7.1639902618;-10.8384337603;-12.3427757075;-9.1106542375;-2.1735924229;-1.5951017905;-2.2409486979;-2.4866129289;-1.9219969253
8.2800000000;-10.5898569741;-7.2767004847;-10.7636290565;-12.2724077803;-9.2505660576;-2.1854788244;-1.6129290317;-2.2270812295;-2.4747288970;-1.9457697282
8.2900000000;-10.6185854121;-7.4056764088;-10.6785326094;-12.1793173078;-9.3932175933;-2.1934030920;-1.6347160313;-2.2151948280;-2.4588851068;-1.9715235981
8.3000000000;-10.6511073959;-7.5509271178;-10.5793586417;-12.0688152268;-9.5342779423;-2.2013273597;-1.6604651761;-2.2013273597;-2.4430365486;-1.9972774679
8.3100000000;-10.6858110110;-7.7156803789;-10.4720045284;-11.9409533273;-9.6823181914;-2.2112326942;-1.6862190830;-2.1834977575;-2.4212519159;-2.0250124047
8.3200000000;-10.7243004125;-7.8961976123;-10.3602832973;-11.7951942831;-9.8379488112;-2.2191569619;-1.7179090730;-2.1656681553;-2.3994601486;-2.0507662745
8.3300000000;-10.7682030880;-8.0913711901;-10.2426063022;-11.6363689344;-10.0000983831;-2.2231190957;-1.7515848861;-2.1478385531;-2.3737109870;-2.0785012112
8.3400000000;-10.8110672789;-8.3022680246;-10.1270411513;-11.4591503256;-10.1628401128;-2.2270812295;-1.7872417718;-2.1280278840;-2.3459783803;-2.1062361480
8.3500000000;-10.8544623493;-8.5208274032;-10.0109528629;-11.2693977227;-10.3245103832;-2.2290622964;-1.8248797299;-2.1101982818;-2.3162647011;-2.1319900178
8.3600000000;-10.8967840334;-8.7496716164;-9.8927062088;-10.8511111026;-10.4856336523;-2.2310433633;-1.8644987604;-2.0903876127;-2.2509344098;-2.1597249546
8.3700000000;-10.9337116931;-8.9904371669;-9.7760600030;-10.7395167313;-10.6408344905;-2.2310433633;-1.9041201548;-2.0725580105;-2.2340450395;-2.1834977575
8.3800000000;-10.9592894580;-9.2409855568;-9.6648117160;-10.6290557984;-10.7938338963;-2.2330244302;-1.9457202604;-2.0527473414;-2.2171959296;-2.2052894935
8.3900000000;-10.9745521855;-9.5012988096;-9.5627588181;-10.4060797673;-10.9403592955;-2.2330244302;-1.9873227243;-2.0329366723;-2.1815590412;-2.2290622964
8.4000000000;-10.9746597861;-9.7633067850;-9.3686124897;-10.1782705353;-11.0749946861;-2.2290622964;-2.0309039049;-2.0151070701;-2.1439210697;-2.2508540324
8.4100000000;-10.9585003375;-10.2832672948;-9.2795933691;-9.9557993502;-11.1955431770;-2.2251001626;-2.0725087185;-1.9972774679;-2.1043020258;-2.2726457684
8.4200000000;-10.8806638328;-10.5350556845;-9.1960056394;-9.7328418402;-11.3019868567;-2.2211380288;-2.1141111819;-1.9794478657;-2.0646806321;-2.2904753706
8.4300000000;-10.8189330411;-10.7840831857;-9.1103104867;-9.2952532818;-11.4713763131;-2.2151948280;-2.1557136452;-1.9635993304;-2.0250592385;-2.3083049728
8.4400000000;-10.7404105454;-11.0255616078;-9.0299777897;-9.0884552065;-11.5349917168;-2.2092516273;-2.1973161084;-1.9477507952;-1.9893953009;-2.3241535081
8.4500000000;-10.6472229243;-11.2750298874;-8.9513037715;-8.8882083192;-11.5850276647;-2.2013273597;-2.2408973022;-1.9319022599;-1.9537360469;-2.3360399096
8.4600000000;-10.5426162511;-11.4928670726;-8.8774854769;-8.6971553081;-11.6198890252;-2.1914220251;-2.2805233678;-1.9180347915;-1.9200555265;-2.3479263110
8.4700000000;-10.4314596507;-11.6948196499;-8.8063974329;-8.5142511411;-11.6417102260;-2.1795356237;-2.3181660246;-1.9041673231;-1.8863773423;-2.3578316456
8.4800000000;-10.3197117047;-11.8901761052;-8.7412501593;-8.3437787965;-11.6537361156;-2.1656681553;-2.3538276090;-1.8922809217;-1.8526991583;-2.3637748463
8.4900000000;-10.2084973812;-12.0650494528;-8.6809941917;-8.1766581663;-11.6533099653;-2.1537817538;-2.3855293791;-1.8803945202;-1.8229784578;-2.3677369801
8.5000000000;-10.0978255525;-12.2209203358;-8.6283109643;-8.0181606277;-11.6452433773;-2.1399142855;-2.4152477489;-1.8724702526;-1.7952411577;-2.3697180470
8.5100000000;-9.9952291501;-12.3604911379;-8.5773039000;-7.8780057437;-11.6290444340;-2.1260468171;-2.4429850462;-1.8645459849;-1.7675061829;-2.3697180470
8.5200000000;-9.8975417057;-12.4805624372;-8.5402999619;-7.7460960341;-11.6030957415;-2.1121793487;-2.4687412710;-1.8566217173;-1.7417499580;-2.3677369801
8.5300000000;-9.8111936160;-12.5794915970;-8.5098677513;-7.6271552374;-11.5679196145;-2.0983118803;-2.4905376709;-1.8506785166;-1.7179748056;-2.3637748463
8.5400000000;-9.7346236216;-12.6459768567;-8.4924024319;-7.5190869778;-11.5245960124;-2.0844444120;-2.5063931708;-1.8467163827;-1.6961807255;-2.3598127125
8.5500000000;-9.6683565775;-12.7100105238;-8.4814998848;-7.4256265342;-11.4704476808;-2.0705769436;-2.5202629696;-1.8427542489;-1.6763677178;-2.3518884449
8.5600000000;-9.6091683361;-12.7562875646;-8.4835643499;-7.3446660589;-11.4075993590;-2.0567094752;-2.5301729355;-1.8427542489;-1.6585357825;-2.3419831103
8.5700000000;-9.5543420098;-12.7787500715;-8.4959581439;-7.2767198306;-11.3355336632;-2.0428420069;-2.5380995201;-1.8427542489;-1.6446636829;-2.3300967088
8.5800000000;-9.5011651118;-12.7886299835;-8.5159687793;-7.2260883956;-11.2526331302;-2.0269934716;-2.5460237985;-1.8467163827;-1.6327749618;-2.3162292405
8.5900000000;-9.4517681205;-12.7849575656;-8.5494934848;-7.1949642842;-11.1572702626;-2.0131260032;-2.5499905394;-1.8486974496;-1.6248460817;-2.3003807052
8.6000000000;-9.4024017898;-12.7650353390;-8.5998091680;-7.1780012281;-11.0521175129;-1.9992585348;-2.5499951359;-1.8526595835;-1.6208793461;-2.2825511030
8.6100000000;-9.3498067565;-12.7229258114;-8.6583322310;-7.1810487556;-10.9350498835;-1.9873721334;-2.5381270989;-1.8586027842;-1.6208747550;-2.2627404339
8.6200000000;-9.2950330160;-12.6617990799;-8.7298357757;-7.2025579281;-10.8055098934;-1.9735046650;-2.5321758418;-1.8665270518;-1.6208747550;-2.2409486979
8.6300000000;-9.2370130536;-12.5806100546;-8.8046728387;-7.2484177820;-10.6629550444;-1.9616182635;-2.5262291997;-1.8764323864;-1.6248323136;-2.2171758950
8.6400000000;-9.1752000075;-12.4809613213;-8.8919131014;-7.3127839804;-10.5154431030;-1.9497318621;-2.5143496413;-1.8883187879;-1.6307732346;-2.1934030920
8.6500000000;-9.1074369691;-12.3617927675;-8.9835586214;-7.3950580942;-10.3619736794;-1.9378454606;-2.4985056549;-1.8982241224;-1.6426527970;-2.1696302891
8.6600000000;-9.0347828039;-12.2236319803;-9.0822347870;-7.4936237906;-10.1982366084;-1.9259590591;-2.4786995242;-1.9101105239;-1.6584967886;-2.1438764193
8.6700000000;-8.9626276837;-12.0654088593;-9.1911922301;-7.6149073843;-10.0333302363;-1.9081408555;-2.4549312493;-1.9219969253;-1.6743453448;-2.1181225494
8.6800000000;-8.8894006007;-11.8849633295;-9.2959269120;-7.7530695518;-9.8684139596;-1.9041696015;-2.4272008301;-1.9378454606;-1.6921726934;-2.0923686796
8.6900000000;-8.8188556345;-11.6887261131;-9.3990124410;-7.9096598548;-9.7029601421;-1.9002051893;-2.3974870618;-1.9536939959;-1.7139599092;-2.0646337429
8.7000000000;-8.7558665873;-11.4821320983;-9.5053139498;-8.0868427353;-9.5418017887;-1.8922809217;-2.3638134238;-1.9715235981;-1.7377304715;-2.0368988061
8.7100000000;-8.7010105956;-11.2636180472;-9.6116414067;-8.2781970514;-9.3833707178;-1.8863377209;-2.3301352422;-1.9893532003;-1.7654609060;-2.0111449363
8.7200000000;-8.6559064991;-11.0251057247;-9.7195833768;-8.4772127904;-9.2308774866;-1.8803945202;-2.2944782579;-2.0091638694;-1.7951746819;-1.9834099995
8.7300000000;-8.6270253778;-10.7794227687;-9.8259237604;-8.6859712853;-9.1519507559;-1.8764323864;-2.2568402016;-2.0269934716;-1.8288483351;-1.9705330646
8.7400000000;-8.6154953765;-10.5261498334;-9.9360184815;-8.9018098514;-9.0729673457;-1.8744513195;-2.2172210733;-2.0468041407;-1.8625265164;-1.9565240915
8.7500000000;-8.6267069789;-10.2679698901;-10.0429142202;-9.1241638699;-8.9993338505;-1.8764323864;-2.1775996836;-2.0685958767;-1.8942258871;-1.9437886613
8.7600000000;-8.6569358993;-10.0113585198;-10.1444022407;-9.3503429287;-8.9275463415;-1.8744513195;-2.1359994809;-2.0884065458;-1.9318594381;-1.9295249796
8.7700000000;-8.7002318754;-9.7526115096;-10.2447709098;-9.5776345237;NaN;-1.8764323864;-2.0924182063;-2.1062361480;-1.9694997581;NaN
8.7800000000;-8.7603150602;-9.4938449121;-10.3413635886;-9.8033261514;NaN;-1.8803945202;-2.0488346781;-2.1260468171;-2.0071400779;NaN
8.7900000000;-8.8312952253;-9.2366911215;-10.4368498519;-10.0171873605;NaN;-1.8863377209;-2.0072299708;-2.1438764193;-2.0447803977;NaN
8.8000000000;-8.9125870134;-8.9881536917;-10.5296364981;-10.2266317206;NaN;-1.8922809217;-1.9656275123;-2.1597249546;-2.0824207173;NaN
8.8100000000;-8.9998804197;-8.7558227149;-10.6164813916;-10.4338841543;NaN;-1.9002051893;-1.9240250538;-2.1735924229;-2.1200610368;NaN
8.8200000000;-9.0915265726;-8.5338527505;-10.6984353150;-10.6293003404;NaN;-1.9081294570;-1.8824225955;-2.1874598913;-2.1557225278;NaN
8.8300000000;-9.1891273319;-8.3221901586;-10.7717392371;-10.8186888747;NaN;-1.9180347915;-1.8427989683;-2.2013273597;-2.1913817777;NaN
8.8400000000;-9.2808544442;-8.1197596832;-10.8428220475;-10.9978137512;NaN;-1.9279401261;-1.8051564132;-2.2132137611;-2.2290198609;NaN
8.8500000000;-9.3682288500;-7.9270892260;-10.9074290143;-11.1660941983;NaN;-1.9418075944;-1.7694949300;-2.2251001626;-2.2627025080;NaN
8.8600000000;-9.4539545172;-7.7522482234;-10.9666025589;-11.3240617947;NaN;-1.9556750628;-1.7377933575;-2.2350054971;-2.2963806881;NaN
8.8700000000;-9.5310555367;-7.5910083402;-11.0219659181;-11.4765554028;NaN;-1.9675614643;-1.7080750878;-2.2429297648;-2.3280800272;NaN
8.8800000000;-9.6059356734;-7.4481696266;-11.0713788406;-11.6236240648;NaN;-1.9794478657;-1.6803378902;-2.2488729655;-2.3577982942;NaN
8.8900000000;-9.6738015621;-7.3205497462;-11.1110565814;-11.7620454378;NaN;-1.9933153341;-1.6545817645;-2.2548161662;-2.3855354893;NaN
8.9000000000;-9.7421506726;-7.2065066886;-11.1425842480;-11.8928610271;NaN;-2.0052017356;-1.6327855593;-2.2587783001;-2.4112916124;NaN
8.9100000000;-9.7423035884;-7.2062518287;-11.1426546378;-11.8931535095;NaN;-2.0052327590;-1.6327390216;-2.2647215008;-2.4113448004;NaN
8.9100223714;-9.8035751639;-7.1069902389;-11.1660006341;-12.0221338779;NaN;-2.0190869316;-1.6129504873;-2.2686836346;-2.4331121882;NaN
8.9200111857;-9.9158224996;-6.9592462195;-11.1797096060;-12.2559803282;NaN;-2.0487852076;-1.5832499608;-2.2686836346;-2.4737124498;NaN
8.9400000000;-9.9727962413;-6.9113487245;-11.1700290437;-12.3516148564;NaN;-2.0626526760;-1.5733401919;-2.2686836346;-2.4806500598;NaN
8.9500000000;-10.0405229808;-6.8792027442;-11.1505752159;-12.4309799619;NaN;-2.0785012112;-1.5654137058;-2.2667025677;-2.4905520981;NaN
8.9600000000;-10.1115635420;-6.8660152050;-11.1170502544;-12.4908476506;NaN;-2.0923686796;-1.5614471549;-2.2627404339;-2.4984785817;NaN
8.9700000000;-10.1858590502;-6.8723526075;-11.0721119710;-12.5258145041;NaN;-2.1062361480;-1.5614427477;-2.2587783001;-2.5044239934;NaN
8.9800000000;-10.2650243912;-6.8944558283;-11.0163196650;-12.5288441922;NaN;-2.1201036164;-1.5634216158;-2.2528350993;-2.5064094651;NaN
8.9900000000;-10.3496104529;-6.9382061207;-10.9534456328;-12.5068492572;NaN;-2.1359521516;-1.5693604264;-2.2468918986;-2.5064116639;NaN
9.0000000000;-10.4412363398;-6.9998921259;-10.8819043009;-12.4561397438;NaN;-2.1518006869;-1.5792613805;-2.2369865641;-2.5024539178;NaN
9.0100000000;-10.5366847572;-7.0832444132;-10.8032980368;-12.3756037986;NaN;-2.1636870884;-1.5911456026;-2.2251001626;-2.4965129036;NaN
9.0200000000;-10.6278559061;-7.1877586782;-10.7197926423;-12.2738248449;NaN;-2.1755734898;-1.6069897744;-2.2132137611;-2.4866119399;NaN
9.0300000000;-10.7200703060;-7.3096660498;-10.6260216450;-12.1573343183;NaN;-2.1874598913;-1.6267960896;-2.2013273597;-2.4727488327;NaN
9.0400000000;-10.7988349697;-7.4516218492;-10.5316331271;-12.0213621461;NaN;-2.1953841589;-1.6505645482;-2.1874598913;-2.4569024647;NaN
9.0500000000;-10.8726505897;-7.6163385636;-10.4340104827;-11.8701574170;NaN;-2.2052894935;-1.6763162651;-2.1755734898;-2.4370961399;NaN
9.0600000000;-10.9356621361;-7.7990002607;-10.3325945609;-11.7091344444;NaN;-2.2151948280;-1.7040490537;-2.1597249546;-2.4133276718;NaN
9.0700000000;-10.9889005305;-8.0076304463;-10.2327645674;-11.5490898606;NaN;-2.2211380288;-1.7357418038;-2.1458574862;-2.3895548401;NaN
9.0800000000;-11.0248373090;-8.2299319097;-10.1318703442;-11.3804612189;NaN;-2.2251001626;-1.7694178049;-2.1280278840;-2.3598453316;NaN
9.0900000000;-11.0428760247;-8.4657956790;-10.0309678316;-11.2036898573;NaN;-2.2270812295;-1.8050748776;-2.1121793487;-2.3321081869;NaN
9.1000000000;-11.0467809828;-8.7114573993;-9.9295269708;-11.0241529044;NaN;-2.2290622964;-1.8427130218;-2.0943497465;-2.3004154227;NaN
9.1100000000;-11.0355044630;-8.9647328975;-9.8270052662;-10.8386803674;NaN;-2.2310433633;-1.8843111371;-2.0785012112;-2.2667394147;NaN
9.1200000000;-11.0079614750;-9.2299054838;-9.7330890430;-10.6456288277;NaN;-2.2290622964;-1.9239346902;-2.0606716090;-2.2350401388;NaN
9.1300000000;-10.9689890265;-9.5010973141;-9.6354703191;-10.4514287602;NaN;-2.2270812295;-1.9655349798;-2.0428420069;-2.1993852221;NaN
9.1400000000;-10.9164707950;-9.7675008491;-9.5426680463;-10.2534576906;NaN;-2.2231190957;-2.0071374345;-2.0230313377;-2.1637259752;NaN
9.1500000000;-10.8557740123;-10.0290219482;-9.4499028431;-10.0559868473;NaN;-2.2171758950;-2.0487398890;-2.0071828025;-2.1280667285;NaN
9.1600000000;-10.7901701264;-10.2786692714;-9.3571376415;-9.8552979953;NaN;-2.2112326942;-2.0923212547;-1.9893532003;-2.0904285706;NaN
9.1700000000;-10.7202222040;-10.5222975654;-9.2665259666;-9.6535030706;NaN;-2.2033084266;-2.1339258647;-1.9735046650;-2.0547671684;NaN
9.1800000000;-10.6523949830;-10.7535047740;-9.1727004004;-9.4463253509;NaN;-2.1953841589;-2.1755283189;-1.9556750628;-2.0171290060;NaN
9.1900000000;-10.5824306064;-10.9700834154;-9.0836957415;-9.2401694884;NaN;-2.1854788244;-2.2151518547;-1.9418075944;-1.9814676086;NaN
9.2000000000;-10.5119114508;-11.1747038416;-8.9904207962;-9.0340241415;NaN;-2.1755734898;-2.2527943189;-1.9259590591;-1.9458083623;NaN
9.2100000000;-10.4456953954;-11.3647003335;-8.9014203073;-8.8300277732;NaN;-2.1656681553;-2.2904346344;-1.9101105239;-1.9081701932;NaN
9.2200000000;-10.3811272520;-11.5400495342;-8.8167597472;-8.6314248776;NaN;-2.1537817538;-2.3260960245;-1.8982241224;-1.8744877283;NaN
9.2300000000;-10.3181865823;-11.7050540890;-8.7375159308;-8.4393214292;NaN;-2.1418953524;-2.3577974154;-1.8883187879;-1.8427884791;NaN
9.2400000000;-10.2574117983;-11.8613647975;-8.6669274966;-8.2488925619;NaN;-2.1300089509;-2.3894945229;-1.8784134533;-1.8110913716;NaN
9.2500000000;-10.1955764806;-12.0138361945;-8.6050189169;-8.0676129011;NaN;-2.1181225494;-2.4192126982;-1.8704891857;-1.7813731963;NaN
9.2600000000;-10.1358867065;-12.1544424621;-8.5550207158;-7.8966301727;NaN;-2.1062361480;-2.4449708675;-1.8625649180;-1.7536360926;NaN
9.2700000000;-10.0708289459;-12.2863410050;-8.5174957383;-7.7456258057;NaN;-2.0943497465;-2.4687458304;-1.8586027842;-1.7278800605;NaN
9.2800000000;-10.0024999960;-12.4090218180;-8.4881406144;-7.6050226050;NaN;-2.0804822781;-2.4925186608;-1.8526595835;-1.7060840389;NaN
9.2900000000;-9.9352235725;-12.5214045443;-8.4793068278;-7.4843979634;NaN;-2.0666148098;-2.5103546672;-1.8486974496;-1.6862712191;NaN
9.3000000000;-9.8577249331;-12.6191769995;-8.4792420533;-7.3816963973;NaN;-2.0507662745;-2.5242264027;-1.8486974496;-1.6704184144;NaN
9.3100000000;-9.7779956060;-12.7006885602;-8.4932415537;-7.2958225089;NaN;-2.0368988061;-2.5361149411;-1.8506785166;-1.6545698609;NaN
9.3200000000;-9.6944809776;-12.7670011118;-8.5164997928;-7.2278405182;NaN;-2.0230313377;-2.5480013562;-1.8526595835;-1.6426792037;NaN
9.3300000000;-9.6044766612;-12.8122072101;-8.5549033332;-7.1858204527;NaN;-2.0091638694;-2.5539509201;-1.8546406504;-1.6347506894;NaN
9.3400000000;-9.5133470099;-12.8314151615;-8.6031120601;-7.1633922688;NaN;-1.9952964010;-2.5539572697;-1.8586027842;-1.6268264128;NaN
9.3500000000;-9.4173631628;-12.8288866205;-8.6583933208;-7.1653297244;NaN;-1.9814289326;-2.5519783148;-1.8645459849;-1.6228600459;NaN
9.3600000000;-9.3224200023;-12.7992794612;-8.7223423500;-7.1852314485;NaN;-1.9675614643;-2.5460393313;-1.8704891857;-1.6228558219;NaN
9.3700000000;-9.2296387604;-12.7382445171;-8.7922788884;-7.2284087604;NaN;-1.9556750628;-2.5341592457;-1.8803945202;-1.6248347813;NaN
9.3800000000;-9.0463551656;-12.6511240917;-8.8660289334;-7.2916892456;NaN;-1.9319127975;-2.5202938692;-1.8902998548;-1.6307737737;NaN
9.3900000000;-9.0044218352;-12.5368882449;-8.9441148878;-7.3712805696;NaN;-1.9269522256;-2.5064263852;-1.9021862562;-1.6386959450;NaN
9.4000000000;-8.9628998921;-12.4003690367;-9.0249253235;-7.4676840282;NaN;-1.9219969253;-2.4866220029;-1.9140726577;-1.6525571198;NaN
9.4100000000;-8.8893596792;-12.2383801584;-9.1089866954;-7.5814421186;NaN;-1.9120915908;-2.4628533749;-1.9259590591;-1.6664246038;NaN
9.4200000000;-8.8268898098;-12.0584251001;-9.1882256734;-7.7066490307;NaN;-1.9021862562;-2.4371015748;-1.9398265275;-1.6822710582;NaN
9.4300000000;-8.7790432018;-11.8578781784;-9.2717366207;-7.8453977478;NaN;-1.8942619886;-2.4093687034;-1.9556750628;-1.7020775568;NaN
9.4400000000;-8.7415358585;-11.6426338394;-9.3558180085;-7.9923350864;NaN;-1.8902998548;-2.3776757858;-1.9735046650;-1.7238672229;NaN
9.4500000000;-8.7164898413;-11.4218871711;-9.4425958920;-8.1581573146;NaN;-1.8863377209;-2.3439997027;-1.9913342672;-1.7496169376;NaN
9.4600000000;-8.7049981166;-11.1957155904;-9.5315477205;-8.3306070393;NaN;-1.8843566540;-2.3103215278;-2.0071828025;-1.7773498154;NaN
9.4700000000;-8.7146077923;-10.9646570450;-9.6232080193;-8.5063423597;NaN;-1.8843566540;-2.2726853898;-2.0269934716;-1.8050847829;NaN
9.4800000000;-8.7383739114;-10.7335576471;-9.7197348251;-8.6874821971;NaN;-1.8823755871;-2.2330660931;-2.0428420069;-1.8367777179;NaN
9.4900000000;-8.7724751531;-10.4997684700;-9.8184514520;-8.8761965432;NaN;-1.8823755871;-2.1934447111;-2.0606716090;-1.8684748235;NaN
9.5000000000;-8.8136525775;-10.2697223760;-9.9231076953;-9.0655195629;NaN;-1.8843566540;-2.1518443411;-2.0785012112;-1.9021509171;NaN
9.5100000000;-8.8624209026;-10.0413218626;-10.0326542781;-9.2602217332;NaN;-1.8883187879;-2.1102418902;-2.0983118803;-1.9378080819;NaN
9.5200000000;-8.9096290717;-9.8177766525;-10.1395438440;-9.4635732990;NaN;-1.8922809217;-2.0686394395;-2.1161414825;-1.9754463180;NaN
9.5300000000;-8.9616721855;-9.5931961398;-10.2480292342;-9.6696931518;NaN;-1.8962430555;-2.0270369888;-2.1319900178;-2.0150656251;NaN
9.5400000000;-9.0126737845;-9.3653787274;-10.3565264772;-9.8715389690;NaN;-1.9002051893;-1.9854345382;-2.1478385531;-2.0507290130;NaN
9.5500000000;-9.0647445737;-9.1445280820;-10.4661008043;-10.0760314040;NaN;-1.9061483900;-1.9438320877;-2.1636870884;-2.0863882563;NaN
9.5600000000;-9.1076679500;-8.9275018923;-10.5708360934;-10.2853860301;NaN;-1.9120915908;-1.9042086384;-2.1775545567;-2.1240265006;NaN
9.5700000000;-9.1510629101;-8.7126591640;-10.6696118664;-10.4974733319;NaN;-1.9219969253;-1.8665662605;-2.1934030920;-2.1596878095;NaN
9.5800000000;-9.1993088007;-8.5085943852;-10.7618816899;-10.7068986568;NaN;-1.9338833268;-1.8289259484;-2.2072705604;-2.1953470525;NaN
9.5900000000;-9.2438201558;-8.3035433631;-10.8427945965;-10.9141489636;NaN;-1.9457697282;-1.7932646440;-2.2211380288;-2.2310062955;NaN
9.6000000000;-9.2872268948;-8.1017114260;-10.9139308969;-11.1160045730;NaN;-1.9556750628;-1.7595844108;-2.2330244302;-2.2646865287;NaN
9.6100000000;-9.3327800563;-7.9079765539;-10.9785337761;-11.3086730400;NaN;-1.9675614643;-1.7259062371;-2.2409486979;-2.2963856905;NaN
9.6200000000;-9.3826574631;-7.7223790550;-11.0312410591;-11.4921191316;NaN;-1.9794478657;-1.6961860914;-2.2508540324;-2.3261037812;NaN
9.6300000000;-9.4417219685;-7.5556793648;-11.0703978315;-11.6652679095;NaN;-1.9933153341;-1.6704280881;-2.2587783001;-2.3558198167;NaN
9.6400000000;-9.5030072741;-7.4025866086;-11.0965309289;-11.8275718538;NaN;-2.0071828025;-1.6466532089;-2.2667025677;-2.3835568340;NaN
9.6500000000;-9.5702326228;-7.1393673267;-11.1221476023;-11.9811758658;NaN;-2.0230313377;-1.6248594009;-2.2706647015;-2.4073337596;NaN
9.6600000000;-9.6466568858;-7.0307293045;-11.1216768861;-12.1126628771;NaN;-2.0307079720;-1.6050466642;-2.2726457684;-2.4291275654;NaN
9.6700000000;-9.7115387653;-6.9458814151;-11.1119877185;-12.3255231105;NaN;-2.0354837583;-1.5891940231;-2.2726457684;-2.4469612755;NaN
9.6800000000;-9.7526534438;-6.8838281995;-11.0952283789;-12.3963282672;NaN;-2.0418514734;-1.5753244977;-2.2726457684;-2.4608328433;NaN
9.6900000000;-9.7975405292;-6.8424096616;-11.0676503102;-12.4394671152;NaN;-2.0507662745;-1.5654150722;-2.2706647015;-2.4727212976;NaN
9.7000000000;NaN;-6.8253683675;-11.0362171161;-12.4619192508;NaN;NaN;-1.5594677889;-2.2686836346;-2.4826286807;NaN
9.7100000000;NaN;-6.8289766538;-11.0020626007;-12.4621457478;NaN;NaN;-1.5574826478;-2.2627404339;-2.4885759598;NaN
9.7200000000;NaN;-6.8580372829;-10.9625053168;-12.4401300176;NaN;NaN;-1.5555015788;-2.2567972332;-2.4925401317;NaN
9.7300000000;NaN;-6.9104449645;-10.9175231225;-12.3931871885;NaN;NaN;-1.5594576212;-2.2488729655;-2.4925441955;NaN
9.7400000000;NaN;-6.9872548604;-10.8660398746;-12.3347141740;NaN;NaN;-1.5673778376;-2.2409486979;-2.4905651563;NaN
9.7500000000;NaN;-7.0879393727;-10.8080467346;-12.2546460720;NaN;NaN;-1.5772811548;-2.2310433633;-2.4846260047;NaN
9.7600000000;NaN;-7.2060431130;-10.7489245089;-12.1641550599;NaN;NaN;-1.5911445864;-2.2211380288;-2.4767037545;NaN
9.7700000000;NaN;-7.3463444634;-10.6849507066;-12.0681896503;NaN;NaN;-1.6089701600;-2.2092516273;-2.4668004331;NaN
9.7800000000;NaN;-7.5056627156;-10.6112516805;-11.9662623082;NaN;NaN;-1.6287788282;-2.1953841589;-2.4529369933;NaN
9.7900000000;NaN;-7.6850432891;-10.5310163813;-11.8567565193;NaN;NaN;-1.6525476169;-2.1815166906;-2.4370904610;NaN
9.8000000000;NaN;-7.8812707338;-10.4405045028;-11.7369707609;NaN;NaN;-1.6782994961;-2.1676492222;-2.4172838062;NaN
9.8100000000;NaN;-8.0905525062;-10.3445282226;-11.6084886922;NaN;NaN;-1.7099905534;-2.1518006869;-2.3954940630;NaN
9.8200000000;NaN;-8.3090911265;-10.2425889272;-11.4681045893;NaN;NaN;-1.7416876567;-2.1359521516;-2.3717232488;NaN
9.8300000000;NaN;-8.5325515450;-10.1379109030;-11.3163226710;NaN;NaN;-1.7753638176;-2.1201036164;-2.3459713637;NaN
9.8400000000;NaN;-8.7603568122;-10.0299823099;-11.1569076495;NaN;NaN;-1.8110210494;-2.1022740142;-2.3182384076;NaN
9.8500000000;NaN;-8.9892765303;-9.9144938098;-10.9802309920;NaN;NaN;-1.8486593522;-2.0844444120;-2.2865453189;NaN
9.8600000000;NaN;-9.2192812282;-9.7957154376;-10.7878057001;NaN;NaN;-1.8882787258;-2.0666148098;-2.2548482159;NaN
9.8700000000;NaN;-9.4535964454;-9.6828303179;-10.5850186329;NaN;NaN;-1.9298791703;-2.0487852076;-2.2211720471;NaN
9.8800000000;NaN;-9.6841876711;-9.5699931305;-10.3729983175;NaN;NaN;-1.9714816178;-2.0309556054;-2.1855148075;NaN
9.8900000000;NaN;-9.9099062499;-9.4625373238;-10.1533668139;NaN;NaN;-2.0130840652;-2.0111449363;-2.1498555668;NaN
9.9000000000;NaN;-10.1307423977;-9.3572775736;-9.9293628219;NaN;NaN;-2.0546865126;-1.9933153341;-2.1122172544;NaN
9.9100000000;NaN;-10.3483089431;-9.2584929607;-9.6999447441;NaN;NaN;-2.0962889599;-1.9754857319;-2.0745769449;NaN
9.9200000000;NaN;-10.5636957624;-9.1602985790;-9.4645646629;NaN;NaN;-2.1378914070;-1.9576561297;-2.0369366356;NaN
9.9300000000;NaN;-10.7742245145;-9.0647993105;-9.2307363439;NaN;NaN;-2.1794938541;-1.9437886613;-1.9992963263;NaN
9.9400000000;NaN;-10.9857847010;-8.9763177733;-9.0044434937;NaN;NaN;-2.2191172213;-1.9299211930;-1.9656141769;NaN
9.9500000000;NaN;-11.1946664653;-8.8943504531;-8.7878939274;NaN;NaN;-2.2587385993;-1.9140726577;-1.9279778418;NaN
9.9600000000;NaN;-11.3943841630;-8.8183548546;-8.5811092360;NaN;NaN;-2.2944018095;-1.9002051893;-1.8942957005;NaN
9.9700000000;NaN;-11.5940193517;-8.7537083788;-8.3835523134;NaN;NaN;-2.3300610496;-1.8883187879;-1.8606175293;NaN
9.9800000000;NaN;-11.7925792504;-8.6945342650;-8.1968291046;NaN;NaN;-2.3637412018;-1.8784134533;-1.8289184460;NaN
9.9900000000;NaN;-11.9846776814;-8.6483195917;-8.0225671032;NaN;NaN;-2.4231514392;-1.8685081187;-1.7992004336;NaN
10.0000000000;NaN;-12.1638143745;-8.6092046574;-7.8661536538;NaN;NaN;-2.4370535795;-1.8605838511;-1.7734425839;NaN
10.0100000000;NaN;-12.3342325255;-8.5814476173;-7.7303281010;NaN;NaN;-2.4509279712;-1.8546406504;-1.7476886885;NaN
10.0200000000;NaN;-12.4836045721;-8.5661592679;-7.6135058767;NaN;NaN;-2.4746909387;-1.8486974496;-1.7239138889;NaN
10.0300000000;NaN;-12.6139701111;-8.5579662230;-7.5124480735;NaN;NaN;-2.4964846675;-1.8427542489;-1.7001410624;NaN
10.0400000000;NaN;-12.7178210349;-8.5579019601;-7.4281968443;NaN;NaN;-2.5143182258;-1.8427542489;-1.6664708019;NaN
10.0500000000;NaN;-12.7983159286;-8.5659750555;-7.3586142965;NaN;NaN;-2.5321478456;-1.8427542489;-1.6595158795;NaN
10.0600000000;NaN;-12.8474184630;-8.5805708772;-7.3036790504;NaN;NaN;-2.5440401548;-1.8427542489;-1.6525787008;NaN
10.0700000000;NaN;-12.8634434280;-8.6043676588;-7.2703741642;NaN;NaN;-2.5519683570;-1.8467163827;-1.6406971928;NaN
10.0800000000;NaN;-12.8512156258;-8.6373867787;-7.2533973451;NaN;NaN;-2.5539553102;-1.8526595835;-1.6307898871;NaN
10.0900000000;NaN;-12.8150798285;-8.6763988976;-7.2521581339;NaN;NaN;-2.5559363790;-1.8586027842;-1.6228636522;NaN
10.1000000000;NaN;-12.7405565016;-8.7213784111;-7.2661140318;NaN;NaN;-2.5500010028;-1.8665270518;-1.6208767106;NaN
10.1100000000;NaN;-12.6474113595;-8.7728635505;-7.2925738236;NaN;NaN;-2.5420786831;-1.8744513195;-1.6208747550;NaN
10.1200000000;NaN;-12.5342083806;-8.8313968101;-7.3352712326;NaN;NaN;-2.5301961775;-1.8843566540;-1.6248329852;NaN
10.1300000000;NaN;-12.4052349335;-8.8964442045;-7.3942434148;NaN;NaN;-2.5143515305;-1.8942619886;-1.6307742399;NaN
10.1400000000;NaN;-12.2626801124;-8.9663867510;-7.4689531745;NaN;NaN;-2.4945447419;-1.9041673231;-1.6386965653;NaN
10.1500000000;NaN;-12.1114025196;-9.0379822216;-7.5567092137;NaN;NaN;-2.4727549328;-1.9180347915;-1.6505790824;NaN
10.1600000000;NaN;-11.9498318827;-9.1182024409;-7.6542618389;NaN;NaN;-2.4489840530;-1.9319022599;-1.6664237409;NaN
10.1700000000;NaN;-11.7806425760;-9.2027964542;-7.7685630570;NaN;NaN;-2.4232321025;-1.9457697282;-1.6842514161;NaN
10.1800000000;NaN;-11.6054716051;-9.2938834307;-7.8959210294;NaN;NaN;-2.3935199548;-1.9616182635;-1.7040601620;NaN
10.1900000000;NaN;-11.4340125873;-9.3882507026;-8.0405965786;NaN;NaN;-2.3638039227;-1.9774667988;-1.7258499786;NaN
10.2000000000;NaN;-11.2561338273;-9.4880259896;-8.2037063304;NaN;NaN;-2.3321087602;-1.9952964010;-1.7515999962;NaN
10.2100000000;NaN;-11.0685186679;-9.5964558144;-8.3777395899;NaN;NaN;-2.2984325271;-2.0131260032;-1.7793330229;NaN
10.2200000000;NaN;-10.8711386685;-9.7065678837;-8.5604737495;NaN;NaN;-2.2647543576;-2.0309556054;-1.8090471202;NaN
10.2300000000;NaN;-10.6634560691;-9.8274581970;-8.7529622633;NaN;NaN;-2.2271179160;-2.0507662745;-1.8407422881;NaN
10.2400000000;NaN;-10.5624972129;-9.9511240396;-8.9584391086;NaN;NaN;-2.2090215959;-2.0685958767;-1.8763976646;NaN
10.2500000000;NaN;-10.4611126037;-10.0726577307;-9.1742495095;NaN;NaN;-2.1908736597;-2.0864254789;-1.9120569028;NaN
10.2600000000;NaN;-10.3536372684;-10.1893299939;-9.3971437235;NaN;NaN;-2.1726196292;-2.1042550811;-1.9477161409;NaN
10.2700000000;NaN;-10.2431585651;-10.3011198437;-9.6276275927;NaN;NaN;-2.1541958545;-2.1220846833;-1.9853545225;NaN
10.2800000000;NaN;NaN;-10.4139485924;-9.8565728280;NaN;NaN;NaN;-2.1399142855;-2.0229948292;NaN
10.2900000000;NaN;NaN;-10.5187111325;-10.0833533118;NaN;NaN;NaN;-2.1577438876;-2.0606351359;NaN
10.3000000000;NaN;NaN;-10.6110298457;-10.3079638232;NaN;NaN;NaN;-2.1735924229;-2.0982754425;NaN
10.3100000000;NaN;NaN;-10.6994842948;-10.4256345871;NaN;NaN;NaN;-2.1874598913;-2.1176086024;NaN
10.3200000000;NaN;NaN;-10.7728366515;-10.5434973952;NaN;NaN;NaN;-2.2033084266;-2.1373481270;NaN
10.3300000000;NaN;NaN;-10.8390741013;-10.6607964209;NaN;NaN;NaN;-2.2171758950;-2.1547554870;NaN
10.3400000000;NaN;NaN;-10.8939525779;-10.7781359311;NaN;NaN;NaN;-2.2310433633;-2.1719909491;NaN
10.3500000000;NaN;NaN;-10.9417453949;NaN;NaN;NaN;NaN;-2.2429297648;NaN;NaN
10.3600000000;NaN;NaN;-10.9824858404;NaN;NaN;NaN;NaN;-2.2528350993;NaN;NaN
10.3700000000;NaN;NaN;-11.0124055554;NaN;NaN;NaN;NaN;-2.2607593670;NaN;NaN
10.3800000000;NaN;NaN;-11.0379355613;NaN;NaN;NaN;NaN;-2.2667025677;NaN;NaN
10.3900000000;NaN;NaN;-11.0591256467;NaN;NaN;NaN;NaN;-2.2726457684;NaN;NaN
10.4000000000;NaN;NaN;-11.0732840673;NaN;NaN;NaN;NaN;-2.2785889692;NaN;NaN
10.4100000000;NaN;NaN;-11.0803901179;NaN;NaN;NaN;NaN;-2.2805700361;NaN;NaN
10.4200000000;NaN;NaN;-11.0820588690;NaN;NaN;NaN;NaN;-2.2825511030;NaN;NaN
10.4300000000;NaN;NaN;-11.0809945238;NaN;NaN;NaN;NaN;-2.2805700361;NaN;NaN
10.4400000000;NaN;NaN;-11.0718340831;NaN;NaN;NaN;NaN;-2.2785889692;NaN;NaN
10.4500000000;NaN;NaN;-11.0577665045;NaN;NaN;NaN;NaN;-2.2746268354;NaN;NaN
10.4600000000;NaN;NaN;-11.0361246549;NaN;NaN;NaN;NaN;-2.2686836346;NaN;NaN
10.4700000000;NaN;NaN;-11.0052728183;NaN;NaN;NaN;NaN;-2.2627404339;NaN;NaN
10.4800000000;NaN;NaN;-10.9662754144;NaN;NaN;NaN;NaN;-2.2548161662;NaN;NaN
10.4900000000;NaN;NaN;-10.9169871269;NaN;NaN;NaN;NaN;-2.2449108317;NaN;NaN
10.5000000000;NaN;NaN;-10.8584683085;NaN;NaN;NaN;NaN;-2.2350054971;NaN;NaN
10.5100000000;NaN;NaN;-10.7896503801;NaN;NaN;NaN;NaN;-2.2211380288;NaN;NaN
10.5200000000;NaN;NaN;-10.7099867504;NaN;NaN;NaN;NaN;-2.2092516273;NaN;NaN
10.5300000000;NaN;NaN;-10.6205501244;NaN;NaN;NaN;NaN;-2.1953841589;NaN;NaN
10.5400000000;NaN;NaN;-10.5181182636;NaN;NaN;NaN;NaN;-2.1815166906;NaN;NaN
10.5500000000;NaN;NaN;-10.4107427559;NaN;NaN;NaN;NaN;-2.1676492222;NaN;NaN
10.5600000000;NaN;NaN;-10.2979464308;NaN;NaN;NaN;NaN;-2.1518006869;NaN;NaN
10.5700000000;NaN;NaN;-10.1802636244;NaN;NaN;NaN;NaN;-2.1359521516;NaN;NaN
10.5800000000;NaN;NaN;-10.0620057602;NaN;NaN;NaN;NaN;-2.1201036164;NaN;NaN
10.5900000000;NaN;NaN;-9.9437438303;NaN;NaN;NaN;NaN;-2.1022740142;NaN;NaN
10.6000000000;NaN;NaN;-9.8270971803;NaN;NaN;NaN;NaN;-2.0864254789;NaN;NaN
10.6100000000;NaN;NaN;-9.7131548609;NaN;NaN;NaN;NaN;-2.0666148098;NaN;NaN
10.6200000000;NaN;NaN;-9.6040787262;NaN;NaN;NaN;NaN;-2.0487852076;NaN;NaN
10.6300000000;NaN;NaN;-9.5047309373;NaN;NaN;NaN;NaN;-2.0309556054;NaN;NaN
10.6400000000;NaN;NaN;-9.4076097859;NaN;NaN;NaN;NaN;-2.0111449363;NaN;NaN
10.6500000000;NaN;NaN;-9.3180430445;NaN;NaN;NaN;NaN;-1.9933153341;NaN;NaN
10.6600000000;NaN;NaN;-9.2360711590;NaN;NaN;NaN;NaN;-1.9754857319;NaN;NaN
10.6700000000;NaN;NaN;-9.1552326990;NaN;NaN;NaN;NaN;-1.9596371966;NaN;NaN
10.6800000000;NaN;NaN;-9.0819406942;NaN;NaN;NaN;NaN;-1.9437886613;NaN;NaN
10.6900000000;NaN;NaN;-9.0076281849;NaN;NaN;NaN;NaN;-1.9279401261;NaN;NaN
10.7000000000;NaN;NaN;-8.9403076529;NaN;NaN;NaN;NaN;-1.9160537246;NaN;NaN
10.7100000000;NaN;NaN;-8.8751932793;NaN;NaN;NaN;NaN;-1.9021862562;NaN;NaN
10.7200000000;NaN;NaN;-8.8133258069;NaN;NaN;NaN;NaN;-1.8883187879;NaN;NaN
10.7300000000;NaN;NaN;-8.7568671718;NaN;NaN;NaN;NaN;-1.8784134533;NaN;NaN
10.7400000000;NaN;NaN;-8.7047564756;NaN;NaN;NaN;NaN;-1.8704891857;NaN;NaN
10.7500000000;NaN;NaN;-8.6569856960;NaN;NaN;NaN;NaN;-1.8625649180;NaN;NaN
10.7600000000;NaN;NaN;-8.6205551496;NaN;NaN;NaN;NaN;-1.8546406504;NaN;NaN
10.7700000000;NaN;NaN;-8.5885165182;NaN;NaN;NaN;NaN;-1.8506785166;NaN;NaN
10.7800000000;NaN;NaN;-8.5667412286;NaN;NaN;NaN;NaN;-1.8467163827;NaN;NaN
10.7900000000;NaN;NaN;-8.5504267666;NaN;NaN;NaN;NaN;-1.8447353158;NaN;NaN
10.8000000000;NaN;NaN;-8.5486917088;NaN;NaN;NaN;NaN;-1.8447353158;NaN;NaN
10.8100000000;NaN;NaN;-8.5519107894;NaN;NaN;NaN;NaN;-1.8467163827;NaN;NaN
10.8200000000;NaN;NaN;-8.5680898927;NaN;NaN;NaN;NaN;-1.8506785166;NaN;NaN
10.8300000000;NaN;NaN;-8.5956732067;NaN;NaN;NaN;NaN;-1.8526595835;NaN;NaN
10.8400000000;NaN;NaN;-8.6373413730;NaN;NaN;NaN;NaN;-1.8586027842;NaN;NaN
10.8500000000;NaN;NaN;-8.6871905561;NaN;NaN;NaN;NaN;-1.8645459849;NaN;NaN
10.8600000000;NaN;NaN;-8.7441000342;NaN;NaN;NaN;NaN;-1.8724702526;NaN;NaN
10.8700000000;NaN;NaN;-8.8129086068;NaN;NaN;NaN;NaN;-1.8843566540;NaN;NaN
10.8800000000;NaN;NaN;-8.8882666481;NaN;NaN;NaN;NaN;-1.8942619886;NaN;NaN
10.8900000000;NaN;NaN;-9.0605690709;NaN;NaN;NaN;NaN;-1.9081294570;NaN;NaN
10.9000000000;NaN;NaN;-9.1533315073;NaN;NaN;NaN;NaN;-1.9219969253;NaN;NaN
10.9100000000;NaN;NaN;-9.2498629988;NaN;NaN;NaN;NaN;-1.9358643937;NaN;NaN
10.9200000000;NaN;NaN;-9.3464255304;NaN;NaN;NaN;NaN;-1.9517129290;NaN;NaN
10.9300000000;NaN;NaN;-9.4435261204;NaN;NaN;NaN;NaN;-1.9675614643;NaN;NaN
10.9400000000;NaN;NaN;-9.5476259633;NaN;NaN;NaN;NaN;-1.9853910665;NaN;NaN
10.9500000000;NaN;NaN;-9.6501690936;NaN;NaN;NaN;NaN;-2.0012396017;NaN;NaN
10.9600000000;NaN;NaN;-9.7580796838;NaN;NaN;NaN;NaN;-2.0170881370;NaN;NaN
10.9700000000;NaN;NaN;-9.8692628708;NaN;NaN;NaN;NaN;-2.0349177392;NaN;NaN
10.9800000000;NaN;NaN;-9.9756298026;NaN;NaN;NaN;NaN;-2.0507662745;NaN;NaN
10.9900000000;NaN;NaN;-10.0830332419;NaN;NaN;NaN;NaN;-2.0685958767;NaN;NaN
11.0000000000;NaN;NaN;-10.1834503467;NaN;NaN;NaN;NaN;-2.0864254789;NaN;NaN
11.0100000000;NaN;NaN;-10.2789674458;NaN;NaN;NaN;NaN;-2.1042550811;NaN;NaN
11.0200000000;NaN;NaN;-10.3712164199;NaN;NaN;NaN;NaN;-2.1220846833;NaN;NaN
11.0300000000;NaN;NaN;-10.4591342540;NaN;NaN;NaN;NaN;-2.1399142855;NaN;NaN
11.0400000000;NaN;NaN;-10.5470169936;NaN;NaN;NaN;NaN;-2.1557628207;NaN;NaN
11.0500000000;NaN;NaN;-10.6257519091;NaN;NaN;NaN;NaN;-2.1696302891;NaN;NaN
11.0600000000;NaN;NaN;-10.6974169389;NaN;NaN;NaN;NaN;-2.1854788244;NaN;NaN
11.0700000000;NaN;NaN;-10.7668726341;NaN;NaN;NaN;NaN;-2.1993462928;NaN;NaN
11.0800000000;NaN;NaN;-10.8303915359;NaN;NaN;NaN;NaN;-2.2132137611;NaN;NaN
11.0900000000;NaN;NaN;-10.8911717850;NaN;NaN;NaN;NaN;-2.2251001626;NaN;NaN
11.1000000000;NaN;NaN;-10.9476252036;NaN;NaN;NaN;NaN;-2.2369865641;NaN;NaN
11.1100000000;NaN;NaN;-10.9981243105;NaN;NaN;NaN;NaN;-2.2449108317;NaN;NaN
11.1200000000;NaN;NaN;-11.0405034901;NaN;NaN;NaN;NaN;-2.2508540324;NaN;NaN
11.1300000000;NaN;NaN;-11.0752834598;NaN;NaN;NaN;NaN;-2.2587783001;NaN;NaN
11.1400000000;NaN;NaN;-11.1035448555;NaN;NaN;NaN;NaN;-2.2667025677;NaN;NaN
11.1500000000;NaN;NaN;-11.1204530583;NaN;NaN;NaN;NaN;-2.2706647015;NaN;NaN
11.1600000000;NaN;NaN;-11.1291978742;NaN;NaN;NaN;NaN;-2.2726457684;NaN;NaN
11.1700000000;NaN;NaN;-11.1292671892;NaN;NaN;NaN;NaN;-2.2726457684;NaN;NaN
11.1800000000;NaN;NaN;-11.1179658795;NaN;NaN;NaN;NaN;-2.2726457684;NaN;NaN
11.1900000000;NaN;NaN;-11.0974249303;NaN;NaN;NaN;NaN;-2.2686836346;NaN;NaN
11.2000000000;NaN;NaN;-11.0681998207;NaN;NaN;NaN;NaN;-2.2667025677;NaN;NaN
11.2100000000;NaN;NaN;-11.0270658611;NaN;NaN;NaN;NaN;-2.2627404339;NaN;NaN
11.2200000000;NaN;NaN;-10.9761498193;NaN;NaN;NaN;NaN;-2.2567972332;NaN;NaN
11.2300000000;NaN;NaN;-10.9760592444;NaN;NaN;NaN;NaN;-2.2488729655;NaN;NaN
11.2300177620;NaN;NaN;-10.9154150036;NaN;NaN;NaN;NaN;-2.2369865641;NaN;NaN
11.2400088810;NaN;NaN;-10.7712882115;NaN;NaN;NaN;NaN;-2.2270812295;NaN;NaN
11.2600000000;NaN;NaN;-10.6872673656;NaN;NaN;NaN;NaN;-2.2151948280;NaN;NaN
11.2700000000;NaN;NaN;-10.5956473675;NaN;NaN;NaN;NaN;-2.2013273597;NaN;NaN
11.2800000000;NaN;NaN;-10.4985852976;NaN;NaN;NaN;NaN;-2.1894409582;NaN;NaN
11.2900000000;NaN;NaN;-10.3993275285;NaN;NaN;NaN;NaN;-2.1755734898;NaN;NaN
11.3000000000;NaN;NaN;-10.2978998020;NaN;NaN;NaN;NaN;-2.1597249546;NaN;NaN
11.3100000000;NaN;NaN;-10.1932257047;NaN;NaN;NaN;NaN;-2.1438764193;NaN;NaN
11.3200000000;NaN;NaN;-10.0917551978;NaN;NaN;NaN;NaN;-2.1280278840;NaN;NaN
11.3300000000;NaN;NaN;-9.9908485582;NaN;NaN;NaN;NaN;-2.1141604156;NaN;NaN
11.3400000000;NaN;NaN;-9.8867168832;NaN;NaN;NaN;NaN;-2.0983118803;NaN;NaN
11.3500000000;NaN;NaN;-9.7857889331;NaN;NaN;NaN;NaN;-2.0804822781;NaN;NaN
11.3600000000;NaN;NaN;-9.6918834998;NaN;NaN;NaN;NaN;-2.0646337429;NaN;NaN
11.3700000000;NaN;NaN;-9.5964187647;NaN;NaN;NaN;NaN;-2.0468041407;NaN;NaN
11.3800000000;NaN;NaN;-9.5030941924;NaN;NaN;NaN;NaN;-2.0289745385;NaN;NaN
11.3900000000;NaN;NaN;-9.4135542889;NaN;NaN;NaN;NaN;-2.0131260032;NaN;NaN
11.4000000000;NaN;NaN;-9.3245823715;NaN;NaN;NaN;NaN;-1.9952964010;NaN;NaN
11.4100000000;NaN;NaN;-9.2350764566;NaN;NaN;NaN;NaN;-1.9794478657;NaN;NaN
11.4200000000;NaN;NaN;-9.1444898058;NaN;NaN;NaN;NaN;-1.9635993304;NaN;NaN
11.4300000000;NaN;NaN;-9.0555094335;NaN;NaN;NaN;NaN;-1.9477507952;NaN;NaN
11.4400000000;NaN;NaN;-8.9692330405;NaN;NaN;NaN;NaN;-1.9358643937;NaN;NaN
11.4500000000;NaN;NaN;-8.8835160613;NaN;NaN;NaN;NaN;-1.9219969253;NaN;NaN
11.4600000000;NaN;NaN;-8.8069537687;NaN;NaN;NaN;NaN;-1.9081294570;NaN;NaN
11.4700000000;NaN;NaN;-8.7347694037;NaN;NaN;NaN;NaN;-1.8962430555;NaN;NaN
11.4800000000;NaN;NaN;-8.6680014939;NaN;NaN;NaN;NaN;-1.8863377209;NaN;NaN
11.4900000000;NaN;NaN;-8.6098881178;NaN;NaN;NaN;NaN;-1.8784134533;NaN;NaN
11.5000000000;NaN;NaN;-8.5615311259;NaN;NaN;NaN;NaN;-1.8685081187;NaN;NaN
11.5100000000;NaN;NaN;-8.5256303451;NaN;NaN;NaN;NaN;-1.8605838511;NaN;NaN
11.5200000000;NaN;NaN;-8.5038216719;NaN;NaN;NaN;NaN;-1.8566217173;NaN;NaN
11.5300000000;NaN;NaN;-8.4923497081;NaN;NaN;NaN;NaN;-1.8506785166;NaN;NaN
11.5400000000;NaN;NaN;-8.4927999153;NaN;NaN;NaN;NaN;-1.8486974496;NaN;NaN
11.5500000000;NaN;NaN;-8.5035700029;NaN;NaN;NaN;NaN;-1.8506785166;NaN;NaN
11.5600000000;NaN;NaN;-8.5257239838;NaN;NaN;NaN;NaN;-1.8526595835;NaN;NaN
11.5700000000;NaN;NaN;-8.5603468435;NaN;NaN;NaN;NaN;-1.8546406504;NaN;NaN
11.5800000000;NaN;NaN;-8.6101384840;NaN;NaN;NaN;NaN;-1.8566217173;NaN;NaN
11.5900000000;NaN;NaN;-8.6681218043;NaN;NaN;NaN;NaN;-1.8645459849;NaN;NaN
11.6000000000;NaN;NaN;-8.7315508991;NaN;NaN;NaN;NaN;-1.8724702526;NaN;NaN
11.6100000000;NaN;NaN;-8.8041730995;NaN;NaN;NaN;NaN;-1.8803945202;NaN;NaN
11.6200000000;NaN;NaN;-8.8833260168;NaN;NaN;NaN;NaN;-1.8922809217;NaN;NaN
11.6300000000;NaN;NaN;-8.9662971869;NaN;NaN;NaN;NaN;-1.9041673231;NaN;NaN
11.6400000000;NaN;NaN;-9.0509124729;NaN;NaN;NaN;NaN;-1.9160537246;NaN;NaN
11.6500000000;NaN;NaN;-9.1382318863;NaN;NaN;NaN;NaN;-1.9319022599;NaN;NaN
11.6600000000;NaN;NaN;-9.2314937485;NaN;NaN;NaN;NaN;-1.9457697282;NaN;NaN
11.6700000000;NaN;NaN;-9.3199562407;NaN;NaN;NaN;NaN;-1.9635993304;NaN;NaN
11.6800000000;NaN;NaN;-9.4089197396;NaN;NaN;NaN;NaN;-1.9774667988;NaN;NaN
11.6900000000;NaN;NaN;-9.5032708273;NaN;NaN;NaN;NaN;-1.9952964010;NaN;NaN
11.7000000000;NaN;NaN;-9.5976633251;NaN;NaN;NaN;NaN;-2.0131260032;NaN;NaN
11.7100000000;NaN;NaN;-9.6920558218;NaN;NaN;NaN;NaN;-2.0309556054;NaN;NaN
11.7200000000;NaN;NaN;-9.7880633826;NaN;NaN;NaN;NaN;-2.0487852076;NaN;NaN
11.7300000000;NaN;NaN;-9.8921587114;NaN;NaN;NaN;NaN;-2.0666148098;NaN;NaN
11.7400000000;NaN;NaN;-9.9963159458;NaN;NaN;NaN;NaN;-2.0804822781;NaN;NaN
11.7500000000;NaN;NaN;-10.0972429864;NaN;NaN;NaN;NaN;-2.0983118803;NaN;NaN
11.7600000000;NaN;NaN;-10.1986836739;NaN;NaN;NaN;NaN;-2.1141604156;NaN;NaN
11.7700000000;NaN;NaN;-10.3012052218;NaN;NaN;NaN;NaN;-2.1319900178;NaN;NaN
11.7800000000;NaN;NaN;-10.4042733708;NaN;NaN;NaN;NaN;-2.1478385531;NaN;NaN
11.7900000000;NaN;NaN;-10.5041153527;NaN;NaN;NaN;NaN;-2.1636870884;NaN;NaN
11.8000000000;NaN;NaN;-10.6001640168;NaN;NaN;NaN;NaN;-2.1775545567;NaN;NaN
11.8100000000;NaN;NaN;-10.6934920292;NaN;NaN;NaN;NaN;-2.1914220251;NaN;NaN
11.8200000000;NaN;NaN;-10.7749549724;NaN;NaN;NaN;NaN;-2.2033084266;NaN;NaN
11.8300000000;NaN;NaN;-10.8514822667;NaN;NaN;NaN;NaN;-2.2171758950;NaN;NaN
11.8400000000;NaN;NaN;-10.9215119701;NaN;NaN;NaN;NaN;-2.2290622964;NaN;NaN
11.8500000000;NaN;NaN;-10.9834166057;NaN;NaN;NaN;NaN;-2.2389676310;NaN;NaN
11.8600000000;NaN;NaN;-11.0377223098;NaN;NaN;NaN;NaN;-2.2468918986;NaN;NaN
11.8700000000;NaN;NaN;-11.0801259149;NaN;NaN;NaN;NaN;-2.2528350993;NaN;NaN
11.8800000000;NaN;NaN;-11.1116715834;NaN;NaN;NaN;NaN;-2.2567972332;NaN;NaN
11.8900000000;NaN;NaN;-11.1345211274;NaN;NaN;NaN;NaN;-2.2607593670;NaN;NaN
11.9000000000;NaN;NaN;-11.1454603476;NaN;NaN;NaN;NaN;-2.2627404339;NaN;NaN
11.9100000000;NaN;NaN;-11.1471569134;NaN;NaN;NaN;NaN;-2.2647215008;NaN;NaN
11.9200000000;NaN;NaN;-11.1401695919;NaN;NaN;NaN;NaN;-2.2627404339;NaN;NaN
11.9300000000;NaN;NaN;-11.1207334598;NaN;NaN;NaN;NaN;-2.2607593670;NaN;NaN
11.9400000000;NaN;NaN;-11.0936659575;NaN;NaN;NaN;NaN;-2.2587783001;NaN;NaN
11.9500000000;NaN;NaN;-11.0579267442;NaN;NaN;NaN;NaN;-2.2567972332;NaN;NaN
11.9600000000;NaN;NaN;-11.0124308359;NaN;NaN;NaN;NaN;-2.2528350993;NaN;NaN
11.9700000000;NaN;NaN;-10.9598623314;NaN;NaN;NaN;NaN;-2.2468918986;NaN;NaN
11.9800000000;NaN;NaN;-10.9023952481;NaN;NaN;NaN;NaN;-2.2389676310;NaN;NaN
11.9900000000;NaN;NaN;-10.8395073190;NaN;NaN;NaN;NaN;-2.2290622964;NaN;NaN
12.0000000000;NaN;NaN;-10.7733483045;NaN;NaN;NaN;NaN;-2.2171758950;NaN;NaN
12.0100000000;NaN;NaN;-10.6996267279;NaN;NaN;NaN;NaN;-2.2072705604;NaN;NaN
12.0200000000;NaN;NaN;-10.6193872235;NaN;NaN;NaN;NaN;-2.1934030920;NaN;NaN
12.0300000000;NaN;NaN;-10.5369455381;NaN;NaN;NaN;NaN;-2.1795356237;NaN;NaN
12.0400000000;NaN;NaN;-10.4442569429;NaN;NaN;NaN;NaN;-2.1636870884;NaN;NaN
12.0500000000;NaN;NaN;-10.3504150020;NaN;NaN;NaN;NaN;-2.1458574862;NaN;NaN
12.0600000000;NaN;NaN;-10.2549496143;NaN;NaN;NaN;NaN;-2.1280278840;NaN;NaN
12.0700000000;NaN;NaN;-10.1557028670;NaN;NaN;NaN;NaN;-2.1121793487;NaN;NaN
12.0800000000;NaN;NaN;-10.0537356535;NaN;NaN;NaN;NaN;-2.0963308134;NaN;NaN
12.0900000000;NaN;NaN;-9.9474405572;NaN;NaN;NaN;NaN;-2.0785012112;NaN;NaN
12.1000000000;NaN;NaN;-9.8421903869;NaN;NaN;NaN;NaN;-2.0586905421;NaN;NaN
12.1100000000;NaN;NaN;-9.7369482217;NaN;NaN;NaN;NaN;-2.0428420069;NaN;NaN
12.1200000000;NaN;NaN;-9.6295520974;NaN;NaN;NaN;NaN;-2.0230313377;NaN;NaN
12.1300000000;NaN;NaN;-9.4272462940;NaN;NaN;NaN;NaN;-2.0052017356;NaN;NaN
12.1400000000;NaN;NaN;-9.3306416329;NaN;NaN;NaN;NaN;-1.9893532003;NaN;NaN
12.1500000000;NaN;NaN;-9.2373075397;NaN;NaN;NaN;NaN;-1.9735046650;NaN;NaN
12.1600000000;NaN;NaN;-9.1461522544;NaN;NaN;NaN;NaN;-1.9556750628;NaN;NaN
12.1700000000;NaN;NaN;-9.0539385189;NaN;NaN;NaN;NaN;-1.9398265275;NaN;NaN
12.1800000000;NaN;NaN;-8.9644063075;NaN;NaN;NaN;NaN;-1.9259590591;NaN;NaN
12.1900000000;NaN;NaN;-8.8824292206;NaN;NaN;NaN;NaN;-1.9140726577;NaN;NaN
12.2000000000;NaN;NaN;-8.8096612210;NaN;NaN;NaN;NaN;-1.9021862562;NaN;NaN
12.2100000000;NaN;NaN;-8.7439632100;NaN;NaN;NaN;NaN;-1.8922809217;NaN;NaN
12.2200000000;NaN;NaN;-8.6869318180;NaN;NaN;NaN;NaN;-1.8823755871;NaN;NaN
12.2300000000;NaN;NaN;-8.6358898067;NaN;NaN;NaN;NaN;-1.8724702526;NaN;NaN
12.2400000000;NaN;NaN;-8.5924294568;NaN;NaN;NaN;NaN;-1.8645459849;NaN;NaN
12.2500000000;NaN;NaN;-8.5614068260;NaN;NaN;NaN;NaN;-1.8605838511;NaN;NaN
12.2600000000;NaN;NaN;-8.5477043487;NaN;NaN;NaN;NaN;-1.8546406504;NaN;NaN
12.2700000000;NaN;NaN;-8.5427518666;NaN;NaN;NaN;NaN;-1.8526595835;NaN;NaN
12.2800000000;NaN;NaN;-8.5513221766;NaN;NaN;NaN;NaN;-1.8506785166;NaN;NaN
12.2900000000;NaN;NaN;-8.5643068329;NaN;NaN;NaN;NaN;-1.8486974496;NaN;NaN
12.3000000000;NaN;NaN;-8.5875506594;NaN;NaN;NaN;NaN;-1.8506785166;NaN;NaN
12.3100000000;NaN;NaN;-8.6221780151;NaN;NaN;NaN;NaN;-1.8526595835;NaN;NaN
12.3200000000;NaN;NaN;-8.6665832784;NaN;NaN;NaN;NaN;-1.8586027842;NaN;NaN
12.3300000000;NaN;NaN;-8.7180627215;NaN;NaN;NaN;NaN;-1.8645459849;NaN;NaN
12.3400000000;NaN;NaN;-8.7744420094;NaN;NaN;NaN;NaN;-1.8704891857;NaN;NaN
12.3500000000;NaN;NaN;-8.8351655669;NaN;NaN;NaN;NaN;-1.8784134533;NaN;NaN
12.3600000000;NaN;NaN;-8.9018434424;NaN;NaN;NaN;NaN;-1.8883187879;NaN;NaN
12.3700000000;NaN;NaN;-8.9701835870;NaN;NaN;NaN;NaN;-1.8982241224;NaN;NaN
12.3800000000;NaN;NaN;-9.0460707626;NaN;NaN;NaN;NaN;-1.9120915908;NaN;NaN
12.3900000000;NaN;NaN;-9.1241713273;NaN;NaN;NaN;NaN;-1.9259590591;NaN;NaN
12.4000000000;NaN;NaN;-9.2012129524;NaN;NaN;NaN;NaN;-1.9398265275;NaN;NaN
12.4100000000;NaN;NaN;-9.2841655828;NaN;NaN;NaN;NaN;-1.9536939959;NaN;NaN
12.4200000000;NaN;NaN;-9.3677040308;NaN;NaN;NaN;NaN;-1.9695425312;NaN;NaN
12.4300000000;NaN;NaN;-9.4555520837;NaN;NaN;NaN;NaN;-1.9873721334;NaN;NaN
12.4400000000;NaN;NaN;-9.5477400477;NaN;NaN;NaN;NaN;-2.0071828025;NaN;NaN
12.4500000000;NaN;NaN;-9.6453442555;NaN;NaN;NaN;NaN;-2.0230313377;NaN;NaN
12.4600000000;NaN;NaN;-9.7472970125;NaN;NaN;NaN;NaN;-2.0408609399;NaN;NaN
12.4700000000;NaN;NaN;-9.8541278535;NaN;NaN;NaN;NaN;-2.0567094752;NaN;NaN
12.4800000000;NaN;NaN;-9.9679938008;NaN;NaN;NaN;NaN;-2.0705769436;NaN;NaN
12.4900000000;NaN;NaN;-10.0808394020;NaN;NaN;NaN;NaN;-2.0884065458;NaN;NaN
12.5000000000;NaN;NaN;-10.1888327397;NaN;NaN;NaN;NaN;-2.1062361480;NaN;NaN
12.5100000000;NaN;NaN;-10.2994782925;NaN;NaN;NaN;NaN;-2.1240657502;NaN;NaN
12.5200000000;NaN;NaN;-10.4074543859;NaN;NaN;NaN;NaN;-2.1379332185;NaN;NaN
12.5300000000;NaN;NaN;-10.5100270652;NaN;NaN;NaN;NaN;-2.1518006869;NaN;NaN
12.5400000000;NaN;NaN;-10.6060984603;NaN;NaN;NaN;NaN;-2.1656681553;NaN;NaN
12.5500000000;NaN;NaN;-10.6940453865;NaN;NaN;NaN;NaN;-2.1815166906;NaN;NaN
12.5600000000;NaN;NaN;-10.7727785710;NaN;NaN;NaN;NaN;-2.1953841589;NaN;NaN
12.5700000000;NaN;NaN;-10.8395984081;NaN;NaN;NaN;NaN;-2.2092516273;NaN;NaN
12.5800000000;NaN;NaN;-10.8768570933;NaN;NaN;NaN;NaN;-2.2156900948;NaN;NaN
12.5900000000;NaN;NaN;-10.9126130799;NaN;NaN;NaN;NaN;-2.2214210383;NaN;NaN
12.6000000000;NaN;NaN;-10.9440340372;NaN;NaN;NaN;NaN;-2.2260906960;NaN;NaN
12.6100000000;NaN;NaN;-10.9723759052;NaN;NaN;NaN;NaN;-2.2326282169;NaN;NaN
12.6200000000;NaN;NaN;NaN;NaN;NaN;NaN;NaN;NaN;NaN;NaN