Time (s);Ay (m/s²) --sensor: Accelerometer --remote: 1 --Run1;Ay (m/s²) --sensor: Accelerometer --remote: 1 --Run2;Ay (m/s²) --sensor: Accelerometer --remote: 1 --Run3;Ay (m/s²) --sensor: Accelerometer --remote: 1 --Run4;Ay (m/s²) --sensor: Accelerometer --remote: 1 --Run5;Fᵧ (N) --sensor: Force --remote: 1 --Run1;Fᵧ (N) --sensor: Force --remote: 1 --Run2;Fᵧ (N) --sensor: Force --remote: 1 --Run3;Fᵧ (N) --sensor: Force --remote: 1 --Run4;Fᵧ (N) --sensor: Force --remote: 1 --Run5;rᵧ (m) --sensor: Wheel Position --remote: 1 --Run1;rᵧ (m) --sensor: Wheel Position --remote: 1 --Run2;rᵧ (m) --sensor: Wheel Position --remote: 1 --Run3;rᵧ (m) --sensor: Wheel Position --remote: 1 --Run4;rᵧ (m) --sensor: Wheel Position --remote: 1 --Run5
0.0000000000;-8.4624251077;-8.5181651451;-8.4998563737;-8.5389150860;-8.4795132944;-1.7588823218;-3.1681520064;-3.2302847563;-3.2828348432;-3.1313669456;0.0000000000;0.0000000000;0.0000000000;0.0000000000;0.0000000000
0.0025000000;-8.4605651690;-8.5136896677;-8.4982289274;-8.5421699787;-8.4800945252;-1.7566743350;-3.1684611246;-3.2324927431;-3.2828348432;-3.1291589587;0.0000000000;0.0000000000;0.0000000000;0.0000000000;0.0000000000
0.0050000000;-8.4616113845;-8.5090979440;-8.5043318512;-8.5446111483;-8.4799201559;-1.7573367310;-3.1686819233;-3.2318303471;-3.2828348432;-3.1298213548;0.0000000000;0.0000000000;0.0000000000;0.0000000000;0.0000000000
0.0075000000;-8.4597126971;-8.5045062204;-8.4982289274;-8.5291504080;-8.4824969460;-1.7578519280;-3.1689027219;-3.2313151501;-3.2828348432;-3.1303365517;0.0000000000;0.0000000000;0.0000000000;0.0000000000;0.0000000000
0.0100000000;-8.4613401435;-8.4986212582;-8.4928041062;-8.5139609087;-8.4852093566;-1.7578519280;-3.1690683210;-3.2313151501;-3.2828348432;-3.1303365517;0.0000000000;0.0000000000;0.0000000000;0.0000000000;0.0000000000
0.0125000000;-8.4673074467;-8.4927362959;-8.4922616241;-8.4960589989;-8.4824969460;-1.7578519280;-3.1692339200;-3.2333759379;-3.2828348432;-3.1303365517;0.0000000000;0.0000000000;0.0000000000;0.0000000000;0.0000000000
0.0150000000;-8.4738172321;-8.4889728263;-8.4873792850;-8.4835819102;-8.4797845354;-1.7599127157;-3.1693627192;-3.2333759379;-3.2828348432;-3.1323973394;0.0000000000;0.0000000000;0.0000000000;0.0000000000;0.0000000000
0.0175000000;-8.4738172321;-8.4781570891;-8.4767104701;-8.4746652502;-8.4784127416;-1.7612155125;-3.1701784477;-3.2372685369;-3.2828348432;-3.1323973394;0.0000000000;0.0000000000;0.0000000000;0.0000000000;0.0000000000
0.0266666667;-8.4770721248;-8.4630760862;-8.4744682107;-8.4537453939;-8.4765296427;-1.7619735034;-3.1694915184;-3.2379096708;-3.2828348432;-3.1323973394;0.0000000000;0.0000000000;0.0000000000;0.0000000000;0.0000000000
0.0360000000;-8.4799818016;-8.4527097462;-8.4602058627;-8.4189772219;-8.4714007209;-1.7638469468;-3.1694915184;-3.2410570557;-3.2828348432;-3.1342707828;0.0000000000;0.0000000000;0.0000000000;0.0000000000;0.0000000000
0.0454545455;-8.6421675154;-8.4559153223;-8.4494055369;-8.4146866815;-8.4671266194;-1.7640342911;-3.1694915184;-3.2402452303;-3.2828348432;-3.1327408040;0.0000000000;0.0000000000;0.0000000000;0.0000000000;0.0000000000
0.0550000000;-8.8804284427;-8.4680585758;-8.4307107686;-8.4469435027;-8.4653044359;-1.7624490698;-3.1694915184;-3.2382901240;-3.2828348432;-3.1323973394;0.0000000000;0.0000000000;0.0000000000;0.0000000000;0.0000000000
0.0646153846;-9.0021173155;-8.4604876716;-8.4192590308;-8.4676174365;-8.4694773752;-1.7590295210;-3.1677251290;-3.2374975133;-3.2828348432;-3.1323973394;0.0000000000;0.0000000000;0.0000000000;0.0000000000;0.0000000000
0.0742857143;-8.8895393602;-8.4603636757;-8.4186287182;-8.4942507252;-8.4774337796;-1.7578519280;-3.1678428883;-3.2384592142;-3.2828348432;-3.1323973394;0.0000000000;0.0000000000;0.0000000000;0.0000000000;0.0000000000
0.0840000000;-8.6655846601;-8.4591702150;-8.4271637702;-8.5073155028;-8.4772077454;-1.7578519280;-3.1658851399;-3.2385279072;-3.2848956309;-3.1311093471;0.0000000000;0.0000000000;0.0000000000;0.0000000000;0.0000000000
0.0937500000;-8.2929154019;-8.4518307511;-8.4415235909;-8.4992500702;-8.4755404106;-1.7578519280;-3.1653699430;-3.2395583010;-3.2848956309;-3.1303365517;0.0000000000;0.0000000000;0.0000000000;0.0000000000;0.0000000000
0.1035294118;-7.9559276389;-8.4555536676;-8.4523590507;-8.4815928091;-8.4694773752;-1.7599127157;-3.1653699430;-3.2416190887;-3.2848956309;-3.1303365517;0.0000000000;0.0000000000;0.0000000000;0.0000000000;0.0000000000
0.1133333333;-7.8163003561;-8.4682211008;-8.4473212635;-8.4686493762;-8.4669933782;-1.7619735034;-3.1674307307;-3.2416190887;-3.2848956309;-3.1282757640;0.0000000000;0.0000000000;0.0000000000;0.0000000000;0.0000000000
0.1231578947;-7.8686784319;-8.4779400962;-8.4412683052;-8.4635100719;-8.4678499289;-1.7619735034;-3.1694915184;-3.2436798765;-3.2838652371;-3.1282757640;0.0000000000;0.0000000000;0.0000000000;0.0000000000;0.0000000000
0.1330000000;-7.9791768724;-8.4881542595;-8.4426632592;-8.4666874672;-8.4719056285;-1.7619735034;-3.1694915184;-3.2436798765;-3.2828348432;-3.1303365517;0.0000000000;0.0000000000;0.0000000000;0.0000000000;0.0000000000
0.1428571429;-7.9843997305;-8.4956151499;-8.4621292084;-8.4688855765;-8.4726336348;-1.7619735034;-3.1674307307;-3.2429304991;-3.2828348432;-3.1293998300;0.0000000000;0.0000000000;0.0000000000;0.0000000000;0.0000000000
0.1527272727;-7.9511475066;-8.4951863103;-8.4864594241;-8.4785108818;-8.4783221923;-1.7640342911;-3.1653699430;-3.2416190887;-3.2828348432;-3.1291717586;0.0000000000;0.0000000000;0.0000000000;0.0000000000;0.0000000000
0.1626086957;-7.9336406653;-8.4816832228;-8.5070894686;-8.4852093566;-8.4721897858;-1.7655174338;-3.1643395491;-3.2395583010;-3.2828348432;-3.1303365517;0.0000000000;0.0000000000;0.0000000000;0.0000000000;0.0000000000
0.1725000000;-7.8332543498;-8.4535284010;-8.5309948471;-8.4841243923;-8.4720812894;-1.7669193940;-3.1612483675;-3.2395583010;-3.2828348432;-3.1303365517;0.0000000000;0.0000000000;0.0000000000;0.0000000000;0.0000000000
0.1824000000;-7.6696083601;-8.4431043985;-8.5412936615;-8.4805773939;-8.4728574561;-1.7738626634;-3.1601387126;-3.2416190887;-3.2828348432;-3.1323973394;0.0012926473;0.0000000000;0.0000000000;0.0000000000;0.0000000000
0.1923076923;-7.5505729468;-8.4426546484;-8.5356601933;-8.4828184169;-8.4722098777;-1.7812838476;-3.1601034855;-3.2436798765;-3.2828348432;-3.1344581271;0.0012926473;0.0000000000;0.0000000000;0.0000000000;0.0000000000
0.2022222222;-7.4332202878;-8.4440194645;-8.5340327470;-8.4823032024;-8.4644400413;-1.7881749473;-3.1579363873;-3.2442686730;-3.2828348432;-3.1344581271;0.0025581761;0.0000000000;0.0000000000;0.0000000000;0.0000000000
0.2121428571;-7.3692114066;-8.4671241672;-8.5278970872;-8.4853964194;-8.4747712524;-1.7970779564;-3.1606375568;-3.2457406642;-3.2828348432;-3.1316867230;0.0038119143;0.0000000000;0.0000000000;0.0000000000;0.0000000000
0.2220689655;-7.4170620705;-8.5117186493;-8.5126589516;-8.4861134934;-8.4729130953;-1.8066239041;-3.1625535331;-3.2457406642;-3.2828348432;-3.1282757640;0.0038119143;0.0000000000;0.0000000000;0.0000000000;0.0000000000
0.2320000000;-7.5528925925;-8.5239572286;-8.5096210518;-8.4812894858;-8.4853143531;-1.8148227370;-3.1612483675;-3.2457406642;-3.2828348432;-3.1276109937;0.0050449009;0.0000000000;0.0000000000;0.0000000000;0.0000000000
0.2419354839;-7.7001699247;-8.5385082245;-8.5108416365;-8.4701215727;-8.5078579849;-1.8236683359;-3.1599603752;-3.2457406642;-3.2828348432;-3.1262149762;0.0062687090;0.0000000000;0.0000000000;0.0000000000;0.0000000000
0.2518750000;-7.8487463239;-8.5594800899;-8.5138293979;-8.4572961859;-8.5287229978;-1.8359745171;-3.1633091553;-3.2457406642;-3.2828348432;-3.1268394574;0.0074840185;0.0000000000;0.0000000000;0.0000000000;0.0000000000
0.2618181818;-7.9876256135;-8.5587954600;-8.5257838278;-8.4457358050;-8.5320223721;-1.8482841422;-3.1619757044;-3.2457406642;-3.2828348432;-3.1288818780;0.0086914363;0.0000000000;0.0000000000;0.0000000000;0.0000000000
0.2717647059;-8.0884224376;-8.5353192046;-8.5194942263;-8.4410358129;-8.5437974251;-1.8600081194;-3.1612483675;-3.2457406642;-3.2828348432;-3.1303365517;0.0098915067;0.0000000000;0.0000000000;0.0000000000;0.0000000000
0.2817142857;-8.1830769559;-8.5016646474;-8.5108416365;-8.4367174830;-8.5698365666;-1.8714242292;-3.1639960845;-3.2457406642;-3.2828348432;-3.1318248984;0.0122779325;0.0000000000;0.0000000000;0.0000000000;0.0000000000
0.2916666667;-8.2561059635;-8.4692574500;-8.5046654043;-8.4397728140;-8.6474261709;-1.8857878577;-3.1653699430;-3.2457406642;-3.2854526006;-3.1277187943;0.0134647302;0.0000000000;0.0000000000;0.0000000000;0.0000000000
0.3016216216;-8.2818927699;-8.4422676144;-8.4934750709;-8.4685351694;-8.7635597854;-1.8996124308;-3.1653699430;-3.2457406642;-3.2874987312;-3.1246965011;0.0146455138;0.0000000000;0.0000000000;0.0000000000;0.0000000000
0.3115789474;-8.2523593407;-8.4409483798;-8.4826082244;-8.4832063457;-9.1487484430;-1.9139962285;-3.1639432438;-3.2457406642;-3.2910779941;-3.1230973743;0.0158206477;0.0000000000;0.0000000000;0.0000000000;0.0000000000
0.3215384615;-8.2421773687;-8.4492699164;-8.4713353765;-8.4959505025;-10.0795778571;-1.9309580967;-3.1674307307;-3.2457406642;-3.2931387818;-3.1138502499;0.0181602808;0.0000000000;0.0000000000;0.0000000000;0.0000000000
0.3315000000;-8.2644852918;-8.4588526645;-8.4597656222;-8.4935450574;-11.4119532966;-1.9473941354;-3.1674307307;-3.2457406642;-3.2926361507;-3.0999776301;0.0193250839;0.0000000000;0.0000000000;0.0000000000;0.0000000000
0.3414634146;-8.3607097110;-8.4535516502;-8.4365667935;-8.4785833250;-12.7241646097;-1.9617717798;-3.1647811465;-3.2457406642;-3.2890172064;-3.0846066908;0.0204851520;0.0000000000;0.0000000000;0.0000000000;0.0000000000
0.3514285714;-8.4372438448;-8.4620087842;-8.4059060408;-8.4619457049;-13.9502625025;-1.9782124385;-3.1653699430;-3.2457406642;-3.2885379534;-3.0615158268;0.0227963301;0.0000000000;0.0000000000;0.0000000000;-0.0023069945
0.3613953488;-8.5529456462;-8.4666293441;-8.4096440637;-8.4554591442;-14.7918598525;-1.9941868110;-3.1633091553;-3.2457406642;-3.2864880578;-3.0384441537;0.0239476759;0.0000000000;0.0000000000;0.0000000000;-0.0046055177
0.3713636364;-8.6347174277;-8.4834975241;-8.4215340113;-8.4542878760;-14.7078047145;-2.0110998415;-3.1633091553;-3.2457406642;-3.2848956309;-3.0117267694;0.0250949959;0.0000000000;0.0000000000;0.0000000000;-0.0068960042
0.3813333333;-8.7343501648;-8.5223104161;-8.4283194929;-8.4636044167;-14.4738935020;-2.0275463213;-3.1612483675;-3.2457406642;-3.2848956309;-2.9804366447;0.0273819873;0.0000000000;0.0000000000;0.0000000000;-0.0103202814
0.3913043478;-8.7894264018;-8.5655544206;-8.4571849613;-8.4705392551;-14.1405854142;-2.0439944957;-3.1607222090;-3.2478014519;-3.2844571655;-2.9466633650;0.0273819873;0.0000000000;0.0000000000;0.0000000000;-0.0148714594
0.4012765957;-8.7635365871;-8.5820537160;-8.4563899942;-8.4757159195;-13.7742743654;-2.0608735895;-3.1591875798;-3.2478014519;-3.2828348432;-2.9021901775;0.0296547738;0.0000000000;0.0000000000;0.0000000000;-0.0194088040
0.4112500000;-8.6738049248;-8.5877274054;-8.4490955471;-8.4819544639;-13.3749660117;-2.0830778762;-3.1545613217;-3.2478014519;-3.2848956309;-2.8507843885;0.0307878635;0.0000000000;0.0000000000;0.0000000000;-0.0250639973
0.4212244898;-8.5846571780;-8.5684369628;-8.4495574319;-8.4799364304;-13.0305585087;-2.0999426900;-3.1509444289;-3.2478014519;-3.2873685762;-2.7969010981;0.0319178000;0.0000000000;0.0000000000;0.0000000000;-0.0307034526
0.4312000000;-8.5146629444;-8.5175242716;-8.4592553102;-8.4787314819;-12.6840209331;-2.1201060836;-3.1509444289;-3.2474781911;-3.2914820701;-2.7360391673;0.0330447232;0.0000000000;0.0000000000;0.0000000000;-0.0363278694
0.4411764706;-8.5539793971;-8.4617678698;-8.4793985385;-8.4940664203;-12.2527059217;-2.1365613027;-3.1530052166;-3.2457406642;-3.2935350872;-2.6665007918;0.0352928055;0.0000000000;0.0000000000;0.0000000000;-0.0430599079
0.4511538462;-8.7239629006;-8.4128238184;-8.4982084563;-8.5236129962;-11.8951598171;-2.1505680790;-3.1534718101;-3.2457406642;-3.2948107417;-2.5974479527;0.0364140871;0.0000000000;0.0000000000;0.0000000000;-0.0508946711
0.4611320755;-8.8293238454;-8.3914604102;-8.5359917102;-8.5906317144;-11.5112650124;-2.1629112038;-3.1550660044;-3.2454353623;-3.2951995696;-2.5188932016;0.0375327242;0.0000000000;0.0000000000;0.0000000000;-0.0587109562
0.4711111111;-8.8834010929;-8.4002566572;-8.6007679106;-8.7121148307;-10.9477723998;-2.1752551141;-3.1550660044;-3.2436798765;-3.2927640932;-2.4341649899;0.0386488247;0.0000000000;0.0000000000;0.0000000000;-0.0653954371
0.4810909091;-8.9340551843;-8.4415104847;-8.6765021127;-8.8744790234;-10.5154971110;-2.1900285534;-3.1525636193;-3.2433854782;-3.2890172064;-2.3501811993;0.0397624900;0.0000000000;0.0000000000;0.0000000000;-0.0731769831
0.4910714286;-8.8592079479;-8.4957449303;-8.7739716351;-9.1132894399;-10.0072714152;-2.2064890308;-3.1488836412;-3.2416190887;-3.2869564187;-2.2630341535;0.0408738158;0.0000000000;0.0000000000;0.0000000000;-0.0820514953
0.5010526316;-8.6828412033;-8.5498021409;-8.8721394023;-9.4720404441;-9.5202558804;-2.2205343027;-3.1488836412;-3.2392740544;-3.2841850145;-2.1745574180;0.0419828918;0.0000000000;0.0000000000;0.0000000000;-0.0909080430
0.5110344828;-8.5113312496;-8.5750866902;-8.9589617467;-10.3081423526;-9.0377411835;-2.2332302486;-3.1488836412;-3.2372180845;-3.2735438342;-2.0843645320;0.0430898032;0.0000000000;0.0000000000;0.0000000000;-0.0986423963
0.5210169492;-8.4275977559;-8.5750534363;-9.0249248136;-11.7909597499;-8.5660934400;-2.2493498000;-3.1472350110;-3.2331011662;-3.2584488552;-1.9931251931;0.0441946299;0.0000000000;0.0000000000;0.0000000000;-0.1074650108
0.5310000000;-8.4224059352;-8.5552606947;-9.0707609951;-13.1804454280;-8.0511258393;-2.2613598006;-3.1468228535;-3.2310448829;-3.2378691308;-1.8987962949;0.0452974479;0.0000000000;0.0000000000;-0.0000162896;-0.1151707625
0.5409836066;-8.5455998657;-8.5284416813;-9.1315767976;-14.3496072733;-7.5698845323;-2.2719852264;-3.1464239913;-3.2271935747;-3.2152277105;-1.8079091265;0.0463983288;0.0000000000;0.0000000000;-0.0011145727;-0.1228629796
0.5509677419;-8.7371535507;-8.5225545143;-9.1502321548;-15.2213647838;-6.9223183808;-2.2870491310;-3.1427012780;-3.2248710996;-3.1898704193;-1.7156221351;0.0474973407;0.0000000000;0.0000000000;-0.0032759884;-0.1316391593
0.5609523810;-8.8251337361;-8.5454079189;-9.1508179601;-15.1846176749;-6.4424081866;-2.3028658812;-3.1406404903;-3.2207536131;-3.1586723829;-1.6229991313;0.0485945480;0.0000000000;-0.0010976699;-0.0054499402;-0.1393057070
0.5709375000;-8.7393413631;-8.5392071918;-9.1876652754;-14.9103675365;-5.8844499427;-2.3175935780;-3.1385797026;-3.2163823652;-3.1230445336;-1.5300556235;0.0496900118;0.0000000000;-0.0010976699;-0.0086985325;-0.1469600728
0.5809230769;-8.6093144697;-8.5723681498;-9.2722604930;-14.6586804931;-5.4523891132;-2.3337484245;-3.1382050139;-3.2081469003;-3.0791915473;-1.4380551422;0.0507837902;0.0000000000;-0.0021919095;-0.0130040198;-0.1535108641
0.5909090909;-8.5583634747;-8.5818845277;-9.4608755870;-14.3988069013;-5.1435923938;-2.3457915896;-3.1365189149;-3.1978504181;-3.0253594099;-1.3515999243;0.0518759387;-0.0000897347;-0.0032845184;-0.0173189356;-0.1600518926
0.6008955224;-8.6157002385;-8.5507539605;-10.1069995303;-14.1333416824;-4.7624816804;-2.3543287511;-3.1340944587;-3.1870688255;-2.9671100417;-1.2654448849;0.0529665096;-0.0010020377;-0.0043755491;-0.0227021182;-0.1665834734
0.6108823529;-8.7593043421;-8.5393003270;-11.1466108927;-13.7704475079;-4.2834730938;-2.3663816361;-3.1299781538;-3.1682968589;-2.9029928394;-1.1881187887;0.0540555531;-0.0010020377;-0.0043755491;-0.0291368066;-0.1731059063
0.6208695652;-8.9423435361;-8.5467500777;-12.2802514943;-13.2555180924;-3.9087837289;-2.3749106520;-3.1258616983;-3.1454097419;-2.8321111283;-1.1201853267;0.0540555531;-0.0010020377;-0.0065515938;-0.0355783329;-0.1774482868
0.6308571429;-9.0877236130;-8.5109046714;-13.3807055006;-12.7696949045;-3.5390025956;-2.3852021512;-3.1217450986;-3.1184072030;-2.7538799774;-1.0507695374;0.0551416828;-0.0010020377;-0.0087247690;-0.0430545684;-0.1828691048
0.6408450704;-9.1626338987;-8.4991933400;-14.2245797284;-12.3637530540;-3.1991958096;-2.3975547837;-3.1176283607;-3.0872889859;-2.6709526217;-0.9916396036;0.0562264217;-0.0010855408;-0.0108951617;-0.0494954538;-0.1872002065
0.6508333333;-9.1671168074;-8.4923953868;-14.2828049037;-11.7558340329;-2.9787929430;-2.4096254479;-3.1159110376;-3.0564022634;-2.5841995750;-0.9425139687;0.0573098116;-0.0020040754;-0.0141467015;-0.0580239372;-0.1904444925
0.6608219178;-9.1376540635;-8.4783916759;-14.2005516805;-11.1927595892;-2.8320032274;-2.4202002416;-3.1159110376;-3.0188869237;-2.4915480544;-0.8954401143;0.0573098116;-0.0020040754;-0.0173943111;-0.0655041011;-0.1936848572
0.6708108108;-9.0462009622;-8.4584686048;-13.9145656654;-10.6350442823;-2.6641809601;-2.4304930409;-3.1159110376;-2.9752004519;-2.3983447524;-0.8550895193;0.0583906203;-0.0020040754;-0.0228006334;-0.0740423295;-0.1958425618
0.6808000000;-8.9250410078;-8.4413825120;-13.6259554722;-10.1548479644;-2.4834870197;-2.4428469209;-3.1159110376;-2.9232816168;-2.2971817677;-0.8244777831;0.0583906203;-0.0020040754;-0.0282007770;-0.0836106388;-0.1979978005
0.6907894737;-8.8731052051;-8.3946923407;-13.4286022954;-9.6004821345;-2.4203579346;-2.4505442378;-3.1155898759;-2.8629158902;-2.1942304193;-0.7979798280;0.0583906203;-0.0020821562;-0.0335949161;-0.0921194630;-0.1990742216
0.7007792208;-8.7838248966;-8.3338220718;-13.0655666879;-8.8315841875;-2.3762765207;-2.4567231697;-3.1114724179;-2.7949565599;-2.0889518222;-0.7779209452;0.0594678264;-0.0030061131;-0.0389832173;-0.1006332860;-0.1990742216
0.7107692308;-8.6643245909;-8.2926213386;-12.7097854002;-8.4267242910;-2.3580455298;-2.4611022600;-3.1073548557;-2.7269960482;-1.9816169544;-0.7660913147;0.0594678264;-0.0030061131;-0.0465188900;-0.1101885335;-0.1990742216
0.7207594937;-8.6045079549;-8.2710374172;-12.2652857690;-7.8748559470;-2.4555816683;-2.4690812910;-3.1032371931;-2.6567675329;-1.8727408435;-0.7624914576;0.0605427930;-0.0030061131;-0.0529714088;-0.1197231171;-0.1990742216
0.7307500000;-8.3835240977;-8.3045226281;-11.7871774441;-7.2914473228;-2.5526249378;-2.4734541044;-3.0991194340;-2.5803606478;-1.7656625679;-0.7671218695;0.0605427930;-0.0030061131;-0.0604918193;-0.1282022126;-0.1990742216
0.7407407407;-8.1908731149;-8.3631773431;-11.4028964915;-6.8211520819;-2.7142647614;-2.4816910500;-3.0973639481;-2.5016957699;-1.6588335910;-0.7779222340;0.0605427930;-0.0030061131;-0.0680049001;-0.1366743641;-0.1969324158
0.7507317073;-8.0950666763;-8.4156474631;-10.9068756654;-6.2521111384;-2.9018200222;-2.4940000630;-3.0973639481;-2.4170557118;-1.5556216146;-0.7990145750;0.0616146184;-0.0030061131;-0.0765831187;-0.1451397516;-0.1937227601
0.7607228916;-7.9969237874;-8.4493344976;-10.4809106470;-5.5937796792;-3.1306590066;-2.5022378935;-3.0973639481;-2.3241760209;-1.4531497432;-0.8257870806;0.0626854505;-0.0030776872;-0.0840821036;-0.1535985483;-0.1905160791
0.7707142857;-7.9758377962;-8.4365327554;-9.9512130264;-4.9798430955;-3.3932488423;-2.5127548379;-3.0973639481;-2.2316876370;-1.3543012026;-0.8553481280;0.0626854505;-0.0040081508;-0.0926446232;-0.1620392296;-0.1873122974
0.7807058824;-7.9576518069;-8.3659326783;-9.4500011837;-4.5282628006;-3.6207280683;-2.5228355010;-3.0973639481;-2.1386184038;-1.2600518796;-0.8949569755;0.0626854505;-0.0040081508;-0.1011995876;-0.1694295745;-0.1830443576
0.7906976744;-7.9204422864;-8.2781495448;-8.9270766285;-3.8567893568;-3.8970265648;-2.5288400401;-3.0973639481;-2.0418142639;-1.1717354748;-0.9405008799;0.0637534497;-0.0040081508;-0.1097471835;-0.1768031512;-0.1777140280
0.8006896552;-7.9536508579;-8.2404821121;-8.2823703618;-3.5058769776;-4.0894582782;-2.5352372605;-3.0973639481;-1.9451962665;-1.0898288530;-0.9901616650;0.0648205506;-0.0040081508;-0.1172200395;-0.1831286799;-0.1723881815
0.8106818182;-8.0516503352;-8.2643094199;-7.7631473745;-3.0196167053;-4.3680078143;-2.5434751489;-3.0973639481;-1.8480171796;-1.0118004623;-1.0460002765;0.0658867750;-0.0040081508;-0.1257534307;-0.1894498456;-0.1670667099
0.8206741573;-8.2287238122;-8.3159489089;-7.2617132753;-2.6832003831;-4.7801650018;-2.5517131543;-3.0973639481;-1.7472732177;-0.9392612490;-1.1041242669;0.0669521436;-0.0040081508;-0.1332141555;-0.1957446687;-0.1606860691
0.8306666667;-8.3256301944;-8.3784953746;-6.7127533666;-2.2684179612;-5.1928853956;-2.5601777329;-3.0973639481;-1.6506456743;-0.8518752944;-1.1702556746;0.0669521436;-0.0040081508;-0.1417340107;-0.1999640872;-0.1543104326
0.8406593407;-8.3436038347;-8.4103881004;-6.0988305290;-1.5659207276;-5.6568727079;-2.5725350747;-3.0953031604;-1.5579555188;-0.7184533200;-1.2405046100;0.0680158606;-0.0040081508;-0.1491831684;-0.2051997210;-0.1468778928
0.8506521739;-8.3234796884;-8.3994855160;-5.6963846299;-1.1197546756;-6.1600960093;-2.5828317875;-3.0953031604;-1.4633808736;-0.5976062807;-1.3169319912;0.0690787801;-0.0040081508;-0.1566267421;-0.2083520785;-0.1405119201
0.8606451613;-8.3018561725;-8.3496292252;-5.2380037486;-0.5133942668;-6.6040545114;-2.5949702091;-3.0950400811;-1.3749838769;-0.4664395702;-1.3974771557;0.0701409203;-0.0040081508;-0.1630022706;-0.2114919246;-0.1330903970
0.8706382979;-8.3069097609;-8.3418284782;-4.7182192545;-0.1363696215;-7.0923037243;-2.6034256696;-3.0929820626;-1.2908774299;-0.3821134289;-1.4798625104;0.0712022988;-0.0040081508;-0.1704350526;-0.2135804785;-0.1256741964
0.8806315789;-8.3332465539;-8.3625857950;-4.4207016597;-0.0052475898;-7.5192351865;-2.6135081639;-3.0914391834;-1.2124301105;-0.3480584598;-1.5624634920;0.0712022988;-0.0040081508;-0.1757404569;-0.2146190161;-0.1182632002
0.8906250000;-8.3931551749;-8.4473362752;-4.0097319009;0.0616411192;-7.9893359619;-2.6240201288;-3.0932423727;-1.1348354333;-0.3414534050;-1.6508184378;0.0722622041;-0.0040081508;-0.1810422173;-0.2146190161;-0.1108572940
0.9006185567;-8.4660840942;-8.4970882168;-3.3960074909;-0.0679904209;-8.6009573264;-2.6361680670;-3.0932423727;-1.0690862026;-0.3359504558;-1.7375384490;0.0733213967;-0.0040081508;-0.1863404132;-0.2146190161;-0.1034563671
0.9106122449;-8.4615867263;-8.5460879051;-3.0858848577;-0.5230020762;-9.0401685611;-2.6468840782;-3.0953031604;-1.0072880599;-0.4035397051;-1.8258995549;0.0743798920;-0.0040081508;-0.1905761795;-0.2145989401;-0.0950037332
0.9206060606;-8.4666401937;-8.5790479130;-2.7522583564;-1.0526618875;-9.5572950628;-2.6613012659;-3.0973639481;-0.9456542705;-0.4781027518;-1.9105562983;0.0754377048;-0.0040081508;-0.1948092149;-0.2124959056;-0.0886683451
0.9306000000;-8.4457746665;-8.6006291406;-2.5247112788;-1.6098554738;-10.0383410253;-2.6755145800;-3.0953031604;-0.8925863341;-0.5611055682;-1.9968624962;0.0754377048;-0.0040081508;-0.1963864195;-0.2093480844;-0.0812817272
0.9405940594;-8.3998375632;-8.5952162201;-2.3460349838;-2.5711756988;-10.3758073963;-2.6878733052;-3.0932423727;-0.8452058198;-0.6630483481;-2.0813147853;0.0775506860;-0.0040081508;-0.1979781936;-0.2051662801;-0.0738996802
0.9505882353;-8.3628032706;-8.6054507809;-2.1949396181;-3.0981670741;-11.0526613409;-2.7022929347;-3.0911815849;-0.8022666614;-0.7743960081;-2.1655677748;0.0775506860;-0.0040081508;-0.2010967135;-0.2009769546;-0.0675760485
0.9605825243;-8.3686591605;-8.6459301157;-2.1339017708;-3.3756537663;-11.5133027978;-2.7144537369;-3.0909438017;-0.7677226880;-0.8104047722;-2.2457037909;0.0796611305;-0.0040081508;-0.2021421372;-0.1957454069;-0.0612561757
0.9705769231;-8.4253968284;-8.7470732236;-2.1651067132;-3.8834678968;-11.8417218681;-2.7230856445;-3.0870600095;-0.7431593061;-0.8715169415;-2.3217227022;0.0796611305;-0.0040081508;-0.2031870500;-0.1894915430;-0.0549399857
0.9805714286;-8.4459971116;-8.8951006549;-2.1088950381;-4.3521609422;-12.3346215085;-2.7373093383;-3.0852325185;-0.7250862163;-0.9490121880;-2.3917580082;0.0807151352;-0.0040081508;-0.2042220777;-0.1842558534;-0.0496795018
0.9905660377;-8.5023964068;-9.0612594545;-2.2112566591;-4.6364356327;-12.6616980476;-2.7476078261;-3.0849992218;-0.7192149154;-1.0151209209;-2.4612161117;0.0817685493;-0.0040081508;-0.2042220777;-0.1769648581;-0.0444219661
1.0005607477;-8.5807263928;-9.4358389428;-2.3403938789;-5.1802877553;-13.0384023983;-2.7597763889;-3.0804196935;-0.7237944437;-1.0902330311;-2.5209539894;0.0828213842;-0.0040081508;-0.2039287876;-0.1707011554;-0.0402182497
1.0105555556;-8.6221089489;-10.0176168189;-2.4606219617;-5.6733752432;-13.3122351309;-2.7723266771;-3.0744684074;-0.7343966819;-1.1825518396;-2.5805032621;0.0838736512;-0.0040633088;-0.2000112350;-0.1634075372;-0.0360168008
1.0205504587;-8.6430913789;-10.9484233784;-2.5861799225;-6.0484585987;-13.6406437595;-2.7826254595;-3.0657776927;-0.7549976841;-1.2610147423;-2.6338740547;0.0849253613;-0.0050648451;-0.1979069280;-0.1561081210;-0.0318175756
1.0305454545;-8.6285614775;-12.1081639491;-2.7827693100;-6.5586354381;-13.8528108698;-2.7970459102;-3.0488518912;-0.7801659613;-1.3522109283;-2.6786341615;0.0859765250;-0.0060663904;-0.1947521072;-0.1477798843;-0.0286697928
1.0405405405;-8.5792137575;-13.1328861353;-3.0574432953;-7.2629971496;-14.0439848488;-2.8094056636;-3.0284747585;-0.8132751551;-1.4555785287;-2.7200189961;0.0870271527;-0.0070679444;-0.1905478246;-0.1394552074;-0.0265723410
1.0505357143;-8.5205955130;-13.7317603301;-3.3806542771;-7.5663550691;-14.2144397935;-2.8238262927;-3.0094977955;-0.8527101910;-1.5576637259;-2.7586105679;0.0880772544;-0.0081227126;-0.1863456469;-0.1311340241;-0.0244759394
1.0605309735;-8.4783855026;-14.2050456136;-3.7026870234;-8.2985764743;-14.2932417850;-2.8361862198;-2.9827190732;-0.8981780598;-1.6510886622;-2.7852088393;0.0880772544;-0.0101785934;-0.1810955072;-0.1228162697;-0.0234282539
1.0705263158;-8.5039509344;-14.0754639741;-3.9717675873;-8.8848865933;-14.2967023326;-2.8483670315;-2.9534492855;-0.9498260216;-1.7563287370;-2.8076888738;0.0891263330;-0.0131310505;-0.1758479026;-0.1145018813;-0.0223810744
1.0805217391;-8.5797696012;-13.8538836159;-4.2993144662;-9.3749922642;-14.2892068076;-2.8586678804;-2.9202783272;-1.0057354706;-1.8629165710;-2.8255176228;0.0901749140;-0.0152378835;-0.1706027870;-0.1061907978;-0.0223810744
1.0905172414;-8.6198144703;-13.6291453305;-4.6552856188;-9.9066098686;-14.1767184324;-2.8689687822;-2.8807170336;-1.0676817899;-1.9554409594;-2.8274007564;0.0912230064;-0.0192442624;-0.1643115813;-0.0978829598;-0.0223810744
1.1005128205;-8.6828659336;-13.3531588311;-5.0742473152;-10.4832997138;-14.0942721529;-2.8773835908;-2.8349802638;-1.1358083930;-2.0484928542;-2.8272261133;0.0922706189;-0.0233016223;-0.1569752019;-0.0895867312;-0.0223810744
1.1105084746;-8.7231356304;-13.0569204044;-5.6233289991;-11.0628518787;-13.9637134510;-2.8895707389;-2.7814226773;-1.2102538725;-2.1470290919;-2.8186380792;0.0922706189;-0.0283096699;-0.1506897063;-0.0823229020;-0.0244715655
1.1205042017;-8.6946074533;-12.7417048648;-6.1152948612;-11.5442660078;-13.8659809671;-2.8979827359;-2.7253917641;-1.2886792563;-2.2330352305;-2.8018126421;0.0933172969;-0.0333177533;-0.1433598714;-0.0750534831;-0.0265611321
1.1305000000;-8.6823634974;-12.3406880370;-6.5338787693;-12.1104693870;-13.6836989062;-2.9101728914;-2.6631849280;-1.3710880568;-2.3137196116;-2.7810415482;0.0943635198;-0.0383755592;-0.1360332234;-0.0667744893;-0.0296941193
1.1404958678;-8.6310925800;-11.9339371368;-7.0068922320;-12.5826212432;-13.5341526607;-2.9206429550;-2.5950047113;-1.4558282846;-2.4024730845;-2.7539218498;0.0954092955;-0.0443853417;-0.1287097074;-0.0605470069;-0.0328257671
1.1504918033;-8.6815040845;-11.4453975396;-7.4870422634;-12.9465381730;-13.2452605810;-2.9307752300;-2.5208460167;-1.5463447392;-2.4881582375;-2.7187319013;0.0954092955;-0.0504440438;-0.1203434929;-0.0526204936;-0.0369995425
1.1604878049;-8.7146617921;-11.0574233077;-7.9886632264;-13.3256722796;-12.9735138893;-2.9412426588;-2.4464874127;-1.6330080782;-2.5970744898;-2.6794229024;0.0964541994;-0.0574070626;-0.1130260815;-0.0418627128;-0.0411715924
1.1704838710;-8.7913341845;-10.6368453230;-8.5552893662;-13.7042735582;-12.6915679443;-2.9513777458;-2.3659491694;-1.7214666599;-2.6497024156;-2.6358299296;0.0964541994;-0.0634650593;-0.1057116454;-0.0392648314;-0.0453419459
1.1804800000;-8.8441775224;-10.0759391367;-9.1603412660;-14.0530649661;-12.3148317154;-2.9596182798;-2.2833527974;-1.8081286062;-2.7058797025;-2.5838352740;0.0974982607;-0.0704766510;-0.0973556337;-0.0366551866;-0.0515949739
1.1904761905;-8.8687100404;-9.6434556605;-9.6333321754;-14.3270284015;-11.9357117052;-2.9678588551;-2.1990876742;-1.8965899991;-2.7592811748;-2.5220309598;0.0985419111;-0.0774882849;-0.0900470008;-0.0325160215;-0.0557620187
1.2004724409;-8.8495200025;-9.0648514973;-9.9449270149;-14.5812504179;-11.6593739317;-2.9760994705;-2.1121786171;-1.9832505852;-2.8106246563;-2.4599043456;0.0985419111;-0.0845469303;-0.0827411982;-0.0283859629;-0.0620101654
1.2104687500;-8.7357183460;-8.4833295930;-10.5624490733;-14.8330196795;-11.2610861380;-2.9843401253;-2.0237893949;-2.0737754785;-2.8581687963;-2.3896990290;0.0995847597;-0.0925137126;-0.0764814681;-0.0252912902;-0.0682559309
1.2204651163;-8.6860362359;-8.0763030294;-10.9419355957;-14.9594746868;-10.9613314179;-2.9925808185;-1.9329554756;-2.1603079181;-2.8982601496;-2.3155327903;0.1006272172;-0.0995254668;-0.0691811890;-0.0232236891;-0.0744993537
1.2304615385;-8.6779147402;-7.4470186783;-11.3302381782;-15.0240527390;-10.6262827407;-3.0008215492;-1.8400632001;-2.2425932479;-2.9231408639;-2.2435843137;0.1006272172;-0.1065372594;-0.0629261173;-0.0211567272;-0.0807404712
1.2404580153;-8.6760315505;-6.9581139811;-11.7750674898;-15.0952717438;-10.1686793117;-3.0092184369;-1.7475479894;-2.3228200047;-2.9477070457;-2.1711647627;0.1006272172;-0.1135490894;-0.0556311864;-0.0191054518;-0.0880191281
1.2504545455;-8.7703754817;-6.4845475498;-12.2478245239;-15.0486188998;-9.6725313980;-3.0193639075;-1.6569043188;-2.3966186490;-2.9656284803;-2.0928771321;0.1016685382;-0.1205609561;-0.0504223865;-0.0191054518;-0.0952951800
1.2604511278;-8.8448264189;-5.9723269383;-12.6369869240;-14.9373539976;-9.2126778739;-3.0276047458;-1.5686900698;-2.4646098430;-2.9654735338;-2.0123745908;0.1016685382;-0.1275279911;-0.0452154223;-0.0191054518;-0.1015295978
1.2704477612;-8.8396952998;-5.6372586162;-13.0811057868;-14.8259412458;-8.5817189342;-3.0358456183;-1.4842251136;-2.5326012563;-2.9653208829;-1.9301185165;0.1027091308;-0.1335827582;-0.0400102655;-0.0191128131;-0.1088005607
1.2804444444;-8.7823300025;-5.2224187602;-13.3626181940;-14.6858437620;-8.0160899692;-3.0439349958;-1.4018205431;-2.5942892980;-2.9586850566;-1.8496175931;0.1027091308;-0.1405063147;-0.0358475636;-0.0201520766;-0.1150306839
1.2904411765;-8.6999332814;-4.8356708216;-13.7581751197;-14.5379040675;-7.5250160115;-3.0480554652;-1.3218373809;-2.6518577437;-2.9377807587;-1.7672082051;0.1027091308;-0.1455587746;-0.0316862637;-0.0226375147;-0.1222967130
1.3004379562;-8.6960933826;-4.4423417332;-13.8794392408;-14.2625377524;-7.1226279366;-3.0521759506;-1.2456117795;-2.7050676185;-2.8985875323;-1.6871579491;0.1037486723;-0.1515690927;-0.0285663242;-0.0284346589;-0.1285226717
1.3104347826;-8.6821693921;-4.1073045295;-14.0384465692;-14.0830070415;-6.7356772138;-3.0562964518;-1.1719803563;-2.7501582813;-2.8762238912;-1.6107798833;0.1037486723;-0.1574929314;-0.0264870446;-0.0305035183;-0.1347465950
1.3204316547;-8.7263969053;-3.7799519761;-14.2063032476;-13.8650664973;-6.4061543974;-3.0602697691;-1.1103524253;-2.7850662886;-2.8462422441;-1.5302820837;0.1037486723;-0.1614998464;-0.0244084347;-0.0331399831;-0.1420054999
1.3304285714;-8.7317694019;-3.4764835232;-14.3509876799;-13.4327693695;-6.0408388061;-3.0645374997;-1.0528432939;-2.8136767871;-2.7699179329;-1.4522853398;0.1047872095;-0.1655067789;-0.0223304846;-0.0418997413;-0.1471887859
1.3404255319;-8.6632657401;-3.2384293005;-14.4192454881;-12.9964829913;-5.5491738962;-3.0686580459;-0.9996271717;-2.8362244108;-2.7123594586;-1.3801762962;0.1047872095;-0.1694713889;-0.0223304846;-0.0470878980;-0.1534067830
1.3504225352;-8.6200977244;-3.0027447314;-14.4996820198;-12.7433143415;-5.1504769510;-3.0727786065;-0.9567098922;-2.8545368632;-2.6684371698;-1.3082111045;0.1047872095;-0.1724766138;-0.0223304846;-0.0501876651;-0.1585868491
1.3604195804;-8.5942181240;-2.8017523150;-14.4361703570;-12.4033165761;-4.7533844680;-3.0789599689;-0.9155049461;-2.8646094236;-2.6127067465;-1.2425691310;0.1047872095;-0.1754400994;-0.0223304846;-0.0533080728;-0.1637653402
1.3704166667;-8.6278148104;-2.7413151827;-14.3038351185;-11.9856070097;-4.4410500781;-3.0849992218;-0.8808233099;-2.8664420245;-2.5426567423;-1.1828210915;0.1047872095;-0.1774435989;-0.0223304846;-0.0594918539;-0.1679068913
1.3804137931;-8.6437033095;-2.6608241105;-14.1665130868;-11.5318112129;-4.0675842745;-3.0872011593;-0.8543800061;-2.8600346003;-2.4704045708;-1.1232139991;0.1047872095;-0.1793647470;-0.0233678807;-0.0666896798;-0.1720472182
1.3904109589;-8.6452526518;-2.6733253634;-14.0701402365;-11.1503833978;-3.8435884497;-3.0913217746;-0.8360069054;-2.8475600267;-2.3893501850;-1.0677263631;0.1058238661;-0.1794056465;-0.0254420680;-0.0728703331;-0.1761863384
1.4004081633;-8.6304919319;-2.6939561906;-13.8912489044;-10.5855534923;-3.6006417389;-3.0953031604;-0.8200264230;-2.8266209988;-2.2967757661;-1.0185582565;0.1058238661;-0.1803667847;-0.0285524547;-0.0800781901;-0.1792897863
1.4104054054;-8.6057641742;-2.7170479904;-13.7458550381;-10.1824829826;-3.4246667594;-3.0953031604;-0.8159059689;-2.7997253454;-2.2083207612;-0.9754303018;0.1058238661;-0.1803667847;-0.0316619595;-0.0882994445;-0.1813581650
1.4204026846;-8.5840857636;-2.8208280959;-13.5213095300;-9.6697950040;-3.2815328410;-3.0973639481;-0.8164016645;-2.7667586430;-2.1215122682;-0.9386201150;0.1058238661;-0.1802866217;-0.0358068066;-0.0955038184;-0.1844598654
1.4304000000;-8.5864774750;-2.9157825847;-13.2990770968;-9.0250868397;-3.1867326422;-3.0975004241;-0.8248064029;-2.7292335637;-2.0246761715;-0.9101857937;0.1058238661;-0.1782830772;-0.0399505103;-0.1037213364;-0.1854934803
1.4403973510;-8.5468810076;-3.0632505052;-12.9533062003;-8.5197569018;-3.0316651978;-3.0995603140;-0.8376559783;-2.6797832779;-1.9301717435;-0.8917787716;0.1058238661;-0.1762795257;-0.0451287303;-0.1109223224;-0.1865268139
1.4503947368;-8.4791073192;-3.2436833319;-12.6758411538;-7.9862215421;-3.0570446646;-3.1036810033;-0.8623790508;-2.6279488308;-1.8454286716;-0.8754307064;0.1058238661;-0.1742366717;-0.0503055597;-0.1191362057;-0.1865268139
1.4603921569;-8.4402256123;-3.4467693239;-12.2819571426;-7.4472156219;-3.0928878086;-3.1078017041;-0.8915449434;-2.5681964823;-1.7483241302;-0.8652632090;0.1058238661;-0.1672092912;-0.0554810175;-0.1263338953;-0.1865268139
1.4703896104;-8.4089818696;-3.8082995416;-11.9615222520;-6.9770565763;-3.1859045603;-3.1117894622;-0.9473640595;-2.5020489088;-1.6498267651;-0.8614092683;0.1068582508;-0.1632139118;-0.0616899428;-0.1345442414;-0.1865268139
1.4803870968;-8.4163697671;-4.0351519415;-11.5205428476;-6.5700944799;-3.2747520928;-3.1119215640;-0.9798061831;-2.4339488233;-1.5635566342;-0.8615413701;0.1068582508;-0.1612036328;-0.0678972658;-0.1417323518;-0.1854945680
1.4903846154;-8.4620139270;-4.2538108447;-11.0973505821;-6.0717686186;-3.3922006669;-3.1137189895;-1.0157977091;-2.3597725817;-1.4764953366;-0.8700462003;0.1068582508;-0.1590787203;-0.0751372981;-0.1489189302;-0.1834306021
1.5003821656;-8.4927766387;-4.5943765508;-10.7132452081;-5.6592895448;-3.5179890301;-3.1117894622;-1.0696792580;-2.2875526306;-1.3821103284;-0.8848605109;0.1068582508;-0.1540697437;-0.0813414797;-0.1560977070;-0.1813671551
1.5103797468;-8.4950832134;-4.9171168297;-10.2822171896;-5.1650448040;-3.6708921124;-3.1117894622;-1.1295838519;-2.2071943782;-1.2999552646;-0.9094554324;0.1068582508;-0.1490229391;-0.0885778951;-0.1622613067;-0.1793042202
1.5203773585;-8.4964116123;-5.2705620535;-9.8507317765;-4.7755539039;-3.8571316817;-3.1139790491;-1.1937628084;-2.1286906788;-1.2214031238;-0.9346960317;0.1068582508;-0.1430497073;-0.0958125374;-0.1694371972;-0.1751793615
1.5303750000;-8.4861056314;-5.5981229055;-9.0551862182;-4.3351369341;-4.0606544613;-3.1159110376;-1.2619060825;-2.0463750092;-1.1373116247;-0.9717830108;0.1068582508;-0.1379659998;-0.1020121590;-0.1755858658;-0.1720864659
1.5403726708;-8.4719486826;-6.0914300014;-8.5439916471;-3.9236848611;-4.1647947210;-3.1200326131;-1.3382908126;-1.9638543748;-1.0675134825;-1.0111852847;0.1068582508;-0.1309904620;-0.1092433230;-0.1807138749;-0.1679635903
1.5503703704;-8.4693608913;-6.5717185128;-7.9513304080;-3.5428078923;-4.4950736766;-3.1220934008;-1.4142187358;-1.8775166875;-1.0058287663;-1.0545796709;0.1068582508;-0.1249427171;-0.1164727812;-0.1858408719;-0.1628112115
1.5603680982;-8.4914280540;-6.9793186968;-7.4911340340;-3.2653538191;-4.8528946529;-3.1241541885;-1.4864813690;-1.7969566316;-0.9441423560;-1.1085278742;0.1078903548;-0.1179300276;-0.1205890522;-0.1909547504;-0.1586902688
1.5703658537;-8.5209178309;-7.4171771425;-7.0326395166;-2.9348315344;-5.1395347453;-3.1220934008;-1.5631636914;-1.7123772122;-0.8909472257;-1.1681543985;0.1078903548;-0.1109537568;-0.1247173155;-0.1940297571;-0.1525102770
1.5803636364;-8.5327419010;-8.1526874274;-6.6936915807;-2.7877843991;-5.8234751037;-3.1241541885;-1.6473390827;-1.6173955888;-0.8499880352;-1.2280308529;0.1078903548;-0.1049066294;-0.1308721956;-0.1971041791;-0.1473614543
1.5903614458;-8.5147242817;-8.4894777488;-6.2168609942;-2.6693820317;-6.1106774289;-3.1262149762;-1.7259282283;-1.5272288037;-0.8148379338;-1.2899667345;0.1078903548;-0.0978938837;-0.1370259197;-0.2001720729;-0.1422137875
1.6003592814;-8.4675334810;-8.9861915905;-5.7197711506;-2.4410996561;-6.4921752698;-3.1282757640;-1.8145235904;-1.4468692473;-0.7782417638;-1.3560228551;0.1078903548;-0.0908811199;-0.1431785023;-0.2022150071;-0.1360379574
1.6103571429;-8.4029607219;-9.4921139427;-5.2821766678;-2.3507509717;-7.0300155256;-3.1325192795;-1.9009120556;-1.3707286862;-0.7578821218;-1.4218337830;0.1078903548;-0.0839039137;-0.1493240710;-0.2032392442;-0.1298634804
1.6203550296;-8.3701361355;-9.7977352626;-5.0168978150;-2.3065422858;-7.4757139604;-3.1365189149;-1.9833263495;-1.2990963362;-0.7393379014;-1.4899495239;0.1078903548;-0.0778575771;-0.1544552067;-0.2042632957;-0.1236903400
1.6303529412;-8.3720526631;-10.3794141466;-4.7779563700;-2.2486350911;-8.0757210142;-3.1385797026;-2.0657408447;-1.2452339947;-0.7273375524;-1.5643668584;0.1089208569;-0.0708799202;-0.1612943872;-0.2052813525;-0.1164898835
1.6403508772;-8.3836421962;-10.7764141125;-4.5010156901;-2.3814686763;-8.3958921994;-3.1407603035;-2.1458071982;-1.1792977560;-0.7275778796;-1.6406026916;0.1089208569;-0.0648689205;-0.1698460109;-0.2052755747;-0.1103193682
1.6503488372;-8.4044296931;-11.1959140960;-4.0423811714;-2.4974610917;-8.8079862155;-3.1427012780;-2.2220413846;-1.1156127944;-0.7295188540;-1.7169577993;0.1089208569;-0.0588579067;-0.1739680241;-0.2042520662;-0.1041501418
1.6603468208;-8.4308769667;-11.6723385528;-3.8110369140;-2.6485663295;-9.1486119831;-3.1428197141;-2.2959307087;-1.0601686912;-0.7343510460;-1.7971963924;0.1089208569;-0.0528814319;-0.1780891864;-0.2032173117;-0.0979821889
1.6703448276;-8.4483639713;-12.0388578024;-3.4881275968;-2.8828880499;-9.6495278721;-3.1468228535;-2.3639237094;-1.0108104903;-0.7568978909;-1.8753757079;0.1089208569;-0.0478378751;-0.1811794274;-0.2001535191;-0.0907877122
1.6803428571;-8.4488877131;-12.4437537547;-3.1943997745;-3.0814987665;-10.0466978927;-3.1488836412;-2.4297155619;-0.9656663927;-0.7797973909;-1.9497862027;0.1089208569;-0.0418951409;-0.1842690452;-0.1981019035;-0.0856498367
1.6903409091;-8.4347309360;-12.8542499822;-3.0816461415;-3.3728885456;-10.4431008695;-3.1491164986;-2.4913875717;-0.9308240503;-0.8111702908;-2.0299108361;0.1089208569;-0.0378877621;-0.1863283798;-0.1950278470;-0.0794856153
1.7003389831;-8.4637355982;-13.1142336322;-2.9761968024;-3.6268644809;-10.8725390517;-3.1532367658;-2.5489397096;-0.9020693048;-0.8566162003;-2.1039716458;0.1089208569;-0.0338803747;-0.1883873085;-0.1909316824;-0.0733226087
1.7103370787;-8.4947497683;-13.4182447166;-2.9096721194;-3.9094181689;-11.1480085825;-3.1571267921;-2.6020956405;-0.8774350589;-0.9061824720;-2.1760882208;0.1089208569;-0.0298729787;-0.1894165722;-0.1858248405;-0.0681877705
1.7203351955;-8.5202506875;-13.6557962713;-2.8323799511;-4.1652253581;-11.6267473997;-3.1571267921;-2.6453645075;-0.8611344966;-0.9599836144;-2.2461441302;0.1089208569;-0.0259323768;-0.1894165722;-0.1817245423;-0.0630539216
1.7303333333;-8.5777280330;-13.7452867886;-2.9097729840;-4.5238431012;-11.9949547548;-3.1572406478;-2.6864360448;-0.8509231606;-1.0219116138;-2.3096762295;0.1089208569;-0.0239286705;-0.1894165722;-0.1755971257;-0.0579210505
1.7403314917;-8.6015926351;-13.8985489704;-2.9904884834;-4.8657478150;-12.3247725843;-3.1593008099;-2.7191301398;-0.8427715948;-1.0879600418;-2.3672562976;0.1099490990;-0.0219249601;-0.1894165722;-0.1704817144;-0.0538155270
1.7503296703;-8.5882394572;-14.0158589933;-3.0979825053;-5.2107013383;-12.5233928680;-3.1613609789;-2.7478408369;-0.8408914802;-1.1560681294;-2.4207161234;0.1099490990;-0.0199212458;-0.1894165722;-0.1643507283;-0.0497107682
1.7603278689;-8.5904921629;-14.0902790427;-3.2295571185;-5.7248716618;-12.8335366698;-3.1634211546;-2.7702362969;-0.8492237409;-1.2303574704;-2.4722284722;0.1099490990;-0.0179828778;-0.1873599829;-0.1582152856;-0.0456067655
1.7703260870;-8.5950781129;-14.0442259287;-3.3488860521;-6.2587044070;-12.9735832249;-3.1675421246;-2.7823307719;-0.8616766138;-1.3065951135;-2.5174471434;0.1099490990;-0.0179828778;-0.1853037683;-0.1510646596;-0.0425293242
1.7803243243;-8.6087202848;-13.9730634369;-3.4931460147;-6.6992386518;-13.2242660394;-3.1694915184;-2.7904395314;-0.8785160223;-1.3848936681;-2.5606063027;0.1099490990;-0.0179828778;-0.1832479241;-0.1439151110;-0.0394524374
1.7903225806;-8.6295095994;-13.8842582630;-3.7441042275;-7.2565163739;-13.3939008458;-3.1694915184;-2.7922351220;-0.9095126823;-1.4654735371;-2.5996451420;0.1099490990;-0.0179828778;-0.1791369686;-0.1367719422;-0.0374015451
1.8003208556;-8.6276801650;-13.7505898271;-3.9871842666;-7.6711745442;-13.4942699129;-3.1696011348;-2.7859219226;-0.9466031098;-1.5519046953;-2.6321740045;0.1099490990;-0.0180468376;-0.1750267378;-0.1306350019;-0.0363762797
1.8103191489;-8.6126926538;-13.6117170162;-4.2372730106;-8.2284746723;-13.5777903569;-3.1715523062;-2.7754885323;-0.9837808060;-1.6364944287;-2.6527789818;0.1099490990;-0.0200505746;-0.1709172238;-0.1224729604;-0.0353511932
1.8203174603;-8.5785191357;-13.4521556230;-4.5387804465;-8.7078954100;-13.6118081097;-3.1715523062;-2.7586138314;-1.0359037572;-1.7252047119;-2.6711062769;0.1099490990;-0.0220859584;-0.1668084188;-0.1153276041;-0.0343262835
1.8303157895;-8.5503924171;-13.2903000819;-4.9569255567;-9.1280648649;-13.5960839016;-3.1715523062;-2.7337589938;-1.0954003854;-1.8158668787;-2.6832535104;0.1099490990;-0.0250915745;-0.1616732893;-0.1081832677;-0.0343262835
1.8403141361;-8.5310434445;-13.0565111922;-5.2824458024;-9.5388791512;-13.5396112944;-3.1715523062;-2.7005335122;-1.1490608880;-1.9084826306;-2.6873745239;0.1099490990;-0.0280971957;-0.1555121747;-0.1010399400;-0.0343262835
1.8503125000;-8.5225028939;-12.8988522834;-5.6447364578;-10.0123358637;-13.4502193006;-3.1715523062;-2.6631890756;-1.2089029246;-1.9949172597;-2.6892212023;0.1099490990;-0.0311339735;-0.1493520896;-0.0938976104;-0.0343262835
1.8603108808;-8.5071183637;-12.6322698171;-6.1141794173;-10.4610131114;-13.3285008720;-3.1715523062;-2.6177315394;-1.2746715652;-2.0773377608;-2.6849939511;0.1099490990;-0.0351414820;-0.1442195343;-0.0867562683;-0.0363747256
1.8703092784;-8.4910792913;-12.2593575870;-6.4551439105;-11.0348919928;-13.2273960580;-3.1715523062;-2.5681536608;-1.3305608037;-2.1618191625;-2.6765405269;0.1099490990;-0.0391798290;-0.1370351326;-0.0796209994;-0.0384228326
1.8803076923;-8.4894523417;-11.9747089601;-6.9581996979;-11.5114070910;-13.0520563000;-3.1715523062;-2.5123946329;-1.4094526321;-2.2418636731;-2.6599512396;0.1099490990;-0.0441892309;-0.1308780713;-0.0735015151;-0.0404706078
1.8903061224;-8.4866440428;-11.6004693579;-7.4864612293;-11.8609323702;-12.8589672849;-3.1715523062;-2.4523896950;-1.4936003611;-2.3120259911;-2.6350152385;0.1099490990;-0.0492291597;-0.1247219968;-0.0673828507;-0.0435417784
1.9003045685;-8.4765296427;-11.2220069727;-8.0074990574;-12.3451559177;-12.6512665205;-3.1694915184;-2.3885154194;-1.5739630517;-2.3862048392;-2.6040030407;0.1099490990;-0.0552404611;-0.1175410492;-0.0612700168;-0.0466124618
1.9103030303;-8.4790130659;-10.8057079565;-8.3717542652;-12.7138002027;-12.4063355148;-3.1694915184;-2.3202709292;-1.6501214019;-2.4559515360;-2.5686631621;0.1099490990;-0.0612215595;-0.1103612291;-0.0561724751;-0.0496826631
1.9203015075;-8.4648906889;-10.4338864890;-8.7153709563;-12.9976840925;-12.1599072617;-3.1694915184;-2.2462174026;-1.7261157970;-2.5176643616;-2.5233315278;0.1099490990;-0.0662911149;-0.1042080540;-0.0510805647;-0.0537756286
1.9303000000;-8.4591891074;-9.8754938585;-8.9857341243;-13.4054249862;-11.9033756739;-3.1674307307;-2.1653650108;-1.7882613627;-2.5753592409;-2.4759390491;0.1099490990;-0.0732744203;-0.0970304542;-0.0470035856;-0.0588910484
1.9402985075;-8.4636792619;-9.4260613343;-9.4648622333;-13.6333888059;-11.5731840643;-3.1675327499;-2.0853743491;-1.8751331937;-2.6328501530;-2.4284444954;0.1099490990;-0.0792857580;-0.0908791627;-0.0429271256;-0.0629827609
1.9502970297;-8.4739294698;-8.9050905142;-10.0446343259;-13.8894536071;-11.2523732169;-3.1674307307;-2.0092578786;-1.9614333910;-2.6801407233;-2.3746670121;0.1099490990;-0.0852971045;-0.0847287987;-0.0388609704;-0.0680966304
1.9602955665;-8.4842733090;-8.4691502904;-10.4688563753;-14.1035184621;-10.8618474391;-3.1674307307;-1.9370192371;-2.0417153350;-2.7233107725;-2.3190327104;0.1099490990;-0.0913379312;-0.0785793529;-0.0368183801;-0.0732097366
1.9702941176;-8.4917006182;-8.1345621482;-10.8719454285;-14.2339002769;-10.4650785491;-3.1675312569;-1.8612632612;-2.1178765695;-2.7602994976;-2.2591762390;0.1099490990;-0.0983218608;-0.0724308158;-0.0337718749;-0.0793445571
1.9802926829;-8.4918113113;-7.7692699009;-11.2743890554;-14.3272124291;-10.0687146527;-3.1694915184;-1.8010284319;-2.1917377781;-2.7908067685;-2.1951991012;0.1099490990;-0.1043332327;-0.0662831786;-0.0327532660;-0.0844561594
1.9902912621;-8.4983389962;-7.3707859874;-11.5407280809;-14.3736614139;-9.8056501368;-3.1694915184;-1.7226094713;-2.2455517782;-2.8113126744;-2.1270017288;0.1099490990;-0.1103736575;-0.0611608900;-0.0317347805;-0.0905891933
2.0002898551;-8.5053907345;-6.9890071679;-11.8598054250;-14.3296143507;-9.4037489426;-3.1715523062;-1.6444293421;-2.3178313612;-2.8255381213;-2.0548827739;0.1099490990;-0.1173580390;-0.0560393363;-0.0307211949;-0.0956993215
2.0102884615;-8.5151367192;-6.4676404995;-12.3549601067;-14.2749522644;-8.9708762043;-3.1715523062;-1.5681904358;-2.3875754110;-2.8295601464;-1.9828623387;0.1099490990;-0.1233406687;-0.0519426756;-0.0307211949;-0.1018306040
2.0202870813;-8.5177763663;-6.1702754237;-12.6746824910;-14.1711452400;-8.6086963689;-3.1715523062;-1.4919514320;-2.4472541143;-2.8273026236;-1.9128035382;0.1099490990;-0.1283788019;-0.0478465914;-0.0307259272;-0.1079610236
2.0302857143;-8.5110325337;-5.8803979197;-12.9531871898;-14.0382156966;-8.1187511178;-3.1715523062;-1.4201855111;-2.5006731179;-2.8188646025;-1.8427446621;0.1099490990;-0.1343617199;-0.0437510781;-0.0317486412;-0.1140905888
2.0402843602;-8.4990093851;-5.4512399444;-13.1753587563;-13.9028221559;-7.6731520123;-3.1735158869;-1.3581368752;-2.5478335162;-2.8042460566;-1.7747464990;0.1099490990;-0.1393995959;-0.0406798671;-0.0337844144;-0.1202193079
2.0502830189;-8.4774617951;-5.0305075093;-13.3140973561;-13.8276725610;-7.3784006690;-3.1715523062;-1.2924331795;-2.5808802343;-2.7813861723;-1.7046874747;0.1099490990;-0.1453545704;-0.0376090760;-0.0358246206;-0.1253258756
2.0602816901;-8.4381300208;-4.7343130952;-13.4248208217;-13.6125449834;-6.9023454061;-3.1714560077;-1.2308488021;-2.6178167189;-2.7524420104;-1.6346283779;0.1099490990;-0.1493621936;-0.0355621592;-0.0388775858;-0.1314529269
2.0702803738;-8.4105184003;-4.3977100638;-13.5685695627;-13.3926236887;-6.5596829639;-3.1694915184;-1.1771602878;-2.6486489878;-2.7151597134;-1.5646650602;0.1099490990;-0.1533698217;-0.0335155170;-0.0419348310;-0.1365581180
2.0802790698;-8.3839033329;-4.0681165386;-13.6928015884;-13.0958854106;-6.3360283227;-3.1694915184;-1.1195801748;-2.6774212054;-2.6717922019;-1.4987269531;0.1099490990;-0.1573496202;-0.0324923319;-0.0460045429;-0.1416626307
2.0902777778;-8.3642358447;-3.8581368986;-13.7764199197;-12.8039619790;-6.0702189723;-3.1694915184;-1.0703560494;-2.6978750248;-2.6221481985;-1.4349445355;0.1099490990;-0.1603553485;-0.0314692815;-0.0500783866;-0.1467664713
2.1002764977;-8.3739631961;-3.7171374529;-13.8119905590;-12.3719344557;-5.7528065695;-3.1693969869;-1.0293729209;-2.7122235196;-2.5705396370;-1.3731274382;0.1099490990;-0.1633335013;-0.0314692815;-0.0551644123;-0.1508490114
2.1102752294;-8.4065098164;-3.5161846444;-13.7637684190;-12.0870280345;-5.4322166151;-3.1694915184;-0.9944571114;-2.7223758624;-2.5128436239;-1.3134651689;0.1099490990;-0.1653373248;-0.0314692815;-0.0602544266;-0.1559515270
2.1202739726;-8.4356289570;-3.3744261634;-13.6560009351;-11.7492971235;-5.0873652265;-3.1694915184;-0.9637742149;-2.7222256447;-2.4528994237;-1.2537083131;0.1099490990;-0.1673411506;-0.0314692815;-0.0663518282;-0.1590126444
2.1302727273;-8.4586179142;-3.3099643369;-13.5585094679;-11.4120476517;-4.7637771326;-3.1694915184;-0.9413323976;-2.7158944234;-2.3869609983;-1.2003202629;0.1099490990;-0.1692905694;-0.0324918057;-0.0714407182;-0.1630936165
2.1402714932;-8.4958757279;-3.2641342177;-13.3950903627;-11.0103047709;-4.5159581287;-3.1694915184;-0.9248481120;-2.7055914928;-2.3187760675;-1.1530200140;0.1099490990;-0.1692905694;-0.0345365969;-0.0775458258;-0.1661539610
2.1502702703;-8.5189624479;-3.2423289154;-13.2623530891;-10.4892428966;-4.3071313005;-3.1714598942;-0.9127071726;-2.6910191186;-2.2466559900;-1.1098404628;0.1099490990;-0.1692905694;-0.0365811335;-0.0846624879;-0.1692139242
2.1602690583;-8.5199960223;-3.3501099750;-13.0429019143;-10.0484054785;-4.0775591180;-3.1693995190;-0.9067465983;-2.6683521039;-2.1702302713;-1.0730264077;0.1099490990;-0.1692905694;-0.0406697019;-0.0917739794;-0.1712536479
2.1702678571;-8.5309466265;-3.4534924386;-12.8225949758;-9.5391219119;-3.9818893077;-3.1674307307;-0.9089172947;-2.6414169541;-2.0878069401;-1.0441782418;0.1099490990;-0.1692905694;-0.0437357532;-0.0978771398;-0.1732931222
2.1802666667;-8.5360178475;-3.5418170724;-12.5887889178;-9.0350197817;-3.8273786980;-3.1673395454;-0.9132572285;-2.6102885630;-2.0074443243;-1.0154212358;0.1099490990;-0.1692639666;-0.0457746828;-0.1049872226;-0.1743127357
2.1902654867;-8.5418879836;-3.6910941566;-12.2851484111;-8.6332998048;-3.7485877018;-3.1652791594;-0.9298510245;-2.5669426075;-1.9249300657;-0.9929365482;0.1099490990;-0.1682355605;-0.0478223591;-0.1110891141;-0.1753322267
2.2002643172;-8.6166779939;-3.8686865508;-11.9955635420;-8.1819428194;-3.7029511265;-3.1632187698;-0.9486131278;-2.5194033772;-1.8383853430;-0.9786030123;0.1099490990;-0.1662053481;-0.0518909537;-0.1182021722;-0.1753322267
2.2102631579;-8.8479166895;-4.0423329441;-11.6380751422;-7.5100089189;-3.7263833055;-3.1611583768;-0.9754005264;-2.4658270012;-1.7561421041;-0.9684802392;0.1099490990;-0.1631995804;-0.0559634911;-0.1253101892;-0.1753322267
2.2202620087;-9.1132008056;-4.3552175329;-11.3675725068;-7.0801712421;-3.8609974565;-3.1569475932;-1.0046788148;-2.4080573345;-1.6755996180;-0.9665990417;0.1099490990;-0.1601676697;-0.0610482359;-0.1314102199;-0.1753322267
2.2302608696;-9.9615779574;-4.5145807877;-11.0093128861;-6.7151677100;-3.9576606630;-3.1506767942;-1.0437220732;-2.3502882532;-1.5911154667;-0.9708094409;0.1099490990;-0.1561599716;-0.0661324880;-0.1385168903;-0.1753322267
2.2402597403;-11.3146043334;-4.7714142041;-10.5675269582;-6.2705962672;-4.1018790355;-3.1382243944;-1.0852534521;-2.2884692359;-1.5068088994;-0.9791406497;0.1089283564;-0.1521522695;-0.0712205397;-0.1446114243;-0.1732944370
2.2502586207;-12.7084861781;-5.0675417596;-10.2734911743;-5.9333013079;-4.2244290933;-3.1217396175;-1.1348130027;-2.2244478779;-1.4306554428;-0.9915926782;0.1079077301;-0.1481187601;-0.0773162063;-0.1507053781;-0.1712568794
2.2602575107;-13.9385595103;-5.3632201433;-9.8460605186;-5.4538610227;-4.3323557521;-3.1030179042;-1.1926148440;-2.1544566901;-1.3544131006;-1.0101382558;0.1068872191;-0.1431348163;-0.0832429324;-0.1567945099;-0.1692195520
2.2702564103;-14.9317713415;-5.7716976541;-9.4691172496;-5.0396030340;-4.5628143481;-3.0782030069;-1.2483550483;-2.0863151831;-1.2823799690;-1.0310077133;0.1048464256;-0.1391015189;-0.0946276746;-0.1618760793;-0.1661639030
2.2802553191;-14.9123397808;-6.1659971706;-9.0529214881;-4.6700245820;-4.7849066633;-3.0493545799;-1.3122327793;-2.0121321759;-1.2165284003;-1.0620042496;0.1017855752;-0.1340663969;-0.1007519565;-0.1679599008;-0.1631085933
2.2902542373;-14.5969364771;-6.6161639064;-8.6511264817;-4.3738816048;-5.0314179972;-3.0203322247;-1.3740497790;-1.9358883357;-1.1528237821;-1.0972085995;0.0987250616;-0.1280801838;-0.1068755644;-0.1720252162;-0.1600536198
2.3002531646;-14.3430087408;-6.9508419993;-8.1729584742;-4.0832040376;-5.2158702261;-2.9810073707;-1.4380315274;-1.8638352966;-1.0930660530;-1.1385072882;0.0956648820;-0.1230452668;-0.1129985040;-0.1770969805;-0.1559807663
2.3102521008;-14.0184588441;-7.4843321227;-7.8076037979;-3.8189166539;-5.5221992775;-2.9355015751;-1.5081948245;-1.7895828854;-1.0376885328;-1.1880484338;0.0905651345;-0.1170336748;-0.1191207812;-0.1811532072;-0.1519083534
2.3202510460;-13.7508798242;-7.8275040393;-7.4240691312;-3.5800182549;-5.7382155425;-2.8797791110;-1.5782542779;-1.7154683938;-0.9945018088;-1.2375030278;0.0854659341;-0.1110220775;-0.1252424015;-0.1841982228;-0.1468183835
2.3302500000;-13.3912307823;-8.2183554258;-7.0402508415;-3.4024423054;-6.0951276947;-2.8199357452;-1.6503745799;-1.6433456690;-0.9533751271;-1.2911647430;0.0803672762;-0.1050104751;-0.1303432091;-0.1872429678;-0.1417289551
2.3402489627;-12.9587365666;-8.6626817083;-6.5696018891;-3.2484142929;-6.4787383764;-2.7579471007;-1.7267187052;-1.5732836920;-0.9185152290;-1.3448257868;0.0742495322;-0.0989988674;-0.1364635325;-0.1902792313;-0.1376578419
2.3502479339;-12.6086293137;-9.0267761734;-6.2228803386;-3.0636363936;-6.6810611801;-2.6898622572;-1.8006959592;-1.5032216753;-0.8939578415;-1.4045837247;0.0671129108;-0.0929872547;-0.1425832156;-0.1912980578;-0.1315518109
2.3602469136;-12.1279767644;-9.6035406849;-5.8648784467;-2.9742313664;-7.0577654934;-2.6157646139;-1.8708574187;-1.4332271864;-0.8712064559;-1.4644261612;0.0609964414;-0.0869756370;-0.1466625811;-0.1933232827;-0.1264639796
2.3702459016;-11.7523953606;-9.9607806396;-5.4726821714;-2.9573431668;-7.5158314572;-2.5413297749;-1.9409171688;-1.3672863918;-0.8508529884;-1.5262446220;0.0538612946;-0.0809885539;-0.1517612633;-0.1943337881;-0.1213766718
2.3802448980;-11.2530589617;-10.3426504795;-5.1670006188;-2.9864386239;-7.8113407185;-2.4546159853;-2.0128367114;-1.2747479962;-0.8406338474;-1.5902914563;0.0467268758;-0.0759544243;-0.1558397929;-0.1943337881;-0.1152725254
2.3902439024;-10.8022888392;-10.6022007898;-4.8466192807;-3.0686110850;-8.1377923889;-2.3659261419;-2.0768151452;-1.2297225686;-0.8388240361;-1.6601856078;0.0385740796;-0.0699671328;-0.1609374389;-0.1943337881;-0.1101862515
2.4002429150;-10.2874486916;-10.9748347804;-4.5001619828;-3.2271751997;-8.6199636641;-2.2732815284;-2.1447149653;-1.1924648445;-0.8409675837;-1.7261257686;0.0304221018;-0.0649574351;-0.1639957194;-0.1943257737;-0.1040833355
2.4102419355;-9.6665066473;-11.1834021113;-4.2180297829;-3.3685833993;-9.0439855437;-2.1783271098;-2.2065325900;-1.1471304514;-0.8534144051;-1.7922314951;0.0232898313;-0.0599477334;-0.1670536955;-0.1922973337;-0.0989980786
2.4202409639;-9.1591110199;-11.4922181037;-4.0582732006;-3.5521026677;-9.4416747645;-2.0794172443;-2.2662894751;-1.1039227676;-0.8700645768;-1.8601494306;0.0151394701;-0.0549620768;-0.1701113696;-0.1902690611;-0.0939133238
2.4302400000;-8.4211445961;-11.8271088346;-3.9059276239;-3.7491373247;-9.8865487259;-1.9805073155;-2.3259478839;-1.0628410054;-0.8927315997;-1.9260072800;0.0069899072;-0.0509543093;-0.1731687442;-0.1882369952;-0.0888290671
2.4402390438;-7.9002973895;-12.2170471613;-3.8583793906;-3.9537787455;-10.1869240890;-1.8815973241;-2.3812892806;-1.0319312747;-0.9177047552;-1.9919476001;-0.0011588637;-0.0469465387;-0.1752067958;-0.1851950823;-0.0827285519
2.4502380952;-7.3340065576;-12.5789101988;-3.8023879460;-4.1696075986;-10.5587797021;-1.7826058169;-2.4307439194;-0.9990259031;-0.9528170147;-2.0556642629;-0.0093068491;-0.0429387651;-0.1762257234;-0.1821494863;-0.0786619339
2.4602371542;-6.8358885924;-12.8059683499;-3.6346888123;-4.4576384536;-10.7744240842;-1.6838582900;-2.4760770162;-0.9744929663;-0.9921313620;-2.1093217082;-0.0164356546;-0.0389546588;-0.1772445536;-0.1780942530;-0.0735791474
2.4702362205;-6.2759094559;-12.9847432348;-3.5549297867;-4.6804567889;-11.1629585196;-1.5439179177;-2.5170946144;-0.9581369870;-1.0396067950;-2.1669384949;-0.0245820880;-0.0359724015;-0.1772445536;-0.1740354438;-0.0695133039
2.4802352941;-5.8652368823;-13.1602693731;-3.6011157235;-5.0771883699;-11.4857966072;-1.4745734908;-2.5519313974;-0.9498943412;-1.0912031994;-2.2224951600;-0.0317095463;-0.0339685104;-0.1772445536;-0.1689672024;-0.0654478432
2.4902343750;-5.4853128076;-13.2650467199;-3.6125653349;-5.3654939172;-11.8077603366;-1.4036931288;-2.5827443586;-0.9439049263;-1.1490615563;-2.2719503066;-0.0388363391;-0.0319880116;-0.1772445536;-0.1638993563;-0.0613827620
2.5002334630;-5.1258320829;-13.3778008906;-3.7095879005;-5.5942086185;-12.1007643476;-1.2699963785;-2.6094365107;-0.9500870408;-1.2109604015;-2.3234662701;-0.0449444527;-0.0309627614;-0.1772445536;-0.1588280506;-0.0583342336
2.5102325581;-4.6259769228;-13.4306836826;-3.8461306052;-6.0181389324;-12.3763853994;-1.2056943923;-2.6277907887;-0.9564601183;-1.2769802413;-2.3727623405;-0.0520699302;-0.0290052924;-0.1762261990;-0.1527475728;-0.0542699027
2.5202316602;-4.2040197842;-13.4015328172;-3.9575033920;-6.4628777581;-12.4008452687;-1.1421519651;-2.6400593001;-0.9708846531;-1.3471210825;-2.4138165125;-0.0571590927;-0.0290052924;-0.1741896757;-0.1466713806;-0.0522379226
2.5302307692;-3.7257768081;-13.3624478201;-4.0693966198;-6.9391789744;-12.5754434494;-1.0598844446;-2.6482069733;-0.9895571026;-1.4191642292;-2.4467866866;-0.0632655352;-0.0290052924;-0.1721533367;-0.1415974697;-0.0502061264
2.5402298851;-3.3649111551;-13.2566045948;-4.2340710318;-7.3597204685;-12.7334986150;-0.9879196109;-2.6521394127;-1.0142851088;-1.4893832006;-2.4796782233;-0.0683537802;-0.0290052924;-0.1690991025;-0.1345089808;-0.0481745126
2.5502290076;-3.0175816151;-13.1303455156;-4.4414713464;-7.8762082075;-12.8220465349;-0.9241966905;-2.6458633800;-1.0432600725;-1.5676874517;-2.5083704440;-0.0724240135;-0.0290281526;-0.1650271531;-0.1284303345;-0.0461430799
2.5602281369;-2.7644888623;-13.0190118591;-4.6232216380;-8.1155201238;-12.9693295387;-0.8664987895;-2.6354664816;-1.0762307765;-1.6418701704;-2.5288987771;-0.0754764186;-0.0300528773;-0.1619734611;-0.1223521371;-0.0451274533
2.5702272727;-2.4702863881;-12.8678998523;-4.9491880994;-8.6430941704;-12.9275810734;-0.8130779638;-2.6208553906;-1.1134474952;-1.7160529317;-2.5453839006;-0.0795459349;-0.0320794684;-0.1579022291;-0.1152902095;-0.0451274533
2.5802264151;-2.0399711807;-12.6904980880;-5.2333186679;-9.1783628210;-12.9103461034;-0.7565105248;-2.5980025440;-1.1568456557;-1.8353561399;-2.5595758256;-0.0815805158;-0.0350853256;-0.1538313515;-0.1030795090;-0.0451274533
2.5902255639;-1.2414070602;-12.5040936345;-5.5309167703;-9.4704896545;-12.8629973642;-0.6062652243;-2.5670931655;-1.2063635220;-1.8904880454;-2.5635427447;-0.0836149209;-0.0380686670;-0.1487431944;-0.1000356775;-0.0451274533
2.6002247191;-0.8977093365;-12.2635325194;-5.9848930912;-9.8846431837;-12.7723645505;-0.5338251216;-2.5360914948;-1.2600025237;-1.9489054047;-2.5594214573;-0.0846320363;-0.0401174417;-0.1446730178;-0.0969807410;-0.0451274533
2.6102238806;-0.6459838169;-12.0278958724;-6.4175498637;-10.3167721626;-12.6467691501;-0.4857330290;-2.4988161979;-1.3197621661;-2.0251491193;-2.5552235585;-0.0846320363;-0.0441252589;-0.1385682727;-0.0909047374;-0.0461426410
2.6202230483;-0.6914893499;-11.7009067141;-6.7255299795;-10.7574981676;-12.5571403938;-0.4574948746;-2.4576038482;-1.3795828925;-2.1012402231;-2.5447675364;-0.0846320363;-0.0481330786;-0.1334814149;-0.0848291626;-0.0481728449
2.6302222222;-1.1845931377;-11.4596568137;-7.1223481517;-11.1600565523;-12.4213454877;-0.4855778600;-2.4142394332;-1.4414639796;-2.1692414300;-2.5303431489;-0.0836151787;-0.0521409007;-0.1283949836;-0.0787576804;-0.0491878618
2.6402214022;-1.7400545385;-11.1694108657;-7.4170780258;-11.6691525707;-12.2581126396;-0.5600645224;-2.3666631717;-1.5052842091;-2.2392276956;-2.5137822012;-0.0815816330;-0.0561708290;-0.1222917742;-0.0736954079;-0.0522326588
2.6502205882;-2.5570999185;-10.9488829436;-7.9555659841;-12.0106337098;-12.1118155664;-0.6766856919;-2.3130870203;-1.5692256876;-2.3072292500;-2.4909639504;-0.0785315663;-0.0611806126;-0.1161890690;-0.0686334848;-0.0552772043
2.6602197802;-2.7564960739;-10.5946174064;-8.1560454637;-12.2595544157;-11.8941709322;-0.7114562170;-2.2572695426;-1.6352275373;-2.3709588390;-2.4620396395;-0.0754817498;-0.0662123416;-0.1111038983;-0.0635755353;-0.0583215001
2.6702189781;-2.9853224820;-10.2511799919;-8.4755669835;-12.6001117721;-11.7422838160;-0.7487403832;-2.1953609085;-1.7052306502;-2.4307178541;-2.4268585607;-0.0714156588;-0.0722022264;-0.1050021903;-0.0595265495;-0.0613655481
2.6802181818;-3.2331215797;-9.8602521411;-8.8320912904;-12.7906186689;-11.5266589252;-0.7901030265;-2.1313921027;-1.7712321149;-2.4862059890;-2.3855708551;-0.0673498964;-0.0772120188;-0.0999178446;-0.0554814376;-0.0654239508
2.6902173913;-3.5321615892;-9.4285485460;-9.1809377741;-12.9473950212;-11.2750773732;-0.8355861846;-2.0633916067;-1.8433560193;-2.5334520786;-2.3402364903;-0.0622681010;-0.0822435188;-0.0938171190;-0.0524451067;-0.0694820279
2.7002166065;-3.8759495668;-9.0942177325;-9.4391036647;-13.1927442698;-10.9744997734;-0.8891631865;-1.9954800260;-1.9155392533;-2.5725302402;-2.2927671874;-0.0571867103;-0.0882336498;-0.0887335860;-0.0494089777;-0.0735397818
2.7102158273;-4.2376210547;-8.6472170712;-9.8660110575;-13.3879468933;-10.7498155320;-0.9449487277;-1.9294512842;-1.9854249378;-2.6074873768;-2.2412506826;-0.0510895236;-0.0932649999;-0.0836504548;-0.0463766111;-0.0775972150
2.7202150538;-4.5667137887;-8.2766637318;-10.2762993092;-13.5263716631;-10.4204445571;-1.0130243651;-1.8614506708;-2.0493650713;-2.6382498832;-2.1917213433;-0.0449928154;-0.0992552921;-0.0775511761;-0.0443563406;-0.0826686084
2.7302142857;-5.0491758984;-7.8782239936;-10.6684199443;-13.6415424090;-10.0760545709;-1.0832336323;-1.7934500191;-2.1131874681;-2.6607703013;-2.1379975922;-0.0378805435;-0.1042864943;-0.0734853072;-0.0433409600;-0.0877396066
2.7402135231;-5.7353328849;-7.4586908399;-11.0236332248;-13.6798218809;-9.7443680583;-1.2007596212;-1.7254493295;-2.1728887292;-2.6751216976;-2.0761778614;-0.0317847820;-0.1102769453;-0.0684033643;-0.0413244509;-0.0928102125
2.7502127660;-6.0819041778;-7.1168969396;-11.4071157943;-13.6421363608;-9.4594823169;-1.2651141347;-1.6575359857;-2.2285271057;-2.6874856492;-2.0164917102;-0.0246736065;-0.1152867570;-0.0643381222;-0.0413244509;-0.0978804289
2.7602120141;-6.4331332227;-6.7791183835;-11.6589131084;-13.6281193686;-9.0372154718;-1.3327201282;-1.5915957015;-2.2840494017;-2.6955103421;-1.9566598929;-0.0175629733;-0.1202965715;-0.0602731901;-0.0413244509;-0.1029502586
2.7702112676;-6.8742373344;-6.4073410600;-11.9148003273;-13.5464018975;-8.6648851437;-1.4172073327;-1.5257421528;-2.3335058628;-2.6933772460;-1.8948400803;-0.0094371508;-0.1253063885;-0.0562085658;-0.0413244509;-0.1080197045
2.7802105263;-7.5407024699;-6.1122446322;-12.1944858305;-13.3941224356;-8.2646201952;-1.5038274161;-1.4639230720;-2.3809015534;-2.6871230802;-1.8351530843;-0.0023275907;-0.1302951864;-0.0531603268;-0.0413314005;-0.1130887692
2.7902097902;-7.9799279046;-5.8306421144;-12.4799285761;-13.2986248177;-8.0057515654;-1.5926514292;-1.4041647472;-2.4260641424;-2.6766042303;-1.7773109340;0.0057970143;-0.1343239927;-0.0511283192;-0.0433508552;-0.1181574554
2.8002090592;-8.5343717983;-5.5290736179;-12.7192653181;-13.1514596896;-7.6673497567;-1.6892878031;-1.3444922571;-2.4611529827;-2.6538652568;-1.7115128263;0.0129055166;-0.1393129417;-0.0480805338;-0.0443691526;-0.1222121038
2.8102083333;-9.0650420231;-5.2472518645;-12.9224784265;-12.9859206776;-7.2019331852;-1.7779677832;-1.2890262863;-2.5001918766;-2.6291372897;-1.6496213534;0.0210289211;-0.1433000000;-0.0470665392;-0.0474031543;-0.1272800411
2.8202076125;-9.6175004763;-5.0030615501;-13.0543528967;-12.7806613161;-6.9168262171;-1.8726875473;-1.2417169834;-2.5309884201;-2.6022064014;-1.5899332593;0.0281363805;-0.1463266297;-0.0460491199;-0.0504369708;-0.1323476080
2.8302068966;-9.9391341308;-4.7409922005;-13.1392417247;-12.5160807738;-6.6056150846;-1.9612962913;-1.1984436647;-2.5514818173;-2.5670333288;-1.5322346219;0.0352433240;-0.1502931744;-0.0440281313;-0.0540349425;-0.1364013672
2.8402061856;-10.7182775363;-4.5402496852;-13.1697003411;-12.0377036531;-6.3081691756;-2.0437227072;-1.1574004913;-2.5700845906;-2.5010976044;-1.4767378985;0.0423497550;-0.1523176980;-0.0430193955;-0.0615774497;-0.1404548341
2.8502054795;-11.3285340158;-4.2835242911;-13.1255884151;-11.7241793683;-5.9592126660;-2.1324018550;-1.1225385032;-2.5822795518;-2.4535752700;-1.4252210959;0.0494556773;-0.1553030808;-0.0430193955;-0.0656357049;-0.1445080109
2.8602047782;-11.6570783006;-4.1279671697;-13.0529973404;-11.4457925875;-5.6780563056;-2.2619458392;-1.0936894846;-2.5862885927;-2.4126556284;-1.3757650613;0.0555460347;-0.1573070166;-0.0430193955;-0.0681673758;-0.1485608994
2.8702040816;-12.2029956048;-4.0300115374;-12.9831474107;-11.0728122707;-5.3236143909;-2.3221898868;-1.0669850688;-2.5883493805;-2.3688580236;-1.3283697950;0.0616359621;-0.1592905729;-0.0430193955;-0.0707074553;-0.1516003512
2.8802033898;-12.6293090460;-3.9837697332;-12.8463733680;-10.7704995742;-5.1556062445;-2.3815326233;-1.0465459816;-2.5861771988;-2.3092379621;-1.2811137518;0.0677254624;-0.1602925417;-0.0431631542;-0.0757653659;-0.1546395898
2.8902027027;-13.0611574225;-3.9513557110;-12.7126902910;-10.4235344872;-4.9002208604;-2.4575691548;-1.0322048569;-2.5716687957;-2.2533221938;-1.2399003415;0.0727996924;-0.1612742678;-0.0460652171;-0.0818271308;-0.1576786166
2.9002020202;-13.2603317240;-4.0170317442;-12.6015727536;-10.0496476806;-4.7633014538;-2.5234414826;-1.0220677260;-2.5604278620;-2.1831902156;-1.2029467988;0.0778735714;-0.1612742678;-0.0480956244;-0.0868810980;-0.1597044944
2.9102013423;-13.6338127733;-4.0720266282;-12.4234462711;-9.6774671163;-4.6245074696;-2.5851927223;-1.0181118425;-2.5488084468;-2.1112046537;-1.1700449682;0.0819323957;-0.1612742678;-0.0501258922;-0.0927797636;-0.1617302329
2.9202006689;-13.8784038076;-4.1855015313;-12.1895701838;-9.2926939860;-4.5337605835;-2.6428915622;-1.0222331423;-2.5220744473;-2.0081552048;-1.1454545095;0.0859909429;-0.1612542271;-0.0531710860;-0.1040869863;-0.1637558332
2.9302000000;-14.1119942637;-4.2693537489;-12.0006484621;-8.8243616059;-4.4806171911;-2.6962634539;-1.0264366015;-2.4951209870;-1.9529651846;-1.1249162381;0.0890346470;-0.1602522560;-0.0562160733;-0.1071236542;-0.1647685647
2.9401993355;-14.2624678530;-4.3988370781;-11.7572441272;-8.4424736214;-4.4551492366;-2.7394010263;-1.0368218816;-2.4580284403;-1.8988862348;-1.1105598688;0.0920781461;-0.1592303764;-0.0602757830;-0.1101701787;-0.1657812279
2.9501986755;-14.4564457703;-4.5223478432;-11.5557277810;-8.0304622590;-4.4658750752;-2.7769266127;-1.0538759954;-2.4178684062;-1.8274403069;-1.1003112800;0.0941068749;-0.1571870088;-0.0634201816;-0.1163524942;-0.1657812279
2.9603947368;-14.5935312137;-4.6825453451;-11.3452268212;-7.6207783808;-4.5207322092;-2.8071996136;-1.0741584851;-2.3754917011;-1.7566317247;-1.0941427029;0.0961356038;-0.1552027105;-0.0683943221;-0.1222959302;-0.1657812279
2.9701973684;-14.6384861719;-4.8563348268;-11.0374418639;-7.3409633907;-4.5734419645;-2.8276710236;-1.1011092856;-2.3279874325;-1.6824473673;-1.0901567056;0.0961356038;-0.1521967919;-0.0724532225;-0.1283583035;-0.1657812279
2.9801967213;-14.5934179283;-5.0565362387;-10.7687878232;-6.8902764797;-4.6376850879;-2.8420956544;-1.1341605847;-2.2765239126;-1.6103237715;-1.0902240516;0.0961356038;-0.1491712243;-0.0775265154;-0.1344170973;-0.1647688329
2.9901960784;-14.5393875192;-5.3277779029;-10.4296578674;-6.5548424092;-4.7257694189;-2.8542581234;-1.1733131822;-2.2248452215;-1.5384015298;-1.0964061954;0.0961356038;-0.1451829134;-0.0825994778;-0.1394685236;-0.1637565039
3.0001954397;-14.4370254709;-5.5433411715;-10.0379006117;-6.1735732922;-4.8133310903;-2.8561179671;-1.2146871638;-2.1650849929;-1.4723926831;-1.1027890667;0.0961356038;-0.1421574708;-0.0866575850;-0.1445229036;-0.1627442403
3.0101948052;-14.2677421688;-5.8641376675;-9.6398746399;-5.8448189840;-4.9319883656;-2.8478085571;-1.2601016660;-2.1032639596;-1.4085784203;-1.1192745024;0.0941075357;-0.1381301157;-0.0917298930;-0.1505775300;-0.1597076449
3.0201941748;-14.1299632643;-6.1250989130;-9.3129863170;-5.5596645538;-5.0903387762;-2.8353115221;-1.3095574734;-2.0434505156;-1.3467580157;-1.1379536854;0.0920795971;-0.1331396353;-0.0968018769;-0.1546212261;-0.1576833773
3.0301935484;-13.9964561143;-6.4822921237;-8.9206131777;-5.1553145843;-5.2596333719;-2.8105168750;-1.3611536044;-1.9775080445;-1.2891916923;-1.1626818556;0.0890378823;-0.1291124021;-0.1028878714;-0.1596683759;-0.1556592381
3.0401929260;-13.7788472115;-6.7960504522;-8.6309753443;-4.7959258460;-5.3905679650;-2.7651015583;-1.4147307720;-1.9136791843;-1.2314923970;-1.1937905498;0.0859963592;-0.1241025234;-0.1079592138;-0.1637084394;-0.1516112149
3.0501923077;-13.5427978532;-7.2211584331;-8.3255168337;-4.5511723818;-5.5757304499;-2.7394991562;-1.4704477564;-1.8518054130;-1.1780463392;-1.2308828296;0.0819412492;-0.1191118512;-0.1130302384;-0.1677451165;-0.1485753878
3.0601916933;-13.3228610029;-7.5307880904;-7.9429120993;-4.2251698622;-5.8696318351;-2.7091482940;-1.5282250462;-1.7858628898;-1.1327113158;-1.2700359092;0.0768726771;-0.1150656507;-0.1181009475;-0.1707748482;-0.1455397495
3.0701910828;-13.0434282511;-7.8294931404;-7.6334039383;-4.1241870165;-6.0716978124;-2.6617526765;-1.5921057154;-1.7220334747;-1.0895024873;-1.3113806322;0.0728180702;-0.1090728757;-0.1231713430;-0.1738044234;-0.1414924822
3.0801904762;-12.7129081058;-8.0439344897;-7.3607898513;-4.0023139730;-6.3861400445;-2.6080442505;-1.6539256205;-1.6602644992;-1.0484844475;-1.3567156847;0.0677501230;-0.1040629892;-0.1282414269;-0.1768306983;-0.1374454636
3.0901898734;-12.3528090763;-8.2245783590;-6.9856416166;-3.7965792119;-6.7010558409;-2.5502800653;-1.7157455492;-1.6004519521;-1.0196998686;-1.4021157608;0.0616689577;-0.0990531008;-0.1333112013;-0.1788502086;-0.1333986920
3.1001892744;-11.9841422374;-8.6328173756;-6.5848382095;-3.7819712964;-6.8076567678;-2.4842083153;-1.7755047134;-1.5407952487;-0.9950364471;-1.4536330007;0.0555881612;-0.0940432106;-0.1373667748;-0.1808664914;-0.1283405344
3.1101886792;-11.5590609746;-8.9589986116;-6.3134068641;-3.6872679470;-7.1448159752;-2.4161411725;-1.8352639007;-1.4872168807;-0.9764903734;-1.5050856545;0.0495077313;-0.0890333184;-0.1424359360;-0.1818761446;-0.1242942522
3.1201880878;-11.0885132202;-9.3489103905;-6.0198400472;-3.6470910828;-7.4402701335;-2.3419564483;-1.8970838985;-1.4336384994;-0.9601982798;-1.5546711384;0.0434276657;-0.0840234245;-0.1464910221;-0.1828826417;-0.1192367025
3.1301875000;-10.5819534335;-9.9392084549;-5.6655444862;-3.6896657626;-7.7984422077;-2.2655825157;-1.9608876680;-1.3779993173;-0.9520197292;-1.6083132101;0.0363346780;-0.0790135287;-0.1505458668;-0.1828826417;-0.1151909036
3.1401869159;-10.1036087197;-10.3795804913;-5.3740289346;-3.7491568501;-8.1077748974;-2.1810942066;-2.0187399738;-1.3265328975;-0.9479623527;-1.6639516874;0.0292421098;-0.0740036310;-0.1535868205;-0.1828826417;-0.1101339540
3.1501863354;-9.6205085387;-10.7502384618;-5.1247123567;-3.8486298281;-8.5193689348;-2.0965420713;-2.0804832394;-1.2791877232;-0.9480899557;-1.7237117574;0.0221499585;-0.0690123453;-0.1566275954;-0.1828795649;-0.1060886322
3.1601857585;-9.2037721258;-11.0145874745;-4.9470857443;-4.0118382049;-8.8062834244;-2.0120539099;-2.1381054257;-1.2338521261;-0.9605178927;-1.7813474522;0.0150582216;-0.0650044243;-0.1596681926;-0.1818670938;-0.1010322753
3.1701851852;-8.7675003579;-11.3108885324;-4.7657483310;-4.1438919011;-9.1767154826;-1.9255049354;-2.1935912251;-1.1906787603;-0.9750696374;-1.8370495854;0.0079668963;-0.0609965019;-0.1627086134;-0.1798483840;-0.0959762119
3.1801846154;-8.2169003646;-11.4535367059;-4.6117755578;-4.3163990379;-9.4785140793;-1.8390191500;-2.2430473296;-1.1578087001;-0.9978637585;-1.8926249165;0.0008759801;-0.0570070206;-0.1637220285;-0.1778267229;-0.0919315946
3.1901840491;-7.6907086301;-11.7202525148;-4.4675818298;-4.4241036301;-9.8792042490;-1.7545307196;-2.2925034512;-1.1310195423;-1.0267764545;-1.9461398632;-0.0062145295;-0.0540010767;-0.1657487425;-0.1748019881;-0.0878872091
3.2001834862;-7.2397514601;-11.9204029292;-4.3477991475;-4.6537110975;-10.1474919870;-1.6678558202;-2.3355510426;-1.1043309041;-1.0576239043;-1.9977829084;-0.0133046350;-0.0509768018;-0.1677753411;-0.1727775085;-0.0828320154
3.2101829268;-6.6934041190;-12.2090374431;-4.2367153222;-4.7883652209;-10.3321581485;-1.5792461494;-2.3705072059;-1.0858847992;-1.0907204469;-2.0532962275;-0.0203943391;-0.0470054224;-0.1677753411;-0.1687438801;-0.0787880895
3.2201823708;-6.2875814276;-12.3570735375;-4.2194406919;-5.0729639703;-10.5625706443;-1.4928221371;-2.4035529250;-1.0735205284;-1.1278753658;-2.1006920674;-0.0264708862;-0.0450014578;-0.1677753411;-0.1657135241;-0.0757553157
3.2301818182;-5.9124215460;-12.4112884591;-4.2239041680;-5.3241169000;-10.8953869237;-1.4104566610;-2.4362246456;-1.0632668501;-1.1712122808;-2.1480256616;-0.0325470933;-0.0429974925;-0.1677753411;-0.1616742509;-0.0717118436
3.2401812689;-5.5304841077;-12.5833333113;-4.3078290915;-5.6592566170;-11.1889010063;-1.3322123624;-2.4569803703;-1.0571841021;-1.2166716917;-2.1933609287;-0.0386229626;-0.0410116356;-0.1677753411;-0.1566321400;-0.0686794082
3.2501807229;-5.1565276903;-12.6597900653;-4.4039942185;-6.0411335648;-11.4390277355;-1.2580273596;-2.4836205197;-1.0592943982;-1.2723105370;-2.2365735350;-0.0446984962;-0.0400096523;-0.1677753411;-0.1525932585;-0.0656471403
3.2601801802;-4.7474279928;-12.6929572703;-4.5182260504;-6.4305859542;-11.6093606133;-1.1880256124;-2.5020184169;-1.0655753335;-1.3280727973;-2.2777257363;-0.0497611626;-0.0390256693;-0.1667623809;-0.1475486184;-0.0626150391
3.2701796407;-4.3211247322;-12.6962842677;-4.6493879475;-6.8595281001;-11.8320163349;-1.1201457807;-2.5123216925;-1.0779888307;-1.3877713625;-2.3106966823;-0.0548235527;-0.0390256693;-0.1647365711;-0.1425042082;-0.0605937486
3.2801791045;-4.0171103035;-12.6633161991;-4.7654676114;-7.2482694060;-11.9821136565;-1.0583248953;-2.5224777729;-1.0965844007;-1.4476543092;-2.3435449722;-0.0588732449;-0.0390256693;-0.1627108713;-0.1374570690;-0.0585725678
3.2901785714;-3.7384216242;-12.5563702230;-4.8705077520;-7.4955094917;-12.1045051569;-0.9986870832;-2.5223307922;-1.1172404707;-1.5135966044;-2.3702727876;-0.0629227186;-0.0390256693;-0.1606852808;-0.1307049330;-0.0575620319
3.3001780415;-3.4416552221;-12.4441042050;-5.0593272616;-8.0142610511;-12.2006581331;-0.9472916822;-2.5182094338;-1.1419690550;-1.6144747561;-2.3928184270;-0.0659596611;-0.0390434570;-0.1576470579;-0.1202927917;-0.0565515502
3.3101775148;-3.2320813875;-12.3360482603;-5.2226979083;-8.1856370139;-12.2268445301;-0.9020171208;-2.5118813900;-1.1709164841;-1.6657039811;-2.4113647971;-0.0689964416;-0.0400631774;-0.1546089970;-0.1177674710;-0.0545306946
3.3201769912;-3.0448636365;-12.2365035028;-5.4219628288;-8.4608854158;-12.2386191830;-0.8609243771;-2.4974565196;-1.2039364325;-1.7217275314;-2.4236681968;-0.0710208547;-0.0420494654;-0.1505584638;-0.1143890434;-0.0545306946
3.3301764706;-2.8842851402;-12.1042920907;-5.6828596970;-9.2529520007;-12.2241090497;-0.8321956383;-2.4828866046;-1.2410776787;-1.8226609824;-2.4338507349;-0.0730451611;-0.0430867136;-0.1475207239;-0.1041220114;-0.0545306946
3.3401759531;-2.8062718097;-11.9341599596;-5.9135205417;-9.6698602287;-12.1572660401;-0.8095882905;-2.4622074793;-1.2823884306;-1.8906642736;-2.4379118767;-0.0730451611;-0.0460750924;-0.1434706161;-0.0980528076;-0.0545306946
3.3501754386;-2.7408709767;-11.7417516401;-6.1557152353;-9.9997219172;-12.0806748544;-0.7891014542;-2.4353464062;-1.3318456495;-1.9428408274;-2.4357910077;-0.0740572087;-0.0480965936;-0.1384082450;-0.0955279696;-0.0545306946
3.3601749271;-2.7436732615;-11.5330126578;-6.5290361937;-10.3172077324;-12.0004209260;-0.7768570651;-2.4063530693;-1.3813508035;-1.9916195400;-2.4337303946;-0.0740572087;-0.0511025538;-0.1343585577;-0.0922934271;-0.0555408579
3.3701744186;-2.8113653209;-11.3344669460;-6.8318795363;-10.7022378469;-11.8920442164;-0.7727356633;-2.3671282983;-1.4329164770;-2.0863235712;-2.4274287391;-0.0740572087;-0.0541259417;-0.1303090788;-0.0828965947;-0.0575610805
3.3801739130;-2.8752967496;-11.1754565624;-7.1549491365;-10.9124091794;-11.8114368820;-0.7707941689;-2.3279039309;-1.4885558120;-2.1460304802;-2.4150049704;-0.0730453173;-0.0581338910;-0.1252474890;-0.0788512939;-0.0585711401
3.3901734104;-2.9996599049;-10.9259817872;-7.4071238607;-11.2677611536;-11.6844593327;-0.7792153142;-2.2825688666;-1.5441951581;-2.2036769239;-2.3985787438;-0.0710216376;-0.0621418415;-0.1201861567;-0.0737949252;-0.0605911566
3.4001729107;-3.1634956539;-10.7249356266;-7.6961971785;-11.4647140272;-11.5775585093;-0.7957601514;-2.2370916661;-1.5998345153;-2.2435807813;-2.3819152999;-0.0689980602;-0.0661497931;-0.1161372955;-0.0698184091;-0.0626110709
3.4101724138;-3.3466912954;-10.3927630027;-8.0468651543;-11.8593750607;-11.3938943176;-0.8164852769;-2.1855746200;-1.6554738834;-2.3107807601;-2.3571278169;-0.0659628467;-0.0701577458;-0.1110764734;-0.0657055508;-0.0656407902
3.4201719198;-3.5705461297;-10.0344623319;-8.4352948021;-12.1485445863;-11.2260769976;-0.8475136711;-2.1319261155;-1.7132211539;-2.3601318600;-2.3282190901;-0.0629277848;-0.0741828775;-0.1060159043;-0.0626721870;-0.0686703581
3.4301714286;-3.8420539245;-9.7244332463;-9.0178093338;-12.3869323798;-11.0341581736;-0.8867258400;-2.0763581194;-1.7749958031;-2.4012932640;-2.2931870408;-0.0588812368;-0.0791928213;-0.1009555866;-0.0596389740;-0.0716997754
3.4401709402;-4.0378284676;-9.3551965561;-9.3952909162;-12.6531549337;-10.8135133160;-0.9300592594;-2.0206491988;-1.8327428273;-2.4404468797;-2.2559771060;-0.0548348886;-0.0842027664;-0.0984293167;-0.0566059108;-0.0747290430
3.4501704545;-4.2808407961;-9.0240447017;-9.6671411139;-12.8065327583;-10.5986382307;-0.9775139319;-1.9629499288;-1.8945644688;-2.4753738450;-2.2147630100;-0.0497772019;-0.0891956812;-0.0958960111;-0.0545839680;-0.0787678681
3.4601699717;-4.6778921051;-8.6703137556;-9.8540970812;-12.9250914038;-10.3535284906;-1.0290898604;-1.9052506431;-1.9563395500;-2.5041714413;-2.1714299026;-0.0447197622;-0.0932206232;-0.0908535816;-0.0525621239;-0.0817968390
3.4701694915;-5.0198106788;-8.2767174342;-10.1772370539;-13.0234940163;-10.1414836622;-1.0847870475;-1.8475513418;-2.0118861014;-2.5225911899;-2.1260943765;-0.0396625682;-0.0982305724;-0.0868175536;-0.0520574327;-0.0858352707
3.4801690141;-5.7039523111;-8.0014539774;-10.4740615564;-12.9920288688;-9.8432371423;-1.1446054959;-1.7898520250;-2.0655113266;-2.5412406993;-2.0786401653;-0.0335942284;-0.1032236348;-0.0827788939;-0.0515513476;-0.0898735074
3.4901685393;-6.1601917904;-7.5215605372;-10.7973486708;-13.0605658234;-9.3972539948;-1.2086606585;-1.7321526928;-2.1190439410;-2.5576107401;-2.0312439934;-0.0275261799;-0.1072484373;-0.0777398373;-0.0505461949;-0.0949210609
3.5001680672;-6.6067362289;-7.1703115041;-11.0624327864;-13.0097920509;-9.0691625633;-1.2828461141;-1.6745224222;-2.1684552473;-2.5699174188;-1.9797837992;-0.0214584212;-0.1122415966;-0.0747104016;-0.0505461949;-0.0989589109
3.5101675978;-6.9933321609;-7.0207554629;-11.3471546021;-12.9505473833;-8.7191249250;-1.3612105650;-1.6188836550;-2.2117303784;-2.5759846541;-1.9323874453;-0.0153909506;-0.1162663074;-0.0706777898;-0.0505461949;-0.1029965692
3.5201671309;-7.2743169431;-6.7142584067;-11.6006992168;-12.8250662833;-8.4184961115;-1.4480468402;-1.5631761810;-2.2570205098;-2.5759274100;-1.8849338376;-0.0083125690;-0.1212595626;-0.0670858020;-0.0505461949;-0.1070340369
3.5301666667;-7.6905572092;-6.3818138452;-11.7965036617;-12.7076632354;-8.0588740142;-1.5364856500;-1.5075375765;-2.3002501150;-2.5696881199;-1.8354197495;-0.0012345198;-0.1252675284;-0.0615902044;-0.0506895154;-0.1120806345
3.5401662050;-8.1104800944;-6.1263292771;-11.9702493399;-12.6048784870;-7.8796314755;-1.6209177073;-1.4562254729;-2.3352823709;-2.5489382385;-1.7818982466;0.0058431990;-0.1292588867;-0.0595671465;-0.0535778059;-0.1161177241
3.5501657459;-8.6841822322;-5.8498805544;-12.1545150493;-12.4504173741;-7.6160902405;-1.7011717499;-1.4088294254;-2.3702692163;-2.5262191853;-1.7283196477;0.0129205891;-0.1322814252;-0.0575441824;-0.0555987860;-0.1201546263
3.5601652893;-9.0548871143;-5.5870254788;-12.2126188778;-12.2692128775;-7.3152244663;-1.7773048582;-1.3635620923;-2.4011347419;-2.4993788336;-1.6768018262;0.0199976525;-0.1362728768;-0.0555213118;-0.0586301162;-0.1241913421
3.5701648352;-9.3989840675;-5.4141512175;-12.3491831362;-12.1219945986;-7.0561717557;-1.8434734234;-1.3222804472;-2.4277886098;-2.4684171810;-1.6252839944;0.0260634283;-0.1392788542;-0.0545099229;-0.0616613073;-0.1282278726
3.5801643836;-9.8379878192;-5.2218148107;-12.4001604962;-11.9090244608;-6.7177107273;-1.9587111642;-1.2811342958;-2.4442744180;-2.4333342252;-1.5758269402;0.0331398437;-0.1422684054;-0.0534985802;-0.0646923599;-0.1312551322
3.5901639344;-10.1731949344;-5.0023352265;-12.4340253669;-11.6806536981;-6.4627990749;-2.0170536623;-1.2400551478;-2.4586095975;-2.3962412889;-1.5264260282;0.0392050671;-0.1442723912;-0.0524872835;-0.0687335799;-0.1352912950
3.6001634877;-10.6345647753;-4.8276386732;-12.4224649500;-11.4702820610;-6.3256941912;-2.0742164433;-1.2092119964;-2.4688684922;-2.3569867588;-1.4790855887;0.0452700165;-0.1462763776;-0.0524872835;-0.0717643581;-0.1383182804
3.6101630435;-11.1188306565;-4.6929903310;-12.3474673807;-11.2056792500;-6.1024705987;-2.1503510098;-1.1825570657;-2.4708844802;-2.3095901436;-1.4358105641;0.0513346936;-0.1482803644;-0.0524872835;-0.0768154280;-0.1423540797
3.6201626016;-11.4850738781;-4.6737006874;-12.2422704154;-10.9629069844;-5.9643272200;-2.2204152264;-1.1640777182;-2.4708399227;-2.2600324780;-1.3945963190;0.0563883654;-0.1502518532;-0.0524872835;-0.0808561035;-0.1443718892
3.6301621622;-12.0372170207;-4.6511987252;-12.1222419535;-10.6007916399;-5.7582731242;-2.2925402446;-1.1497862372;-2.4666295924;-2.2064537536;-1.3576147349;0.0614418127;-0.1502680587;-0.0534983990;-0.0859067235;-0.1473984690
3.6401617251;-12.3637523249;-4.6447597158;-12.0354135660;-10.3408481812;-5.5781468612;-2.3912616255;-1.1394826569;-2.4563260121;-2.1507643744;-1.3267041136;0.0664950367;-0.1512538909;-0.0545094699;-0.0909571203;-0.1494160997
3.6501612903;-12.7259069517;-4.6865386970;-11.8878942503;-9.9325647310;-5.4010385467;-2.4510224645;-1.1312398625;-2.4439174430;-2.0951249772;-1.2938431962;0.0705374382;-0.1512538909;-0.0565315229;-0.0960072951;-0.1514336417
3.6601608579;-13.0063336362;-4.7758471923;-11.7713310354;-9.5293394799;-5.2406209208;-2.4960281587;-1.1251900969;-2.4273875329;-2.0353639945;-1.2711754176;0.0745796630;-0.1512538909;-0.0585534874;-0.1000472583;-0.1534510956
3.6701604278;-13.2689873551;-4.8304596038;-11.6211248739;-9.2126590679;-5.1394559703;-2.5374891395;-1.1273168299;-2.4046754923;-1.9923686061;-1.2485625886;0.0776111998;-0.1512538909;-0.0615863024;-0.1030728799;-0.1544597786
3.6801600000;-13.4048700144;-4.9103243518;-11.5089960136;-8.8559727984;-5.0851911534;-2.5827699073;-1.1315697696;-2.3799028946;-1.9465674676;-1.2300162299;0.0806426055;-0.1512379009;-0.0646189862;-0.1061037775;-0.1554684181
3.6901595745;-13.6424472542;-5.0099250281;-11.3240916549;-8.5720453466;-5.0316070454;-2.6238747370;-1.1419387802;-2.3489481626;-1.8827400370;-1.2157554311;0.0826634557;-0.1502199581;-0.0676515395;-0.1111396480;-0.1554684181
3.7001591512;-13.8008968906;-5.1327215457;-11.1382741144;-8.1622775028;-5.0272015984;-2.6586887540;-1.1605505974;-2.3158892554;-1.8188577868;-1.2053972635;0.0846842195;-0.1482159671;-0.0706839632;-0.1161753387;-0.1564769710
3.7101587302;-13.8465543820;-5.2547598465;-10.8692765519;-7.7765258928;-5.0706623141;-2.6813566997;-1.1811576115;-2.2767789390;-1.7549211507;-1.1993240806;0.0856945584;-0.1462119757;-0.0747270226;-0.1212108506;-0.1564769710
3.7201583113;-13.8676027031;-5.4235459360;-10.6073508558;-7.4366199784;-5.1490242889;-2.6998488425;-1.2039555730;-2.2375382325;-1.6890324643;-1.1952568795;0.0867048545;-0.1441921621;-0.0777591888;-0.1262461845;-0.1564769710
3.7301578947;-13.9068553571;-5.5864113197;-10.3833229555;-7.0625692296;-5.2568626893;-2.7202884748;-1.2308095244;-2.1922021551;-1.6272109677;-1.1973717562;0.0867048545;-0.1411861736;-0.0818019069;-0.1312813415;-0.1554685461
3.7401574803;-13.8804354173;-5.7865085218;-10.0737702452;-6.8258048480;-5.3555647052;-2.7233599449;-1.2637807687;-2.1468229134;-1.5674502476;-1.2015471373;0.0867048545;-0.1381801845;-0.0858444556;-0.1363137209;-0.1554685461
3.7501570681;-13.7931461568;-6.0400951547;-9.7460284435;-6.4762918515;-5.4387218602;-2.7243075637;-1.2968165878;-2.0993831028;-1.5077971294;-1.2118507942;0.0867048545;-0.1351741947;-0.0908974311;-0.1403415655;-0.1534518650
3.7601566580;-13.6383373886;-6.2814350950;-9.4369066405;-6.2279130183;-5.5370055352;-2.7180716743;-1.3339092535;-2.0478648670;-1.4542184701;-1.2243762394;0.0856947272;-0.1321525474;-0.0949396438;-0.1443718589;-0.1514352673
3.7701562500;-13.5456826174;-6.5797543106;-9.1293047134;-5.9111472164;-5.7011333673;-2.7076609606;-1.3731269472;-1.9963466236;-1.4006933284;-1.2449834196;0.0836745558;-0.1281445593;-0.0989816900;-0.1494037360;-0.1494187529
3.7801558442;-13.4336806230;-6.8407521191;-8.8606350886;-5.6659579085;-5.8061684545;-2.6890076492;-1.4164658912;-1.9427248743;-1.3512360871;-1.2656439918;0.0806444231;-0.1241365703;-0.1030235704;-0.1534285903;-0.1474023211
3.7901554404;-13.2447329712;-7.0264833577;-8.5232573981;-5.4217133233;-5.9715673085;-2.6621649862;-1.4618653006;-1.8870851509;-1.3059536630;-1.2903726168;0.0776144140;-0.1201285806;-0.1080757147;-0.1564516271;-0.1453859716
3.8001550388;-13.1168433652;-7.3537846076;-8.3368237201;-5.1733951876;-6.1432693217;-2.6332618057;-1.5113859653;-1.8314454195;-1.2606178427;-1.3172151468;0.0745845279;-0.1161205900;-0.1121172661;-0.1604762211;-0.1423615701
3.8101546392;-12.8664218286;-7.6297527129;-8.0416625909;-4.9057477987;-6.3369843615;-2.5981235536;-1.5628399566;-1.7758480614;-1.2195095433;-1.3460652192;0.0705448428;-0.1121125985;-0.1171690015;-0.1634939310;-0.1393372907
3.8201542416;-12.3986461296;-8.0076748688;-7.7475866868;-4.6674372182;-6.5246817719;-2.5321374323;-1.6143576936;-1.7222689933;-1.1824165868;-1.3770817656;0.0665053200;-0.1080891903;-0.1212102274;-0.1655099215;-0.1353050802
3.8301538462;-12.1730429056;-8.2989160033;-7.4495013911;-4.5620258672;-6.7763879168;-2.4952743044;-1.6638778996;-1.6707507057;-1.1494979051;-1.4142274339;0.0614561183;-0.1030945755;-0.1252512918;-0.1685249009;-0.1322810431
3.8401534527;-11.8588724218;-8.5788788578;-7.1963908633;-4.4399700386;-7.0180775454;-2.4556703994;-1.7174562829;-1.6171716232;-1.1187448782;-1.4554418438;0.0574169175;-0.0990865816;-0.1292921956;-0.1695340902;-0.1292571263
3.8501530612;-11.5494865354;-8.8554057782;-6.8419716722;-4.3534778332;-7.2966351819;-2.3938487743;-1.7690368140;-1.5656952712;-1.0981376698;-1.4987694857;0.0513583560;-0.0950632887;-0.1333329396;-0.1715448034;-0.1252253967
3.8601526718;-11.0707562247;-9.1086782695;-6.5641700357;-4.3092976850;-7.5298047242;-2.3320271389;-1.8246758466;-1.5162794869;-1.0796958542;-1.5461661393;0.0463097533;-0.0900685538;-0.1373735246;-0.1725488690;-0.1211938256
3.8701522843;-10.6313400222;-9.3345784121;-6.3942621692;-4.2883273683;-7.6646783756;-2.2680925339;-1.8803148906;-1.4709433222;-1.0693923129;-1.5894412249;0.0402516673;-0.0860605576;-0.1404038447;-0.1725488690;-0.1181702657
3.8801518987;-10.1718300916;-9.6741657660;-6.0914549641;-4.3313909179;-7.9659224609;-2.1915852956;-1.9358914976;-1.4277512036;-1.0612536374;-1.6348291457;0.0341938173;-0.0820525606;-0.1434340467;-0.1725488690;-0.1141390096
3.8901515152;-9.5981503611;-10.0191356134;-5.8451880282;-4.4128658021;-8.2510155912;-2.1053464181;-1.9874091458;-1.3906579684;-1.0572360111;-1.6863472658;0.0281362020;-0.0780445628;-0.1464641314;-0.1725488690;-0.1101079096
3.9001511335;-9.1607699683;-10.2863999134;-5.6255544105;-4.5136732522;-8.4629266992;-2.0085224186;-2.0388646700;-1.3536061513;-1.0614092347;-1.7357528275;0.0220788202;-0.0740365642;-0.1494940992;-0.1725488690;-0.1060769651
3.9101507538;-8.7697446253;-10.5571524976;-5.4602570196;-4.6206932066;-8.6516861051;-1.9098543909;-2.0882597281;-1.3185735905;-1.0717129137;-1.7832528153;0.0160216708;-0.0700436331;-0.1515140002;-0.1725463783;-0.1030538726
3.9201503759;-8.5081019320;-10.8142207004;-5.2544733902;-4.7372872154;-8.9478381050;-1.8729396484;-2.1335335299;-1.2856430291;-1.0821196335;-1.8326585223;0.0089552663;-0.0670226025;-0.1535338242;-0.1715375008;-0.0990232366
3.9301500000;-8.3413826019;-10.9856839427;-5.1378024920;-4.8482712640;-9.1343115298;-1.8332222840;-2.1747477427;-1.2568338334;-1.1007689915;-1.8799523158;0.0028985781;-0.0630295947;-0.1555535715;-0.1695247785;-0.0949927536
3.9401496259;-7.7496198010;-11.1270567770;-5.0251396695;-4.9868987287;-9.4277490921;-1.7179587686;-2.2158389310;-1.2321460050;-1.1234368895;-1.9211667919;-0.0031578813;-0.0600385493;-0.1565634070;-0.1675121196;-0.0909624228
3.9501492537;-7.3495062885;-11.3502566345;-4.9366480738;-5.2048428860;-9.7047831890;-1.6615280686;-2.2487489500;-1.2095187578;-1.1482167151;-1.9623812743;-0.0092141129;-0.0580196295;-0.1575732045;-0.1654970580;-0.0879397884
3.9601488834;-6.9800108168;-11.5270784556;-4.8760785255;-5.3912458611;-9.9160999315;-1.6024205846;-2.2796597026;-1.1930736688;-1.1812904518;-2.0036467726;-0.0152701180;-0.0550285089;-0.1585829642;-0.1624757989;-0.0849172671
3.9701485149;-6.3051157160;-11.7481147134;-4.8815783499;-5.5899139918;-10.1616773349;-1.4913182941;-2.3084486124;-1.1828107393;-1.2183834973;-2.0489318334;-0.0213258977;-0.0530245070;-0.1585829642;-0.1584533120;-0.0808873887
3.9801481481;-6.0212398904;-11.8594828573;-4.8978713283;-5.8332601462;-10.4079557102;-1.4379622464;-2.3330553427;-1.1746083956;-1.2555780650;-2.0922071223;-0.0263721939;-0.0510353132;-0.1585829642;-0.1554322521;-0.0788725241
3.9901477833;-5.6782122888;-11.9724283482;-4.9538986981;-6.0824627639;-10.6984804082;-1.3840290857;-2.3537841420;-1.1705274268;-1.3009646567;-2.1333709961;-0.0314183041;-0.0500333119;-0.1585829642;-0.1514075597;-0.0758503386
4.0001474201;-5.4032328360;-12.0408046750;-5.0472449028;-6.4108641147;-10.8233338681;-1.3141006892;-2.3763306906;-1.1726286222;-1.3483107756;-2.1704135487;-0.0364642292;-0.0490313104;-0.1585829642;-0.1473829904;-0.0728282639
4.0101470588;-5.0530908049;-12.0710095104;-5.1719646855;-6.6289111588;-10.9729381681;-1.2522787247;-2.3906951487;-1.1788108865;-1.3957075348;-2.2012739905;-0.0415099703;-0.0480440086;-0.1565638169;-0.1433585437;-0.0708136210
4.0201466993;-4.8474552774;-12.0223224183;-5.2664168617;-6.9329325065;-11.2204650485;-1.1925627765;-2.4009383291;-1.1850735724;-1.4432048268;-2.2300236322;-0.0455464165;-0.0480440086;-0.1555542798;-0.1393317951;-0.0687990512
4.0301463415;-4.5209757583;-11.9700629923;-5.3662724471;-7.2147769570;-11.3376080397;-1.1349525147;-2.4070602298;-1.1995389056;-1.4967837178;-2.2526916857;-0.0495827169;-0.0480440086;-0.1535352788;-0.1343039589;-0.0667845542
4.0401459854;-4.3110925666;-11.9091089313;-5.4807406266;-7.5700894285;-11.4478569288;-1.0876007286;-2.4069400379;-1.2181256209;-1.5483018288;-2.2732489353;-0.0526098333;-0.0480440086;-0.1525258145;-0.1302774642;-0.0667845542
4.0501456311;-4.0649297846;-11.8090261777;-5.6093606062;-7.7672112897;-11.5414104239;-1.0423544141;-2.4006979424;-1.2407938015;-1.6039914208;-2.2897347526;-0.0556368414;-0.0480585660;-0.1494975302;-0.1252475112;-0.0647702018
4.0601452785;-3.9227146247;-11.7139213930;-5.8668198384;-8.1746658625;-11.6050344875;-1.0031556239;-2.3923953478;-1.2656422380;-1.6638023549;-2.3041100071;-0.0576547750;-0.0490605685;-0.1464693536;-0.1202177076;-0.0647702018
4.0701449275;-3.7306660287;-11.6332043167;-6.0556607173;-8.5398902467;-11.6288252442;-0.9661965998;-2.3779702656;-1.2965135602;-1.7255745299;-2.3163750585;-0.0596726370;-0.0500770585;-0.1449572163;-0.1151904475;-0.0637630971
4.0801445783;-3.5936781111;-11.5040153996;-6.2429925432;-9.0306751240;-11.5798976937;-0.9373909080;-2.3614249477;-1.3295251258;-1.7832749150;-2.3226068405;-0.0616904279;-0.0520810643;-0.1434414962;-0.1104606897;-0.0637630971
4.0901442308;-3.4255372034;-11.4178832858;-6.5114772909;-9.5084047793;-11.5509436114;-0.9147673620;-2.3428191252;-1.3645972923;-1.8676963614;-2.3308003344;-0.0626992880;-0.0540850703;-0.1404209182;-0.1021017373;-0.0637630971
4.1001438849;-3.4179656742;-11.2734168867;-6.7218971951;-9.7807410065;-11.5110785612;-0.8942487588;-2.3221527959;-1.4037514078;-1.9096640120;-2.3348231894;-0.0637081128;-0.0561034601;-0.1373980485;-0.0995842214;-0.0637630971
4.1101435407;-3.5037281469;-11.1075795569;-6.9774482877;-10.0282317630;-11.4074660010;-0.8840336682;-2.2953043825;-1.4409234332;-1.9522053592;-2.3306525481;-0.0637081128;-0.0591094701;-0.1333732196;-0.0970631546;-0.0647700607
4.1201431981;-3.5665627610;-10.8255094949;-7.3006260341;-10.2137046228;-11.2836653491;-0.8800005176;-2.2664543381;-1.4862597326;-2.0078451054;-2.3244213528;-0.0637081128;-0.0621011659;-0.1303505360;-0.0930400171;-0.0657769896
4.1301428571;-3.6422279714;-10.5424084900;-7.4759684124;-10.5759766648;-11.2091293188;-0.8841219881;-2.2334239737;-1.5336568246;-2.0634848588;-2.3120080262;-0.0626993927;-0.0641337349;-0.1263235649;-0.0884539267;-0.0667838837
4.1401425178;-3.7424861852;-10.2882797898;-7.7180869392;-10.8824403975;-11.0689244095;-0.8924529355;-2.1982744948;-1.5810539215;-2.1396250622;-2.2954733546;-0.0606820215;-0.0681275034;-0.1222967089;-0.0809614675;-0.0687976031
4.1501421801;-3.8749000871;-10.0647402979;-8.0151235952;-11.1760206833;-10.9981019389;-0.9069658310;-2.1527631640;-1.6284899979;-2.1754492371;-2.2748173362;-0.0586647192;-0.0711335154;-0.1182699675;-0.0794511949;-0.0708112538
4.1601418440;-3.9830990997;-9.7789920991;-8.3064435873;-11.5198632686;-10.8498901789;-0.9276169343;-2.1074859508;-1.6758870125;-2.2075896865;-2.2501371764;-0.0566474853;-0.0741537077;-0.1136796849;-0.0779350667;-0.0728248361
4.1701415094;-4.1574797771;-9.4876269566;-8.5848754473;-11.7837431423;-10.6842352842;-0.9523894096;-2.0580868792;-1.7253448200;-2.2508165959;-2.2294813819;-0.0536217366;-0.0781617250;-0.1061806597;-0.0739148399;-0.0748383505
4.1801411765;-4.3682540016;-9.2758897747;-8.9162279522;-11.9796193666;-10.5528608396;-0.9813267962;-2.0106322136;-1.7747639324;-2.2899705383;-2.2047042368;-0.0505960896;-0.0821697429;-0.1021447628;-0.0709003335;-0.0778585205
4.1901408451;-4.5609356555;-9.0439189292;-9.1479116074;-12.0628230107;-10.3397435455;-1.0205242811;-1.9633515562;-1.8221996627;-2.3270154357;-2.1758057397;-0.0465620286;-0.0861777615;-0.0981090010;-0.0688868362;-0.0808785894
4.2001405152;-4.8468755993;-8.8094767738;-9.5447441053;-12.1950024578;-10.1412500885;-1.0617390207;-1.9240823844;-1.8983899468;-2.3578782002;-2.1449429752;-0.0425281020;-0.0901857807;-0.0940733736;-0.0658748089;-0.0838985579
4.2101401869;-5.1186605105;-8.5491588687;-9.7233150816;-12.2202878404;-9.9363627060;-1.1078527642;-1.8740516004;-1.9335397102;-2.3849646896;-2.1091911392;-0.0374860271;-0.0942495978;-0.0909905754;-0.0648389671;-0.0869604656
4.2202790698;-5.4499537928;-8.2615427186;-9.8747318792;-12.3007888580;-9.7441160631;-1.1588096920;-1.8293468844;-1.9664515709;-2.4092525497;-2.0706603343;-0.0324439522;-0.0982018209;-0.0870113927;-0.0628582711;-0.0899381949
4.2301395349;-5.8510735345;-7.9376107911;-10.1248860955;-12.3085452721;-9.4776331878;-1.2164241817;-1.7839536453;-2.0138486210;-2.4277991944;-2.0314585542;-0.0284104247;-0.1022098419;-0.0839849717;-0.0618551029;-0.0939644210
4.2401392111;-6.2011235687;-7.6782446058;-10.4440683258;-12.3605697388;-9.2769167978;-1.3030284449;-1.7366143656;-2.0632301384;-2.4421288589;-1.9923046942;-0.0223603312;-0.1062178635;-0.0799498755;-0.0618528024;-0.0969839918
4.2501388889;-6.5363053965;-7.4495759178;-10.6297827320;-12.2959470179;-9.0278255269;-1.3533212480;-1.6871569145;-2.1044450115;-2.4523849840;-1.9510900415;-0.0173187506;-0.1102258857;-0.0769236517;-0.0608496783;-0.1000034645
4.2601385681;-6.9189859907;-7.1450585377;-10.9292700325;-12.2220949116;-8.8190208517;-1.4040802032;-1.6397032641;-2.1477206764;-2.4543981784;-1.9098753836;-0.0112690497;-0.1142200554;-0.0738975260;-0.0608496783;-0.1040292977
4.2701382488;-7.1778449166;-7.0010531128;-11.1466316052;-12.1286913443;-8.5820816974;-1.4700664755;-1.5923635676;-2.1847381831;-2.4543034296;-1.8686607207;-0.0062277948;-0.1172260730;-0.0718801738;-0.0608496783;-0.1070485753
4.2801379310;-7.6858594704;-6.7537470403;-11.2807055510;-12.0153320950;-8.3218575400;-1.5421923834;-1.5470276720;-2.2155736783;-2.4460604960;-1.8273987871;-0.0001784830;-0.1202458805;-0.0698628864;-0.0608519576;-0.1110741497
4.2901376147;-8.0054354423;-6.5224271305;-11.4574502486;-11.9289218279;-8.0581517936;-1.6122575111;-1.5059831126;-2.2444241872;-2.4377232462;-1.7820626469;0.0058706357;-0.1242263891;-0.0678456633;-0.0618595431;-0.1140932340
4.3001372998;-8.5128833757;-6.3307750742;-11.5275208977;-11.8237631976;-7.8859524001;-1.6802195137;-1.4708942950;-2.2670546954;-2.4212373751;-1.7388343390;0.0119195622;-0.1262578548;-0.0658285044;-0.0638701126;-0.1181185519
4.3101369863;-8.9863392594;-6.1193978920;-11.6321814750;-11.7021814395;-7.5757844290;-1.7483084623;-1.4337449421;-2.2876621440;-2.4025968287;-1.6955119258;0.0179682973;-0.1302384899;-0.0638114093;-0.0658806290;-0.1211374448
4.3201366743;-9.3617346985;-5.9772837122;-11.7281575817;-11.5648569028;-7.3325260960;-1.8224950920;-1.3968206533;-2.3082695944;-2.3798819678;-1.6522365572;0.0240168418;-0.1322425030;-0.0638114093;-0.0678910925;-0.1241562426
4.3301363636;-9.7311800660;-5.7844701387;-11.7520944737;-11.3879204478;-7.1614349026;-1.8966817295;-1.3658536537;-2.3267414913;-2.3530924708;-1.6111154307;0.0290571377;-0.1342465165;-0.0628029251;-0.0699037570;-0.1271749458
4.3401360544;-10.0718664492;-5.5756629857;-11.8073281046;-11.1791914992;-6.9400558278;-1.9667048376;-1.3329939630;-2.3411667516;-2.3221347709;-1.5740222032;0.0340972762;-0.1362505302;-0.0617944724;-0.0729192949;-0.1301935548
4.3501357466;-10.5329140276;-5.4408217647;-11.7633602070;-10.9667637936;-6.7880265045;-2.0387470636;-1.3083210908;-2.3513960074;-2.2891630093;-1.5369289714;0.0401452546;-0.1382545441;-0.0617944724;-0.0759369979;-0.1332120700
4.3601354402;-10.8283582242;-5.3487341540;-11.7026243569;-10.6955967226;-6.5935338990;-2.1005275082;-1.2877138422;-2.3555174990;-2.2560984156;-1.5019429372;0.0451850807;-0.1402450173;-0.0617944724;-0.0799552689;-0.1352243513
4.3701351351;-11.1929631230;-5.2484745742;-11.6325894106;-10.4450119438;-6.4049196628;-2.1582699291;-1.2672177344;-2.3554433199;-2.2148837042;-1.4731390533;0.0502247517;-0.1412470246;-0.0617944724;-0.0829728066;-0.1382426802
4.3801348315;-11.5287529654;-5.2378749213;-11.5138067317;-10.2270452345;-6.2350798993;-2.2200921590;-1.2548533819;-2.3512848627;-2.1736689881;-1.4442425460;0.0542563649;-0.1422355517;-0.0628028007;-0.0869931097;-0.1402548379
4.3901345291;-11.8614687719;-5.2366116386;-11.4302731607;-9.8739708548;-6.0880100132;-2.2797706228;-1.2425996740;-2.3430418772;-2.1303012743;-1.4154845501;0.0582878552;-0.1422355517;-0.0638110982;-0.0910133106;-0.1422669342
4.4001342282;-12.1778366832;-5.2952716295;-11.3575443900;-9.5757340299;-5.9729613583;-2.3353692875;-1.2384782220;-2.3347620912;-2.0807976041;-1.3928165026;0.0623192230;-0.1422355517;-0.0658276319;-0.0950334095;-0.1432729517
4.4101339286;-12.4467423970;-5.3774682580;-11.2636795174;-9.3701330060;-5.8511143470;-2.3847857789;-1.2364726340;-2.3203368230;-2.0293251401;-1.3701484523;0.0653426574;-0.1422355517;-0.0668358683;-0.0990534070;-0.1442789389
4.4201336303;-12.5809879076;-5.4460015232;-11.1334889055;-9.0612602657;-5.7259608715;-2.4279788798;-1.2344668006;-2.3037774935;-1.9756542927;-1.3475261946;0.0683660009;-0.1422355517;-0.0698604865;-0.1030733036;-0.1462908527
4.4301333333;-12.7864694626;-5.5437859227;-11.0015926399;-8.6976999622;-5.6581329734;-2.4670918997;-1.2407038744;-2.2810726797;-1.9180450455;-1.3331468820;0.0713892538;-0.1422222208;-0.0718768382;-0.1070953031;-0.1462908527
4.4401330377;-12.9572134865;-5.6361628947;-10.8534834436;-8.4945695734;-5.6392581633;-2.5000637754;-1.2489467827;-2.2542099763;-1.8664353802;-1.3187673650;0.0734046956;-0.1412069112;-0.0749012755;-0.1121177244;-0.1462908527
4.4501327434;-13.0814435707;-5.7593289345;-10.6700351213;-8.2783009294;-5.6584320511;-2.5309339238;-1.2613658579;-2.2232988046;-1.8107955207;-1.3085092203;0.0754200775;-0.1392161666;-0.0769175072;-0.1161395146;-0.1472967196
4.4601324503;-13.1716812880;-5.8937197139;-10.4466502328;-7.9441658937;-5.7008637370;-2.5576418277;-1.2758999515;-2.1903631558;-1.7552464386;-1.3044332370;0.0764277387;-0.1381876725;-0.0799417652;-0.1211616972;-0.1472967196
4.4701321586;-13.3097150365;-5.9978990488;-10.2329460461;-7.6767631627;-5.7682455044;-2.5761069426;-1.2945007929;-2.1593794313;-1.7057887304;-1.3044786288;0.0764277387;-0.1352080741;-0.0829659343;-0.1251810956;-0.1472967196
4.4801318681;-13.3034688888;-6.1363260363;-10.0809252589;-7.3973899559;-5.8549455594;-2.5904915151;-1.3212903182;-2.1223221216;-1.6542702293;-1.3065846093;0.0764277387;-0.1341796960;-0.0869980416;-0.1292003958;-0.1472967196
4.4901315789;-13.2318613953;-6.2935673640;-9.8303501477;-7.0959613270;-5.9210637691;-2.5966331158;-1.3481339592;-2.0872172131;-1.6047674167;-1.3128119674;0.0764277387;-0.1311868253;-0.0900220338;-0.1332195982;-0.1462909709
4.5001312910;-13.1515955076;-6.4650106950;-9.6501198173;-6.8093458880;-5.9889482891;-2.5986128233;-1.3790989424;-2.0480270377;-1.5532939990;-1.3210549214;0.0764277387;-0.1291696803;-0.0930459382;-0.1372387031;-0.1452852514
4.5101310044;-12.9789763781;-6.6480966260;-9.3821343952;-6.5021429355;-6.0872043927;-2.5903383324;-1.4121244817;-2.0026905705;-1.5038362700;-1.3313586639;0.0764277387;-0.1261636530;-0.0970776941;-0.1412555459;-0.1432738705
4.5201307190;-12.8846727805;-6.8875700427;-9.0442595838;-6.2984332856;-6.1788159791;-2.5820752921;-1.4470492995;-1.9615473545;-1.4585449110;-1.3438127945;0.0744127683;-0.1231445553;-0.1001014239;-0.1442697295;-0.1422682091
4.5301304348;-12.8268408235;-7.1238487218;-8.7708397232;-6.0553189917;-6.2851984359;-2.5696413618;-1.4800747298;-1.9202965377;-1.4111478624;-1.3602987076;0.0734053120;-0.1191495596;-0.1041329482;-0.1472859966;-0.1402569438
4.5401301518;-12.6396947429;-7.3169447650;-8.5184780704;-5.9094866575;-6.4187470277;-2.5489535424;-1.5151607192;-1.8769850849;-1.3700223838;-1.3788900159;0.0703830294;-0.1161435312;-0.1081643574;-0.1513004140;-0.1382457360
4.5501298701;-12.4661481644;-7.5249293081;-8.2889585424;-5.6961154739;-6.5577516523;-2.5221237638;-1.5543680568;-1.8316842104;-1.3329735813;-1.4016027086;0.0673608326;-0.1131245171;-0.1111878283;-0.1533118726;-0.1352290099
4.5601295896;-12.2809426914;-7.7863497560;-8.0434792640;-5.4746744570;-6.7316113651;-2.4911326079;-1.5935218725;-1.7883373739;-1.2999573316;-1.4283479599;0.0643387214;-0.1091294357;-0.1152190089;-0.1563236278;-0.1332179162
4.5701293103;-11.8706244153;-7.9934230694;-7.7961404066;-5.3129384377;-6.9379523654;-2.4334003027;-1.6389112378;-1.7409756277;-1.2671628598;-1.4490883136;0.0603093533;-0.1061104767;-0.1192500759;-0.1583328452;-0.1312068790
4.5801290323;-11.7239783654;-8.2509991057;-7.5752351875;-5.1372798146;-7.1044515127;-2.3995383033;-1.6863081001;-1.6935783469;-1.2465554580;-1.4799993686;0.0562800981;-0.1021153386;-0.1222732913;-0.1603398831;-0.1281904079
4.5901287554;-11.5033649472;-8.4841406552;-7.3939072610;-5.0700021608;-7.2614057138;-2.3632866493;-1.7336520139;-1.6503732432;-1.2280088420;-1.5129270864;0.0522509556;-0.0990964343;-0.1252964223;-0.1613465729;-0.1251740211
4.6001284797;-11.1245007651;-8.7750269495;-7.1851903771;-4.9569265399;-7.4443009321;-2.3137890469;-1.7770331060;-1.6111837282;-1.2074454702;-1.5459430639;0.0482219250;-0.0950883936;-0.1293271516;-0.1633535264;-0.1221577182
4.6101282051;-10.8813123785;-9.0345609847;-6.9248676998;-4.9345875677;-7.5900074510;-2.2622308218;-1.8243244156;-1.5719943606;-1.1930642717;-1.5810635841;0.0431857763;-0.0910931716;-0.1313424604;-0.1643559227;-0.1191414987
4.6201279318;-10.5591461866;-9.2643868075;-6.6705293465;-4.9164619021;-7.8898006079;-2.2086119729;-1.8675998359;-1.5287887955;-1.1807436724;-1.6181129817;0.0381497665;-0.0880743484;-0.1353729669;-0.1643559227;-0.1161253625
4.6301276596;-10.2055687238;-9.4971377582;-6.4968373335;-4.9565428687;-8.1171335133;-2.1529718773;-1.9067011814;-1.4937560745;-1.1725444611;-1.6531892886;0.0331138949;-0.0840790711;-0.1373881648;-0.1643559227;-0.1131093090
4.6401273885;-9.8275928455;-9.6998279633;-6.3649777718;-5.0202163263;-8.3609510696;-2.0910708242;-1.9459599328;-1.4566974915;-1.1705274268;-1.6922560069;0.0270710142;-0.0810730391;-0.1394033076;-0.1643559227;-0.1100933380
4.6501271186;-9.4164160356;-9.9239889112;-6.1794676856;-5.1309162757;-8.6695385863;-2.0251269463;-1.9891306923;-1.4257862664;-1.1706145637;-1.7294365844;0.0220354173;-0.0780670068;-0.1424259396;-0.1643538217;-0.1070774491
4.6601268499;-9.0002102898;-10.1872241055;-6.0113924833;-5.2561806981;-8.9099350855;-1.9591830628;-2.0262238786;-1.3949446013;-1.1767967431;-1.7706514197;0.0169999570;-0.0750609742;-0.1434334563;-0.1633494210;-0.1030563728
4.6701265823;-8.6864108340;-10.3421770321;-5.9028951253;-5.3629392630;-9.0827140058;-1.8952609149;-2.0633170691;-1.3722763757;-1.1871872686;-1.8118662588;0.0109575676;-0.0720549412;-0.1454484352;-0.1623450429;-0.1000406471
4.6801263158;-8.2054777697;-10.5747969024;-5.7607342487;-5.4278975376;-9.2843789660;-1.8252344913;-2.1004102637;-1.3475819956;-1.2016124181;-1.8489595264;0.0059223785;-0.0690615387;-0.1474633601;-0.1613385995;-0.0970250023
4.6901260504;-7.9821862753;-10.7329038254;-5.5802176263;-5.5726808779;-9.3753576838;-1.7592905911;-2.1332781996;-1.3270090439;-1.2202455508;-1.8901311701;-0.0001196868;-0.0670575162;-0.1474633601;-0.1593299332;-0.0950146263
4.7001257862;-7.5973295585;-10.8862431456;-5.5449562887;-5.6962191420;-9.5690159904;-1.6954074732;-2.1621284685;-1.3126527994;-1.2408528857;-1.9271814230;-0.0051546070;-0.0650534936;-0.1479665192;-0.1573192326;-0.0919991427
4.7101255230;-7.2199745805;-10.9798218602;-5.5021002016;-5.8747185959;-9.7381346585;-1.6274027744;-2.1888663256;-1.3023145866;-1.2676425861;-1.9601533065;-0.0101893936;-0.0630494707;-0.1484707156;-0.1543084416;-0.0889837390
4.7201252610;-6.9606492630;-11.1632514334;-5.5254269326;-6.0377707764;-9.9499822701;-1.5635196457;-2.2134920936;-1.2900187683;-1.2945181549;-1.9931681261;-0.0152240471;-0.0610579731;-0.1494738954;-0.1522978383;-0.0869735231
4.7301250000;-6.5883050369;-11.2374004538;-5.5747928051;-6.3107842691;-10.2118870741;-1.4997136304;-2.2320387547;-1.2858972643;-1.3275328882;-2.0260970826;-0.0202585681;-0.0600559614;-0.1494738954;-0.1492851052;-0.0839582785
4.7401247401;-6.0067053607;-11.3364818516;-5.6192763386;-6.4885465297;-10.4134811705;-1.4419742147;-2.2464638421;-1.2817757599;-1.3647117771;-2.0569654324;-0.0242860794;-0.0590539497;-0.1494738954;-0.1462703762;-0.0819481681
4.7501244813;-5.6894542062;-11.4114252785;-5.6935963885;-6.8077299846;-10.5668884467;-1.3822893653;-2.2608377315;-1.2777225216;-1.4079020127;-2.0858158409;-0.0293203372;-0.0580519378;-0.1494738954;-0.1422556315;-0.0799381102
4.7601242236;-5.3986307046;-11.4208939180;-5.7847333839;-7.0565625296;-10.6880342044;-1.3266491282;-2.2732021405;-1.2819121517;-1.4491595521;-2.1125628859;-0.0333476387;-0.0570623478;-0.1494718401;-0.1392410419;-0.0789331073
4.7701239669;-5.0907555872;-11.4024052567;-5.8709880404;-7.3070511715;-10.7235957074;-1.2772294914;-2.2834037860;-1.2942766674;-1.4904594096;-2.1372918119;-0.0363680366;-0.0570623478;-0.1484666973;-0.1352264626;-0.0769231536
4.7801237113;-4.8402586256;-11.3512830180;-5.9713472318;-7.5432617166;-10.8337416849;-1.2277715303;-2.2895860442;-1.3066751063;-1.5378140750;-2.1578567615;-0.0403951301;-0.0570623478;-0.1474595293;-0.1322120113;-0.0749132518
4.7901234568;-4.6842989436;-11.2633170820;-6.1026279038;-7.8628230782;-10.9260970545;-1.1804124374;-2.2915959483;-1.3231949822;-1.5831927631;-2.1763610997;-0.0434153727;-0.0570623478;-0.1453103043;-0.1281955554;-0.0749132518
4.8001232033;-4.4451460557;-11.1550662157;-6.1948498635;-8.1386410996;-11.0116975303;-1.1372127663;-2.2894338104;-1.3438025126;-1.6326506279;-2.1928470546;-0.0454288163;-0.0570746679;-0.1424319764;-0.1241791851;-0.0739083523
4.8101229508;-4.3204243883;-11.0883014691;-6.3451174096;-8.5002180284;-11.0593957145;-1.1001572154;-2.2791300790;-1.3644100444;-1.6821084970;-2.2051271497;-0.0474422087;-0.0580766804;-0.1404177352;-0.1201629001;-0.0729034784
4.8201226994;-4.1751501975;-11.0110835854;-6.5800121658;-8.7171724951;-11.0716688737;-1.0693217212;-2.2687254103;-1.3871120109;-1.7295476394;-2.2133701286;-0.0494555500;-0.0590786930;-0.1373964500;-0.1161467001;-0.0729034784
4.8301224490;-4.0889265559;-10.9091730245;-6.7546914071;-9.1429363289;-11.0261359252;-1.0446305051;-2.2543506728;-1.4119082064;-1.7809822765;-2.2195103492;-0.0504621952;-0.0600929506;-0.1343752410;-0.1121305846;-0.0729034784
4.8401221996;-4.0756549911;-10.8201225396;-6.9380282190;-9.3914060897;-10.9831364388;-1.0259206420;-2.2394743213;-1.4431378240;-1.8269625005;-2.2234979053;-0.0514687899;-0.0621213170;-0.1323244587;-0.1080657760;-0.0729034784
4.8502434077;-4.0759180202;-10.6826734639;-7.0904878368;-9.6383535768;-10.8843810788;-1.0117339095;-2.2172069456;-1.4737307484;-1.8737576521;-2.2194683780;-0.0524753847;-0.0641010020;-0.1293400950;-0.1040986062;-0.0729034784
4.8601217039;-4.1128408398;-10.5037567579;-7.3107355758;-9.9041756540;-10.7841387493;-1.0015052888;-2.1985601430;-1.5067361835;-1.9232155420;-2.2152633698;-0.0524753847;-0.0661050280;-0.1263191130;-0.1000847542;-0.0739082260
4.8701214575;-4.1839092093;-10.3809640708;-7.4751076569;-10.1289674290;-10.7277274066;-0.9974587269;-2.1737813386;-1.5438297557;-1.9685102286;-2.2070203875;-0.0524753847;-0.0681090542;-0.1232982060;-0.0970729189;-0.0739082260
4.8801212121;-4.2653569112;-10.1499688490;-7.6828783073;-10.3313875556;-10.6386599256;-0.9995194391;-2.1428702279;-1.5788625427;-2.0159489711;-2.1987358563;-0.0514688649;-0.0701252021;-0.1202773738;-0.0940591421;-0.0749129237
4.8901209677;-4.3662463448;-9.9471167953;-7.9058384569;-10.4872128630;-10.5443230225;-1.0077998329;-2.1139701445;-1.6180500791;-2.0612023687;-2.1863713808;-0.0504623700;-0.0731312420;-0.1162496967;-0.0900455266;-0.0769222697
4.9001207243;-4.4774680422;-9.8252970450;-8.1629749798;-10.6859111528;-10.4548246647;-1.0202016525;-2.0809983402;-1.6777129419;-2.1003151216;-2.1740069042;-0.0484494296;-0.0761372822;-0.1132290130;-0.0870338770;-0.0779269180
4.9101204819;-4.6158083581;-9.6148114954;-8.3544711667;-10.8421386891;-10.3435530519;-1.0346641112;-2.0459657451;-1.7044724769;-2.1374085542;-2.1616011283;-0.0464365383;-0.0791433227;-0.1102084031;-0.0840222888;-0.0799361656
4.9201202405;-4.7633100825;-9.3630191976;-8.5785162805;-11.0720179665;-10.2133685938;-1.0533221859;-2.0129939344;-1.7334522013;-2.1744195584;-2.1430131535;-0.0434172750;-0.0821493635;-0.1071878668;-0.0810127493;-0.0819453642
4.9301200000;-4.9093513247;-9.1408450125;-8.7830320382;-11.2332450936;-10.0776618178;-1.0821726957;-1.9779613329;-1.7746672977;-2.2012092229;-2.1224056876;-0.0414044815;-0.0851554045;-0.1031605826;-0.0790051052;-0.0839545142
4.9401197605;-5.1057208389;-8.9763156064;-9.0162993480;-11.4039749455;-9.9451843427;-1.1110601540;-1.9448909922;-1.8138544501;-2.2300596774;-2.0996553292;-0.0383853642;-0.0881614459;-0.1001401924;-0.0769975016;-0.0859636156
4.9501195219;-5.3661011215;-8.7695843056;-9.3276840825;-11.4671289335;-9.7260870466;-1.1461667036;-1.9037253810;-1.8550367104;-2.2567674067;-2.0707639024;-0.0343599713;-0.0911674876;-0.0971198748;-0.0749899382;-0.0889771953
4.9601192843;-5.6215162300;-8.4658694386;-9.5484743036;-11.5693407367;-9.5497874548;-1.1894425142;-1.8645222258;-1.8941910269;-2.2773339888;-2.0398936255;-0.0313409989;-0.0941854585;-0.0940996296;-0.0729843868;-0.0909862002
4.9701190476;-5.8418540652;-8.2815218241;-9.7703494890;-11.6172013855;-9.3785227134;-1.2327550545;-1.8253682307;-1.9333126997;-2.2958807545;-2.0089823765;-0.0263094984;-0.0981816094;-0.0910794565;-0.0719806451;-0.0939996358
4.9801188119;-6.0908766262;-8.0482775357;-9.9575058190;-11.6783770213;-9.2280431974;-1.2802623367;-1.7841534440;-1.9683455104;-2.3102652189;-1.9779896711;-0.0222843936;-0.1011876519;-0.0880593551;-0.0709769234;-0.0960085452
4.9901185771;-6.3749453661;-7.8397091379;-10.1479170416;-11.7064810002;-9.0815673294;-1.3359025931;-1.7449994412;-2.0012850182;-2.3205689165;-1.9430382962;-0.0172531316;-0.1041936947;-0.0860460018;-0.0699751816;-0.0990218378
5.0001183432;-6.6280239688;-7.6291085051;-10.3529752814;-11.6874407070;-8.8910180156;-1.3915428535;-1.7058941147;-2.0342895630;-2.3307509151;-1.9120459070;-0.0132282170;-0.1071997377;-0.0830260431;-0.0699751816;-0.1020350595
5.0101181102;-7.0701261063;-7.4218559498;-10.4820860250;-11.6282207105;-8.7007079791;-1.4492439055;-1.6687036276;-2.0692899909;-2.3328117028;-1.8770537200;-0.0081971918;-0.1102057810;-0.0810127845;-0.0699751816;-0.1040438267
5.0201178782;-7.3923312682;-7.2765166549;-10.6101118043;-11.5328015524;-8.4825948055;-1.5090057492;-1.6255251116;-2.1022297603;-2.3328117028;-1.8420613714;-0.0031662843;-0.1132118246;-0.0789995731;-0.0699751816;-0.1070569071
5.0301176471;-7.7526546713;-7.0401919949;-10.7229480844;-11.4589540600;-8.2878276103;-1.5646823171;-1.5884317866;-2.1310803456;-2.3306702580;-1.8131705683;0.0018645060;-0.1162061029;-0.0769864085;-0.0699771264;-0.1100699173
5.0401174168;-8.1561780603;-6.8663749127;-10.8173399726;-11.3645688069;-8.0428935967;-1.6244440977;-1.5554600337;-2.1598987329;-2.3204067267;-1.7781378071;0.0068951796;-0.1182218749;-0.0759798496;-0.0709826714;-0.1130828576
5.0501171875;-8.4139358778;-6.6771513610;-10.9019671826;-11.2912620777;-7.9433046194;-1.6842058825;-1.5204756953;-2.1804419594;-2.3161647158;-1.7472266190;0.0119257369;-0.1212161996;-0.0739667783;-0.0729879034;-0.1150914381
5.0601169591;-8.7821676552;-6.5191676249;-11.0500648002;-11.1973370852;-7.6931559159;-1.7460284591;-1.4896608533;-2.1968959366;-2.2996787266;-1.7142947338;0.0169561783;-0.1232319263;-0.0729602658;-0.0739934022;-0.1181042393
5.0701167315;-9.1836851016;-6.3741249290;-11.1195025111;-11.0508674631;-7.5441429829;-1.8078870536;-1.4649319611;-2.2092604761;-2.2831127056;-1.6812826598;0.0219865044;-0.1262146228;-0.0719537765;-0.0760004946;-0.1201127275
5.0801165049;-9.5356145338;-6.2729378512;-11.1607311519;-10.9103945792;-7.3522627920;-1.8696376806;-1.4402030668;-2.2215930661;-2.2604844437;-1.6504114021;0.0270167156;-0.1272282895;-0.0719537765;-0.0780075486;-0.1231253908
5.0901162791;-9.8212284354;-6.1915960201;-11.2068421317;-10.7562126261;-7.2132619275;-1.9294713002;-1.4175827906;-2.2298679818;-2.2356357958;-1.6215609148;0.0320468124;-0.1292206907;-0.0709473330;-0.0800164868;-0.1251337874
5.1001160542;-10.1607680031;-6.0633513608;-11.1629010803;-10.5793222788;-7.0853017915;-1.9932830011;-1.3970231154;-2.2401080821;-2.2047643791;-1.5927104253;0.0370767951;-0.1302227060;-0.0709473330;-0.0830250353;-0.1271421384
5.1101158301;-10.5766963693;-5.9970769809;-11.1021430834;-10.3950192132;-7.0015740773;-2.0489233038;-1.3805371815;-2.2441978307;-2.1758741807;-1.5638996406;0.0411006904;-0.1312247213;-0.0709473330;-0.0850358051;-0.1291504441
5.1201156069;-10.7985596590;-5.9059948286;-11.0218557302;-10.2152202940;-6.7935498183;-2.1045279427;-1.3661595906;-2.2441661262;-2.1449629757;-1.5391706461;0.0451244952;-0.1322267367;-0.0709473330;-0.0890457879;-0.1311587046
5.1301153846;-11.1923585881;-5.8593335253;-10.9540454657;-10.0040999307;-6.7277474345;-2.1600971232;-1.3538426035;-2.2400129681;-2.1035896119;-1.5165419920;0.0491482098;-0.1332172124;-0.0719536857;-0.0910564679;-0.1331669201
5.1401151631;-11.2689667264;-5.8427955981;-10.8862352013;-9.7795571356;-6.5845141438;-2.2033729153;-1.3456943833;-2.2297091507;-2.0604324151;-1.4959344937;0.0531718347;-0.1332287301;-0.0729600161;-0.0950682193;-0.1341710054
5.1501149425;-11.5304384187;-5.8641847130;-10.8037779197;-9.5011798207;-6.4935272397;-2.2487094979;-1.3435863117;-2.2214345980;-2.0212387245;-1.4753269938;0.0561894862;-0.1342192501;-0.0739663240;-0.0980784050;-0.1351750684
5.1601147228;-11.7582669203;-5.9374441701;-10.7392225479;-9.2369860420;-6.4100889604;-2.2940106881;-1.3415728079;-2.2110993775;-1.9779236063;-1.4568196083;0.0592070710;-0.1342192501;-0.0749726097;-0.1010904315;-0.1361791092
5.1701145038;-11.9816708877;-6.0249320652;-10.6242163393;-8.9483950533;-6.3292428329;-2.3351197850;-1.3436806993;-2.1966741031;-1.9327048597;-1.4423943939;0.0612187497;-0.1342077983;-0.0769851366;-0.1056678846;-0.1371831279
5.1801142857;-12.1771590594;-6.1192571465;-10.4837134713;-8.5289266083;-6.2707726077;-2.3681624397;-1.3478021852;-2.1822488279;-1.8790505368;-1.4280083568;0.0632303843;-0.1332057824;-0.0789976193;-0.1121330744;-0.1381871244
5.1901140684;-12.4074003467;-6.2125757497;-10.4159032068;-8.3548252726;-6.2528048647;-2.4010640537;-1.3520175214;-2.1636394096;-1.8357747306;-1.4177828495;0.0652419748;-0.1322037663;-0.0810100579;-0.1161540045;-0.1381871244
5.2001138520;-12.4519413304;-6.2906596027;-10.2260344663;-8.1571207479;-6.2453253586;-2.4256876586;-1.3643819811;-2.1409711002;-1.8019282603;-1.4136613481;0.0672535214;-0.1312017503;-0.0830224526;-0.1176603476;-0.1381871244
5.2101136364;-12.5707098530;-6.3796629579;-10.0822767056;-8.0245938424;-6.2595590582;-2.4442344825;-1.3788072295;-2.1182716243;-1.7677273474;-1.4116006342;0.0682592729;-0.1301883688;-0.0850348036;-0.1191713847;-0.1381871244
5.2201134216;-12.6395077167;-6.4794953474;-9.8962053399;-7.8339687885;-6.3387304503;-2.4627463129;-1.3933257977;-2.0894210078;-1.7244516137;-1.4096176855;0.0682592729;-0.1281843363;-0.0880532648;-0.1231825773;-0.1381871244
5.2301132075;-12.6205362229;-6.5955459521;-9.6754151187;-7.5994494616;-6.4006651264;-2.4730151252;-1.4139332356;-2.0626311775;-1.6812146866;-1.4137391877;0.0682592729;-0.1261803037;-0.0910716609;-0.1261923239;-0.1381871244
5.2401129944;-12.6014718782;-6.6963562249;-9.5289449474;-7.3255355484;-6.4960253293;-2.4771017064;-1.4324798874;-2.0337495686;-1.6379388739;-1.4178994269;0.0682592729;-0.1241762709;-0.0930838817;-0.1292038846;-0.1371832585
5.2501127820;-12.5200559681;-6.8611227341;-9.3569781167;-7.0998494700;-6.5720357449;-2.4790928336;-1.4531337253;-2.0007464990;-1.5988232979;-1.4240816447;0.0682592729;-0.1221722379;-0.0961021484;-0.1332148720;-0.1371832585
5.2601125704;-12.4039457470;-7.0201500526;-9.1595146266;-6.9514011112;-6.6619818230;-2.4728758032;-1.4799697542;-1.9657445022;-1.5617297705;-1.4323632423;0.0672536294;-0.1201682047;-0.0991203507;-0.1362244574;-0.1351756124
5.2701123596;-12.2629422589;-7.2227693122;-8.9164826387;-6.6684539884;-6.7412185849;-2.4625373270;-1.5088663997;-1.9306499416;-1.5245977213;-1.4426284451;0.0662480073;-0.1181529336;-0.1021384889;-0.1392321319;-0.1341718107
5.2801121495;-12.1517093449;-7.3067519758;-8.7673000568;-6.4738071223;-6.8226717032;-2.4481120069;-1.5397775256;-1.8915263078;-1.4875811560;-1.4530091351;0.0642368057;-0.1151468835;-0.1051565632;-0.1412421593;-0.1331680302
5.2901119403;-12.0453760332;-7.5845173088;-8.5682091203;-6.2900721433;-6.9446530868;-2.4336521478;-1.5727494419;-1.8544326442;-1.4546091252;-1.4674727387;0.0622256465;-0.1121520290;-0.1081745739;-0.1452510261;-0.1311605116
5.3001117318;-11.8988274787;-7.7965051189;-8.3468764170;-6.1180452859;-7.0331863987;-2.4150363668;-1.6036605729;-1.8173389788;-1.4237361846;-1.4860194715;0.0592089711;-0.1101368201;-0.1111925212;-0.1472572749;-0.1291530351
5.3101115242;-11.7323039970;-8.0098883383;-8.1179489642;-5.9862831030;-7.1616798079;-2.3882121000;-1.6366324943;-1.7802758983;-1.3928630997;-1.5045662057;0.0571978962;-0.1071307692;-0.1132044440;-0.1492616450;-0.1271456006
5.3201113173;-11.5342622357;-8.2333811216;-7.7894418867;-5.8934910022;-7.2724062005;-2.3572663838;-1.6696502134;-1.7473037478;-1.3681340719;-1.5272726794;0.0541813468;-0.1041247181;-0.1162222653;-0.1502665748;-0.1261419043
5.3301111111;-11.3102085392;-8.4528960734;-7.6250441791;-5.7737473690;-7.3988322648;-2.3221992174;-1.7066979200;-1.7122708080;-1.3455039223;-1.5499409211;0.0501593644;-0.1011297799;-0.1177297072;-0.1522708820;-0.1231308779
5.3401109057;-11.0531245195;-8.6161657404;-7.4216042100;-5.6778043537;-7.5540738359;-2.2809155927;-1.7396698488;-1.6793290718;-1.3269952061;-1.5747079740;0.0461374653;-0.0991035602;-0.1192398998;-0.1532739368;-0.1211235685
5.3501107011;-10.8236049916;-8.8309233184;-7.2874839547;-5.6165839090;-7.7301961350;-2.2397346882;-1.7768544402;-1.6504480743;-1.3126079241;-1.6014977242;0.0421156490;-0.0951176356;-0.1222501342;-0.1542769743;-0.1191163005
5.3601104972;-10.5247725865;-8.9824181488;-7.0662416711;-5.5801996765;-7.8758483702;-2.1964246800;-1.8138568649;-1.6174759172;-1.3002812891;-1.6303103819;0.0380939154;-0.0931025491;-0.1242599728;-0.1552781678;-0.1171090737
5.3701102941;-10.2902663396;-9.1944076735;-6.9306004345;-5.5899972351;-8.0449905942;-2.1489932191;-1.8468288012;-1.5845340086;-1.2920382773;-1.6551150428;0.0340722640;-0.0900964968;-0.1272701109;-0.1552781678;-0.1140982951
5.3801100917;-9.8267676290;-9.3313622304;-6.7786692849;-5.6561591611;-8.2244503249;-2.0995010927;-1.8798007400;-1.5556833682;-1.2858937960;-1.6859885612;0.0300506946;-0.0871014558;-0.1292780524;-0.1552781678;-0.1120911503
5.3901098901;-9.5886179802;-9.6147156344;-6.6511838568;-5.7071971193;-8.4046691096;-2.0458875122;-1.9147430504;-1.5247719388;-1.2838330773;-1.7127783186;0.0260292070;-0.0850864294;-0.1312859598;-0.1552781678;-0.1090804942
5.4001096892;-9.2680110497;-9.8206528261;-6.5399013592;-5.7923885193;-8.5797982410;-1.9882201673;-1.9395622615;-1.5000729556;-1.2818475695;-1.7416288655;0.0210024491;-0.0820803765;-0.1332938334;-0.1552781678;-0.1070734308
5.4101094891;-8.8980382467;-9.9683109955;-6.4309347738;-5.8802665596;-8.7772623604;-1.9325797002;-1.9724891630;-1.4753738614;-1.2859690765;-1.7725777390;0.0159757926;-0.0790852746;-0.1352998612;-0.1552763577;-0.1050664079
5.4201092896;-8.6192024392;-10.1487702180;-6.3311130610;-5.9432436992;-8.9124159955;-1.8769055082;-2.0034004055;-1.4568570200;-1.2942870968;-1.8034515400;0.0109492371;-0.0770812390;-0.1364449516;-0.1542734391;-0.1020559339
5.4301090909;-8.2855759379;-10.2451050263;-6.2399710799;-6.0690619460;-9.1531229861;-1.8212650965;-2.0322059814;-1.4383400688;-1.3066516192;-1.8323394929;0.0069280732;-0.0750772033;-0.1393191001;-0.1532687337;-0.1000489915
5.4401088929;-7.8911914397;-10.3982725381;-6.1883419980;-6.1477453159;-9.2623434875;-1.7635638939;-2.0569349463;-1.4238848508;-1.3232497170;-1.8653115545;0.0019017185;-0.0730731675;-0.1393191001;-0.1512647638;-0.0980420891
5.4501086957;-7.6405647022;-10.4996926597;-6.1465679970;-6.2486929302;-9.4385368204;-1.7058962274;-2.0795584064;-1.4094893653;-1.3459179769;-1.8961855646;-0.0021192853;-0.0710800035;-0.1403247748;-0.1502583012;-0.0950317953
5.4601084991;-7.3519642166;-10.5617084948;-6.0988267029;-6.3881477961;-9.5465628865;-1.6502557459;-2.1021820298;-1.3992153468;-1.3706098277;-1.9229381358;-0.0071454405;-0.0700779854;-0.1403247748;-0.1472515393;-0.0930249724
5.4701083032;-6.7855353097;-10.7495590314;-6.1761877554;-6.7186700541;-9.8759897571;-1.5411313221;-2.1392461820;-1.3889709255;-1.4180298890;-1.9702615887;-0.0121623584;-0.0670827247;-0.1403247748;-0.1432438053;-0.0900166057
5.4900900901;-6.7817682327;-10.7499703697;-6.1764596135;-6.7211841275;-9.8781238363;-1.5404578603;-2.1394528374;-1.3889709255;-1.4183921935;-1.9705203776;-0.0161830455;-0.0670827247;-0.1403247748;-0.1432060943;-0.0899932396
5.4902154399;-6.5029797053;-10.8001441660;-6.2121512493;-6.9100243921;-9.9782954478;-1.4895499457;-2.1557171513;-1.3889709255;-1.4469689656;-1.9909059306;-0.0191985608;-0.0670719308;-0.1403247748;-0.1402318196;-0.0880081129
5.5001077199;-6.1991897204;-10.8537854377;-6.3010528789;-7.1270334375;-10.1014667674;-1.4400917564;-2.1680373209;-1.3910612586;-1.4778802510;-2.0115134763;-0.0232191694;-0.0660806870;-0.1403247748;-0.1382244661;-0.0870047802
5.5101075269;-5.9263212162;-10.8612198855;-6.3932854844;-7.3814406956;-10.1973663729;-1.3906667437;-2.1762360745;-1.3931219934;-1.5108891917;-2.0321210232;-0.0262345673;-0.0660806870;-0.1403247748;-0.1347929651;-0.0849981539
5.5201073345;-5.6561651225;-10.8215635833;-6.4654462144;-7.6363236545;-10.2733485940;-1.3453631853;-2.1803575710;-1.3972729560;-1.5705852036;-2.0506309838;-0.0302550199;-0.0660806870;-0.1393192379;-0.1291941847;-0.0839948602
5.5301071429;-5.4304925623;-10.7682845042;-6.5337953595;-7.7839598412;-10.3606647962;-1.3062088089;-2.1823301180;-1.4055160020;-1.5962576763;-2.0670802890;-0.0322652073;-0.0660806870;-0.1373082029;-0.1276887703;-0.0829915859
5.5401069519;-5.2102448233;-10.6879251687;-6.6124733717;-7.9818708969;-10.4213801526;-1.2670874324;-2.1823301964;-1.4158785061;-1.6242674142;-2.0815056070;-0.0352804305;-0.0660806870;-0.1363027048;-0.1261789374;-0.0829915859
5.5501067616;-5.0632321699;-10.6000956381;-6.7030529717;-8.1787975354;-10.4680537567;-1.2321204553;-2.1781647747;-1.4323938825;-1.6654825173;-2.0938335343;-0.0372905408;-0.0660806870;-0.1352972259;-0.1217466703;-0.0819883501
5.5601065719;-4.9569056752;-10.5387465506;-6.8321168947;-8.3626968884;-10.5157228017;-1.2033027209;-2.1740433550;-1.4509407124;-1.7210865981;-2.1020765553;-0.0393006127;-0.0660913470;-0.1332863065;-0.1161483342;-0.0809851334
5.5701063830;-4.7838538802;-10.4589330803;-6.9444372247;-8.5499404350;-10.4885775676;-1.1785407908;-2.1658003593;-1.4715775102;-1.7664233459;-2.1102831028;-0.0403056295;-0.0670933658;-0.1312754254;-0.1131349706;-0.0809851334
5.5801061947;-4.7334030434;-10.3516401620;-7.0859840533;-8.7913992977;-10.4375603197;-1.1538772815;-2.1554091921;-1.4963066536;-1.8076057517;-2.1143682041;-0.0423156250;-0.0681060070;-0.1292645824;-0.1101216642;-0.0809851334
5.5901060071;-4.6607104399;-10.2983281015;-7.2086236335;-9.0511291874;-10.3935657642;-1.1353959028;-2.1389231986;-1.5189459339;-1.8467601983;-2.1123074164;-0.0423156250;-0.0700994414;-0.1272537775;-0.1061039982;-0.0809851334
5.6001058201;-4.6504032797;-10.1696459335;-7.3605431125;-9.2664838862;-10.2959344330;-1.1230640025;-2.1223936662;-1.5395825804;-1.8838865124;-2.1123074164;-0.0423156250;-0.0711120453;-0.1242376268;-0.1030908054;-0.0809851334
5.6101056338;-4.6851221351;-10.0580957321;-7.5226857969;-9.4916462034;-10.2113273852;-1.1148209664;-2.1038469592;-1.5643117270;-1.9208823297;-2.1102104109;-0.0423156250;-0.0731055172;-0.1222268974;-0.1000776692;-0.0819882553
5.6201054482;-4.7681218989;-9.9591703825;-7.7006471843;-9.6956439913;-10.1478627934;-1.1087037951;-2.0832394632;-1.5890697980;-1.9518262840;-2.1060527449;-0.0423156250;-0.0741180841;-0.1202162056;-0.0980689493;-0.0819882553
5.6301052632;-4.8560040016;-9.8104314119;-7.8763596100;-9.9370150059;-10.0897783497;-1.1107970646;-2.0626319659;-1.6179204716;-1.9775002971;-2.0978097206;-0.0423156250;-0.0761221225;-0.1172002242;-0.0965637949;-0.0829913397
5.6401050788;-4.9357488727;-9.6406469467;-8.0039312994;-10.1236219990;-10.0371539537;-1.1149510083;-2.0399636795;-1.6467999686;-2.0033738891;-2.0874698804;-0.0423156250;-0.0781261611;-0.1151896072;-0.0950560367;-0.0839944055
5.6501048951;-5.0453302601;-9.4943141389;-8.2430420548;-10.3378264920;-9.9541600392;-1.1231940460;-2.0172090761;-1.6797721697;-2.0363100248;-2.0751053427;-0.0403058926;-0.0801406924;-0.1121737375;-0.0920501262;-0.0849974527
5.6601047120;-5.1733560394;-9.3007508850;-8.3348494143;-10.4621720168;-9.8891086531;-1.1356555956;-1.9884016570;-1.7127443723;-2.0672214020;-2.0627049021;-0.0393010449;-0.0831362763;-0.1101631947;-0.0900450605;-0.0860004815
5.6701045296;-5.2916171406;-9.1579881291;-8.5463567187;-10.6301949640;-9.8001237378;-1.1562631918;-1.9635866384;-1.7436271167;-2.0960361533;-2.0462188501;-0.0372913864;-0.0851507713;-0.1071474360;-0.0880400255;-0.0880065022
5.6801043478;-5.4489369542;-9.0072240742;-8.7736063396;-10.7311842061;-9.7338487305;-1.1789637766;-1.9327612860;-1.7745672062;-2.1207294551;-2.0297327972;-0.0342769538;-0.0881463921;-0.1041317325;-0.0860350211;-0.0900124861
5.6901041667;-5.6035443573;-8.8584464540;-8.9526864542;-10.8352926519;-9.6453614215;-1.2037250384;-1.9038249870;-1.8075394129;-2.1434335256;-2.0132110279;-0.0322673688;-0.0901504313;-0.1021213002;-0.0840300473;-0.0910154598
5.7001039861;-5.8058901865;-8.6342736811;-9.1234896385;-10.9416340756;-9.5119215208;-1.2367614295;-1.8729565488;-1.8404830980;-2.1681269537;-1.9926034596;-0.0282482718;-0.0921648724;-0.1001109044;-0.0820285425;-0.0930213706
5.7101038062;-6.0407849426;-8.4739943118;-9.3573199594;-11.0137541018;-9.3329964721;-1.2738551097;-1.8440633273;-1.8693622550;-2.1866381432;-1.9719958903;-0.0252340036;-0.0951709315;-0.0970953654;-0.0820251098;-0.0950272452
5.7201036269;-6.2968365013;-8.3247506292;-9.4789250094;-11.0892048849;-9.1729812774;-1.3130095794;-1.8131947376;-1.9023060412;-2.2010278810;-1.9514238507;-0.0222197899;-0.0981666250;-0.0950850424;-0.0800236536;-0.0970330835
5.7301034483;-6.5029797053;-8.1133121893;-9.6426835761;-11.1422914285;-9.0438193443;-1.3542886839;-1.7822834354;-1.9311283511;-2.2133569542;-1.9307452787;-0.0182009105;-0.1001706647;-0.0920696120;-0.0800219432;-0.0990388857
5.7401032702;-6.6678942685;-7.9293749103;-9.7609969422;-11.1357629930;-8.9260674215;-1.3995935426;-1.7533904288;-1.9558575113;-2.2215645744;-1.9060161917;-0.0141821032;-0.1021850348;-0.0910644866;-0.0790212393;-0.1010446520
5.7501030928;-6.9570372363;-7.7531999941;-9.9177835924;-11.1080834021;-8.8170120757;-1.4429013514;-1.7204184083;-1.9805866724;-2.2256860892;-1.8812871034;-0.0101633677;-0.1051807822;-0.0880491642;-0.0790212393;-0.1030503824
5.7601029160;-7.2554024000;-7.6189787443;-10.0354651660;-11.0635683320;-8.6483682842;-1.4902671111;-1.6895495184;-2.0052876046;-2.2277468163;-1.8585835142;-0.0061447038;-0.1071951172;-0.0870440746;-0.0790212393;-0.1050560771
5.7701027397;-7.5608198312;-7.4256917091;-10.1711013778;-10.9821988966;-8.4938065390;-1.5356673070;-1.6606989970;-2.0279560283;-2.2297723166;-1.8297681354;-0.0021261112;-0.1101909001;-0.0850339312;-0.0790212393;-0.1070617363
5.7801025641;-7.8819692438;-7.3155873655;-10.2904268553;-10.9056914242;-8.3267277425;-1.5851572134;-1.6318906743;-2.0485917987;-2.2276411948;-1.8050742105;0.0018924104;-0.1121949404;-0.0840288772;-0.0790229351;-0.1090673599
5.7901023891;-8.2687589924;-7.2229773105;-10.3756845023;-10.8237970808;-8.2089066725;-1.6387369933;-1.6071616529;-2.0712320904;-2.2214589515;-1.7843964186;0.0069154738;-0.1141887386;-0.0830238410;-0.0800252724;-0.1110729482
5.8001022147;-8.4521179475;-7.0756470760;-10.4391613518;-10.7369917286;-8.0456706029;-1.6922852329;-1.5803718424;-2.0897509031;-2.2131808726;-1.7576065961;0.0109338540;-0.1152009837;-0.0820188224;-0.0810275950;-0.1130785013
5.8101020408;-8.7830320382;-6.9661323312;-10.5438488017;-10.6371336766;-7.9236574747;-1.7438357724;-1.5577036059;-2.1062090242;-2.2007813369;-1.7329475358;0.0149521638;-0.1172050244;-0.0810138214;-0.0820299029;-0.1150840193
5.8201018676;-9.1117762004;-6.8565897766;-10.6040662484;-10.5465384171;-7.7815604014;-1.7953547717;-1.5351191966;-2.1185736082;-2.1842952723;-1.7123050264;0.0199749635;-0.1191988750;-0.0800088379;-0.0830338806;-0.1170895023
5.8301016949;-9.4030890966;-6.7610717678;-10.6220221657;-10.4326155112;-7.6458454122;-1.8468737733;-1.5165305473;-2.1288216138;-2.1677743374;-1.6875759284;0.0239931334;-0.1202110684;-0.0800088379;-0.0850384383;-0.1190949505
5.8401015228;-9.7171862416;-6.6823625964;-10.6486047259;-10.2904991189;-7.5303666080;-1.8983927772;-1.5001699171;-2.1350039298;-2.1451059669;-1.6670032151;0.0280112337;-0.1221947978;-0.0800088379;-0.0870429669;-0.1200976572
5.8501013514;-9.9857148890;-6.6058811527;-10.5944612684;-10.1271947737;-7.4299261236;-1.9498805068;-1.4898244171;-2.1390976568;-2.1244636313;-1.6484564191;0.0320292646;-0.1222049365;-0.0800088379;-0.0890474667;-0.1221030359
5.8601011804;-10.1799234864;-6.5256762803;-10.5141639523;-9.9974960662;-7.2553676957;-1.9993700043;-1.4795206891;-2.1390976568;-2.0996998363;-1.6278488344;0.0350427359;-0.1232069571;-0.0800088379;-0.0910519377;-0.1231057081
5.8701010101;-10.5178898446;-6.4714665089;-10.4636683949;-9.8189932677;-7.1647695938;-2.0508578436;-1.4671977348;-2.1390699487;-2.0729100040;-1.6072412487;0.0390606288;-0.1241988732;-0.0800088379;-0.0930580503;-0.1251110180
5.8801008403;-10.7191507096;-6.4416983405;-10.3742086753;-9.6519491264;-7.1071809945;-2.0961323074;-1.4630762988;-2.1370092075;-2.0440593827;-1.5887290268;0.0420739969;-0.1242089608;-0.0800088379;-0.0960646709;-0.1261136558
5.8901006711;-10.9887643212;-6.4434538788;-10.2977336869;-9.4616689870;-6.9971027663;-2.1373475406;-1.4548747098;-2.1349208508;-2.0131134532;-1.5722429566;0.0450873137;-0.1252009109;-0.0810137003;-0.0990695842;-0.1271162765
5.9001005025;-11.1623585982;-6.5031375513;-10.2336975676;-9.3551447449;-6.9575080527;-2.1785317603;-1.4507532036;-2.1287385800;-1.9801413114;-1.5557568858;0.0481005794;-0.1252009109;-0.0820185457;-0.1014989711;-0.1281188802
5.9101003344;-11.3869461942;-6.5541822285;-10.1518056985;-9.0428809717;-6.8951924638;-2.2135337222;-1.4487337695;-2.1204955212;-1.9327711771;-1.5414004094;0.0501093891;-0.1252009109;-0.0830233740;-0.1070936751;-0.1291214669
5.9201001669;-11.4965275816;-6.6290606863;-10.0763580657;-8.8340253571;-6.8870208778;-2.2444451252;-1.4507945572;-2.1101367200;-1.8997989864;-1.5331573732;0.0521181650;-0.1252009109;-0.0840281855;-0.1101051531;-0.1291214669
5.9301000000;-11.6343180390;-6.7098495285;-9.9858164741;-8.7307282653;-6.8560967495;-2.2752948088;-1.4528964921;-2.0936506011;-1.8741206617;-1.5228878382;0.0541269072;-0.1251909072;-0.0860377745;-0.1116095796;-0.1301240199
5.9400998336;-11.7726509785;-6.7906709477;-9.8740940962;-8.5023966679;-6.8316932290;-2.3000239539;-1.4570179992;-2.0771644816;-1.8482869613;-1.5167055320;0.0561356157;-0.1241888861;-0.0870425522;-0.1131164802;-0.1301240199
5.9500996678;-11.8811474017;-6.8584215446;-9.7618730935;-8.3363659385;-6.8322690485;-2.3226307963;-1.4632823156;-2.0606783614;-1.8173071917;-1.5125840133;0.0571399532;-0.1231868650;-0.0890520741;-0.1161211567;-0.1301240199
5.9600995025;-11.9451602914;-6.9235677064;-9.6186756568;-8.0722583181;-6.8561678961;-2.3370253995;-1.4756468383;-2.0421041578;-1.7802476409;-1.5084624945;0.0581442739;-0.1221848438;-0.0900559637;-0.1181269907;-0.1301240199
5.9700993377;-12.0173104128;-6.9963461180;-9.5068749164;-7.9240613726;-6.9245725958;-2.3493899736;-1.4880113616;-2.0214965061;-1.7451465756;-1.5044091006;0.0581442739;-0.1211728850;-0.0910614962;-0.1211332319;-0.1301240199
5.9800991736;-12.0145980022;-7.0776562548;-9.3858591378;-7.6866255517;-7.0135314670;-2.3596325489;-1.5004166933;-1.9988008609;-1.7080869650;-1.5064698321;0.0581442739;-0.1191787636;-0.0930675968;-0.1241394317;-0.1301240199
5.9900990099;-11.9104414360;-7.1635289873;-9.2411786535;-7.4848723350;-7.0981433587;-2.3637235186;-1.5169027261;-1.9740716771;-1.6710272406;-1.5106253019;0.0581442739;-0.1181767422;-0.0950736698;-0.1271439530;-0.1301240199
6.0000988468;-11.8263567080;-7.2915220727;-9.1184324781;-7.3704086085;-7.1485494835;-2.3637235186;-1.5333887599;-1.9472817048;-1.6380211892;-1.5188683411;0.0581442739;-0.1171648323;-0.0970797153;-0.1291496658;-0.1291215833
6.0100986842;-11.6918879514;-7.4217252788;-8.9515392789;-7.1593830655;-7.1876259850;-2.3616018209;-1.5499154012;-1.9204917315;-1.6009951889;-1.5271113807;0.0571400359;-0.1151607894;-0.0990857335;-0.1321541102;-0.1281191631
6.0200985222;-11.5958583973;-7.6130492978;-8.8178847480;-6.9993508413;-7.2516050252;-2.3512675771;-1.5705634857;-1.8937017574;-1.5762661245;-1.5353544207;0.0561358142;-0.1131567464;-0.1010917243;-0.1341581338;-0.1271167593
6.0300983607;-11.5145224956;-7.7329624581;-8.6271668693;-6.8404035814;-7.3020558619;-2.3409334325;-1.5932317525;-1.8689455876;-1.5494762711;-1.5436311891;0.0551316089;-0.1111527032;-0.1030993160;-0.1361621302;-0.1261143717
6.0400981997;-11.4298673669;-7.8658507882;-8.4950901335;-6.7085804272;-7.3910229289;-2.3244473291;-1.6179608084;-1.8400948681;-1.5227200895;-1.5539012894;0.0531232308;-0.1091486600;-0.1061065954;-0.1381660996;-0.1251120004
6.0500980392;-11.2628338902;-7.9977267856;-8.2619852638;-6.6006264862;-7.4789050317;-2.3038093933;-1.6427302073;-1.8112979365;-1.5000853722;-1.5642387362;0.0511148851;-0.1071446167;-0.1083950688;-0.1401684207;-0.1241096453
6.0600978793;-11.1261152363;-8.1458682392;-8.1349144577;-6.4503589401;-7.5841465622;-2.2831715555;-1.6695199877;-1.7865418522;-1.4794442054;-1.5786640860;0.0491065717;-0.1051405732;-0.1121275795;-0.1411719970;-0.1231073063
6.0700977199;-10.9482491679;-8.3306689920;-7.9207510557;-6.3472873381;-7.6508718624;-2.2584122397;-1.6963097697;-1.7597250667;-1.4589036731;-1.5931564538;0.0460941500;-0.1031365297;-0.1141367074;-0.1431742697;-0.1211026605
6.0800975610;-10.7437891873;-8.4339289449;-7.8175481740;-6.2876143053;-7.7620806962;-2.2295615542;-1.7230995532;-1.7329618944;-1.4424175889;-1.6116698170;0.0430817765;-0.1011324861;-0.1161458031;-0.1441762006;-0.1190980468
6.0900974026;-10.5635926463;-8.6095450266;-7.6922397497;-6.2306536832;-7.8640673339;-2.1965592321;-1.7499294183;-1.7082059819;-1.4280256919;-1.6281893020;0.0400694510;-0.0991186980;-0.1191593987;-0.1451781182;-0.1180957559
6.1000972447;-10.1386990615;-8.8958683183;-7.4747711471;-6.1325866768;-8.0814649084;-2.1223779324;-1.8034226804;-1.6588340790;-1.4054038736;-1.6693447633;0.0360596328;-0.0941215282;-0.1221696952;-0.1461784144;-0.1150905530
6.1200809061;-10.1360922618;-8.8970634518;-7.4738218061;-6.1329407585;-8.0827352890;-2.1219125329;-1.8037476649;-1.6586011899;-1.4053108694;-1.6695307717;0.0330474505;-0.0940989539;-0.1221826198;-0.1461897000;-0.1150695797
6.1201935484;-9.8725743294;-9.0620585894;-7.3695118501;-6.1557911512;-8.1570076765;-2.0810964539;-1.8323194895;-1.6381666952;-1.3971475994;-1.6858905502;0.0290312073;-0.0921142728;-0.1231773986;-0.1471802949;-0.1130844604
6.1300967742;-9.6268210005;-9.2084987524;-7.2192508408;-6.2084119164;-8.3289745072;-2.0378203935;-1.8590694583;-1.6134640474;-1.3909985282;-1.7085921325;0.0250150273;-0.0901102286;-0.1251863353;-0.1471802949;-0.1110800054
6.1400966184;-9.3994394891;-9.3685516500;-7.0935123691;-6.2669999849;-8.4266212881;-1.9966051192;-1.8817377391;-1.5949171713;-1.3890040571;-1.7312273457;0.0220029396;-0.0881061844;-0.1271952404;-0.1471802949;-0.1090755819
6.1500964630;-9.1233576473;-9.5041091932;-7.0228189136;-6.3434899633;-8.5530196211;-1.9532992850;-1.9064271148;-1.5743095068;-1.3910317132;-1.7518349571;0.0179868854;-0.0861021400;-0.1281996772;-0.1471786998;-0.1070711897
6.1600963082;-8.7540198390;-9.6061512804;-6.9349756948;-6.4264897270;-8.6951499354;-1.9079624799;-1.9270346740;-1.5537282619;-1.3951863141;-1.7724755947;0.0139708938;-0.0841077305;-0.1292040984;-0.1461784668;-0.1060690092
6.1700961538;-8.6042059198;-9.7070318444;-6.8741189563;-6.5100319728;-8.8047313228;-1.8605648854;-1.9476422341;-1.5393292951;-1.4034623848;-1.7950779974;0.0099549646;-0.0830960887;-0.1302085040;-0.1461768768;-0.1040646794
6.1800960000;-8.3806461165;-9.8333918036;-6.7868503954;-6.5859794690;-8.9191950492;-1.8131376612;-1.9682497953;-1.5269646951;-1.4117383503;-1.8136248762;0.0059390976;-0.0810920440;-0.1312128941;-0.1451734896;-0.1030625300
6.1900958466;-8.0373699817;-9.9244940085;-6.7483136199;-6.6803713572;-9.0488482749;-1.7637089036;-1.9867571289;-1.5166608825;-1.4241357865;-1.8342654109;0.0029272438;-0.0790975882;-0.1312128941;-0.1431715011;-0.1010582621
6.2000956938;-7.8669422061;-9.9869346099;-6.7075714972;-6.7785606202;-9.1426976810;-1.7162817705;-2.0053039672;-1.5063833216;-1.4426498516;-1.8569666292;-0.0010884995;-0.0780955657;-0.1322172532;-0.1421681448;-0.0990540251
6.2100955414;-7.5503596586;-10.0727138412;-6.7059034441;-6.9168935597;-9.2517365862;-1.6668529152;-2.0197292309;-1.4981402542;-1.4591687598;-1.8796022183;-0.0051041811;-0.0770935433;-0.1322172532;-0.1401662026;-0.0980519219
6.2200953895;-7.3591480737;-10.1507086718;-6.7448694592;-7.0253899829;-9.3510108134;-1.6194553124;-2.0341152422;-1.4919841429;-1.4756875645;-1.9002098355;-0.0091198014;-0.0760915207;-0.1322172532;-0.1391628769;-0.0960477463
6.2300952381;-7.0846940296;-10.1989980517;-6.7893883991;-7.1469059768;-9.4730692895;-1.5741184957;-2.0464797819;-1.4878626090;-1.4983559702;-1.9207521353;-0.0121314708;-0.0750990263;-0.1322172532;-0.1371594058;-0.0950456737
6.2400950872;-6.7463825339;-10.2391467397;-6.8316785293;-7.2771016846;-9.5457618930;-1.5288110241;-2.0567444056;-1.4858018626;-1.5210243768;-1.9331167067;-0.0151430943;-0.0750895132;-0.1322172532;-0.1351559601;-0.0940436164
6.2500949367;-6.5514679966;-10.2596752135;-6.8756028848;-7.4138071778;-9.6526308699;-1.4875957332;-2.0649874329;-1.4837671608;-1.5457861278;-1.9454812785;-0.0181546723;-0.0740969886;-0.1322172532;-0.1331509697;-0.0930415742
6.2600947867;-6.3550514263;-10.2292568443;-6.9385309059;-7.5884864191;-9.7204411343;-1.4464096950;-2.0711306674;-1.4858799558;-1.5726085646;-1.9557525585;-0.0211662048;-0.0740969886;-0.1322172532;-0.1301474444;-0.0920395472
6.2700946372;-6.1775875298;-10.1673951396;-6.9813553313;-7.7723878564;-9.8083232371;-1.4093159306;-2.0752132374;-1.4940970621;-1.6014267811;-1.9660888481;-0.0241776921;-0.0740969886;-0.1312130009;-0.1281440743;-0.0910375352
6.2800944882;-5.9758391912;-10.1109344322;-7.0426542854;-7.9486945440;-9.8316499681;-1.3722221649;-2.0752521201;-1.5003312281;-1.6261883299;-1.9784534213;-0.0261853201;-0.0740969886;-0.1302087636;-0.1261391668;-0.0910375352
6.2900943396;-5.8218349506;-10.0258125781;-7.1174586430;-8.1163215178;-9.8728786089;-1.3372474183;-2.0752132374;-1.5126958324;-1.6570997897;-1.9887248559;-0.0281929181;-0.0740969886;-0.1292045414;-0.1231357469;-0.0900355533
6.3000941915;-5.7089100287;-9.9742802503;-7.1739269304;-8.3316869178;-9.9048850537;-1.3084257803;-2.0751744765;-1.5250604370;-1.6859504629;-1.9949071176;-0.0302004862;-0.0740969886;-0.1282003341;-0.1211308941;-0.0900355533
6.3100940439;-5.5662070941;-9.9222207107;-7.2579486908;-8.4401833410;-9.9271268205;-1.2837256257;-2.0710529617;-1.5353642543;-1.7168941751;-2.0031179172;-0.0312042553;-0.0740969886;-0.1271961418;-0.1181275439;-0.0890336011
6.3200938967;-5.4397836989;-9.8858642745;-7.3382528844;-8.6240847782;-9.9249568920;-1.2631469551;-2.0668928069;-1.5497896475;-1.7498663755;-2.0072072425;-0.0332117639;-0.0741157768;-0.1251877868;-0.1161227456;-0.0890336011
6.3300937500;-5.3611825699;-9.8472888558;-7.4461888359;-8.8188358578;-9.8864406618;-1.2487505565;-2.0586883561;-1.5621542532;-1.7807456400;-2.0093001798;-0.0342155033;-0.0761010640;-0.1241836242;-0.1131194646;-0.0890336011
6.3400936037;-5.2863107342;-9.7680291527;-7.5357383264;-8.9826654568;-9.8338198965;-1.2343251776;-2.0524290142;-1.5766053267;-1.8096284170;-2.0134217052;-0.0342155033;-0.0761197936;-0.1221753285;-0.1111147204;-0.0890336011
6.3500934579;-5.3046482868;-9.6893863533;-7.6762001109;-9.1562597339;-9.7605848109;-1.2240502184;-2.0400644676;-1.5931171084;-1.8425685717;-2.0154503934;-0.0352192133;-0.0781144896;-0.1201670622;-0.1078291445;-0.0890336011
6.3600933126;-5.3154690171;-9.6210506610;-7.7765991241;-9.4257191929;-9.6916895822;-1.2158647567;-2.0256007329;-1.6137247866;-1.8858511654;-2.0133576059;-0.0352192133;-0.0791165128;-0.1191629438;-0.1041020646;-0.0890336011
6.3700931677;-5.3480163218;-9.5304327782;-7.9001979994;-9.5272441383;-9.6309315852;-1.2158647567;-2.0090763290;-1.6343324654;-1.9167338689;-2.0112649175;-0.0352192133;-0.0801278573;-0.1171547362;-0.1020958264;-0.0900354649
6.3800930233;-5.4532233129;-9.4588656633;-8.1212676783;-9.6681197279;-9.5924153550;-1.2159221781;-1.9905295363;-1.6693720390;-1.9382908117;-2.0030218656;-0.0342155472;-0.0821319038;-0.1151465577;-0.1005923641;-0.0900354649
6.3900928793;-5.5655196573;-9.3958154762;-8.1820119034;-9.7746893459;-9.5517291963;-1.2241652402;-1.9720209643;-1.6868323004;-1.9579394457;-1.9948106647;-0.0332118957;-0.0841359504;-0.1131384084;-0.0990896716;-0.0910372997
6.4000927357;-5.6637057151;-9.2748540263;-8.3395805349;-9.9412313555;-9.5018208416;-1.2344977124;-1.9534741107;-1.7126481676;-1.9826686035;-1.9906573361;-0.0322082587;-0.0861307190;-0.1121343483;-0.0980850792;-0.0920391199
6.4100925926;-5.7765109427;-9.1333517757;-8.4488007040;-10.0030743167;-9.4454027016;-1.2468623064;-1.9349272564;-1.7311544598;-2.0053052212;-1.9824142833;-0.0312046362;-0.0871420062;-0.1091222112;-0.0950836023;-0.0930409257
6.4200924499;-5.8746774278;-9.0280553527;-8.5782107808;-10.1462895953;-9.3678277590;-1.2613447566;-1.9183650985;-1.7497609583;-2.0259128541;-1.9741712301;-0.0291974199;-0.0891460531;-0.1081181799;-0.0940805722;-0.0940427172
6.4300923077;-5.9734395590;-8.8891835386;-8.7014052485;-10.2298318411;-9.2967626019;-1.2819524147;-1.8957347711;-1.7744901772;-2.0444280444;-1.9638357331;-0.0271902323;-0.0911408647;-0.1061101460;-0.0920791204;-0.0950444943
6.4400921659;-6.1404890954;-8.7568298192;-8.8062382391;-10.3160864975;-9.2338346764;-1.3025885199;-1.8751271852;-1.7992193969;-2.0609141520;-1.9493787575;-0.0241794939;-0.0921613307;-0.1041021408;-0.0910776431;-0.0960462571
6.4500920245;-6.3167633759;-8.6277076948;-8.9671409309;-10.3969163328;-9.1215408784;-1.3273177112;-1.8545195983;-1.8239233702;-2.0774002602;-1.9349534371;-0.0221723635;-0.0951489872;-0.1020941642;-0.0900761778;-0.0980497542
6.4600918836;-6.4827590547;-8.4465288886;-9.0822775536;-10.4858833998;-9.0521031676;-1.3541644099;-1.8297526226;-1.8466170506;-2.0917940707;-1.9164380511;-0.0201652616;-0.0961602038;-0.1000862161;-0.0890747242;-0.0980497542
6.4700917431;-6.6763921022;-8.2865449518;-9.1999462125;-10.5477263610;-8.9539139047;-1.3850475632;-1.8071220589;-1.8692603147;-2.1041271903;-1.9020126814;-0.0161511145;-0.0981642511;-0.0990822562;-0.0880747997;-0.1000531946
6.4800916031;-6.8641268591;-8.1600525228;-9.3030360040;-10.5802752879;-8.8454174815;-1.4180481376;-1.7844159844;-1.8898931316;-2.1123702453;-1.8875558968;-0.0131405466;-0.1001682985;-0.0970743647;-0.0880732848;-0.1020566067
6.4900914634;-7.0826728917;-8.0325480772;-9.4522625876;-10.5857001091;-8.7548229681;-1.4531094146;-1.7617476637;-1.9145972615;-2.1205819339;-1.8710697862;-0.0101300210;-0.1021631950;-0.0960704331;-0.0870733792;-0.1030582987
6.5000913242;-7.2774089409;-7.9078088706;-9.5499451681;-10.5379616829;-8.6707382402;-1.4922921823;-1.7391545074;-1.9352049480;-2.1247034617;-1.8545836751;-0.0071195375;-0.1031743559;-0.0940625980;-0.0870733792;-0.1040599767
6.5100911854;-7.5096884925;-7.8074812632;-9.6302762737;-10.4728638290;-8.5579019601;-1.5314467213;-1.7205325946;-1.9537268303;-2.1287937182;-1.8360367757;-0.0041090962;-0.1051784036;-0.0930586944;-0.0870733792;-0.1060633047
6.5200910470;-7.6827961019;-7.7033463219;-9.7430740941;-10.4077659751;-8.4450656800;-1.5747228371;-1.6979017397;-1.9702129805;-2.1287937182;-1.8174898757;-0.0000952302;-0.1071733419;-0.0920548048;-0.0870733792;-0.1070649547
6.5300909091;-7.9441985677;-7.6436341169;-9.7871085799;-10.3117466406;-8.3712881122;-1.6179989542;-1.6793923458;-1.9866492482;-2.1267017536;-1.8030645506;0.0039185801;-0.1081753658;-0.0910509292;-0.0870748827;-0.1080665909
6.5400907716;-8.2874252510;-7.5606116885;-9.8619631739;-10.2260344663;-8.2204780840;-1.6612750725;-1.6628689144;-1.9969780152;-2.1225490956;-1.7845176495;0.0069288962;-0.1091864716;-0.0900470674;-0.0880762427;-0.1100698354
6.5500906344;-8.4616274754;-7.5047085249;-9.9151521557;-10.1500869701;-8.1412756951;-1.7025183789;-1.6443594059;-2.0072818411;-2.1122141681;-1.7700923232;0.0109425955;-0.1111814514;-0.0890432195;-0.0890760924;-0.1110714439
6.5600904977;-8.7015155094;-7.4179623947;-9.9813110334;-10.1262177570;-8.0278969329;-1.7478273130;-1.6299341165;-2.0196216264;-2.0977887944;-1.7536372446;0.0139528286;-0.1121834755;-0.0880393854;-0.0890790857;-0.1120730386
6.5700903614;-9.0318409310;-7.3273828428;-10.0268971991;-10.0524401892;-7.9356749732;-1.7890426474;-1.6155088265;-2.0278399112;-2.0854242081;-1.7391498920;0.0179664178;-0.1131854995;-0.0880393854;-0.0910802425;-0.1140762005
6.5800902256;-9.2868669181;-7.2319795535;-10.0367417084;-9.9710678718;-7.8667797445;-1.8302579831;-1.5990598793;-2.0340222371;-2.0709678909;-1.7206339779;0.0209765684;-0.1141875236;-0.0880393854;-0.0920815567;-0.1150777678
6.5900900901;-9.5595992183;-7.1798818949;-10.0491633370;-9.8555191812;-7.8380281924;-1.8714733201;-1.5866953200;-2.0381437754;-2.0545126710;-1.7041478617;0.0239866781;-0.1151895478;-0.0880393854;-0.0930843495;-0.1160793214
6.6000899550;-9.7837148138;-7.1316206499;-9.9782797572;-9.7421404190;-7.7604532498;-1.9126608932;-1.5764285680;-2.0401798461;-2.0421480834;-1.6897225326;0.0280001031;-0.1161825717;-0.0880393854;-0.0950869324;-0.1170808614
6.6100898204;-9.9741199624;-7.0736060204;-9.9082279648;-9.6000101046;-7.6769110040;-1.9497546987;-1.5661247401;-2.0401798461;-2.0276919037;-1.6732672193;0.0300067885;-0.1161915585;-0.0880393854;-0.0972292198;-0.1180823878
6.6200896861;-10.1396241587;-7.0497854846;-9.8496445186;-9.4238224392;-7.6242902387;-1.9889092930;-1.5578816996;-2.0401798461;-1.9987979983;-1.6609026309;0.0330167758;-0.1171846094;-0.0880393854;-0.1000948251;-0.1190839007
6.6300895522;-10.3208538548;-7.0313880079;-9.7905304366;-9.3358998190;-7.5445453677;-2.0259754597;-1.5496755133;-2.0380944886;-1.9813649023;-1.6505988298;0.0360267226;-0.1171846094;-0.0880393854;-0.1020825850;-0.1200854001
6.6400894188;-10.5849558107;-7.0525302340;-9.7368008635;-9.1937947284;-7.4989768700;-2.0589201344;-1.5455907925;-2.0360337374;-1.9493395872;-1.6382342406;0.0380333268;-0.1171846094;-0.0880393854;-0.1041057883;-0.1200854001
6.6500892857;-10.7759423774;-7.0840409245;-9.7112851597;-9.0424555082;-7.4344545469;-2.0898592220;-1.5435300048;-2.0318877017;-1.9225220341;-1.6279304387;0.0410431929;-0.1171846094;-0.0880408635;-0.1061112430;-0.1210868727
6.6600891530;-10.9277556259;-7.1735334780;-9.6387223491;-8.8796680693;-7.4019017833;-2.1227764626;-1.5435300048;-2.0236446235;-1.8936988101;-1.6156269996;0.0430497435;-0.1171846094;-0.0890430705;-0.1091193850;-0.1220883319
6.6700890208;-11.0314251789;-7.2266781729;-9.5692914289;-8.7147857214;-7.3720715315;-2.1495664584;-1.5456274287;-2.0133407574;-1.8689421248;-1.6094141515;0.0440530055;-0.1171846094;-0.0900452663;-0.1111247863;-0.1220883319
6.6800888889;-11.1465228550;-7.2657440672;-9.5160972760;-8.5558044563;-7.3275887337;-2.1763564549;-1.5497489500;-2.0050489027;-1.8421796055;-1.6032623637;0.0460595028;-0.1171846094;-0.0910474510;-0.1131301610;-0.1220883319
6.6900887574;-11.2630828758;-7.3069790674;-9.4607544463;-8.3866025989;-7.3275493770;-2.2010308725;-1.5539069994;-1.9906235327;-1.8153896082;-1.5991408333;0.0470627382;-0.1171757287;-0.0921909848;-0.1151355091;-0.1220883319
6.7000886263;-11.3304559442;-7.3471178830;-9.3978427228;-8.2905281373;-7.3584473138;-2.2174896570;-1.5621135684;-1.9762224784;-1.7969089239;-1.5971408807;0.0480659603;-0.1161825717;-0.0940554456;-0.1161374125;-0.1220883319
6.7100884956;-11.3695131952;-7.4111427038;-9.3251803421;-8.1435310593;-7.3964046404;-2.2318877349;-1.5683322982;-1.9638578595;-1.7782473529;-1.5971104856;0.0490691693;-0.1161737171;-0.0950590775;-0.1171407784;-0.1220883319
6.7200883652;-11.3875355690;-7.4892576647;-9.2422739277;-7.9910879827;-7.4658291078;-2.2401308055;-1.5765753420;-1.9494082080;-1.7493966372;-1.5992015790;0.0490691693;-0.1151716925;-0.0970663150;-0.1191430942;-0.1220883319
6.7300882353;-11.2797595034;-7.6431963762;-8.9848851837;-7.7005261369;-7.6111417077;-2.2545017693;-1.5972012692;-1.9205815312;-1.6958830425;-1.6053778454;0.0490691693;-0.1131691015;-0.0990720525;-0.1231447461;-0.1220883319
6.7500734214;-11.2789649685;-7.6438901258;-8.9838876595;-7.6989950636;-7.6116672652;-2.2545017693;-1.5973277282;-1.9204124203;-1.6956297503;-1.6054200608;0.0490691693;-0.1131588532;-0.0990911201;-0.1231652242;-0.1220795481
6.7501756955;-11.1977444450;-7.7040724402;-8.8842344337;-7.5479093638;-7.6714347484;-2.2565625570;-1.6096200403;-1.9040471660;-1.6711178081;-1.6095355571;0.0490691693;-0.1121656182;-0.1010806723;-0.1251499109;-0.1210869912
6.7600878477;-11.1088067283;-7.7773360229;-8.7546622525;-7.4577801351;-7.7164717324;-2.2565625570;-1.6261061304;-1.8855243557;-1.6484795363;-1.6177484913;0.0490691693;-0.1111548036;-0.1030878053;-0.1271521398;-0.1210869912
6.7700877193;-11.0485304688;-7.8695673898;-8.7023765419;-7.3324706060;-7.7615079080;-2.2544476172;-1.6446530088;-1.8690141271;-1.6299326667;-1.6219001072;0.0480660386;-0.1091595308;-0.1040913589;-0.1291543471;-0.1200856764
6.7800875912;-10.9677531903;-7.9645253742;-8.6296720837;-7.2370053420;-7.7864745441;-2.2461775087;-1.6652967242;-1.8484064252;-1.6072642210;-1.6301732110;0.0460598032;-0.1081575059;-0.1060984401;-0.1311550843;-0.1190843746
6.7900874636;-10.8798229076;-8.0903802915;-8.4936502332;-7.1095390240;-7.8282301954;-2.2337859032;-1.6859403354;-1.8277987229;-1.5887173501;-1.6404170247;0.0450566984;-0.1071554810;-0.1071019679;-0.1321561665;-0.1190843746
6.8000873362;-10.7757589196;-8.2010244231;-8.3824872597;-7.0400888415;-7.8759671216;-2.2152389706;-1.7064760108;-1.8071910201;-1.5702004319;-1.6466292975;0.0430505145;-0.1061447173;-0.1091089977;-0.1331586824;-0.1180830984
6.8100872093;-10.6352866431;-8.3084704154;-8.2490708327;-7.0004419867;-7.9150243382;-2.1986989876;-1.7250228916;-1.7865593889;-1.5557750917;-1.6549022713;0.0410443562;-0.1041406673;-0.1111160018;-0.1351593617;-0.1170818350
6.8200870827;-10.5001620560;-8.4240252360;-8.1208967948;-6.9049952161;-7.9958364794;-2.1760036769;-1.7414373058;-1.7639387184;-1.5414094841;-1.6672370011;0.0390382234;-0.1001412340;-0.1121194911;-0.1361604119;-0.1160805843
6.8300869565;-10.3656031637;-8.5417060034;-8.0209668183;-6.8393448127;-8.0907670741;-2.1471797620;-1.7537959637;-1.7474525549;-1.5310758086;-1.6755098888;0.0370321161;-0.0971307325;-0.1131229677;-0.1371600133;-0.1150793463
6.8400868307;-10.1715126657;-8.6100774510;-7.9017977966;-6.7845756240;-8.1775766044;-2.1203629522;-1.7723370024;-1.7309663910;-1.5207719993;-1.6878744859;0.0340229932;-0.0961228773;-0.1151298954;-0.1371614494;-0.1140781211
6.8500867052;-10.0033796542;-8.7185048473;-7.8147887954;-6.7417187011;-8.2524238352;-2.0894246436;-1.7795403705;-1.7124194390;-1.5104979268;-1.7002390833;0.0320169366;-0.0951186648;-0.1161333466;-0.1381610338;-0.1130769084
6.8600865801;-9.7625570007;-8.7299641551;-7.7567109556;-6.7449052477;-8.3067081904;-2.0564523485;-1.7909225229;-1.6980178176;-1.5022845559;-1.7126036811;0.0290078896;-0.0941144576;-0.1171367851;-0.1381610338;-0.1120757084
6.8700864553;-9.6126784474;-8.8129208514;-7.6500046184;-6.7768964007;-8.3805003488;-2.0255408403;-1.8074739173;-1.6835686847;-1.4961022355;-1.7270290670;0.0259988803;-0.0931037670;-0.1191436371;-0.1381610338;-0.1110745209
6.8800863309;-9.3714126735;-8.8927513844;-7.5669679314;-6.8219163480;-8.4249915466;-1.9925685435;-1.8259882025;-1.6670825193;-1.4940710994;-1.7393936655;0.0229899087;-0.0911040064;-0.1191436371;-0.1381610338;-0.1100733460
6.8900862069;-9.1625169259;-9.0174722612;-7.5240110348;-6.8696617101;-8.5090289130;-1.9595696359;-1.8445351051;-1.6506436599;-1.4940415329;-1.7517582644;0.0199809746;-0.0901005290;-0.1211504389;-0.1381610338;-0.1080710210
6.9000860832;-8.9666119136;-9.1308835396;-7.4470583375;-6.9293233502;-8.6148023152;-1.9204150123;-1.8630820083;-1.6403161697;-1.4920398358;-1.7641228637;0.0169720779;-0.0890970535;-0.1211504389;-0.1381610338;-0.1070698710
6.9100859599;-8.7497404737;-9.2345246143;-7.3742447256;-7.0150180694;-8.6712769133;-1.8812338539;-1.8815964818;-1.6279751303;-1.4941005813;-1.7785187691;0.0129602655;-0.0880864125;-0.1221538149;-0.1381610338;-0.1070698710
6.9200858369;-8.5458411656;-9.3630275673;-7.3324985820;-7.0611565265;-8.7482812319;-1.8420792662;-1.8960542407;-1.6197320468;-1.5002829024;-1.7888520633;0.0099514434;-0.0860937847;-0.1231571784;-0.1381596141;-0.1050676206
6.9300857143;-8.3391988961;-9.4243542407;-7.2825946836;-7.1148759822;-8.8404926010;-1.8008638897;-1.9104472323;-1.6115124814;-1.5044632315;-1.8032774514;0.0069426583;-0.0860794903;-0.1231571784;-0.1371586789;-0.1040665078
6.9400855920;-8.1724486789;-9.5149200074;-7.2479347381;-7.1707448456;-8.9207913927;-1.7617092999;-1.9248726082;-1.6053301517;-1.5147376885;-1.8156714080;0.0039339103;-0.0840868299;-0.1241605173;-0.1361577538;-0.1030654072
6.9500854701;-7.9923639343;-9.5919353779;-7.2466773608;-7.2407212932;-8.9858771692;-1.7225810917;-1.9351441634;-1.5991243706;-1.5250708578;-1.8300381267;0.0009251992;-0.0840797030;-0.1241605173;-0.1351568391;-0.1020643189
6.9600853485;-7.6861708881;-9.6163300318;-7.2320553010;-7.2960333348;-9.0645318408;-1.6854872500;-1.9454158106;-1.5908812863;-1.5374061867;-1.8403419820;-0.0020834751;-0.0830762399;-0.1241605173;-0.1341559345;-0.1010632429
6.9700852273;-7.5308738467;-9.6391126772;-7.2569100678;-7.3763320964;-9.1350742247;-1.6483934073;-1.9516302822;-1.5847223744;-1.5477685043;-1.8506458376;-0.0050921128;-0.0820798854;-0.1241605173;-0.1331536305;-0.1010632429
6.9800851064;-7.3469582482;-9.6483394214;-7.2976144473;-7.4940341799;-9.1790138072;-1.6112995636;-1.9598412334;-1.5826849715;-1.5621938528;-1.8609788830;-0.0081007138;-0.0820798854;-0.1241605173;-0.1311532696;-0.1000621913
6.9900849858;-7.1688670576;-9.6743631484;-7.3480721858;-7.5786946207;-9.2392180638;-1.5762665068;-1.9639627635;-1.5827082902;-1.5786508411;-1.8712535494;-0.0111092784;-0.0820727989;-0.1241605173;-0.1301509899;-0.0990611517
7.0000848656;-6.9529843554;-9.6873619847;-7.4006638242;-7.7082666361;-9.2777516543;-1.5412596454;-1.9701450814;-1.5868298327;-1.5931344460;-1.8794966180;-0.0131149639;-0.0810764203;-0.1241605173;-0.1281506655;-0.0990611517
7.0100847458;-6.7485237162;-9.6862655262;-7.4647016071;-7.8173199652;-9.3070494782;-1.5083134969;-1.9763273994;-1.5930121630;-1.6158029057;-1.8898004745;-0.0151206252;-0.0810764203;-0.1241605173;-0.1271484098;-0.0980601364
7.0200846262;-6.5981493154;-9.6526102402;-7.5059326287;-7.9399345571;-9.3618244454;-1.4794888494;-1.9804170021;-1.5991944934;-1.6364105782;-1.8980145183;-0.0171262624;-0.0810764203;-0.1241605173;-0.1251467220;-0.0980601364
7.0300845070;-6.4316024927;-9.5961715286;-7.5439065097;-8.0462649085;-9.3927647052;-1.4547596171;-1.9824777898;-1.6012552485;-1.6590790390;-1.9021360530;-0.0191318755;-0.0810764203;-0.1231572879;-0.1230051947;-0.0970591451
7.0400843882;-6.3056611542;-9.5251056674;-7.6089686846;-8.2258099518;-9.4128365673;-1.4320911720;-1.9824459518;-1.6053767914;-1.6920369672;-1.9062575877;-0.0211374647;-0.0810764203;-0.1221540705;-0.1201411490;-0.0970591451
7.0500842697;-6.2133822930;-9.4572878533;-7.6405065884;-8.3587513371;-9.4404942135;-1.4074139640;-1.9783244210;-1.6115591221;-1.7126446618;-1.9103791226;-0.0221402474;-0.0810764203;-0.1211508651;-0.1181367058;-0.0970591451
7.0600841515;-6.0940614385;-9.3965747525;-7.7049593642;-8.4943048929;-9.4340135615;-1.3888670202;-1.9742028901;-1.6198253306;-1.7353391209;-1.9145006575;-0.0231430181;-0.0810764203;-0.1201476716;-0.1161322864;-0.0970591451
7.0700840336;-6.0131838298;-9.3759566449;-7.7689390386;-8.6575743267;-9.3917327352;-1.3724068038;-1.9680205713;-1.6280914747;-1.7579816279;-1.9165325827;-0.0241457769;-0.0810834276;-0.1201476716;-0.1141278908;-0.0970591451
7.0800839161;-5.9540843961;-9.3526261373;-7.8145656769;-8.8072891861;-9.3342325581;-1.3600421861;-1.9618382524;-1.6404561044;-1.7806760155;-1.9165613646;-0.0251485239;-0.0820868668;-0.1191445018;-0.1121235189;-0.0970591451
7.0900837989;-5.9323374914;-9.3287614807;-7.8736719607;-8.9169880208;-9.2913697307;-1.3497900911;-1.9576851052;-1.6548815222;-1.8053793838;-1.9206541581;-0.0261512590;-0.0830833164;-0.1171381860;-0.1101191706;-0.0970591451
7.1000836820;-5.9474291136;-9.3037619811;-7.9604426787;-9.0519890557;-9.2398353700;-1.3415211447;-1.9494420423;-1.6693069401;-1.8280478686;-1.9185646686;-0.0261512590;-0.0830902943;-0.1161350398;-0.1091170082;-0.0970591451
7.1100835655;-5.9897087464;-9.2365048353;-8.0417886475;-9.1459066952;-9.1850424078;-1.3333038613;-1.9411989793;-1.6816715707;-1.8486555662;-1.9144717949;-0.0261512590;-0.0840937277;-0.1151319055;-0.1071127070;-0.0970591451
7.1200834492;-6.0548096691;-9.1757468970;-8.1241709471;-9.2581458720;-9.1573535779;-1.3271472938;-1.9308951282;-1.6960969892;-1.8712982921;-1.9144717949;-0.0261512590;-0.0850971591;-0.1141287828;-0.1061105681;-0.0970591451
7.1300833333;-6.1101518090;-9.1301596477;-8.2137472129;-9.3500760704;-9.1334991322;-1.3271472938;-1.9205598363;-1.7105224080;-1.8846671488;-1.9102930548;-0.0261512590;-0.0861005886;-0.1131256718;-0.1051091518;-0.0970591451
7.1400832178;-6.1773887353;-9.0422671103;-8.3021787212;-9.4577609770;-9.0792656479;-1.3292594585;-1.9102874254;-1.7249249928;-1.8980996642;-1.9041393136;-0.0251485825;-0.0871040162;-0.1121225725;-0.1041063600;-0.0980600066
7.1500831025;-6.2349111125;-8.9717557888;-8.3970494404;-9.5576161700;-9.0488541707;-1.3375025383;-1.8999522200;-1.7373352613;-1.9145858081;-1.9000177776;-0.0241459175;-0.0881074418;-0.1101163972;-0.1021063024;-0.0980600066
7.1600829876;-6.2788890237;-8.9001324974;-8.5099455472;-9.6622939843;-9.0260816893;-1.3457712359;-1.8896484113;-1.7538214371;-1.9310719524;-1.8958677776;-0.0231432642;-0.0891108655;-0.1091133211;-0.1011055961;-0.0990608450
7.1700828729;-6.3477476156;-8.8100581231;-8.6195162346;-9.7469477909;-8.9653302831;-1.3581614384;-1.8751917597;-1.7703076132;-1.9475580972;-1.8876531299;-0.0221406224;-0.0901142873;-0.1081102565;-0.1001048993;-0.0990608450
7.1800827586;-6.4767837065;-8.7080813342;-8.7344722449;-9.8158644064;-8.9360200686;-1.3746475993;-1.8607664179;-1.7867710813;-1.9619834546;-1.8835032081;-0.0201353618;-0.0911246083;-0.1061041505;-0.0991042121;-0.1000616603
7.1900826446;-6.5733559825;-8.6191375204;-8.8175184371;-9.8760792606;-8.9029279156;-1.3911592723;-1.8443114690;-1.8011965017;-1.9784412538;-1.8752601353;-0.0181301243;-0.0931176611;-0.1051011090;-0.0979622617;-0.1010624642
7.2000825309;-6.7084122965;-8.5366631891;-8.8404519211;-9.9162712168;-8.8199793818;-1.4117669743;-1.8298549452;-1.8156445683;-1.9949189465;-1.8670170623;-0.0161249096;-0.0931314254;-0.1040980790;-0.0961008088;-0.1020632566
7.2100824176;-6.8516307214;-8.4477118616;-8.9251623525;-9.9662402696;-8.7651608308;-1.4344354645;-1.8154606975;-1.8300473432;-2.0031160405;-1.8608630454;-0.0141197179;-0.0951313811;-0.1030950604;-0.0961008088;-0.1020632566
7.2200823045;-6.9921658888;-8.3538640326;-9.0414363343;-9.9829900679;-8.6946505249;-1.4550685745;-1.8051568867;-1.8424119766;-2.0093244902;-1.8546242611;-0.0121145489;-0.0961347934;-0.1025939081;-0.0960994474;-0.1030640262
7.2300821918;-7.1640295130;-8.2795514922;-9.1245343765;-9.9894998700;-8.6571842068;-1.4798231908;-1.7927922878;-1.8547766102;-2.0155067761;-1.8464094174;-0.0091068295;-0.0981388820;-0.1020920758;-0.0951001673;-0.1040647845
7.2400820793;-7.3344142928;-8.1580926407;-9.2102672036;-9.9998012223;-8.5818112169;-1.5086993139;-1.7721929835;-1.8671187218;-2.0237216971;-1.8381663435;-0.0071017059;-0.0991464180;-0.1010904634;-0.0951001673;-0.1050655315
7.2500819672;-7.5177255795;-8.0968576926;-9.2638458026;-9.9667629153;-8.5080430477;-1.5395855502;-1.7629564632;-1.8774450906;-2.0257543320;-1.8278343673;-0.0040940544;-0.1001505115;-0.1000888604;-0.0951001673;-0.1060662672
7.2600818554;-7.7281059887;-8.0343505485;-9.3361555168;-9.8659061616;-8.4608397763;-1.5725831810;-1.7536068176;-1.8918705127;-2.0257543320;-1.8154978320;-0.0010864368;-0.1011477744;-0.0990872668;-0.0951001673;-0.1060662672
7.2700817439;-7.9197880188;-7.9573513777;-9.3600654520;-9.8154479219;-8.4071347156;-1.6055807437;-1.7371515256;-1.9042351474;-2.0257543320;-1.8092875073;0.0019211471;-0.1011545910;-0.0980856825;-0.0951001673;-0.1070669804
7.2800816327;-8.2395231865;-7.9036257784;-9.4050426440;-9.7498537747;-8.3220151103;-1.6405886265;-1.7247869250;-1.9165773824;-2.0236375446;-1.7990116828;0.0039261807;-0.1021579921;-0.0970854592;-0.0951001673;-0.1080676825
7.2900815217;-8.4154838560;-7.8206687647;-9.4593487678;-9.6934152539;-8.2829516413;-1.6715253345;-1.7124223240;-1.9268812602;-2.0174832193;-1.7887078201;0.0069336974;-0.1031613913;-0.0970841094;-0.0951015157;-0.1090683733
7.3000814111;-8.6194661575;-7.7609957319;-9.4843578264;-9.6418923054;-8.2091768415;-1.7106548628;-1.6979969350;-1.9351243505;-2.0133337578;-1.7804647450;0.0099411807;-0.1041647887;-0.0960839010;-0.0961020898;-0.1090683733
7.3100813008;-8.8253680245;-7.7241069481;-9.5114993111;-9.5989928511;-8.1473323190;-1.7457130796;-1.6856323333;-1.9412843443;-2.0071514702;-1.7701329958;0.0129486307;-0.1051614046;-0.0960839010;-0.0971013099;-0.1100690420
7.3200811908;-9.0078431411;-7.6850482357;-9.5489163420;-9.5409529300;-8.0849294923;-1.7786603143;-1.6732677313;-1.9454058896;-1.9989083946;-1.7598570187;0.0159560473;-0.1051681751;-0.0960839010;-0.0971026528;-0.1100690420
7.3300810811;-9.1770850687;-7.6606365405;-9.5376848479;-9.4899365245;-8.0561663502;-1.8116576771;-1.6629945087;-1.9495051862;-1.9906653189;-1.7516139430;0.0179609697;-0.1061715669;-0.0960825586;-0.0981031992;-0.1110696885
7.3400809717;-9.3696559099;-7.6351398811;-9.5165766243;-9.4508519167;-8.0496363959;-1.8466407726;-1.6547819910;-1.9495274050;-1.9803336818;-1.7433708671;0.0209683201;-0.1071682047;-0.0950823798;-0.0993876497;-0.1120703240
7.3500808625;-9.5195188140;-7.6123556322;-9.4667024282;-9.3744134958;-8.0116941217;-1.8775773154;-1.6506909664;-1.9495051862;-1.9617700628;-1.7351555270;0.0239756375;-0.1071682047;-0.0950823798;-0.1021080320;-0.1120703240
7.3600807537;-9.8731137929;-7.5874014549;-9.3376971284;-9.2019484516;-7.9520553448;-1.9434779361;-1.6506660375;-1.9495051862;-1.9308805402;-1.7207134309;0.0259777809;-0.1081715983;-0.0950823798;-0.1051109080;-0.1140702062
7.3800672043;-10.0373221258;-7.6052532060;-9.2758666707;-9.1031793862;-7.9103069512;-1.9743508176;-1.6486301786;-1.9495051862;-1.9195874763;-1.7145532565;0.0279799061;-0.1081715983;-0.0950823798;-0.1061061402;-0.1140715403
7.3900671141;-10.0385598778;-7.6053910992;-9.2754585937;-9.1018429130;-7.9100170353;-1.9745825772;-1.6486301786;-1.9495051862;-1.9195296340;-1.7145146560;0.0299846970;-0.1081715983;-0.0950823798;-0.1061154358;-0.1140715403
7.3901606426;-10.1423277912;-7.6400222201;-9.2415374791;-9.0000519693;-7.8809298960;-2.0011986807;-1.6465390446;-1.9474223285;-1.8978861781;-1.7083654351;0.0319894879;-0.1081715983;-0.0950823798;-0.1071172704;-0.1140715403
7.4000803213;-10.3001988330;-7.6839632715;-9.2100733750;-8.8720845238;-7.8635447828;-2.0279390976;-1.6445086032;-1.9433007826;-1.8814000091;-1.7021831088;0.0339942571;-0.1081715983;-0.0950837097;-0.1091209179;-0.1140715403
7.4100802139;-10.4048767865;-7.7284468050;-9.1824009739;-8.7565058638;-7.8429347017;-2.0485468093;-1.6445086032;-1.9391572255;-1.8690753394;-1.6980615701;0.0359990046;-0.1081715983;-0.0960851655;-0.1101147798;-0.1140715403
7.4200801068;-10.5280693805;-7.7778126775;-9.1628318313;-8.6442716299;-7.8342265578;-2.0691545215;-1.6465693909;-1.9329749210;-1.8442813651;-1.6939400314;0.0370013676;-0.1081715983;-0.0970852859;-0.1121263245;-0.1140715403
7.4300800000;-10.6235591452;-7.8130740151;-9.1189501009;-8.5065150556;-7.8412533058;-2.0917983252;-1.6465995756;-1.9247318286;-1.8236983490;-1.6898459331;0.0380037198;-0.1081715983;-0.0970866105;-0.1131281159;-0.1140715403
7.4400798935;-10.7049761642;-7.8391131566;-9.0636252418;-8.4093794059;-7.8672754917;-2.1061990443;-1.6506909664;-1.9164887361;-1.8072121786;-1.6877851454;0.0390060613;-0.1081649359;-0.0980880394;-0.1151316772;-0.1140715403
7.4500797872;-10.7575927830;-7.8575575485;-9.0066983065;-8.2981548609;-7.9030694717;-2.1185883033;-1.6507210708;-1.9082237493;-1.7906767460;-1.6898459331;0.0400083921;-0.1071682192;-0.0990881382;-0.1171352172;-0.1140715403
7.4600796813;-10.7869186538;-7.8825117259;-8.9508675187;-8.1712661767;-7.9356170597;-2.1329644901;-1.6548426064;-1.8979198978;-1.7680574735;-1.6898459331;0.0400083921;-0.1071615744;-0.0990894575;-0.1181369765;-0.1140715403
7.4700795756;-10.8178296231;-7.9183155455;-8.9154230005;-8.0876870528;-7.9828003829;-2.1411830102;-1.6589641420;-1.8876160461;-1.7515713021;-1.6898459331;0.0410107015;-0.1061648437;-0.1000908597;-0.1191387252;-0.1140715403
7.4800794702;-10.8001135079;-7.9546618473;-8.8590610349;-8.0008883534;-8.0251211238;-2.1453045531;-1.6651764504;-1.8752732136;-1.7329998094;-1.6919339799;0.0410107015;-0.1061582165;-0.1010922530;-0.1211422013;-0.1140715403
7.4900793651;-10.7344835386;-7.9969754523;-8.7740315736;-7.9189072737;-8.0668909219;-2.1494015954;-1.6734195221;-1.8649257757;-1.7186384601;-1.6960282963;0.0410107015;-0.1051548533;-0.1020936375;-0.1221360615;-0.1140715403
7.5000792602;-10.6693833943;-8.0436289143;-8.6802155184;-7.8277575676;-8.0913350207;-2.1494015954;-1.6816326881;-1.8526046638;-1.6980156786;-1.6981162712;0.0410107015;-0.1041514918;-0.1030937008;-0.1231456351;-0.1140715403
7.5100791557;-10.6031562447;-8.0967921616;-8.6171892819;-7.7263652901;-8.1087015072;-2.1473163715;-1.6878448784;-1.8443398491;-1.6887717789;-1.7022378108;0.0410107015;-0.1031481321;-0.1030963221;-0.1241466672;-0.1140715403
7.5200790514;-10.5223409822;-8.1597200871;-8.5439036685;-7.6525623798;-8.1341813803;-2.1431948282;-1.6981785656;-1.8340359962;-1.6773727443;-1.7063593505;0.0400084449;-0.1021447741;-0.1050977295;-0.1251463908;-0.1140715403
7.5300789474;-10.4485695618;-8.2047461027;-8.4604562235;-7.5863318881;-8.1759469584;-2.1369637531;-1.7084823866;-1.8216930194;-1.6629744527;-1.7104808903;0.0390061987;-0.1011414179;-0.1060990789;-0.1251476967;-0.1140715403
7.5400788436;-10.3656576047;-8.2606217606;-8.4013031050;-7.5418119876;-8.2046971739;-2.1266599104;-1.7187564590;-1.8134282898;-1.6506368774;-1.7146024302;0.0370017274;-0.1001380634;-0.1070991142;-0.1261480554;-0.1130711188
7.5500787402;-10.2955893034;-8.3143274901;-8.3470630197;-7.4637253056;-8.2513479064;-2.1142952798;-1.7290603197;-1.8010636485;-1.6403060007;-1.7187239702;0.0370017274;-0.0991347106;-0.1071004179;-0.1271484055;-0.1130711188
7.5600786370;-10.2050113506;-8.3886475400;-8.2743924294;-7.4192194496;-8.3001532364;-2.0998455849;-1.7393641805;-1.7886990070;-1.6279683541;-1.7228724840;0.0349972976;-0.0971306231;-0.1081017413;-0.1281487468;-0.1120707182
7.5700785340;-10.0672332389;-8.4624251077;-8.1961691743;-7.3661063514;-8.3191945107;-2.0812986223;-1.7537842293;-1.7763559160;-1.6217860614;-1.7290278382;0.0329928886;-0.0961233218;-0.1091030560;-0.1291477805;-0.1120707182
7.5800784314;-9.9393031140;-8.5519346568;-8.1289012605;-7.3210844600;-8.3419620896;-2.0647882342;-1.7640880976;-1.7660520337;-1.6135429809;-1.7310885908;0.0309885003;-0.0951238866;-0.1101043621;-0.1291490779;-0.1110703381
7.5900783290;-9.8161697690;-8.6262547067;-8.0671329823;-7.3009472844;-8.3782903751;-2.0441563335;-1.7723378844;-1.7557266567;-1.6053267683;-1.7352369993;0.0289841326;-0.0951238866;-0.1111056596;-0.1301480978;-0.1110703381
7.6000782269;-9.6502218747;-8.6978623460;-8.0156246288;-7.3047433021;-8.4124890082;-2.0214878574;-1.7805836601;-1.7413012266;-1.5991176069;-1.7414192925;0.0269797855;-0.0951238866;-0.1121069486;-0.1301480978;-0.1100699787
7.6100781250;-9.5431760903;-8.7678425389;-7.9970666588;-7.2933539805;-8.4477074315;-1.9967585932;-1.7909210054;-1.7289580226;-1.5929353136;-1.7475747876;0.0249754589;-0.0951199800;-0.1131069354;-0.1301493901;-0.1100699787
7.6200780234;-9.4163263213;-8.8026406069;-7.9865744413;-7.3339903541;-8.5057448058;-1.9720052413;-1.7991004841;-1.7186541397;-1.5868065469;-1.7517230918;0.0229711528;-0.0946192935;-0.1131082273;-0.1311483894;-0.1090696397
7.6300779221;-9.2325426119;-8.8351616847;-7.9275956346;-7.3828096903;-8.5518710874;-1.9452152196;-1.8053542878;-1.7104324273;-1.5847190305;-1.7579053855;0.0209668671;-0.0941140611;-0.1141094906;-0.1311483894;-0.1090696397
7.6400778210;-9.0594531736;-8.9013345985;-7.8533966571;-7.4381360619;-8.5708856461;-1.9163403848;-1.8177188791;-1.7042500919;-1.5806508779;-1.7640876794;0.0179604691;-0.0931133433;-0.1151094569;-0.1311483894;-0.1080693211
7.6500777202;-8.8870839034;-8.9485269800;-7.7986304851;-7.4885938960;-8.6012605548;-1.8833440363;-1.8279880255;-1.7001285440;-1.5847457592;-1.7702699735;0.0159562241;-0.0921216979;-0.1151094569;-0.1311483894;-0.1070690126
7.6600776197;-8.6857544249;-9.0011483972;-7.7893283875;-7.5179293270;-8.6321807095;-1.8503956743;-1.8362310869;-1.6960069961;-1.5847457592;-1.7785130555;0.0129498869;-0.0921126356;-0.1151107421;-0.1311471054;-0.1070690126
7.6700775194;-8.5575057223;-9.0554042588;-7.7691329637;-7.5499234410;-8.6490087069;-1.8194841058;-1.8445087165;-1.6918854482;-1.5847723500;-1.7888435163;0.0099435801;-0.0911209633;-0.1161106881;-0.1301481400;-0.1070690126
7.6800774194;-8.4202472763;-9.0908882817;-7.7717659313;-7.5857122146;-8.6771876048;-1.7865356499;-1.8526820524;-1.6857031124;-1.5889204477;-1.7970600078;0.0069373034;-0.0911209633;-0.1161106881;-0.1301481400;-0.1060687344
7.6900773196;-8.2409156374;-9.1089619203;-7.7685877456;-7.6269313332;-8.7406361453;-1.7577087072;-1.8578529127;-1.6815815643;-1.5950762202;-1.8032157803;0.0049331391;-0.0911209633;-0.1161119684;-0.1301468610;-0.1060687344
7.7000772201;-8.1159862865;-9.1395180943;-7.7502198675;-7.6936252197;-8.7878609577;-1.7350163869;-1.8650526220;-1.6774600161;-1.6013115258;-1.8073373216;0.0019269227;-0.0911093716;-0.1171118942;-0.1291466385;-0.1050684761
7.7100771208;-7.8954109920;-9.1644178571;-7.7691002147;-7.7392198390;-8.8296239399;-1.7061893818;-1.8691741464;-1.6733596313;-1.6136496959;-1.8114324088;-0.0000772016;-0.0901228145;-0.1171118942;-0.1281464242;-0.1050684761
7.7200770218;-7.7503712407;-9.1736775827;-7.8113620735;-7.8010383036;-8.8898299683;-1.6814601123;-1.8753564587;-1.6712988436;-1.6239799870;-1.8135196169;-0.0020813059;-0.0901228145;-0.1171118942;-0.1271462183;-0.1050684761
7.7300769231;-7.5345979968;-9.2035202757;-7.8411687513;-7.8450422521;-8.8958792348;-1.6546700546;-1.8794779834;-1.6713199528;-1.6363446119;-1.8156067573;-0.0040853903;-0.0901112673;-0.1171118942;-0.1261460207;-0.1040682478
7.7400768246;-7.4113887710;-9.2229996020;-7.8872526862;-7.9030756208;-8.8904366828;-1.6299170666;-1.8814991914;-1.6754204190;-1.6487092370;-1.8238234879;-0.0060894549;-0.0891246506;-0.1171118942;-0.1251458313;-0.1040682478
7.7500767263;-7.2496736755;-9.2208109487;-7.9350102972;-7.9941364556;-8.9148170804;-1.6031507254;-1.8835994578;-1.6774812068;-1.6610738624;-1.8279450297;-0.0080934997;-0.0891246506;-0.1171118942;-0.1240043274;-0.1040682478
7.7600766284;-7.1136142317;-9.2061099654;-7.9541003810;-8.1128922559;-8.9197402502;-1.5784214540;-1.8876815545;-1.6775022352;-1.6796129655;-1.8320402860;-0.0100975248;-0.0891246506;-0.1171118942;-0.1221440155;-0.1040682478
7.7700765306;-7.0261602773;-9.1621067927;-7.9790031178;-8.1899119540;-8.9219006711;-1.5536921822;-1.8897423423;-1.6816237839;-1.6919776014;-1.8341273258;-0.0121015302;-0.0891246506;-0.1171106270;-0.1211425734;-0.1030680589
7.7800764331;-6.8777128857;-9.0997297845;-7.9985406776;-8.2740416085;-8.9446537396;-1.5289865067;-1.8897423423;-1.6836635699;-1.7064030253;-1.8361618615;-0.0131035231;-0.0891246506;-0.1161107542;-0.1191397088;-0.1030680589
7.7900763359;-6.7906960945;-9.0417050193;-8.0115846429;-8.3299499072;-8.9582469899;-1.5083787793;-1.8918031300;-1.6857243577;-1.7208520162;-1.8361618615;-0.0151074892;-0.0891246506;-0.1161107542;-0.1181382863;-0.1030680589
7.8000762389;-6.6996277480;-8.9918401512;-8.0349033253;-8.4178503843;-8.9354965659;-1.4877945886;-1.8897031141;-1.6878060671;-1.7373381984;-1.8382488013;-0.0161094625;-0.0891246506;-0.1161094918;-0.1171368736;-0.1030680589
7.8100761421;-6.6030777397;-8.9712506430;-8.0874109496;-8.5256931231;-8.8942962618;-1.4713319132;-1.8855815883;-1.6919276160;-1.7538243809;-1.8402834369;-0.0171114261;-0.0891246506;-0.1151096386;-0.1161354706;-0.1030680589
7.8200760456;-6.5362105915;-8.9647141056;-8.1303264546;-8.6326411862;-8.8644475329;-1.4610280638;-1.8814991914;-1.6960700337;-1.7703105636;-1.8402834369;-0.0171114261;-0.0891360663;-0.1151083795;-0.1141326841;-0.1030680589
7.8300759494;-6.5117563264;-8.9272479254;-8.1758466825;-8.7066562764;-8.8015626776;-1.4486868742;-1.8793993242;-1.7043131319;-1.7826373684;-1.8402834369;-0.0181133703;-0.0901228589;-0.1141085393;-0.1136323154;-0.1030680589
7.8400758534;-6.4916561385;-8.8904332228;-8.2224949571;-8.7671964190;-8.7326538825;-1.4404672005;-1.8753168282;-1.7125770462;-1.7929633794;-1.8402574169;-0.0181133703;-0.0901228589;-0.1141072833;-0.1129899897;-0.1030680589
7.8500757576;-6.4759462252;-8.8844084691;-8.2725392650;-8.8963410234;-8.6859667235;-1.4342848669;-1.8753168282;-1.7207993285;-1.8135633620;-1.8361618615;-0.0191152951;-0.0901354756;-0.1131062016;-0.1111298460;-0.1030680589
7.8600756620;-6.5186211729;-8.8139425871;-8.3211690833;-8.9560114221;-8.6555917046;-1.4301633209;-1.8752804919;-1.7290424271;-1.8238672123;-1.8361618615;-0.0191152951;-0.0911223533;-0.1121063807;-0.1101284913;-0.1030680589
7.8700755668;-6.5864114598;-8.8057816964;-8.3798375692;-9.0280551594;-8.6203182454;-1.4260651045;-1.8722084521;-1.7372647882;-1.8341710628;-1.8361618615;-0.0191152951;-0.0911223533;-0.1121051295;-0.1091271462;-0.1030680589
7.8800754717;-6.6552787343;-8.8105923105;-8.4140908264;-9.1316413736;-8.5964489942;-1.4260651045;-1.8669960094;-1.7434678368;-1.8465357012;-1.8361618615;-0.0191152951;-0.0911336829;-0.1111040718;-0.1081258107;-0.1030680589
7.8900753769;-6.7230931772;-8.7530362485;-8.4827995446;-9.1843205089;-8.5828681763;-1.4281491634;-1.8608137437;-1.7496501480;-1.8568395521;-1.8361618615;-0.0181134086;-0.0921205906;-0.1101042702;-0.1071244848;-0.1030680589
7.9000752823;-6.8060690878;-8.6858563602;-8.5609771608;-9.2293907403;-8.5796052527;-1.4322707097;-1.8525706900;-1.7578725875;-1.8712882206;-1.8340752493;-0.0171115316;-0.0921318918;-0.1101030236;-0.1061231683;-0.1030680589
7.9100751880;-6.8679751161;-8.6532443801;-8.5844270834;-9.3031144612;-8.5861003552;-1.4384994695;-1.8443276361;-1.7640342911;-1.8825711558;-1.8320402860;-0.0171115316;-0.0931301245;-0.1091019897;-0.1061231683;-0.1040681128
7.9200750939;-6.9145960057;-8.5453896101;-8.6218318626;-9.3493114891;-8.6056200432;-1.4488033211;-1.8381840094;-1.7681970823;-1.8918546497;-1.8320145262;-0.0151078156;-0.0941170892;-0.1081022071;-0.1061219261;-0.1040681128
7.9300750000;-7.0137322973;-8.5068937416;-8.6884279626;-9.3872853252;-8.6148306756;-1.4611679606;-1.8340238907;-1.7764401818;-1.9001234639;-1.8278929829;-0.0141059670;-0.0941283480;-0.1081009652;-0.1051218896;-0.1040681128
7.9400749064;-7.1011358993;-8.4851782416;-8.7032507419;-9.4371459663;-8.5953710689;-1.4756165141;-1.8257808360;-1.7867235126;-1.9124623984;-1.8237971351;-0.0131041279;-0.0951153503;-0.1071011953;-0.1041231002;-0.1040681128
7.9500748130;-7.1997725218;-8.4488346809;-8.7659571197;-9.4659851933;-8.5660948920;-1.4921027007;-1.8195985688;-1.7949871688;-1.9186190340;-1.8237458079;-0.0111004685;-0.0951265811;-0.1070999565;-0.1041218626;-0.1040681128
7.9600747198;-7.3131357704;-8.4217146588;-8.8127562418;-9.4720081676;-8.5459852353;-1.5106727438;-1.8113555137;-1.8073723494;-1.9227405775;-1.8175635086;-0.0090968278;-0.0961136210;-0.1061001992;-0.1031230857;-0.1050681197
7.9700746269;-7.4215955762;-8.3864371780;-8.8654200345;-9.4866293580;-8.5335160626;-1.5313035176;-1.8031508581;-1.8176557317;-1.9268621211;-1.8134931965;-0.0080950168;-0.0961248239;-0.1060989634;-0.1031230857;-0.1050681197
7.9800745342;-7.5409816579;-8.3370700096;-8.8816286763;-9.4715013039;-8.5053228174;-1.5539489998;-1.7969685426;-1.8258783773;-1.9289228771;-1.8134676284;-0.0060914135;-0.0971230900;-0.1050979844;-0.1031218527;-0.1050681197
7.9900744417;-7.8447569107;-8.2443472971;-8.9435053700;-9.3858946404;-8.4733275409;-1.6013393139;-1.7845757737;-1.8382379710;-1.9371404599;-1.8072904042;-0.0040903270;-0.0981101858;-0.1040982458;-0.1021230945;-0.1060680986
8.0100619579;-8.0245170260;-8.2112558881;-8.9647083188;-9.3408783107;-8.4364848289;-1.6260507805;-1.7763658612;-1.8423442246;-1.9371608637;-1.8052296418;-0.0020892560;-0.0981201069;-0.1040982458;-0.1021230945;-0.1060680986
8.0200618812;-8.0256835829;-8.2111146190;-8.9649872204;-9.3404600480;-8.4362763438;-1.6262288905;-1.7763303721;-1.8423442246;-1.9371964636;-1.8051940419;-0.0000857269;-0.0981287189;-0.1040982458;-0.1021230945;-0.1060680986
8.0201481481;-8.1414950951;-8.1836013553;-9.0172203443;-9.2925193934;-8.4233782299;-1.6467067768;-1.7701784916;-1.8444253658;-1.9392012476;-1.8010775865;0.0029195667;-0.0991084845;-0.1040970177;-0.1021230945;-0.1060680986
8.0300740741;-8.2987208530;-8.1759905371;-9.0476879765;-9.2582857722;-8.4222873412;-1.6714360600;-1.7660188475;-1.8485469162;-1.9370896390;-1.7970068947;0.0039213221;-0.0991196045;-0.1030973038;-0.1021230945;-0.1060680986
8.0400739827;-8.4698076097;-8.1564371350;-9.0537764143;-9.2425380021;-8.4065907704;-1.6961653437;-1.7599127157;-1.8506076788;-1.9309073384;-1.7949207278;0.0069265605;-0.1001067925;-0.1030973038;-0.1021243184;-0.1060680986
8.0500738916;-8.5566050042;-8.1217183141;-9.0737632422;-9.2208524458;-8.4038291781;-1.7209174410;-1.7578519280;-1.8526481632;-1.9247503856;-1.7928599713;0.0089300344;-0.1001067925;-0.1030973038;-0.1031230396;-0.1060680986
8.0600738007;-8.7009264146;-8.1016731678;-9.0835801846;-9.1813081305;-8.3946482126;-1.7497682729;-1.7557531650;-1.8547089510;-1.9185427368;-1.7907992147;0.0109334900;-0.1001178716;-0.1030960817;-0.1031242604;-0.1070680131
8.0700737101;-8.8581002483;-8.0804937358;-9.0673546003;-9.1460094293;-8.3604992466;-1.7785963482;-1.7516316362;-1.8547089510;-1.9123604357;-1.7887384581;0.0129369274;-0.1011051144;-0.1020963924;-0.1041241888;-0.1070680131
8.0800736196;-8.9587310500;-8.0544772270;-9.0375668458;-9.0993578571;-8.3501313097;-1.8033256335;-1.7475101072;-1.8547089510;-1.9061528798;-1.7846421684;0.0149403466;-0.1011051144;-0.1020963924;-0.1051228916;-0.1070680131
8.0900735294;-9.1240058504;-8.0463333569;-9.0039393256;-9.0554089118;-8.3636718485;-1.8280322178;-1.7413277904;-1.8567697387;-1.8979602693;-1.7845917207;0.0169437476;-0.1011161527;-0.1020963924;-0.1051228916;-0.1070680131
8.1000734394;-9.2904310893;-8.0349186941;-8.9676221152;-8.9957573063;-8.3561044734;-1.8486626300;-1.7351454735;-1.8567697387;-1.8876588808;-1.7784094192;0.0189471305;-0.1021034500;-0.1020963924;-0.1061240226;-0.1080678913
8.1100733496;-9.4558547918;-8.0078224452;-8.9193442762;-8.9593718951;-8.3663745550;-1.8733692706;-1.7310616876;-1.8567898685;-1.8835329419;-1.7743382298;0.0209504953;-0.1021034500;-0.1020963924;-0.1066242719;-0.1080678913
8.1200732601;-9.5515397414;-8.0002382838;-8.8602880717;-8.8911282417;-8.3734405015;-1.8960377974;-1.7290008998;-1.8588506317;-1.8773273528;-1.7743382298;0.0219521687;-0.1021034500;-0.1020963924;-0.1071251267;-0.1080678913
8.1300731707;-9.6908334472;-8.0029784365;-8.8103017785;-8.8151961471;-8.3566878104;-1.9187289155;-1.7269401121;-1.8608511526;-1.8711450509;-1.7743131288;0.0239554975;-0.1021034500;-0.1020963924;-0.1081250098;-0.1080678913
8.1400730816;-9.8086508256;-8.0388231299;-8.7723407868;-8.7559915306;-8.3468764170;-1.9434356399;-1.7290008998;-1.8567697387;-1.8629019610;-1.7743382298;0.0249571529;-0.1021034500;-0.1020976026;-0.1091248855;-0.1080678913
8.1500729927;-9.8963909547;-8.1033889551;-8.7170332514;-8.6952586777;-8.3365847914;-1.9640208441;-1.7269401121;-1.8567497067;-1.8546338311;-1.7763990175;0.0269604458;-0.1021034500;-0.1030972436;-0.1101247537;-0.1080678913
8.1600729040;-9.9703213393;-8.1684801199;-8.6844002613;-8.6269058015;-8.3246443478;-1.9825678242;-1.7269401121;-1.8526281556;-1.8422942055;-1.7763740079;0.0279620834;-0.1021034500;-0.1030972436;-0.1111246145;-0.1080678913
8.1700728155;-10.0408597360;-8.2313895364;-8.6821818999;-8.5553503374;-8.3094722719;-1.9990540169;-1.7269401121;-1.8464658001;-1.8319653483;-1.7743132505;0.0289637120;-0.1021034500;-0.1030972436;-0.1121244679;-0.1080678913
8.1800727273;-10.0783530684;-8.2769290620;-8.6465163559;-8.4793774964;-8.3094470859;-2.0134569680;-1.7269026886;-1.8464458409;-1.8175149759;-1.7722524930;0.0299653318;-0.1021034500;-0.1030972436;-0.1131231107;-0.1080678913
8.1900726392;-10.1542518135;-8.3040478804;-8.6106448316;-8.4093720188;-8.3094335554;-2.0278824006;-1.7249540809;-1.8423242896;-1.8031145014;-1.7702166543;0.0309669427;-0.1021034500;-0.1030972436;-0.1131243124;-0.1080678913
8.2000725514;-10.1950512894;-8.3219418949;-8.6110876741;-8.3557105558;-8.3224280459;-2.0402246458;-1.7310616876;-1.8402635259;-1.7907498653;-1.7681558666;0.0309669427;-0.1021034500;-0.1030984450;-0.1141241436;-0.1080678913
8.2100724638;-10.2313925289;-8.3333313781;-8.5878506770;-8.2867418792;-8.3473649145;-2.0484677427;-1.7331597634;-1.8382027622;-1.7784100878;-1.7681310079;0.0309669427;-0.1020925714;-0.1040980504;-0.1151239675;-0.1080678913
8.2200723764;-10.2493432450;-8.3550463284;-8.5682859670;-8.2303197919;-8.3820703535;-2.0546277060;-1.7372812939;-1.8340812107;-1.7681062091;-1.7660950789;0.0309669427;-0.1011050605;-0.1040992489;-0.1161237841;-0.1080678913
8.2300722892;-10.2169301028;-8.3778135650;-8.5568777611;-8.1620073471;-8.4129996077;-2.0587269356;-1.7414028245;-1.8320204469;-1.7598631179;-1.7660950789;0.0309669427;-0.1011050605;-0.1050988426;-0.1171223975;-0.1080678913
8.2400722022;-10.1421288373;-8.3968238930;-8.5358007471;-8.0687329450;-8.4466354904;-2.0587269356;-1.7434264139;-1.8278988953;-1.7516200266;-1.7640590602;0.0309669427;-0.1011050605;-0.1050988426;-0.1171235919;-0.1080678913
8.2500721154;-10.0726679157;-8.4212173066;-8.4880717276;-8.0480282581;-8.4780995211;-2.0566438824;-1.7434635229;-1.8237575522;-1.7433521959;-1.7661198182;0.0309669427;-0.1010942341;-0.1051000368;-0.1181233866;-0.1080678913
8.2600720288;-10.0043634839;-8.4374774350;-8.4760158427;-8.0181705883;-8.5019879687;-2.0525223337;-1.7475850539;-1.8175752365;-1.7310369779;-1.7681558666;0.0309669427;-0.1001066534;-0.1060996129;-0.1191231741;-0.1080678913
8.2700719424;-9.9343652043;-8.4445452870;-8.4527495581;-7.9797098311;-8.5209748878;-2.0484007849;-1.7517065849;-1.8113929206;-1.7248052841;-1.7681805467;0.0309669427;-0.1001066534;-0.1061008043;-0.1201229543;-0.1080678913
8.2800718563;-9.9032983521;-8.4657007653;-8.4137447916;-7.9574392716;-8.5340174496;-2.0421962628;-1.7558281161;-1.8052303252;-1.7145014341;-1.7702166543;0.0299654106;-0.1000958659;-0.1071003688;-0.1211215386;-0.1080678913
8.2900717703;-9.8470073425;-8.4749112701;-8.3897960183;-7.8934931531;-8.5502766517;-2.0339753239;-1.7599496474;-1.7990282886;-1.7042222049;-1.7681312455;0.0299654106;-0.0991082331;-0.1071003688;-0.1211215386;-0.1080678913
8.3000716846;-9.7797546071;-8.4819725898;-8.3643246605;-7.8505815885;-8.5573499395;-2.0277708546;-1.7640342911;-1.7928853193;-1.6980644923;-1.7640342911;0.0279623810;-0.0991082331;-0.1071003688;-0.1211227245;-0.1080678913
8.3100715990;-9.7070897034;-8.5036990092;-8.3366262860;-7.8271899828;-8.5606143707;-2.0195056503;-1.7640711348;-1.7908048816;-1.6918821584;-1.7640342911;0.0279623810;-0.0991082331;-0.1071015544;-0.1221212914;-0.1080678913
8.3200715137;-9.6413832205;-8.5362323828;-8.3289934948;-7.8065946813;-8.5573689941;-2.0050802152;-1.7681926664;-1.7866637030;-1.6877360790;-1.7619735034;0.0259593857;-0.0991082331;-0.1081010959;-0.1221224745;-0.1080678913
8.3300714286;-9.5665129249;-8.5514128161;-8.3176519227;-7.8081821710;-8.5486987742;-1.9926935140;-1.7723141981;-1.7805205929;-1.6816027822;-1.7619735034;0.0249578966;-0.0990975098;-0.1081010959;-0.1231210300;-0.1080678913
8.3400713436;-9.4689140309;-8.5736932150;-8.3008127956;-7.8032903491;-8.5351329015;-1.9741465292;-1.7763990175;-1.7805205929;-1.6795175196;-1.7619979783;0.0239564161;-0.0981097913;-0.1081022773;-0.1231210300;-0.1080678913
8.3500712589;-9.4086250530;-8.6159771481;-8.2856484697;-7.7962589660;-8.5232115533;-1.9576383307;-1.7784964740;-1.7763794608;-1.6753959732;-1.7661195247;0.0219534722;-0.0981097913;-0.1091018016;-0.1231210300;-0.1080678913
8.3600711744;-9.3030755376;-8.6338764519;-8.2536891891;-7.8021770136;-8.5091031964;-1.9391133467;-1.7805205929;-1.7722774420;-1.6712988436;-1.7702410712;0.0199505452;-0.0971101422;-0.1091018016;-0.1231210300;-0.1080678913
8.3700710900;-9.1680449682;-8.6604394259;-8.2395121517;-7.8222280931;-8.4928381651;-1.9205444120;-1.7826155239;-1.7722579316;-1.6712988436;-1.7743626178;0.0189490902;-0.0971101422;-0.1091018016;-0.1231210300;-0.1080678913
8.3800710059;-9.0513227619;-8.6666631375;-8.2384114198;-7.8488173558;-8.4830545478;-1.8999366645;-1.7856887190;-1.7681363792;-1.6712988436;-1.7763990175;0.0169461971;-0.0971101422;-0.1091018016;-0.1231210300;-0.1080678913
8.3900709220;-8.9103449396;-8.6598905193;-8.2313873666;-7.8970530277;-8.4678763577;-1.8772462316;-1.7887978064;-1.7640342911;-1.6712988436;-1.7743138993;0.0149433210;-0.0971101422;-0.1091029761;-0.1231210300;-0.1080678913
8.4000708383;-8.7472356865;-8.6631564337;-8.2183551856;-7.9616168774;-8.4613571138;-1.8545995931;-1.7918710440;-1.7619735034;-1.6733815029;-1.7701923526;0.0129404616;-0.0971101422;-0.1101024721;-0.1231210300;-0.1080678913
8.4100707547;-8.6180590919;-8.6685759793;-8.2118390825;-7.9834433595;-8.4553822572;-1.8339918447;-1.7949825167;-1.7578519280;-1.6754204190;-1.7681558666;0.0119390404;-0.0971101422;-0.1101024721;-0.1231210300;-0.1080678913
8.4200706714;-8.4838499602;-8.6702008638;-8.2052979691;-8.0061393302;-8.4602495356;-1.8010314919;-1.7970068947;-1.7578325323;-1.6774569622;-1.7660950789;0.0099362147;-0.0970995324;-0.1101024721;-0.1231210300;-0.1080678913
8.4300705882;-8.3850049117;-8.6821265398;-8.1944608140;-8.0246194916;-8.4645818828;-1.7866533464;-1.7970432188;-1.7537109797;-1.6754446351;-1.7681558666;0.0079334056;-0.0961116621;-0.1101024721;-0.1231198622;-0.1080678913
8.4400705053;-8.2599942265;-8.6875539123;-8.1987756785;-8.0408752121;-8.4700048422;-1.7721468287;-1.7990676824;-1.7516889149;-1.6795419945;-1.7681558666;0.0059306133;-0.0961116621;-0.1101024721;-0.1221213688;-0.1080678913
8.4500704225;-8.1509098536;-8.6837336441;-8.2139028350;-8.0668694078;-8.4830169314;-1.7474175292;-1.7990676824;-1.7537496800;-1.6816269415;-1.7701924950;0.0039278377;-0.0961116621;-0.1101024721;-0.1221213688;-0.1080678913
8.4600703400;-8.0310283142;-8.6680182069;-8.2485626045;-8.1043176261;-8.4971214923;-1.7268532405;-1.7990676824;-1.7557911403;-1.6878092764;-1.7681558666;0.0029264581;-0.0961116621;-0.1101024721;-0.1221213688;-0.1080678913
8.4700702576;-7.9234968058;-8.6620521815;-8.2848966084;-8.1455182903;-8.5085192538;-1.7082845601;-1.7990676824;-1.7578712102;-1.6919549264;-1.7681317638;0.0009237157;-0.0961116621;-0.1101024721;-0.1221202065;-0.1080678913
8.4800701754;-7.8246552392;-8.6609431425;-8.3494177176;-8.2057133658;-8.5166490318;-1.6856160219;-1.7990676824;-1.7619735034;-1.7001739463;-1.7661191535;-0.0000776473;-0.0961116621;-0.1101024721;-0.1211205743;-0.1080678913
8.4900700935;-7.7053462368;-8.6338178062;-8.3993446876;-8.2366424458;-8.5199282120;-1.6650299129;-1.8011284702;-1.7619735034;-1.7063803280;-1.7681318201;-0.0020803568;-0.0961116621;-0.1101024721;-0.1201221085;-0.1080678913
8.5000700117;-7.5947516178;-8.6121223521;-8.4270894674;-8.2821756538;-8.5177694675;-1.6485220954;-1.8011284702;-1.7619735034;-1.7125386166;-1.7681318481;-0.0040830498;-0.0961116621;-0.1101024721;-0.1201209503;-0.1080678913
8.5100699301;-7.4754969581;-8.5877144784;-8.4499071991;-8.3262418878;-8.5074678801;-1.6279359354;-1.8011644560;-1.7619735034;-1.7187689329;-1.7660950789;-0.0050843880;-0.0961116621;-0.1101024721;-0.1191213386;-0.1080678913
8.5200698487;-7.4069282860;-8.5622001847;-8.4629453498;-8.3365766872;-8.5063661591;-1.6114713005;-1.8031892579;-1.7619735034;-1.7290248625;-1.7681558666;-0.0060857181;-0.0961116621;-0.1101024721;-0.1181228894;-0.1080678913
8.5300697674;-7.3335544603;-8.5329276208;-8.4608124712;-8.4058708992;-8.4944538439;-1.5970458616;-1.8031533557;-1.7619735034;-1.7372679856;-1.7681558666;-0.0070870401;-0.0961116621;-0.1101024721;-0.1181228894;-0.1080678913
8.5400696864;-7.2284607998;-8.5144845109;-8.4634915807;-8.4467450206;-8.4803548499;-1.5826204225;-1.8011643307;-1.7619735034;-1.7414134403;-1.7681319595;-0.0080883538;-0.0961116621;-0.1101024721;-0.1179803546;-0.1080678913
8.5500696056;-7.1655075458;-8.4906253773;-8.4651264361;-8.4748725762;-8.4738348329;-1.5702557709;-1.8031892579;-1.7619926069;-1.7517125476;-1.7661189582;-0.0090896595;-0.0961116621;-0.1101024721;-0.1161213985;-0.1080678913
8.5600695249;-7.1090646001;-8.4814126096;-8.4765001237;-8.5561487712;-8.4689398242;-1.5579125857;-1.8011284702;-1.7640342911;-1.7578775576;-1.7681320149;-0.0090896595;-0.0961116621;-0.1101024721;-0.1161213985;-0.1080678913
8.5700694444;-7.0543690788;-8.4808644825;-8.4911140030;-8.6050609630;-8.4673099095;-1.5496694845;-1.8011642064;-1.7660950789;-1.7640581153;-1.7660712547;-0.0100909489;-0.0961116621;-0.1101024721;-0.1159788657;-0.1080678913
8.5800693642;-7.0276274829;-8.4786976919;-8.4987456388;-8.6040867385;-8.4732526105;-1.5434871708;-1.8031559426;-1.7660950789;-1.7764418514;-1.7661188755;-0.0100909489;-0.0961116621;-0.1101024721;-0.1141199562;-0.1080678913
8.5900692841;-7.0080827105;-8.4808738795;-8.5068792223;-8.6760819749;-8.4786848282;-1.5352440693;-1.8011284702;-1.7660950789;-1.7826069217;-1.7681558666;-0.0110922222;-0.0961116621;-0.1101024721;-0.1141199562;-0.1080678913
8.6000692042;-7.0242130838;-8.4852093566;-8.5112264588;-8.7222985851;-8.4830320649;-1.5291044907;-1.8011640829;-1.7661140723;-1.7887874856;-1.7661188207;-0.0110922222;-0.0961116621;-0.1101013261;-0.1141199562;-0.1080678913
8.6100691244;-7.0772723596;-8.4841225196;-8.5145180671;-8.7601742409;-8.4846619712;-1.5290831477;-1.8031560576;-1.7702166543;-1.7949698215;-1.7681795811;-0.0110922222;-0.0961116621;-0.1091019454;-0.1141188126;-0.1080678913
8.6200690449;-7.1878306867;-8.4852087409;-8.5264135638;-8.8774422931;-8.4917117953;-1.5291210717;-1.8011284702;-1.7764132298;-1.8052689954;-1.7681748164;-0.0110922222;-0.0961116621;-0.1091019454;-0.1121208852;-0.1080678913
8.6400574713;-7.2594429441;-8.4819563089;-8.5421211666;-8.8855684965;-8.4944168757;-1.5332426281;-1.8011284702;-1.7805205929;-1.8135263205;-1.7702355823;-0.0110922222;-0.0961116621;-0.1091019454;-0.1111213609;-0.1080678913
8.6500574053;-7.2599760288;-8.4819625815;-8.5421889436;-8.8858327026;-8.4944365811;-1.5332756792;-1.8011284702;-1.7805205929;-1.8135924227;-1.7702686144;-0.0110922222;-0.0961116621;-0.1091019454;-0.1111202120;-0.1080678913
8.6501374570;-7.3089923327;-8.4808694996;-8.5432659008;-8.9450975180;-8.4955140762;-1.5373476416;-1.7990676824;-1.7805205929;-1.8186578486;-1.7722774420;-0.0100909969;-0.0961116621;-0.1091019454;-0.1111202120;-0.1080678913
8.6600687285;-7.3567034940;-8.4819519811;-8.5567768622;-8.9577185930;-8.4955165168;-1.5394508712;-1.7990676824;-1.7805205929;-1.8238207139;-1.7701930755;-0.0090897794;-0.0961116621;-0.1091019454;-0.1111190750;-0.1080678913
8.6700686499;-7.4282079183;-8.4776102671;-8.5638328191;-8.9620121747;-8.4938939406;-1.5456331858;-1.7990676824;-1.7805205929;-1.8300030501;-1.7681558666;-0.0090897794;-0.0961116621;-0.1091019454;-0.1101207063;-0.1080678913
8.6800685714;-7.4808168111;-8.4711011059;-8.5638874651;-9.0031484287;-8.4890188933;-1.5538762883;-1.7990676824;-1.7805205929;-1.8361618615;-1.7660950789;-0.0080885778;-0.0961116621;-0.1091019454;-0.1101207063;-0.1080678913
8.6900684932;-7.5583404702;-8.4635045048;-8.5660355555;-9.0206173380;-8.4863040394;-1.5621193909;-1.7970068947;-1.7805205929;-1.8382461473;-1.7640342911;-0.0070873841;-0.0961116621;-0.1091019454;-0.1101207063;-0.1080678913
8.7000684151;-7.6370886003;-8.4591665078;-8.5644299066;-9.0184474340;-8.4808864882;-1.5724655299;-1.7970068947;-1.7805205929;-1.8423676960;-1.7660950789;-0.0050850123;-0.0961116621;-0.1091008124;-0.1101207063;-0.1080678913
8.7100683371;-7.7135394760;-8.4542847902;-8.5579092165;-9.0265652963;-8.4759871606;-1.5868698476;-1.7970068947;-1.7805205929;-1.8464892448;-1.7660950789;-0.0040838343;-0.0961116621;-0.1081014847;-0.1101207063;-0.1080678913
8.7200682594;-7.7873324514;-8.4510299010;-8.5535548549;-9.0103635245;-8.4727395325;-1.5992345020;-1.7970068947;-1.7805205929;-1.8505639575;-1.7660950789;-0.0030826640;-0.0961116621;-0.1081014847;-0.1101207063;-0.1080678913
8.7300681818;-7.8605376083;-8.4477830166;-8.5541118255;-8.9854310815;-8.4732916818;-1.6136809966;-1.7970419819;-1.7805205929;-1.8485265878;-1.7661184703;-0.0020815016;-0.0961116621;-0.1081014847;-0.1101207063;-0.1080678913
8.7400681044;-7.9494929138;-8.4580852508;-8.5476201125;-8.9523613584;-8.4727298518;-1.6281064152;-1.7990676824;-1.7805205929;-1.8464658001;-1.7681325017;-0.0010803469;-0.0961116621;-0.1081014847;-0.1101207063;-0.1080678913
8.7500680272;-8.0406483082;-8.4624287939;-8.5443435193;-8.9073376729;-8.4808477786;-1.6425318340;-1.7990676824;-1.7805205929;-1.8443816739;-1.7660950789;0.0009219468;-0.0961116621;-0.1081014847;-0.1101207063;-0.1080678913
8.7600679502;-8.1295675114;-8.4683979340;-8.5432693753;-8.8698966781;-8.4819592854;-1.6590180407;-1.7990676824;-1.7805205929;-1.8402834369;-1.7660950789;0.0029242251;-0.0961116621;-0.1081014847;-0.1101207063;-0.1080678913
8.7700678733;-8.2542846268;-8.4819550769;-8.5286547789;-8.8156989614;-8.4798086163;-1.6755042477;-1.7990676824;-1.7805205929;-1.8423442246;-1.7660950789;0.0039253565;-0.0961116621;-0.1081014847;-0.1101207063;-0.1080678913
8.7800677966;-8.3547493475;-8.4830382035;-8.5145501921;-8.7722713964;-8.4852021403;-1.6920113884;-1.7990676824;-1.7805205929;-1.8444282718;-1.7640110317;0.0049264802;-0.0961116621;-0.1081014847;-0.1101207063;-0.1080678913
8.7900677201;-8.4848853456;-8.4819526291;-8.5058560421;-8.7613351563;-8.4900676681;-1.7105583599;-1.7990676824;-1.7784598052;-1.8444050124;-1.7619735034;0.0069287122;-0.0961116621;-0.1081014847;-0.1101207063;-0.1080678913
8.8000676437;-8.6074447067;-8.4781583109;-8.4982720332;-8.7277660651;-8.4911790599;-1.7291053317;-1.7990676824;-1.7784783709;-1.8444050124;-1.7619967105;0.0079298205;-0.0961116621;-0.1081014847;-0.1101207063;-0.1080678913
8.8100675676;-8.7137865722;-8.4754379661;-8.4890139078;-8.6962876435;-8.4917215394;-1.7497130914;-1.7990676824;-1.7805205929;-1.8423210437;-1.7640342911;0.0099320218;-0.0961116621;-0.1081014847;-0.1101207063;-0.1080678913
8.8200674916;-8.7973591059;-8.4732729214;-8.4798024566;-8.6740434237;-8.4939058340;-1.7682600637;-1.7990676824;-1.7805205929;-1.8402602820;-1.7640574461;0.0109331148;-0.0961116621;-0.1081014847;-0.1101207063;-0.1080678913
8.8300674157;-8.8733935742;-8.4721879593;-8.4770792854;-8.6545164043;-8.4976744844;-1.7888678240;-1.7980219487;-1.7805390961;-1.8361387325;-1.7681558666;0.0129352856;-0.0961116621;-0.1081014847;-0.1101207063;-0.1080678913
8.8400673401;-8.9736306941;-8.4749046290;-8.4706016795;-8.6268458419;-8.4895802774;-1.8073940041;-1.7970068947;-1.7825813807;-1.8341010737;-1.7702166543;0.0139363634;-0.0961116621;-0.1081014847;-0.1101207063;-0.1080678913
8.8500672646;-9.0832780387;-8.4787020011;-8.4753982368;-8.6170474123;-8.4900821480;-1.8238802128;-1.7970068947;-1.7805205929;-1.8320195166;-1.7681558666;0.0149374336;-0.0961116621;-0.1081014847;-0.1111212164;-0.1080678913
8.8600671892;-9.1787343690;-8.4824926984;-8.4781214038;-8.6056289568;-8.4830608866;-1.8403664216;-1.7970068947;-1.7805205929;-1.8289367194;-1.7681789179;0.0169395588;-0.0961116621;-0.1081014847;-0.1111212164;-0.1080678913
8.8700671141;-9.2752192065;-8.4792444778;-8.4840887462;-8.5964467702;-8.4852117382;-1.8547711200;-1.7970068947;-1.7805205929;-1.8258348973;-1.7681328410;0.0179406139;-0.0961116621;-0.1081014847;-0.1111212164;-0.1080678913
8.8800670391;-9.3518254590;-8.4857500223;-8.4862978815;-8.5709306126;-8.4760109511;-1.8671357769;-1.7970068947;-1.7805205929;-1.8196341599;-1.7660720790;0.0189416614;-0.0961116621;-0.1081014847;-0.1121217038;-0.1080678913
8.8900669643;-9.3975544858;-8.4879253958;-8.4873721714;-8.5476838185;-8.4781594655;-1.8815612218;-1.7970068947;-1.7805205929;-1.8114117320;-1.7660950789;0.0199427014;-0.0961116621;-0.1081014847;-0.1121217038;-0.1080678913
8.9000668896;-9.4550043573;-8.4938945073;-8.4884535904;-8.5216327235;-8.4776098593;-1.8939052253;-1.7949461070;-1.7805205929;-1.8072901796;-1.7660950789;0.0209437339;-0.0961116621;-0.1081014847;-0.1121217038;-0.1080678913
8.9100668151;-9.5308128734;-8.5031124733;-8.4873686378;-8.4831489780;-8.4797821642;-1.9042503795;-1.7970068947;-1.7825813807;-1.8031686271;-1.7640342911;0.0219447588;-0.0961116621;-0.1081014847;-0.1131221688;-0.1080678913
8.9200667408;-9.5819189096;-8.5020263022;-8.4857447483;-8.4705328218;-8.4786995712;-1.9165737984;-1.7990676824;-1.7825813807;-1.8000857739;-1.7640571888;0.0219447588;-0.0961116621;-0.1081014847;-0.1131221688;-0.1080678913
8.9300666667;-9.6069766957;-8.4998601349;-8.4922368346;-8.4494670550;-8.4797892676;-1.9248169036;-1.7990676824;-1.7846604662;-1.7969840225;-1.7681329944;0.0229457689;-0.0961116621;-0.1081014847;-0.1131221688;-0.1080678913
8.9400665927;-9.6519614885;-8.4965996767;-8.4895704385;-8.4320821945;-8.4824945825;-1.9330394466;-1.7991019527;-1.7867029561;-1.7928853193;-1.7660950789;0.0229457689;-0.0961116621;-0.1081014847;-0.1131221688;-0.1080678913
8.9500665188;-9.6969670064;-8.4917191420;-8.4873792850;-8.4127664955;-8.4830417890;-1.9392217870;-1.8010942378;-1.7866846988;-1.7928853193;-1.7661179004;0.0229457689;-0.0961116621;-0.1081014847;-0.1141160075;-0.1080678913
8.9600664452;-9.6911205974;-8.4911718591;-8.4873651657;-8.3935808867;-8.4868155776;-1.9433433398;-1.7990676824;-1.7846421684;-1.7887432271;-1.7702166543;0.0239467567;-0.0961116621;-0.1081014847;-0.1141225965;-0.1080678913
8.9700663717;-9.7040843076;-8.4841249918;-8.4862943208;-8.3616146221;-8.4917167862;-1.9474853866;-1.7970068947;-1.7846239515;-1.7867029561;-1.7681330955;0.0239467567;-0.0961116621;-0.1081014847;-0.1141225965;-0.1080678913
8.9800662983;-9.6928421287;-8.4797827391;-8.4879147228;-8.3323028589;-8.4928017529;-1.9515864454;-1.7949461070;-1.7805387897;-1.7866824847;-1.7660950789;0.0239467567;-0.0961116621;-0.1081014847;-0.1151230096;-0.1080678913
8.9900662252;-9.6489332911;-8.4776140088;-8.4933254780;-8.3374133953;-8.4906412298;-1.9536267617;-1.7949461070;-1.7825813807;-1.7835995670;-1.7660950789;0.0239467567;-0.0961116621;-0.1081014847;-0.1151230096;-0.1080678913
9.0000661521;-9.5957904600;-8.4759883555;-8.4976618431;-8.3452818303;-8.4917191420;-1.9536063354;-1.7928512754;-1.7825813807;-1.7763785912;-1.7640115952;0.0239467567;-0.0961116621;-0.1081014847;-0.1151230096;-0.1080678913
9.0100660793;-9.5123623092;-8.4776146070;-8.4982183950;-8.3106033363;-8.4841501942;-1.9515659740;-1.7908585379;-1.7825813807;-1.7722570382;-1.7619735034;0.0239467567;-0.0961116621;-0.1081014847;-0.1151230096;-0.1080678913
9.0200660066;-9.4347081205;-8.4770751055;-8.4987819305;-8.2953523188;-8.4873675696;-1.9495051862;-1.7908245315;-1.7825813807;-1.7681354852;-1.7619735034;0.0239467567;-0.0961116621;-0.1081014847;-0.1161233932;-0.1080678913
9.0300659341;-9.4095959594;-8.4824969460;-8.4944385590;-8.2752306459;-8.4852140377;-1.9453632517;-1.7867029561;-1.7805205929;-1.7650525310;-1.7619735034;0.0229458203;-0.0961116621;-0.1081014847;-0.1161233932;-0.1080678913
9.0400658617;-9.3787503860;-8.4835893419;-8.4890137303;-8.2238340973;-8.4852116946;-1.9412416986;-1.7877483362;-1.7805205929;-1.7619735034;-1.7640342911;0.0229458203;-0.0961116621;-0.1081014847;-0.1161233932;-0.1080678913
9.0500657895;-9.3467205327;-8.4857565921;-8.4862943208;-8.2153323373;-8.4819661415;-1.9370998310;-1.7887637438;-1.7805205929;-1.7619735034;-1.7640342911;0.0219448984;-0.0961116621;-0.1081014847;-0.1161233932;-0.1080678913
9.0600657174;-9.3287370024;-8.4928076673;-8.4814080974;-8.2188436387;-8.4857541717;-1.9288364323;-1.7887975642;-1.7805205929;-1.7619735034;-1.7640342911;0.0209439838;-0.0961116621;-0.1081014847;-0.1161233932;-0.1080678913
9.0700656455;-9.2772652556;-8.4949752204;-8.4792478733;-8.2085612638;-8.4835819102;-1.9185528303;-1.7929191027;-1.7805205929;-1.7619735034;-1.7640568134;0.0199430764;-0.0961116621;-0.1081014847;-0.1171237406;-0.1080678913
9.0800655738;-9.1797608772;-8.4938896627;-8.4808724065;-8.2115371675;-8.4841290484;-1.9102894758;-1.7949123605;-1.7805205929;-1.7619735034;-1.7681333689;0.0199430764;-0.0961116621;-0.1081014847;-0.1171237406;-0.1080678913
9.0900655022;-9.1303309352;-8.4933454051;-8.4776233182;-8.2172092383;-8.4830371026;-1.8979248157;-1.7929190290;-1.7825813807;-1.7598902425;-1.7661175520;0.0179412904;-0.0961116621;-0.1081014847;-0.1171237406;-0.1080678913
9.1000654308;-9.0680149896;-8.4917203238;-8.4759958626;-8.2199448940;-8.4835772642;-1.8876209431;-1.7949461070;-1.7825813807;-1.7557911403;-1.7702166543;0.0169404046;-0.0961116621;-0.1081014847;-0.1171237406;-0.1080678913
9.1100653595;-8.9865758363;-8.4928052868;-8.4727428932;-8.2681043540;-8.4852000744;-1.8772968887;-1.7949461070;-1.7825813807;-1.7537101707;-1.7702166543;0.0159395260;-0.0961116621;-0.1081014847;-0.1171237406;-0.1080678913
9.1200652884;-8.9084553966;-8.4906335881;-8.4727322679;-8.3050300380;-8.4852093566;-1.8628916222;-1.7949797068;-1.7825813807;-1.7516494049;-1.7702166543;0.0149386545;-0.0961116621;-0.1081014847;-0.1171237406;-0.1080678913
9.1300652174;-8.8309670782;-8.4895445014;-8.4829978368;-8.3440483512;-8.4879148204;-1.8525877493;-1.7990676824;-1.7825612427;-1.7496087771;-1.7702390299;0.0139377901;-0.0961116621;-0.1081014847;-0.1171237406;-0.1080678913
9.1400651466;-8.7003429367;-8.4824940041;-8.4889790334;-8.3831274048;-8.4927925406;-1.8299258552;-1.7990676824;-1.7805407091;-1.7506517416;-1.7722550908;0.0129369329;-0.0961116621;-0.1081014847;-0.1171237406;-0.1080678913
9.1500650759;-8.6326991054;-8.4770709494;-8.4938994462;-8.4032628195;-8.4884688706;-1.8206716469;-1.7990676824;-1.7825813807;-1.7516450050;-1.7702166543;0.0119360827;-0.0961116621;-0.1081014847;-0.1171237406;-0.1080678913
9.1600650054;-8.5619789049;-8.4759842251;-8.4998356443;-8.4141297886;-8.4922570077;-1.8134329787;-1.7970068947;-1.7825813807;-1.7496333103;-1.7702166543;0.0109352397;-0.0961116621;-0.1081014847;-0.1171237406;-0.1080678913
9.1700649351;-8.5059877860;-8.4759895065;-8.5068913850;-8.4293193031;-8.4917145305;-1.7989874788;-1.7970068947;-1.7825813807;-1.7537303525;-1.7681558666;0.0089335677;-0.0961116621;-0.1081014847;-0.1171237406;-0.1080678913
9.1800648649;-8.3434832676;-8.4824987035;-8.5069086412;-8.4325885913;-8.4846785911;-1.7825012636;-1.7970068947;-1.7825813807;-1.7558156205;-1.7660728241;0.0079327388;-0.0961116621;-0.1081014847;-0.1171237406;-0.1080678913
9.1900647948;-8.2857274713;-8.4873792850;-8.5015113716;-8.4450484420;-8.4911709138;-1.7680758360;-1.7970068947;-1.7805205929;-1.7599571771;-1.7640565219;0.0069319169;-0.0961116621;-0.1081014847;-0.1171237406;-0.1080678913
9.2000647249;-8.2179617705;-8.4841243923;-8.5052777546;-8.4548016584;-8.4857575786;-1.7515896205;-1.7970402049;-1.7805405790;-1.7640564979;-1.7681558666;0.0059311020;-0.0961116621;-0.1081014847;-0.1171237406;-0.1080678913
9.2100646552;-8.1118447055;-8.4900916956;-8.4977105019;-8.4721324471;-8.4890153322;-1.7371841570;-1.7990676824;-1.7825813807;-1.7660950789;-1.7661172617;0.0049302942;-0.0961116621;-0.1081014847;-0.1171237406;-0.1080678913
9.2200645856;-8.0314505004;-8.4911766598;-8.4874170485;-8.5035706952;-8.4927726032;-1.7248194951;-1.7990676824;-1.7825813807;-1.7661172379;-1.7702166543;0.0039294933;-0.0961116621;-0.1081014847;-0.1171226721;-0.1080678913
9.2300645161;-7.9760449919;-8.4900916956;-8.4760111666;-8.5264036667;-8.4890410620;-1.7144956990;-1.7990676824;-1.7825813807;-1.7702166543;-1.7702166543;0.0029286995;-0.0961116621;-0.1081014847;-0.1161245811;-0.1080678913
9.2400644468;-7.9082002311;-8.4966014810;-8.4711288023;-8.5475433582;-8.4911709441;-1.7021509585;-1.7990676824;-1.7825813807;-1.7702166543;-1.7702166543;0.0019279126;-0.0961116621;-0.1081014847;-0.1161245811;-0.1080678913
9.2500643777;-7.7931390682;-8.5009390419;-8.4694682491;-8.5584724204;-8.4846468900;-1.6753740348;-1.7990389684;-1.7825968421;-1.7681558666;-1.7702166543;0.0009282110;-0.0961116621;-0.1081014847;-0.1161245811;-0.1080678913
9.2700535906;-7.7444477234;-8.5003942685;-8.4764749437;-8.5470962373;-8.4824929533;-1.6650701458;-1.7969804178;-1.7846421684;-1.7681558666;-1.7722774420;-0.0000714847;-0.0961116621;-0.1081014847;-0.1161245811;-0.1080678913
9.2800535332;-7.7440586440;-8.5003988558;-8.4765367099;-8.5470646479;-8.4824928359;-1.6649776669;-1.7969496743;-1.7846421684;-1.7681558666;-1.7722774420;-0.0000714847;-0.0961116621;-0.1081014847;-0.1161245811;-0.1080678913
9.2801282051;-7.7025543560;-8.4993138916;-8.4819271722;-8.5454419467;-8.4814148276;-1.6547530960;-1.7949461070;-1.7846421684;-1.7660730619;-1.7722554251;-0.0010722439;-0.0961116621;-0.1081014847;-0.1161245811;-0.1080678913
9.2900641026;-7.6575179632;-8.4928041062;-8.4830360202;-8.5405681185;-8.4781485604;-1.6444690150;-1.7949461070;-1.7846421684;-1.7640562846;-1.7681393715;-0.0020729962;-0.0961116621;-0.1081014847;-0.1161245811;-0.1080678913
9.3000640342;-7.6259244937;-8.4835819102;-8.4927700630;-8.5389179260;-8.4835883000;-1.6362259063;-1.7949461070;-1.7826011537;-1.7681558666;-1.7672820876;-0.0020729962;-0.0961116621;-0.1081014847;-0.1161245811;-0.1080678913
9.3100639659;-7.5901274685;-8.4770721248;-8.4955131160;-8.5421586309;-8.4806678263;-1.6300435852;-1.7970068947;-1.7825813807;-1.7702166543;NaN;-0.0030737348;-0.0961116621;-0.1081014847;-0.1161245811;NaN
9.3200638978;-7.5749073801;-8.4781570891;-8.4966082754;-8.5389320900;NaN;-1.6238809950;-1.7970397796;-1.7825813807;-1.7722993653;NaN;-0.0030737348;-0.0961116621;-0.1081014847;-0.1161245811;NaN
9.3300638298;-7.5505567887;-8.4786995712;-8.4960556052;-8.5345922153;NaN;-1.6197594405;-1.7990676824;-1.7825813807;-1.7764209175;NaN;-0.0030737348;-0.0961116621;-0.1081014847;-0.1161245811;NaN
9.3400637620;-7.5564257320;-8.4814119818;-8.4971710842;-8.5345808853;NaN;-1.6156575751;-1.7990676824;-1.7825813807;-1.7763771408;NaN;-0.0030737348;-0.0961116621;-0.1081014847;-0.1161245811;NaN
9.3500636943;-7.5937757757;-8.4911766598;-8.4884913422;-8.5286192264;NaN;-1.6156379069;-1.7990676824;-1.7784794734;-1.7763990175;NaN;-0.0030737348;-0.0961116621;-0.1081014847;-0.1161245811;NaN
9.3600636267;-7.6214560368;-8.4944315525;-8.4825206276;-8.5237340534;NaN;-1.6135967873;-1.7990676824;-1.7805205929;-1.7763990175;NaN;-0.0030737348;-0.0961116621;-0.1081014847;-0.1161245811;NaN
9.3700635593;-7.6631258987;-8.4955165168;-8.4792657104;-8.5285797332;NaN;-1.6135967873;-1.7990676824;-1.7805205929;-1.7743164225;NaN;-0.0030737348;-0.0961116621;-0.1081014847;-0.1161245811;NaN
9.3800634921;-7.7287327053;-8.4987714095;-8.4743934750;-8.5275370433;NaN;-1.6135967873;-1.7990676824;-1.7805205929;-1.7722992263;NaN;-0.0030737348;-0.0961116621;-0.1081014847;-0.1161245811;NaN
9.3900634249;-7.7668348772;-8.5020263022;-8.4678735369;-8.5318374978;NaN;-1.6156771602;-1.7990676824;-1.7805401780;-1.7753808625;NaN;-0.0030737348;-0.0961116621;-0.1081014847;-0.1161245811;NaN
9.4000633580;-7.7983326635;-8.4998563737;-8.4678499289;-8.5275398246;NaN;-1.6197987150;-1.7990676824;-1.7805205929;-1.7743382298;NaN;-0.0030737348;-0.0961116621;-0.1081014847;-0.1161245811;NaN
9.4100632911;-7.8287151251;-8.4971439631;-8.4700164917;-8.5210328293;NaN;-1.6239007260;-1.7990676824;-1.7805205929;-1.7763990175;NaN;-0.0020730640;-0.0961116621;-0.1081014847;-0.1161245811;NaN
9.4200632244;-7.8623322995;-8.4966014810;-8.4721998722;-8.5074679514;NaN;-1.6259810369;-1.7990676824;-1.7805205929;-1.7784598052;NaN;-0.0010724000;-0.0961116621;-0.1081014847;-0.1161245811;NaN
9.4300631579;-7.8921890788;-8.4895492135;-8.4678600048;-8.5004240719;NaN;-1.6321633796;-1.7990676824;-1.7805205929;-1.7763773478;NaN;-0.0000717426;-0.0961116621;-0.1081014847;-0.1161245811;NaN
9.4400630915;-7.9247448062;-8.4852093566;-8.4797476282;-8.4911962521;NaN;-1.6362849345;-1.7970068947;-1.7805205929;-1.7743382298;NaN;-0.0000717426;-0.0961116621;-0.1081014847;-0.1161245811;NaN
9.4500630252;-7.9691479808;-8.4824969460;-8.4825070012;-8.4862943208;NaN;-1.6424867391;-1.7970068947;-1.7805205929;-1.7722774420;NaN;0.0009289014;-0.0961116621;-0.1081014847;-0.1161245811;NaN
9.4600629591;-8.0185374568;-8.4770721248;-8.4911565701;-8.4808996343;NaN;-1.6527906369;-1.7970068947;-1.7805011515;-1.7702166543;NaN;0.0009289014;-0.0961116621;-0.1081014847;-0.1161245811;NaN
9.4700628931;-8.0576230691;-8.4749021964;-8.5014403369;-8.4792286739;NaN;-1.6651510067;-1.7970068947;-1.7784573776;-1.7702382332;NaN;0.0019295322;-0.0961116621;-0.1081014847;-0.1161245811;NaN
9.4800628272;-8.1075315370;-8.4738172321;-8.5100731481;-8.4786995712;NaN;-1.6734113666;-1.7970392293;-1.7778668514;-1.7743597861;NaN;0.0029301563;-0.0961116621;NaN;-0.1161245811;NaN
9.4900627615;-8.1671412610;-8.4738172321;-8.5109149977;-8.4808528097;NaN;-1.6816248413;-1.7990676824;NaN;-1.7743597636;NaN;0.0039307739;-0.0961116621;NaN;-0.1161245811;NaN
9.5000626959;-8.2268244752;-8.4727322679;NaN;-8.4787129095;NaN;-1.6878432260;-1.7990676824;NaN;-1.7743382298;NaN;0.0049313848;-0.0961116621;NaN;-0.1161245811;NaN
9.5100626305;-8.2881684266;-8.4776146070;NaN;-8.4841110677;NaN;-1.7002078918;-1.7990676824;NaN;-1.7743382298;NaN;0.0059319892;-0.0961116621;NaN;-0.1161245811;NaN
9.5200625652;-8.3564780350;-8.4835819102;NaN;-8.4825036015;NaN;-1.7105117700;-1.7990676824;NaN;-1.7743382298;NaN;0.0059319892;-0.0961116621;NaN;-0.1161245811;NaN
9.5300625000;-8.4323392644;-8.4917191420;NaN;-8.4819444908;NaN;-1.7228571362;-1.7990676824;NaN;-1.7722774420;NaN;0.0079331717;-0.0961116621;NaN;-0.1161245811;NaN
9.5400624350;-8.5180450511;-8.4928041062;NaN;-8.4797944983;NaN;-1.7311195267;-1.7990676824;NaN;-1.7702380762;NaN;0.0079331717;-0.0961116621;NaN;-0.1161245811;NaN
9.5500623701;-8.5843342925;-8.4933465883;NaN;-8.4797978057;NaN;-1.7414041456;-1.7990676824;NaN;-1.7722774420;NaN;0.0089337499;-0.0961116621;NaN;-0.1161245811;NaN
9.5600623053;-8.6516154837;-8.4890067314;NaN;-8.4814219244;NaN;-1.7496664962;-1.7970068947;NaN;-1.7722774420;NaN;0.0099343216;-0.0961116621;NaN;-0.1161245811;NaN
9.5700622407;-8.7236730399;-8.4814119818;NaN;-8.4857154195;NaN;-1.7599703750;-1.7970068947;NaN;-1.7722907891;NaN;0.0109348868;-0.0961116621;NaN;-0.1161245811;NaN
9.5800621762;-8.7806603540;-8.4835819102;NaN;-8.4828886857;NaN;-1.7702742540;-1.7969748949;NaN;-1.7752442815;NaN;0.0119354455;-0.0961116621;NaN;NaN;NaN
9.5900621118;-8.8219189366;-8.4835819102;NaN;-8.4845573868;NaN;-1.7805589530;-1.7949461070;NaN;NaN;NaN;0.0119354455;-0.0961116621;NaN;NaN;NaN
9.6000620476;-8.8821676333;-8.4835819102;NaN;NaN;NaN;-1.7908820122;-1.7928853193;NaN;NaN;NaN;0.0129359913;-0.0961116621;NaN;NaN;NaN
9.6100619835;-8.9326383950;-8.4835819102;NaN;NaN;NaN;-1.8011858915;-1.7928853193;NaN;NaN;NaN;0.0139365307;-0.0961116621;NaN;NaN;NaN
9.6200619195;-8.9879486324;-8.4841243923;NaN;NaN;NaN;-1.8094289832;-1.7907926637;NaN;NaN;NaN;0.0149370636;-0.0961116621;NaN;NaN;NaN
9.6300618557;-9.0297067355;-8.4862943208;NaN;NaN;NaN;-1.8197137617;-1.7887637438;NaN;NaN;NaN;0.0149370636;-0.0961116621;NaN;NaN;NaN
9.6400617920;-9.0569460575;-8.4868368029;NaN;NaN;NaN;-1.8279568733;-1.7867347584;NaN;NaN;NaN;0.0159375837;-0.0961116621;NaN;NaN;NaN
9.6500617284;-9.1002921208;-8.4906341777;NaN;NaN;NaN;-1.8361999850;-1.7908245315;NaN;NaN;NaN;0.0159375837;-0.0961116621;NaN;NaN;NaN
9.6600616650;-9.1377956571;-8.4841243923;NaN;NaN;NaN;-1.8423823090;-1.7908562685;NaN;NaN;NaN;0.0169380911;-0.0961116621;NaN;NaN;NaN
9.6700616016;-9.1665111766;-8.4868368029;NaN;NaN;NaN;-1.8485456105;-1.7949778114;NaN;NaN;NaN;0.0169380911;-0.0961116621;NaN;NaN;NaN
9.6800615385;-9.1795831906;-8.4895492135;NaN;NaN;NaN;-1.8526671664;-1.7970385667;NaN;NaN;NaN;0.0169380911;-0.0961116621;NaN;NaN;NaN
9.6900614754;-9.2034098851;-8.4917191420;NaN;NaN;NaN;-1.8547279347;-1.7970068947;NaN;NaN;NaN;0.0179385794;-0.0961116621;NaN;NaN;NaN
9.7000614125;-9.2121713357;-8.4928041062;NaN;NaN;NaN;-1.8567887030;-1.7970068947;NaN;NaN;NaN;0.0179385794;-0.0961116621;NaN;NaN;NaN
9.7100613497;-9.2229817698;-8.4949740347;NaN;NaN;NaN;-1.8609102591;-1.7969753198;NaN;NaN;NaN;0.0179385794;-0.0961116621;NaN;NaN;NaN
9.7200612870;-9.2230046006;-8.4949740347;NaN;NaN;NaN;-1.8650318152;-1.7928853193;NaN;NaN;NaN;0.0179385794;-0.0961116621;NaN;NaN;NaN
9.7300612245;-9.1987003939;-8.4987714095;NaN;NaN;NaN;-1.8691533713;-1.7929168298;NaN;NaN;NaN;0.0179385794;-0.0961116621;NaN;NaN;NaN
9.7400611621;-9.1412557447;-8.4906341777;NaN;NaN;NaN;-1.8691533521;-1.7949461070;NaN;NaN;NaN;0.0179385794;-0.0961116621;NaN;NaN;NaN
9.7500610998;-9.1032005285;-8.4873792850;NaN;NaN;NaN;-1.8711763849;-1.7949461070;NaN;NaN;NaN;0.0179385794;-0.0961116621;NaN;NaN;NaN
9.7600610376;-9.0603735701;-8.4835819102;NaN;NaN;NaN;-1.8691156164;-1.7970383092;NaN;NaN;NaN;0.0179385794;-0.0961116621;NaN;NaN;NaN
9.7700609756;-9.0153409321;-8.4792420533;NaN;NaN;NaN;-1.8670548478;-1.7990676824;NaN;NaN;NaN;0.0179385794;-0.0961116621;NaN;NaN;NaN
9.7800609137;-8.9903444880;-8.4765296427;NaN;NaN;NaN;-1.8629521019;-1.7990676824;NaN;NaN;NaN;0.0179385794;-0.0961116621;NaN;NaN;NaN
9.7900608519;-8.9794429478;-8.4754446785;NaN;NaN;NaN;-1.8608725228;-1.7990676824;NaN;NaN;NaN;0.0169381537;-0.0961116621;NaN;NaN;NaN
9.8000607903;-8.9507560666;-8.4738172321;NaN;NaN;NaN;-1.8588117541;-1.7990676824;NaN;NaN;NaN;0.0169381537;-0.0961116621;NaN;NaN;NaN
9.8100607287;-8.8888890034;-8.4817510331;NaN;NaN;NaN;-1.8546714442;-1.7990676824;NaN;NaN;NaN;0.0169381537;NaN;NaN;NaN;NaN
9.8200606673;-8.8693619567;-8.4835802663;NaN;NaN;NaN;-1.8485078534;NaN;NaN;NaN;NaN;0.0169381537;NaN;NaN;NaN;NaN
9.8300606061;-8.8125741916;NaN;NaN;NaN;NaN;-1.8443862968;NaN;NaN;NaN;NaN;0.0159377527;NaN;NaN;NaN;NaN
9.8400605449;-8.7680040325;NaN;NaN;NaN;NaN;-1.8402460436;NaN;NaN;NaN;NaN;0.0149373579;NaN;NaN;NaN;NaN
9.8500604839;-8.7597840982;NaN;NaN;NaN;NaN;-1.8320216082;NaN;NaN;NaN;NaN;0.0149373579;NaN;NaN;NaN;NaN
9.8600604230;-8.7089218904;NaN;NaN;NaN;NaN;-1.8279000515;NaN;NaN;NaN;NaN;0.0139369753;NaN;NaN;NaN;NaN
9.8700603622;-8.6654706904;NaN;NaN;NaN;NaN;-1.8216990668;NaN;NaN;NaN;NaN;0.0129365988;NaN;NaN;NaN;NaN
9.8800603015;-8.5604422414;NaN;NaN;NaN;NaN;-1.8072963499;NaN;NaN;NaN;NaN;0.0129365988;NaN;NaN;NaN;NaN
9.9000502008;-8.5174512486;NaN;NaN;NaN;NaN;-1.8010995323;NaN;NaN;NaN;NaN;0.0129365988;NaN;NaN;NaN;NaN
9.9100501505;-8.4778354217;NaN;NaN;NaN;NaN;-1.7908100771;NaN;NaN;NaN;NaN;0.0119372480;NaN;NaN;NaN;NaN
9.9200501002;-8.4775869639;NaN;NaN;NaN;NaN;-1.7907812239;NaN;NaN;NaN;NaN;0.0109369018;NaN;NaN;NaN;NaN
9.9201200000;-8.4576433757;NaN;NaN;NaN;NaN;-1.7846236213;NaN;NaN;NaN;NaN;0.0109369018;NaN;NaN;NaN;NaN
9.9300600000;-8.4353977878;NaN;NaN;NaN;NaN;-1.7784227481;NaN;NaN;NaN;NaN;0.0099365617;NaN;NaN;NaN;NaN
9.9400599401;-8.4012994163;NaN;NaN;NaN;NaN;-1.7701981442;NaN;NaN;NaN;NaN;0.0089362276;NaN;NaN;NaN;NaN
9.9500598802;-8.3460552355;NaN;NaN;NaN;NaN;-1.7660950789;NaN;NaN;NaN;NaN;0.0089362276;NaN;NaN;NaN;NaN
9.9600598205;-8.2956189874;NaN;NaN;NaN;NaN;-1.7640158179;NaN;NaN;NaN;NaN;0.0089362276;NaN;NaN;NaN;NaN
9.9700597610;-8.2364918730;NaN;NaN;NaN;NaN;-1.7578150183;NaN;NaN;NaN;NaN;0.0079359115;NaN;NaN;NaN;NaN
9.9800597015;-8.1865239734;NaN;NaN;NaN;NaN;-1.7495903406;NaN;NaN;NaN;NaN;0.0069356014;NaN;NaN;NaN;NaN
9.9900596421;-8.1533694347;NaN;NaN;NaN;NaN;-1.7413287899;NaN;NaN;NaN;NaN;0.0069356014;NaN;NaN;NaN;NaN
10.0000595829;-8.1262266882;NaN;NaN;NaN;NaN;-1.7310248878;NaN;NaN;NaN;NaN;0.0069356014;NaN;NaN;NaN;NaN
10.0100595238;-8.0888248341;NaN;NaN;NaN;NaN;-1.7248609427;NaN;NaN;NaN;NaN;0.0059353091;NaN;NaN;NaN;NaN
10.0200594648;-8.0649185561;NaN;NaN;NaN;NaN;-1.7207393855;NaN;NaN;NaN;NaN;0.0059353091;NaN;NaN;NaN;NaN
10.0300594059;-8.0426434828;NaN;NaN;NaN;NaN;-1.7145753858;NaN;NaN;NaN;NaN;0.0049350286;NaN;NaN;NaN;NaN
10.0400593472;-8.0214534384;NaN;NaN;NaN;NaN;-1.7104538103;NaN;NaN;NaN;NaN;0.0049350286;NaN;NaN;NaN;NaN
10.0500592885;-8.0056698832;NaN;NaN;NaN;NaN;-1.7083747135;NaN;NaN;NaN;NaN;0.0049350286;NaN;NaN;NaN;NaN
10.0600592300;-8.0034889134;NaN;NaN;NaN;NaN;-1.7042531562;NaN;NaN;NaN;NaN;0.0049350286;NaN;NaN;NaN;NaN
10.0700591716;-7.9975179344;NaN;NaN;NaN;NaN;-1.7001498717;NaN;NaN;NaN;NaN;0.0049350286;NaN;NaN;NaN;NaN
10.0800591133;-8.0061462880;NaN;NaN;NaN;NaN;-1.7001681267;NaN;NaN;NaN;NaN;0.0049350286;NaN;NaN;NaN;NaN
10.0900590551;-8.0186160961;NaN;NaN;NaN;NaN;-1.7001498717;NaN;NaN;NaN;NaN;0.0049350286;NaN;NaN;NaN;NaN
10.1000589971;-8.0359719188;NaN;NaN;NaN;NaN;-1.7001498717;NaN;NaN;NaN;NaN;0.0049350286;NaN;NaN;NaN;NaN
10.1100589391;-8.0738835410;NaN;NaN;NaN;NaN;-1.7022288607;NaN;NaN;NaN;NaN;0.0049350286;NaN;NaN;NaN;NaN
10.1200588813;-8.1010589291;NaN;NaN;NaN;NaN;-1.7042714472;NaN;NaN;NaN;NaN;0.0049350286;NaN;NaN;NaN;NaN
10.1300588235;-8.1324937544;NaN;NaN;NaN;NaN;-1.7042714472;NaN;NaN;NaN;NaN;0.0049350286;NaN;NaN;NaN;NaN
10.1400587659;-8.1736750765;NaN;NaN;NaN;NaN;-1.7042714472;NaN;NaN;NaN;NaN;0.0049350286;NaN;NaN;NaN;NaN
10.1500587084;-8.1960226614;NaN;NaN;NaN;NaN;-1.7022106594;NaN;NaN;NaN;NaN;0.0049350286;NaN;NaN;NaN;NaN
10.1600586510;-8.2171394607;NaN;NaN;NaN;NaN;-1.7022106594;NaN;NaN;NaN;NaN;0.0049350286;NaN;NaN;NaN;NaN
10.1700585937;-8.2496630091;NaN;NaN;NaN;NaN;-1.7022106594;NaN;NaN;NaN;NaN;0.0049350286;NaN;NaN;NaN;NaN
10.1800585366;-8.2708889524;NaN;NaN;NaN;NaN;-1.7063322349;NaN;NaN;NaN;NaN;0.0049350286;NaN;NaN;NaN;NaN
10.1900584795;-8.2908882284;NaN;NaN;NaN;NaN;-1.7084291416;NaN;NaN;NaN;NaN;0.0049350286;NaN;NaN;NaN;NaN
10.2000584226;-8.3234372628;NaN;NaN;NaN;NaN;-1.7145934277;NaN;NaN;NaN;NaN;0.0059352103;NaN;NaN;NaN;NaN
10.2100583658;-8.3478852962;NaN;NaN;NaN;NaN;-1.7187149856;NaN;NaN;NaN;NaN;0.0059352103;NaN;NaN;NaN;NaN
10.2200583090;-8.3690204534;NaN;NaN;NaN;NaN;-1.7207577490;NaN;NaN;NaN;NaN;0.0059352103;NaN;NaN;NaN;NaN
10.2300582524;-8.3913093238;NaN;NaN;NaN;NaN;-1.7228365261;NaN;NaN;NaN;NaN;0.0059352103;NaN;NaN;NaN;NaN
10.2400581959;-8.4091932180;NaN;NaN;NaN;NaN;-1.7269580841;NaN;NaN;NaN;NaN;0.0069353693;NaN;NaN;NaN;NaN
10.2500581395;-8.4254749653;NaN;NaN;NaN;NaN;-1.7310616876;NaN;NaN;NaN;NaN;0.0069353693;NaN;NaN;NaN;NaN
10.2600580833;-8.4596009144;NaN;NaN;NaN;NaN;-1.7331762870;NaN;NaN;NaN;NaN;0.0079355169;NaN;NaN;NaN;NaN
10.2700580271;-8.4748337493;NaN;NaN;NaN;NaN;-1.7413835461;NaN;NaN;NaN;NaN;0.0079355169;NaN;NaN;NaN;NaN
10.2800579710;-8.5143774237;NaN;NaN;NaN;NaN;-1.7434264139;NaN;NaN;NaN;NaN;0.0079355169;NaN;NaN;NaN;NaN
10.2900579151;-8.5582934248;NaN;NaN;NaN;NaN;-1.7454872016;NaN;NaN;NaN;NaN;0.0079355169;NaN;NaN;NaN;NaN
10.3000578592;-8.5849614053;NaN;NaN;NaN;NaN;-1.7496266452;NaN;NaN;NaN;NaN;0.0089356420;NaN;NaN;NaN;NaN
10.3100578035;-8.6320210339;NaN;NaN;NaN;NaN;-1.7516874157;NaN;NaN;NaN;NaN;0.0089356420;NaN;NaN;NaN;NaN
10.3200577478;-8.6679720476;NaN;NaN;NaN;NaN;-1.7558268077;NaN;NaN;NaN;NaN;0.0089356420;NaN;NaN;NaN;NaN
10.3300576923;-8.6750888434;NaN;NaN;NaN;NaN;-1.7640342911;NaN;NaN;NaN;NaN;0.0099357504;NaN;NaN;NaN;NaN
10.3400576369;-8.6885757332;NaN;NaN;NaN;NaN;-1.7661128784;NaN;NaN;NaN;NaN;0.0099357504;NaN;NaN;NaN;NaN
10.3500575816;-8.7043685560;NaN;NaN;NaN;NaN;-1.7702344368;NaN;NaN;NaN;NaN;0.0099357504;NaN;NaN;NaN;NaN
10.3600575264;-8.6805922178;NaN;NaN;NaN;NaN;-1.7743559952;NaN;NaN;NaN;NaN;0.0099357504;NaN;NaN;NaN;NaN
10.3700574713;-8.6799925538;NaN;NaN;NaN;NaN;-1.7763990175;NaN;NaN;NaN;NaN;0.0109358366;NaN;NaN;NaN;NaN
10.3800574163;-8.6940257532;NaN;NaN;NaN;NaN;-1.7784775367;NaN;NaN;NaN;NaN;0.0109358366;NaN;NaN;NaN;NaN
10.3900573614;-8.6865058408;NaN;NaN;NaN;NaN;-1.7805383074;NaN;NaN;NaN;NaN;0.0109358366;NaN;NaN;NaN;NaN
10.4000573066;-8.7129628804;NaN;NaN;NaN;NaN;-1.7825813807;NaN;NaN;NaN;NaN;0.0109358366;NaN;NaN;NaN;NaN
10.4100572519;-8.7368783952;NaN;NaN;NaN;NaN;-1.7825813807;NaN;NaN;NaN;NaN;0.0109358366;NaN;NaN;NaN;NaN
10.4200571973;-8.7510042817;NaN;NaN;NaN;NaN;-1.7825990445;NaN;NaN;NaN;NaN;0.0109358366;NaN;NaN;NaN;NaN
10.4300571429;-8.7596698210;NaN;NaN;NaN;NaN;-1.7867029561;NaN;NaN;NaN;NaN;0.0109358366;NaN;NaN;NaN;NaN
10.4400570885;-8.7407803132;NaN;NaN;NaN;NaN;-1.7846597987;NaN;NaN;NaN;NaN;0.0119358844;NaN;NaN;NaN;NaN
10.4500570342;-8.7201566874;NaN;NaN;NaN;NaN;-1.7867029561;NaN;NaN;NaN;NaN;0.0119358844;NaN;NaN;NaN;NaN
10.4600569801;-8.6984694751;NaN;NaN;NaN;NaN;-1.7887637438;NaN;NaN;NaN;NaN;0.0119358844;NaN;NaN;NaN;NaN
10.4700569260;-8.6654224095;NaN;NaN;NaN;NaN;-1.7887637438;NaN;NaN;NaN;NaN;0.0119358844;NaN;NaN;NaN;NaN
10.4800568720;-8.6366546243;NaN;NaN;NaN;NaN;-1.7887813074;NaN;NaN;NaN;NaN;0.0119358844;NaN;NaN;NaN;NaN
10.4900568182;-8.6052066922;NaN;NaN;NaN;NaN;-1.7887637438;NaN;NaN;NaN;NaN;0.0119358844;NaN;NaN;NaN;NaN
10.5000567644;-8.5796898046;NaN;NaN;NaN;NaN;-1.7887462135;NaN;NaN;NaN;NaN;0.0119358844;NaN;NaN;NaN;NaN
10.5100567108;-8.5281860975;NaN;NaN;NaN;NaN;-1.7846455738;NaN;NaN;NaN;NaN;0.0119358844;NaN;NaN;NaN;NaN
10.5300472144;-8.5185001566;NaN;NaN;NaN;NaN;-1.7831730934;NaN;NaN;NaN;NaN;0.0119358844;NaN;NaN;NaN;NaN
10.5400471698;NaN;NaN;NaN;NaN;NaN;NaN;NaN;NaN;NaN;NaN;NaN;NaN;NaN;NaN;NaN