Time (s);Fᵧ (N) --sensor: Force --remote: 1 --Run1;Fᵧ (N) --sensor: Force --remote: 1 --Run2;Fᵧ (N) --sensor: Force --remote: 1 --Run3;Fᵧ (N) --sensor: Force --remote: 1 --Run4;Fᵧ (N) --sensor: Force --remote: 1 --Run5;rᵧ (m) --sensor: Wheel Position --remote: 1 --Run1;rᵧ (m) --sensor: Wheel Position --remote: 1 --Run2;rᵧ (m) --sensor: Wheel Position --remote: 1 --Run3;rᵧ (m) --sensor: Wheel Position --remote: 1 --Run4;rᵧ (m) --sensor: Wheel Position --remote: 1 --Run5
0.0000000000;-0.3034652596;-0.0716804311;-0.0181916246;-0.0360212268;-0.3034652596;0.0000000000;0.0000000000;0.0000000000;0.0000000000;0.0000000000
0.0025000000;-0.3034652596;-0.0716804311;-0.0360212268;-0.0360212268;-0.3212948618;0.0000000000;0.0000000000;0.0000000000;0.0000000000;0.0000000000
0.0050000000;-0.2945504586;-0.0716804311;-0.0360212268;-0.0538508290;-0.3034652596;0.0000000000;0.0000000000;0.0000000000;0.0000000000;0.0000000000
0.0075000000;-0.2856356575;-0.0716804311;-0.0181916246;-0.0360212268;-0.3212948618;0.0000000000;0.0000000000;0.0000000000;0.0000000000;0.0000000000
0.0100000000;-0.2945504586;-0.0805952322;-0.0181916246;-0.0360212268;-0.3034652596;0.0000000000;0.0000000000;0.0000000000;0.0000000000;0.0000000000
0.0125000000;-0.3034652596;-0.0895100333;-0.0360212268;-0.0360212268;-0.3212948618;0.0000000000;0.0000000000;0.0000000000;0.0000000000;0.0000000000
0.0150000000;-0.3034652596;-0.0984248344;-0.0360212268;-0.0538508290;-0.3034652596;0.0000000000;0.0000000000;0.0000000000;0.0000000000;0.0000000000
0.0175000000;-0.3034652596;-0.1251692377;-0.0360212268;-0.0360212268;-0.3212948618;0.0000000000;0.0000000000;0.0000000000;0.0000000000;0.0000000000
0.0266666667;-0.3034652596;-0.1251692377;-0.0181916246;-0.0360212268;-0.3052482199;0.0000000000;-0.0005998657;0.0000000000;0.0000000000;0.0000000000
0.0360000000;-0.3034652596;-0.1267901107;-0.0181916246;-0.0360212268;-0.3180531160;0.0000000000;-0.0009997762;0.0000000000;0.0000000000;0.0000000000
0.0454545455;-0.3034652596;-0.1608284421;-0.0211632249;-0.0181916246;-0.3079226602;0.0000000000;-0.0009997762;0.0000000000;0.0000000000;0.0000000000
0.0550000000;-0.2856356575;-0.1608284421;-0.0181916246;-0.0305351953;-0.3034652596;0.0000000000;-0.0009997762;0.0000000000;0.0000000000;0.0000000000
0.0646153846;-0.3034652596;-0.1939405605;-0.0181916246;-0.0360212268;-0.3034652596;0.0000000000;-0.0009997762;0.0000000000;0.0000000000;0.0000000000
0.0742857143;-0.3034652596;-0.2107513282;-0.0181916246;-0.0360212268;-0.3070311801;0.0000000000;-0.0009997762;0.0000000000;0.0000000000;0.0000000000
0.0840000000;-0.2856356575;-0.2098598481;-0.0181916246;-0.0360212268;-0.3034652596;0.0000000000;-0.0009997762;0.0000000000;0.0000000000;0.0000000000
0.0937500000;-0.2908796581;-0.2143172487;-0.0181916246;-0.0265820256;-0.3034652596;0.0000000000;-0.0009997762;0.0000000000;0.0000000000;-0.0000582956
0.1035294118;-0.3034652596;-0.2202604494;-0.0181916246;-0.0271064257;-0.2945504586;0.0000000000;-0.0009997762;0.0000000000;0.0000000000;-0.0014149940
0.1133333333;-0.3034652596;-0.2321468509;-0.0181916246;-0.0181916246;-0.3034652596;0.0000000000;-0.0009997762;0.0000000000;0.0000000000;-0.0014149940
0.1231578947;-0.3034652596;-0.2321468509;-0.0181916246;-0.0181916246;-0.3034652596;0.0000000000;-0.0009997762;0.0000000000;0.0000000000;-0.0014149940
0.1330000000;-0.3034652596;-0.2499764531;-0.0266819113;-0.0258328827;-0.2958240016;0.0000000000;-0.0009997762;0.0000000000;0.0000000000;-0.0014149940
0.1428571429;-0.2856356575;-0.2321468509;-0.0279168621;-0.0181916246;-0.2856356575;0.0000000000;-0.0009997762;0.0000000000;0.0000000000;-0.0014149940
0.1527272727;-0.2949380586;-0.2406740519;-0.0181916246;-0.0181916246;-0.2856356575;0.0000000000;-0.0009997762;0.0000000000;0.0000000000;-0.0014149940
0.1626086957;-0.3034652596;-0.2321468509;-0.0181916246;-0.0181916246;-0.2967791588;0.0000000000;-0.0009997762;0.0000000000;0.0000000000;-0.0014149940
0.1725000000;-0.3034652596;-0.2499764531;-0.0181916246;-0.0181916246;-0.2856356575;0.0000000000;-0.0009997762;0.0000000000;0.0000000000;-0.0014149940
0.1824000000;-0.3034652596;-0.2499764531;-0.0181916246;-0.0243634099;-0.2918074428;0.0000000000;-0.0009997762;0.0000000000;0.0000000000;-0.0014149940
0.1923076923;-0.3034652596;-0.2499764531;-0.0181916246;-0.0241348253;-0.2856356575;0.0000000000;-0.0009997762;0.0000000000;0.0000000000;-0.0014149940
0.2022222222;-0.3034652596;-0.2499764531;-0.0181916246;-0.0181916246;-0.2856356575;0.0000000000;-0.0009997762;0.0000000000;0.0000000000;-0.0014149940
0.2121428571;-0.3034652596;-0.2499764531;-0.0181916246;-0.0181916246;-0.2856356575;0.0000000000;-0.0009997762;0.0000000000;0.0000000000;-0.0014149940
0.2220689655;-0.2927674983;-0.2499764531;-0.0181916246;-0.0181916246;-0.2856356575;0.0000000000;-0.0009997762;0.0000000000;0.0000000000;-0.0014149940
0.2320000000;-0.3034652596;-0.2568782346;-0.0239431091;-0.0233679607;-0.2908119936;0.0000000000;-0.0009997762;0.0000000000;0.0000000000;-0.0014149940
0.2419354839;-0.2967791588;-0.2611199544;-0.0360212268;-0.0310066511;-0.2984506840;0.0000000000;-0.0009997762;0.0000000000;0.0000000000;-0.0014149940
0.2518750000;-0.3034652596;-0.2499764531;-0.0181916246;-0.0360212268;-0.2904982762;0.0000000000;-0.0009997762;0.0000000000;0.0000000000;-0.0014149940
0.2618181818;-0.3034652596;-0.2499764531;-0.0181916246;-0.0313016262;-0.3034652596;0.0000000000;-0.0009997762;0.0000000000;0.0000000000;-0.0014149940
0.2717647059;-0.3095782661;-0.2678060553;-0.0181916246;-0.0181916246;-0.3034652596;0.0000000000;-0.0009997762;0.0000000000;0.0000000000;-0.0014149940
0.2817142857;-0.3034652596;-0.2678060553;-0.0181916246;-0.0181916246;-0.3034652596;0.0000000000;-0.0009997762;0.0000000000;0.0000000000;-0.0014149940
0.2916666667;-0.3092478333;-0.2678060553;-0.0230104360;-0.0225285548;-0.3034652596;0.0000000000;-0.0009997762;0.0000000000;0.0000000000;-0.0014149940
0.3016216216;-0.3034652596;-0.2678060553;-0.0228836251;-0.0360212268;-0.3034652596;0.0000000000;-0.0009997762;0.0000000000;0.0000000000;-0.0014149940
0.3115789474;-0.3034652596;-0.2678060553;-0.0181916246;-0.0181916246;-0.3034652596;0.0000000000;-0.0009997762;0.0000000000;0.0000000000;-0.0014149940
0.3215384615;-0.3034652596;-0.2731549359;-0.0181916246;-0.0181916246;-0.3034652596;0.0000000000;-0.0009997762;0.0000000000;0.0000000000;-0.0014149940
0.3315000000;-0.3034652596;-0.2678060553;-0.0181916246;-0.0181916246;-0.3034652596;0.0000000000;-0.0009997762;0.0000000000;0.0000000000;-0.0014149940
0.3414634146;-0.3034652596;-0.2729002273;-0.0317760834;-0.0360212268;-0.3034652596;0.0000000000;-0.0009997762;0.0000000000;0.0000000000;-0.0014149940
0.3514285714;-0.3034652596;-0.2856356575;-0.0181916246;-0.0360212268;-0.3034652596;0.0000000000;-0.0009997762;0.0000000000;0.0000000000;-0.0014149940
0.3613953488;-0.3034652596;-0.2856356575;-0.0181916246;-0.0181916246;-0.3034652596;0.0000000000;-0.0009997762;0.0000000000;0.0000000000;-0.0014149940
0.3713636364;-0.3034652596;-0.2856356575;-0.0181916246;-0.0217575450;-0.3177289414;0.0000000000;-0.0009997762;0.0000000000;0.0000000000;-0.0014149940
0.3813333333;-0.3034652596;-0.2902868580;-0.0181916246;-0.0325328263;-0.3034652596;0.0000000000;-0.0009997762;0.0000000000;0.0000000000;-0.0014149940
0.3913043478;-0.3034652596;-0.2856356575;-0.0181916246;-0.0181916246;-0.3034652596;0.0000000000;-0.0009997762;0.0000000000;0.0000000000;-0.0014149940
0.4012765957;-0.3034652596;-0.2856356575;-0.0181916246;-0.0181916246;-0.3179518114;0.0000000000;-0.0008748042;0.0000000000;0.0000000000;-0.0014149940
0.4112500000;-0.2990988265;-0.2900020906;-0.0181916246;-0.0327464019;-0.3034652596;0.0000000000;0.0000000000;0.0000000000;0.0000000000;-0.0014149940
0.4212244898;-0.3034652596;-0.3034652596;-0.0181916246;-0.0214009530;-0.3034652596;0.0000000000;0.0000000000;0.0000000000;0.0000000000;-0.0014149940
0.4312000000;-0.3034652596;-0.3034652596;-0.0181916246;-0.0213380250;-0.3181484615;0.0000000000;0.0000000000;0.0000000000;0.0000000000;-0.0014149940
0.4411764706;-0.3075797832;-0.3034652596;-0.0181916246;-0.0360212268;-0.3065511523;0.0000000000;0.0000000000;0.0000000000;0.0000000000;-0.0014149940
0.4511538462;-0.3034652596;-0.3034652596;-0.0215557005;-0.0360212268;-0.3064929279;0.0000000000;0.0000000000;0.0000000000;0.0000000000;-0.0014149940
0.4611320755;-0.3074273935;-0.3034652596;-0.0327194486;-0.0181916246;-0.3212948618;0.0000000000;0.0000000000;0.0000000000;0.0000000000;-0.0014149940
0.4711111111;-0.3034652596;-0.3034652596;-0.0360212268;-0.0360212268;-0.3212948618;0.0000000000;0.0000000000;0.0000000000;0.0000000000;-0.0014149940
0.4810909091;-0.3072858887;-0.3212948618;-0.0213754821;-0.0360212268;-0.3184293901;0.0000000000;0.0000000000;0.0000000000;0.0000000000;-0.0014149940
0.4910714286;-0.3034652596;-0.3072188601;-0.0360212268;-0.0360212268;-0.3184796615;0.0000000000;0.0001052396;0.0000000000;0.0000000000;-0.0014149940
0.5010526316;-0.3071541429;-0.3212948618;-0.0212656939;-0.0360212268;-0.3062319221;0.0000000000;0.0009997762;0.0000000000;0.0000000000;-0.0014149940
0.5110344828;-0.3212948618;-0.3212948618;-0.0360212268;-0.0333014569;-0.3212948618;0.0000000000;0.0009997762;0.0000000000;0.0000000000;-0.0014149940
0.5210169492;-0.3177289414;-0.3212948618;-0.0211632249;-0.0208660649;-0.3364500237;0.0000000000;0.0009997762;0.0000000000;0.0000000000;-0.0014149940
0.5310000000;-0.3212948618;-0.3104801851;-0.0330983412;-0.0333906297;-0.3212948618;0.0000000000;0.0009997762;0.0000000000;0.0000000000;-0.0014149940
0.5409836066;-0.3212948618;-0.3212948618;-0.0181916246;-0.0207797926;-0.3238830299;0.0000000000;0.0009997762;0.0000000000;0.0000000000;-0.0014149940
0.5509677419;-0.3212948618;-0.3212948618;-0.0181916246;-0.0360212268;-0.3391244640;0.0000000000;0.0009997762;0.0000000000;0.0000000000;-0.0014149940
0.5609523810;-0.3068083101;-0.3212948618;-0.0181916246;-0.0360212268;-0.3263094375;0.0000000000;0.0010935052;0.0000000000;0.0000000000;-0.0014149940
0.5709375000;-0.3212948618;-0.3212948618;-0.0181916246;-0.0181916246;-0.3391244640;0.0000000000;0.0019995524;0.0000000000;0.0000000000;-0.0014149940
0.5809230769;-0.3212948618;-0.3391244640;-0.0181916246;-0.0206229340;-0.3391244640;0.0000908779;0.0019995524;0.0000000000;0.0000000000;-0.0014149940
0.5909090909;-0.3212948618;-0.3244882234;-0.0181916246;-0.0360212268;-0.3391244640;0.0009996571;0.0019995524;0.0000000000;0.0000000000;-0.0014149940
0.6008955224;-0.3359780636;-0.3391244640;-0.0181916246;-0.0360212268;-0.3545942659;0.0009996571;0.0019995524;0.0000000000;0.0000000000;-0.0014149940
0.6108823529;-0.3212948618;-0.3538532658;-0.0181916246;-0.0336956265;-0.3391244640;0.0009996571;0.0020864894;0.0000000000;0.0000000000;-0.0014149940
0.6208695652;-0.3360679608;-0.3391244640;-0.0207387106;-0.0181916246;-0.3391244640;0.0009996571;0.0029993286;0.0000000000;0.0000000000;-0.0014149940
0.6308571429;-0.3212948618;-0.3569540662;-0.0207028361;-0.0204517150;-0.3391244640;0.0009996571;0.0029993286;0.0000000000;0.0000000000;-0.0014149940
0.6408450704;-0.3212948618;-0.3420960644;-0.0360212268;-0.0204203248;-0.3391244640;0.0009996571;0.0029993286;0.0000000000;0.0000000000;-0.0014149940
0.6508333333;-0.3212948618;-0.3569540662;-0.0181916246;-0.0360212268;-0.3547558961;0.0009996571;0.0029993286;0.0000000000;0.0000000000;-0.0014149940
0.6608219178;-0.3241861487;-0.3598453531;-0.0181916246;-0.0338527616;-0.3412929292;0.0009996571;0.0029993286;0.0000000000;0.0000000000;-0.0014149940
0.6708108108;-0.3362717277;-0.3719309321;-0.0360212268;-0.0181916246;-0.3548145140;0.0009996571;0.0030793107;0.0000000000;0.0000000000;-0.0014149940
0.6808000000;-0.3241100622;-0.3747836684;-0.0205376249;-0.0203030248;-0.3548426660;0.0009996571;0.0039991047;0.0000000000;0.0000000000;-0.0014149940
0.6907894737;-0.3391244640;-0.3747836684;-0.0181916246;-0.0360212268;-0.3412084435;0.0009996571;0.0039991047;0.0000000000;0.0000000000;-0.0014149940
0.7007792208;-0.3240378776;-0.3747836684;-0.0181916246;-0.0360212268;-0.3391244640;0.0010765538;0.0040760106;0.0000000000;0.0000000000;-0.0014149940
0.7107692308;-0.3391244640;-0.3926132706;-0.0337643151;-0.0360212268;-0.3569540662;0.0019993141;0.0049988809;0.0000000000;0.0000000000;-0.0014149940
0.7207594937;-0.3391244640;-0.3774581087;-0.0181916246;-0.0360212268;-0.3569540662;0.0019993141;0.0049988809;0.0000000000;0.0000000000;-0.0014149940
0.7307500000;-0.3391244640;-0.3926132706;-0.0181916246;-0.0360212268;-0.3569540662;0.0019993141;0.0049988809;0.0000000000;0.0000000000;-0.0014149940
0.7407407407;-0.3391244640;-0.3926132706;-0.0181916246;-0.0360212268;-0.3747836684;0.0019993141;0.0050720353;0.0000000000;0.0000000000;-0.0014149940
0.7507317073;-0.3391244640;-0.3926132706;-0.0181916246;-0.0360212268;-0.3569540662;0.0019993141;0.0059986571;0.0000000000;0.0000000000;-0.0014029606
0.7607228916;-0.3391244640;-0.3951603566;-0.0181916246;-0.0360212268;-0.3588643807;0.0019993141;0.0059986571;0.0000000000;0.0000000000;-0.0003521478
0.7707142857;-0.3391244640;-0.4104428728;-0.0181916246;-0.0360212268;-0.3569540662;0.0019993141;0.0059986571;0.0000000000;0.0000000000;-0.0003521478
0.7807058824;-0.3544662148;-0.4104428728;-0.0181916246;-0.0341553382;-0.3588199548;0.0019993141;0.0060684089;0.0000000000;0.0000000000;-0.0003521478
0.7906976744;-0.3391244640;-0.4104428728;-0.0181916246;-0.0181916246;-0.3569540662;0.0019993141;0.0069984333;0.0000000000;0.0000000000;-0.0003521478
0.8006896552;-0.3569540662;-0.4104428728;-0.0181916246;-0.0200151066;-0.3747836684;0.0020674726;0.0069984333;0.0000000000;0.0000000000;-0.0003521478
0.8106818182;-0.3391244640;-0.4104428728;-0.0181916246;-0.0199946181;-0.3747836684;0.0029989712;0.0069984333;0.0000000000;0.0000000000;-0.0003521478
0.8206741573;-0.3569540662;-0.4128201531;-0.0181916246;-0.0360212268;-0.3747836684;0.0029989712;0.0069984333;0.0000000000;0.0000000000;-0.0003410503
0.8306666667;-0.3569540662;-0.4259213187;-0.0181916246;-0.0199549918;-0.3747836684;0.0029989712;0.0069984333;0.0000000000;0.0000000000;0.0007054256
0.8406593407;-0.3569540662;-0.4127684731;-0.0181916246;-0.0181916246;-0.3908690704;0.0029989712;0.0069984333;0.0000000000;0.0000000000;0.0007054256
0.8506521739;-0.3569540662;-0.4282724750;-0.0201087861;-0.0199170699;-0.3747836684;0.0029989712;0.0069984333;0.0000000000;0.0000000000;0.0007054256
0.8606451613;-0.3569540662;-0.4282724750;-0.0200883908;-0.0360212268;-0.3909061810;0.0029989712;0.0070622488;0.0000000000;0.0000000000;0.0007054256
0.8706382979;-0.3569540662;-0.4282724750;-0.0341444265;-0.0360212268;-0.3909241504;0.0029989712;0.0079982095;0.0000000000;0.0000000000;0.0007054256
0.8806315789;-0.3569540662;-0.4305011753;-0.0181916246;-0.0360212268;-0.3926132706;0.0029989712;0.0079982095;0.0000000000;0.0000000000;0.0007158296
0.8906250000;-0.3725779444;-0.4438963532;-0.0181916246;-0.0198459176;-0.3926132706;0.0029989712;0.0079982095;0.0000000000;0.0000000000;0.0017694219
0.9006185567;-0.3569540662;-0.4282724750;-0.0181916246;-0.0343838143;-0.3926132706;0.0029989712;0.0080594203;0.0000000000;0.0000000000;0.0028122281
0.9106122449;-0.3569540662;-0.4461020772;-0.0199925945;-0.0344003538;-0.3926132706;0.0029989712;0.0089979857;0.0000000000;0.0000000000;0.0028122281
0.9206060606;-0.3569540662;-0.4461020772;-0.0181916246;-0.0360212268;-0.4088382086;0.0029989712;0.0089979857;0.0000000000;0.0000000000;0.0028122281
0.9306000000;-0.3747836684;-0.4461020772;-0.0342559196;-0.0360212268;-0.4088540964;0.0030583568;0.0089979857;0.0000000000;0.0000000000;0.0028122281
0.9405940594;-0.3747836684;-0.4461020772;-0.0199396248;-0.0360212268;-0.4104428728;0.0039986283;0.0089979857;0.0000000000;0.0000000000;0.0028220202
0.9505882353;-0.3727064332;-0.4461020772;-0.0181916246;-0.0197495510;-0.4104428728;0.0039986283;0.0089979857;0.0000000000;0.0000000000;0.0038625329
0.9605825243;-0.3590113280;-0.4481593390;-0.0181916246;-0.0360212268;-0.4104428728;0.0039986283;0.0089979857;0.0000000000;0.0000000000;0.0038625329
0.9705769231;-0.3926132706;-0.4461020772;-0.0181916246;-0.0360212268;-0.4104428728;0.0039986283;0.0089979857;0.0000000000;0.0000000000;0.0038625329
0.9805714286;-0.3747836684;-0.4461020772;-0.0181916246;-0.0523369948;-0.4104428728;0.0039986283;0.0090545768;0.0000000000;0.0000000000;0.0038625329
0.9905660377;-0.3747836684;-0.4639316794;-0.0343549088;-0.0360212268;-0.4119425590;0.0039986283;0.0099977619;0.0000000000;0.0000000000;0.0038625329
1.0005607477;-0.3747836684;-0.4639316794;-0.0198425137;-0.0523650288;-0.4267866748;0.0039986283;0.0099977619;0.0000000000;0.0000000000;0.0038625329
1.0105555556;-0.3747836684;-0.4480649692;-0.0343854834;-0.0523786600;-0.4282724750;0.0040536553;0.0099977619;0.0000000000;0.0000000000;0.0038625329
1.0205504587;-0.3926132706;-0.4639316794;-0.0181916246;-0.0360212268;-0.4268136894;0.0049982853;0.0099977619;0.0000000000;0.0000000000;0.0038625329
1.0305454545;-0.3767111930;-0.4658592039;-0.0181916246;-0.0360212268;-0.4118885162;0.0049982853;0.0099977619;0.0000000000;0.0000000000;0.0038625329
1.0405405405;-0.3926132706;-0.4817612816;-0.0181916246;-0.0196243605;-0.4268397391;0.0049982853;0.0100513213;0.0000000000;0.0000000000;0.0038714508
1.0505357143;-0.4085494637;-0.4817612816;-0.0181916246;-0.0360212268;-0.4282724750;0.0049982853;0.0109975380;0.0000000000;0.0000000000;0.0049080260
1.0605309735;-0.3944900708;-0.4817612816;-0.0344572266;-0.0360212268;-0.4282724750;0.0049982853;0.0109975380;0.0000000000;0.0000000000;0.0049080260
1.0705263158;-0.4085823926;-0.4817612816;-0.0344708266;-0.0360212268;-0.4282724750;0.0049982853;0.0109975380;0.0000000000;0.0000000000;0.0049080260
1.0805217391;-0.4085984312;-0.4817612816;-0.0197286592;-0.0360212268;-0.4282724750;0.0050499917;0.0109975380;0.0000000000;0.0000000000;0.0049080260
1.0905172414;-0.3926132706;-0.4817612816;-0.0344973291;-0.0195631324;-0.4282724750;0.0059979424;0.0109975380;0.0000000000;0.0000000000;0.0049080260
1.1005128205;-0.4104428728;-0.4817612816;-0.0345102435;-0.0360212268;-0.4282724750;0.0059979424;0.0109975380;0.0000000000;0.0000000000;0.0049164905
1.1105084746;-0.4104428728;-0.4995908838;-0.0360212268;-0.0360212268;-0.4282724750;0.0059979424;0.0109975380;0.0000000000;0.0000000000;0.0059510409
1.1205042017;-0.4104428728;-0.4995908838;-0.0360212268;-0.0346840066;-0.4461020772;0.0060479252;0.0109975380;0.0000000000;0.0000000000;0.0059510409
1.1305000000;-0.4104428728;-0.4835295066;-0.0345477059;-0.0181916246;-0.4461020772;0.0069975995;0.0109975380;0.0000000000;0.0000000000;0.0059510409
1.1404958678;-0.4121966042;-0.4995908838;-0.0345597840;-0.0195069231;-0.4295877735;0.0069975995;0.0110467074;0.0000000000;0.0000000000;0.0059510409
1.1504918033;-0.4265330016;-0.4995908838;-0.0181916246;-0.0360212268;-0.4461020772;0.0069975995;0.0119973142;0.0000000000;0.0000000000;0.0059510409
1.1604878049;-0.4104428728;-0.4995908838;-0.0181916246;-0.0360212268;-0.4295665590;0.0069975995;0.0119973142;0.0000000000;0.0000000000;0.0059510409
1.1704838710;-0.4282724750;-0.5157088441;-0.0181916246;-0.0194753559;-0.4461020772;0.0069975995;0.0119973142;0.0000000000;0.0000000000;0.0059510409
1.1804800000;-0.4282724750;-0.5012889411;-0.0196066724;-0.0347476838;-0.4461020772;0.0069975995;0.0119973142;0.0000000000;0.0000000000;0.0059510409
1.1904761905;-0.4282724750;-0.5157357991;-0.0360212268;-0.0360212268;-0.4461020772;0.0070448273;0.0120445478;0.0000000000;0.0000000000;0.0059510409
1.2004724409;-0.4299440002;-0.5012624090;-0.0195845622;-0.0360212268;-0.4473557211;0.0079972565;0.0129970904;0.0000000000;0.0000000000;0.0059510409
1.2104687500;-0.4444435095;-0.5157619183;-0.0181916246;-0.0181916246;-0.4461020772;0.0079972565;0.0129970904;0.0000000000;0.0000000000;0.0059510409
1.2204651163;-0.4444562678;-0.5157746765;-0.0181916246;-0.0194259816;-0.4461020772;0.0080433945;0.0129970904;0.0000000000;0.0000000000;0.0059510409
1.2304615385;-0.4299057210;-0.5157872400;-0.0017230607;-0.0194165591;-0.4461020772;0.0089969136;0.0129970904;0.0000000000;0.0000000000;0.0059510409
1.2404580153;-0.4623108065;-0.5174204860;-0.0195423520;-0.0194072793;-0.4461020772;0.0089969136;0.0129970904;0.0000000000;0.0000000000;0.0059510409
1.2504545455;-0.4461020772;-0.5174204860;-0.0346806552;-0.0360212268;-0.4461020772;0.0089969136;0.0130421931;0.0000000000;0.0000000000;0.0059510409
1.2604511278;-0.4623349986;-0.5174204860;-0.0181916246;-0.0360212268;-0.4461020772;0.0089969136;0.0139968666;0.0000000000;0.0000000000;0.0059510409
1.2704477612;-0.4639316794;-0.5174204860;-0.0181916246;-0.0360212268;-0.4639316794;0.0090413428;0.0139968666;0.0000000000;0.0000000000;0.0059510409
1.2804444444;-0.4639316794;-0.5336768880;-0.0181916246;-0.0360212268;-0.4461020772;0.0099965706;0.0139968666;0.0000000000;0.0000000000;0.0059510409
1.2904411765;-0.4639316794;-0.5352500881;-0.0181916246;-0.0360212268;-0.4627603916;0.0099965706;0.0139968666;0.0000000000;0.0000000000;0.0059583315
1.3004379562;-0.4639316794;-0.5336996880;-0.0181916246;-0.0360212268;-0.4472648773;0.0099965706;0.0139968666;0.0000000000;0.0000000000;0.0069876943
1.3104347826;-0.4639316794;-0.5189597322;-0.0181916246;-0.0348667921;-0.4472565119;0.0100397213;0.0140400224;0.0000000000;0.0000000000;0.0069876943
1.3204316547;-0.4654599310;-0.5352500881;-0.0181916246;-0.0348750381;-0.4639316794;0.0109962277;0.0149966428;0.0000000000;0.0000000000;0.0069876943
1.3304285714;-0.4639316794;-0.5352500881;-0.0181916246;-0.0360212268;-0.4639316794;0.0109962277;0.0149966428;0.0000000000;0.0000000000;0.0069876943
1.3404255319;-0.4817612816;-0.5367568151;-0.0181916246;-0.0348911816;-0.4639316794;0.0109962277;0.0149966428;0.0000000000;0.0000000000;0.0069876943
1.3504225352;-0.4817612816;-0.5530796903;-0.0181916246;-0.0193137674;-0.4639316794;0.0109962277;0.0149966428;0.0000000000;0.0000000000;0.0069876943
1.3604195804;-0.4817612816;-0.5530796903;-0.0347830599;-0.0181916246;-0.4639316794;0.0109962277;0.0149966428;0.0000000000;0.0000000000;0.0069876943
1.3704166667;-0.4817612816;-0.5367256414;-0.0181916246;-0.0349145618;-0.4639316794;0.0109962277;0.0149966428;0.0000000000;0.0000000000;0.0069876943
1.3804137931;-0.4817612816;-0.5352500881;-0.0181916246;-0.0181916246;-0.4639316794;0.0109962277;0.0149966428;0.0000000000;0.0000000000;0.0069945355
1.3904109589;-0.4995908838;-0.5530796903;-0.0181916246;-0.0360212268;-0.4639316794;0.0109962277;0.0149966428;0.0000000000;0.0000000000;0.0080219327
1.4004081633;-0.4995908838;-0.5530796903;-0.0181916246;-0.0360212268;-0.4639316794;0.0110367543;0.0149966428;0.0000000000;0.0000000000;0.0080219327
1.4104054054;-0.4817612816;-0.5530796903;-0.0181916246;-0.0181916246;-0.4650086352;0.0119958848;0.0149966428;0.0000000000;0.0000000000;0.0080219327
1.4204026846;-0.4995908838;-0.5530796903;-0.0360212268;-0.0192614007;-0.4806915054;0.0119958848;0.0149966428;0.0000000000;0.0000000000;0.0080219327
1.4304000000;-0.4995908838;-0.5530796903;-0.0348404584;-0.0192543161;-0.4817612816;0.0119958848;0.0149966428;0.0000000000;0.0000000000;0.0080219327
1.4403973510;-0.5160128858;-0.5530796903;-0.0193646247;-0.0360212268;-0.4817612816;0.0119958848;0.0150361076;0.0000000000;0.0000000000;0.0080219327
1.4503947368;-0.5009892839;-0.5544780905;-0.0348558933;-0.0349724266;-0.4807124814;0.0120350870;0.0159964190;0.0000000000;0.0000000000;0.0080219327
1.4603921569;-0.5174204860;-0.5709092925;-0.0181916246;-0.0192336143;-0.4817612816;0.0129955418;0.0159964190;0.0000000000;0.0000000000;0.0080219327
1.4703896104;-0.5174204860;-0.5544600466;-0.0181916246;-0.0349859595;-0.4817612816;0.0129955418;0.0159964190;0.0000000000;0.0000000000;0.0080219327
1.4803870968;-0.5160489781;-0.5709092925;-0.0181916246;-0.0360212268;-0.4817612816;0.0129955418;0.0159964190;0.0000000000;0.0000000000;0.0080219327
1.4903846154;-0.5009536559;-0.5709092925;-0.0360212268;-0.0192137037;-0.4817612816;0.0129955418;0.0159964190;0.0000000000;0.0000000000;0.0080219327
1.5003821656;-0.5174204860;-0.5709092925;-0.0181916246;-0.0350056165;-0.4827768918;0.0129955418;0.0159964190;0.0000000000;0.0000000000;0.0080282543
1.5103797468;-0.5174204860;-0.5544253207;-0.0193129832;-0.0360212268;-0.4985816610;0.0129955418;0.0159964190;0.0000000000;0.0000000000;0.0090533932
1.5203773585;-0.5174204860;-0.5709092925;-0.0360212268;-0.0191945397;-0.4827641967;0.0129955418;0.0159964190;0.0000000000;0.0000000000;0.0090533932
1.5303750000;-0.5174204860;-0.5709092925;-0.0349137981;-0.0191883104;-0.4995908838;0.0130327961;0.0160336777;0.0000000000;0.0000000000;0.0090533932
1.5403726708;-0.5352500881;-0.5874181835;-0.0181916246;-0.0360212268;-0.4986003503;0.0139951989;0.0169961952;0.0000000000;0.0000000000;0.0090533932
1.5503703704;-0.5174204860;-0.5874262860;-0.0181916246;-0.0191760811;-0.4995908838;0.0139951989;0.0169961952;0.0000000000;0.0000000000;0.0090533932
1.5603680982;-0.5187250910;-0.5887388947;-0.0192787954;-0.0360212268;-0.4995908838;0.0139951989;0.0169961952;0.0000000000;0.0000000000;0.0090594835
1.5703658537;-0.5352500881;-0.5874421964;-0.0192722065;-0.0350487030;-0.4995908838;0.0139951989;0.0169961952;0.0000000000;0.0000000000;0.0100836220
1.5803636364;-0.5174204860;-0.5721981794;-0.0360212268;-0.0191582898;-0.4995908838;0.0139951989;0.0169961952;0.0000000000;0.0000000000;0.0100836220
1.5903614458;-0.5352500881;-0.5887388947;-0.0349535859;-0.0360212268;-0.5164596092;0.0139951989;0.0169961952;0.0000000000;0.0000000000;0.0100836220
1.6003592814;-0.5352500881;-0.5887388947;-0.0360212268;-0.0360212268;-0.5005460410;0.0140309009;0.0169961952;0.0000000000;0.0000000000;0.0100836220
1.6103571429;-0.5352500881;-0.5887388947;-0.0349662207;-0.0360212268;-0.5164709805;0.0149948560;0.0169961952;0.0000000000;0.0000000000;0.0100836220
1.6203550296;-0.5365086483;-0.5887388947;-0.0349724266;-0.0350773066;-0.5174204860;0.0149948560;0.0169961952;0.0000000000;0.0000000000;0.0100836220
1.6303529412;-0.5530796903;-0.5887388947;-0.0349785600;-0.0360212268;-0.5005292839;0.0149948560;0.0169961952;0.0000000000;0.0000000000;0.0100836220
1.6403508772;-0.5530796903;-0.5887388947;-0.0349846220;-0.0360212268;-0.5164875417;0.0149948560;0.0169961952;0.0000000000;0.0000000000;0.0100836220
1.6503488372;-0.5364868236;-0.5887388947;-0.0349906139;-0.0360212268;-0.5164929344;0.0149948560;0.0169961952;0.0000000000;0.0000000000;0.0100836220
1.6603468208;-0.5530796903;-0.5887388947;-0.0192163144;-0.0360212268;-0.5183427068;0.0149948560;0.0170306702;0.0000000000;0.0000000000;0.0100836220
1.6703448276;-0.5530796903;-0.6053458956;-0.0360212268;-0.0360212268;-0.5174204860;0.0149948560;0.0179959714;0.0000000000;0.0000000000;0.0100836220
1.6803428571;-0.5364657428;-0.5899545494;-0.0181916246;-0.0360212268;-0.5174204860;0.0149948560;0.0179959714;0.0000000000;0.0000000000;0.0100892970
1.6903409091;-0.5542884769;-0.5899476813;-0.0360212268;-0.0369278167;-0.5183270759;0.0149948560;0.0179959714;0.0000000000;0.0000000000;0.0111116465
1.7003389831;-0.5530796903;-0.5899408904;-0.0191932876;-0.0360212268;-0.5174204860;0.0149948560;0.0179959714;0.0000000000;0.0000000000;0.0111116465
1.7103370787;-0.5542749709;-0.6065684969;-0.0191876917;-0.0360212268;-0.5183169464;0.0149948560;0.0179959714;0.0000000000;0.0000000000;0.0111116465
1.7203351955;-0.5542683305;-0.6065684969;-0.0360212268;-0.0190831047;-0.5343586080;0.0150281779;0.0179959714;0.0000000000;0.0000000000;0.0111116465
1.7303333333;-0.5709092925;-0.5899209678;-0.0191766855;-0.0190781794;-0.5183070408;0.0159945130;0.0179959714;0.0000000000;0.0000000000;0.0111116465
1.7403314917;-0.5709092925;-0.6065684969;-0.0191712730;-0.0190733082;-0.5343684045;0.0159945130;0.0179959714;0.0000000000;0.0000000000;0.0111116465
1.7503296703;-0.5709092925;-0.6065684969;-0.0350469316;-0.0360212268;-0.5343732225;0.0159945130;0.0179959714;0.0000000000;0.0000000000;0.0111171045
1.7603278689;-0.5875760946;-0.5899016949;-0.0191606247;-0.0181916246;-0.5352500881;0.0159945130;0.0180285727;0.0000000000;0.0000000000;0.0121385226
1.7703260870;-0.5709092925;-0.6065684969;-0.0191553869;-0.0351538407;-0.5352500881;0.0159945130;0.0189957475;0.0000000000;0.0000000000;0.0121385226
1.7803243243;-0.5709092925;-0.6065684969;-0.0360212268;-0.0351585041;-0.5352500881;0.0159945130;0.0189957475;0.0000000000;0.0000000000;0.0121385226
1.7903225806;-0.5709092925;-0.6065684969;-0.0181916246;-0.0190497338;-0.5352500881;0.0160265876;0.0189957475;0.0000000000;0.0000000000;0.0121385226
1.8003208556;-0.5876008350;-0.6065684969;-0.0360212268;-0.0360212268;-0.5522261456;0.0169941701;0.0189957475;0.0000000000;0.0000000000;0.0121385226
1.8103191489;-0.5720413308;-0.6077005352;-0.0191349898;-0.0360212268;-0.5352500881;0.0169941701;0.0189957475;0.0000000000;0.0000000000;0.0121385226
1.8203174603;-0.5709092925;-0.6232720190;-0.0181916246;-0.0360212268;-0.5352500881;0.0169941701;0.0189957475;0.0000000000;0.0000000000;0.0121385226
1.8303157895;-0.5887388947;-0.6065684969;-0.0360212268;-0.0360212268;-0.5522395520;0.0169941701;0.0189957475;0.0000000000;0.0000000000;0.0121385226
1.8403141361;-0.5887388947;-0.6243980991;-0.0191202497;-0.0360212268;-0.5530796903;0.0169941701;0.0189957475;0.0000000000;0.0000000000;0.0121385226
1.8503125000;-0.5876303184;-0.6076770732;-0.0181916246;-0.0368526590;-0.5530796903;0.0169941701;0.0189957475;0.0000000000;0.0000000000;0.0121385226
1.8603108808;-0.5887388947;-0.6243980991;-0.0181916246;-0.0190187711;-0.5530796903;0.0170250873;0.0189957475;0.0000000000;0.0000000000;0.0121385226
1.8703092784;-0.5887388947;-0.6243980991;-0.0360212268;-0.0360212268;-0.5360729929;0.0179938272;0.0189957475;0.0000000000;0.0000000000;0.0121385226
1.8803076923;-0.5887388947;-0.6243980991;-0.0191012982;-0.0360212268;-0.5530796903;0.0179938272;0.0189957475;0.0000000000;0.0000000000;0.0121385226
1.8903061224;-0.5887388947;-0.6243980991;-0.0351161708;-0.0190061749;-0.5530796903;0.0179938272;0.0189957475;0.0000000000;0.0000000000;0.0121385226
1.9003045685;-0.6054879150;-0.6243980991;-0.0351207418;-0.0360212268;-0.5530796903;0.0179938272;0.0189957475;0.0000000000;0.0000000000;0.0121435671
1.9103030303;-0.6054933450;-0.6243980991;-0.0360212268;-0.0360212268;-0.5530796903;0.0179938272;0.0189957475;0.0000000000;0.0000000000;0.0131632180
1.9203015075;-0.6054987208;-0.6243980991;-0.0351297467;-0.0360212268;-0.5530796903;0.0180238169;0.0189957475;0.0000000000;0.0000000000;0.0131632180
1.9303000000;-0.6055040431;-0.6243980991;-0.0360212268;-0.0360212268;-0.5530796903;0.0189934842;0.0189957475;0.0000000000;0.0000000000;0.0131632180
1.9402985075;-0.5887388947;-0.6243980991;-0.0181916246;-0.0360212268;-0.5530796903;0.0189934842;0.0189957475;0.0000000000;0.0000000000;0.0131632180
1.9502970297;-0.6065684969;-0.6243980991;-0.0173133190;-0.0360212268;-0.5530796903;0.0189934842;0.0189957475;0.0000000000;0.0000000000;0.0131632180
1.9602955665;-0.6065684969;-0.6243980991;-0.0181916246;-0.0360212268;-0.5709092925;0.0189934842;0.0189957475;0.0000000000;0.0000000000;0.0131632180
1.9702941176;-0.6065684969;-0.6411840173;-0.0181916246;-0.0360212268;-0.5530796903;0.0189934842;0.0189957475;0.0000000000;0.0000000000;0.0131632180
1.9802926829;-0.6065684969;-0.6411890837;-0.0351557121;-0.0360212268;-0.5538586535;0.0189934842;0.0189957475;0.0000000000;0.0000000000;0.0131632180
1.9902912621;-0.6065684969;-0.6243980991;-0.0181916246;-0.0352460267;-0.5530796903;0.0189934842;0.0189957475;0.0000000000;0.0000000000;0.0131632180
2.0002898551;-0.6243980991;-0.6243980991;-0.0181916246;-0.0189630977;-0.5530796903;0.0189934842;0.0190245872;0.0000000000;0.0000000000;0.0131632180
2.0102884615;-0.6243980991;-0.6243980991;-0.0181916246;-0.0360212268;-0.5701415106;0.0189934842;0.0199955237;0.0000000000;0.0000000000;0.0131632180
2.0202870813;-0.6075873313;-0.6243980991;-0.0351721981;-0.0360212268;-0.5530796903;0.0189934842;0.0199955237;0.0000000000;0.0000000000;0.0131632180
2.0302857143;-0.6243980991;-0.6412136955;-0.0190366294;-0.0360212268;-0.5530796903;0.0190219105;0.0199955237;0.0000000000;0.0000000000;0.0131632180
2.0402843602;-0.6243980991;-0.6243980991;-0.0190326435;-0.0189485416;-0.5709092925;0.0199931413;0.0199955237;0.0000000000;0.0000000000;0.0131632180
2.0502830189;-0.6243980991;-0.6412232167;-0.0181916246;-0.0360212268;-0.5538330538;0.0199931413;0.0199955237;0.0000000000;0.0000000000;0.0131632180
2.0602816901;-0.6243980991;-0.6422277013;-0.0190247836;-0.0189414677;-0.5538295334;0.0199931413;0.0199955237;0.0000000000;0.0000000000;0.0131632180
2.0702803738;-0.6243980991;-0.6412325607;-0.0360212268;-0.0360212268;-0.5709092925;0.0199931413;0.0199955237;0.0000000000;0.0000000000;0.0131632180
2.0802790698;-0.6253886326;-0.6243980991;-0.0181916246;-0.0360212268;-0.5709092925;0.0199931413;0.0199955237;0.0000000000;0.0000000000;0.0131632180
2.0902777778;-0.6253840679;-0.6412417325;-0.0190132652;-0.0352817502;-0.5530796903;0.0200207816;0.0199955237;0.0000000000;0.0000000000;0.0131632180
2.1002764977;-0.6422277013;-0.6412462553;-0.0352033551;-0.0189277091;-0.5538157748;0.0209927984;0.0199955237;0.0000000000;0.0000000000;0.0131632180
2.1102752294;-0.6422277013;-0.6243980991;-0.0181916246;-0.0352885034;-0.5530796903;0.0209927984;0.0199955237;0.0000000000;0.0000000000;0.0131632180
2.1202739726;-0.6422277013;-0.6253706229;-0.0190020610;-0.0181916246;-0.5538090832;0.0209927984;0.0199955237;0.0000000000;0.0000000000;0.0131632180
2.1302727273;-0.6422277013;-0.6253662223;-0.0189983939;-0.0181916246;-0.5538057827;0.0209927984;0.0199955237;0.0000000000;0.0000000000;0.0131632180
2.1402714932;-0.6422277013;-0.6253618614;-0.0189947598;-0.0352984051;-0.5530796903;0.0209927984;0.0199955237;0.0000000000;0.0000000000;0.0131632180
2.1502702703;-0.6422277013;-0.6253575396;-0.0189911583;-0.0353016464;-0.5530796903;0.0209927984;0.0199955237;0.0000000000;0.0000000000;0.0131632180
2.1602690583;-0.6422277013;-0.6422277013;-0.0360212268;-0.0360212268;-0.5530796903;0.0209927984;0.0199955237;0.0000000000;0.0000000000;0.0131632180
2.1702678571;-0.6422277013;-0.6253490112;-0.0360212268;-0.0360212268;-0.5709092925;0.0209927984;0.0199955237;0.0000000000;0.0000000000;0.0131632180
2.1802666667;-0.6600573035;-0.6412809968;-0.0181916246;-0.0360212268;-0.5701992641;0.0210193379;0.0199955237;0.0000000000;0.0000000000;0.0131632180
2.1902654867;-0.6591147695;-0.6422277013;-0.0352357817;-0.0360212268;-0.5702023920;0.0219924554;0.0199955237;0.0000000000;0.0000000000;0.0131632180
2.2002643172;-0.6600573035;-0.6422277013;-0.0181916246;-0.0360212268;-0.5709092925;0.0219924554;0.0200218336;0.0000000000;0.0000000000;0.0131632180
2.2102631579;-0.6431620036;-0.6600573035;-0.0360212268;-0.0360212268;-0.5709092925;0.0219924554;0.0209952999;0.0000000000;0.0000000000;0.0131632180
2.2202620087;-0.6600573035;-0.6431579414;-0.0189668247;-0.0360212268;-0.5709092925;0.0219924554;0.0209952999;0.0000000000;0.0000000000;0.0131675607
2.2302608696;-0.6600573035;-0.6422277013;-0.0181916246;-0.0367158866;-0.5709092925;0.0219924554;0.0209952999;0.0000000000;0.0000000000;0.0141842333
2.2402597403;-0.6600573035;-0.6422277013;-0.0181916246;-0.0367128924;-0.5709092925;0.0219924554;0.0209952999;0.0000000000;0.0000000000;0.0141842333
2.2502586207;-0.6769686429;-0.6591390407;-0.0181916246;-0.0360212268;-0.5537683874;0.0219924554;0.0209952999;0.0000000000;0.0000000000;0.0141842333
2.2602575107;-0.6769725671;-0.6591429649;-0.0189535734;-0.0360212268;-0.5709092925;0.0220180877;0.0209952999;0.0000000000;0.0000000000;0.0141842333
2.2702564103;-0.6600573035;-0.6600573035;-0.0189503310;-0.0360212268;-0.5709092925;0.0229921125;0.0210208261;0.0000000000;0.0000000000;0.0141842333
2.2802553191;-0.6769803157;-0.6600573035;-0.0360212268;-0.0367011692;-0.5709092925;0.0229921125;0.0219950761;0.0000000000;0.0000000000;0.0141842333
2.2902542373;-0.6769841410;-0.6600573035;-0.0360212268;-0.0360212268;-0.5709092925;0.0229921125;0.0219950761;0.0000000000;0.0000000000;0.0141842333
2.3002531646;-0.6778869057;-0.6591583320;-0.0189407675;-0.0360212268;-0.5709092925;0.0229921125;0.0219950761;0.0000000000;0.0000000000;0.0141842333
2.3102521008;-0.6778869057;-0.6431229115;-0.0189376330;-0.0360212268;-0.5887388947;0.0229921125;0.0220201751;0.0000000000;0.0000000000;0.0141842333
2.3202510460;-0.6778869057;-0.6600573035;-0.0181916246;-0.0353526167;-0.5715779026;0.0229921125;0.0229948523;0.0000000000;0.0000000000;0.0141842333
2.3302500000;-0.6778869057;-0.6600573035;-0.0360212268;-0.0360212268;-0.5887388947;0.0229921125;0.0229948523;0.0000000000;0.0000000000;0.0141883778
2.3402489627;-0.6778869057;-0.6778869057;-0.0189283850;-0.0181916246;-0.5887388947;0.0229921125;0.0229948523;0.0000000000;0.0000000000;0.0152042141
2.3502479339;-0.6778869057;-0.6609377777;-0.0181916246;-0.0360212268;-0.5887388947;0.0229921125;0.0229948523;0.0000000000;0.0000000000;0.0152042141
2.3602469136;-0.6787637714;-0.6778869057;-0.0181916246;-0.0188492738;-0.5715669418;0.0229921125;0.0229948523;0.0000000000;0.0000000000;0.0152042141
2.3702459016;-0.6787601923;-0.6787601923;-0.0352934879;-0.0360212268;-0.5887388947;0.0229921125;0.0229948523;0.0000000000;0.0000000000;0.0152042141
2.3802448980;-0.6948467712;-0.6957165079;-0.0352964462;-0.0360212268;-0.5887388947;0.0229921125;0.0230192371;0.0000000000;0.0000000000;0.0152082743
2.3902439024;-0.6948502924;-0.6957165079;-0.0352993805;-0.0360212268;-0.5887388947;0.0229921125;0.0239946285;0.0000000000;0.0000000000;0.0162237558
2.4002429150;-0.6778869057;-0.6948537852;-0.0353022912;-0.0366682688;-0.5887388947;0.0229921125;0.0239946285;0.0000000000;0.0000000000;0.0162237558
2.4102419355;-0.6778869057;-0.6957165079;-0.0353051785;-0.0532063855;-0.6065684969;0.0230162006;0.0239946285;0.0000000000;0.0000000000;0.0162237558
2.4202409639;-0.6778869057;-0.6957165079;-0.0353080427;-0.0366630924;-0.5893807604;0.0239917695;0.0239946285;0.0000000000;0.0000000000;0.0162237558
2.4302400000;-0.6787393169;-0.7126936988;-0.0189019673;-0.0366605352;-0.6065684969;0.0239917695;0.0240185275;0.0000000000;0.0000000000;0.0162237558
2.4402390438;-0.6957165079;-0.6957165079;-0.0360212268;-0.0538508290;-0.6065684969;0.0239917695;0.0249944047;0.0000000000;0.0000000000;0.0162237558
2.4502380952;-0.6957165079;-0.7127004372;-0.0360212268;-0.0360212268;-0.6065684969;0.0239917695;0.0249944047;0.0000000000;0.0000000000;0.0162237558
2.4602371542;-0.6778869057;-0.7135461101;-0.0360212268;-0.0538508290;-0.6065684969;0.0239917695;0.0249944047;0.0000000000;0.0000000000;0.0162276882
2.4702362205;-0.6957165079;-0.7135461101;-0.0353220267;-0.0716804311;-0.6065684969;0.0239917695;0.0249944047;0.0000000000;0.0000000000;0.0172426318
2.4802352941;-0.6957165079;-0.7135461101;-0.0188880934;-0.0907636772;-0.6065684969;0.0239917695;0.0249944047;0.0000000000;0.0000038998;0.0172426318
2.4902343750;-0.6957165079;-0.7135461101;-0.0181916246;-0.0882612674;-0.6071928799;0.0239917695;0.0249944047;0.0000000000;0.0010182496;0.0172426318
2.5002334630;-0.6965457917;-0.7143753939;-0.0188826944;-0.1983535351;-0.6243980991;0.0240150174;0.0249944047;0.0000000000;0.0010182496;0.0172465031
2.5102325581;-0.6965425898;-0.7135461101;-0.0360212268;-0.3034652596;-0.6243980991;0.0249914266;0.0250175655;0.0000000000;0.0010182496;0.0182611906
2.5202316602;-0.6957165079;-0.7305528075;-0.0353354728;-0.3206776833;-0.6243980991;0.0249914266;0.0259941808;0.0000000000;0.0010220895;0.0182611906
2.5302307692;-0.6965362597;-0.7135461101;-0.0353381002;-0.3219096757;-0.6250129130;0.0249914266;0.0259941808;0.0000000000;0.0020361873;0.0182611906
2.5402298851;-0.6965331309;-0.7313757123;-0.0181916246;-0.3569540662;-0.6250105664;0.0249914266;0.0259941808;0.0000000000;0.0020361873;0.0182611906
2.5502290076;-0.7135461101;-0.7313757123;-0.0181916246;-0.3747836684;-0.6422277013;0.0249914266;0.0259941808;0.0000000000;0.0020361873;0.0182611906
2.5602281369;-0.7135461101;-0.7313757123;-0.0531754652;-0.3575618936;-0.6422277013;0.0249914266;0.0259941808;0.0000000000;0.0020361873;0.0182611906
2.5702272727;-0.7135461101;-0.7313757123;-0.0360212268;-0.3575595999;-0.6416221676;0.0249914266;0.0259941808;0.0000000000;0.0020361873;0.0182649597
2.5802264151;-0.7135461101;-0.7313757123;-0.0353509410;-0.3747836684;-0.6422277013;0.0249914266;0.0260167322;0.0000000000;0.0020361873;0.0192792180
2.5902255639;-0.7135461101;-0.7143474405;-0.0353534514;-0.3747836684;-0.6422277013;0.0249914266;0.0269939570;0.0000000000;0.0020361873;0.0192792180
2.6002247191;-0.7143444505;-0.7484069741;-0.0353559431;-0.3926132706;-0.6422277013;0.0249914266;0.0269939570;0.0000000000;0.0020361873;0.0192792180
2.6102238806;-0.7135461101;-0.7313757123;-0.0181916246;-0.3920167412;-0.6422277013;0.0249914266;0.0269939570;0.0000000000;0.0020361873;0.0192792180
2.6202230483;-0.7135461101;-0.7313757123;-0.0188519802;-0.3926132706;-0.6422277013;0.0249914266;0.0269939570;0.0000000000;0.0020361873;0.0192792180
2.6302222222;-0.7127566074;-0.7313757123;-0.0181916246;-0.3753757954;-0.6428198283;0.0250135592;0.0269939570;0.0000000000;0.0020361873;0.0192792180
2.6402214022;-0.7143327102;-0.7313757123;-0.0360212268;-0.3747836684;-0.6600573035;0.0259910837;0.0269939570;0.0000000000;0.0020361873;0.0192792180
2.6502205882;-0.7135461101;-0.7321594310;-0.0188447236;-0.3926132706;-0.6600573035;0.0259910837;0.0269939570;0.0000000000;0.0020361873;0.0192828766
2.6602197802;-0.7135461101;-0.7321565708;-0.0181916246;-0.3926132706;-0.6600573035;0.0259910837;0.0269939570;0.0000000000;0.0020361873;0.0202966720
2.6702189781;-0.7143241291;-0.7313757123;-0.0181916246;-0.3926132706;-0.6600573035;0.0259910837;0.0269939570;0.0000000000;0.0020361873;0.0202966720
2.6802181818;-0.7313757123;-0.7492053145;-0.0181916246;-0.3926132706;-0.6600573035;0.0259910837;0.0269939570;0.0000000000;0.0020361873;0.0202966720
2.6902173913;-0.7313757123;-0.7321481138;-0.0353775588;-0.3926132706;-0.6600573035;0.0259910837;0.0269939570;0.0000000000;0.0020361873;0.0202966720
2.7002166065;-0.7321453354;-0.7484356913;-0.0181916246;-0.3926132706;-0.6600573035;0.0259910837;0.0269939570;0.0000000000;0.0020361873;0.0202966720
2.7102158273;-0.7143129747;-0.7492053145;-0.0188306784;-0.3926132706;-0.6600573035;0.0260125817;0.0269939570;0.0000000000;0.0020361873;0.0202966720
2.7202150538;-0.7313757123;-0.7492053145;-0.0181916246;-0.3926132706;-0.6600573035;0.0269907407;0.0269939570;0.0000000000;0.0020361873;0.0202966720
2.7302142857;-0.7313757123;-0.7492053145;-0.0181916246;-0.3926132706;-0.6600573035;0.0269907407;0.0269939570;0.0000000000;0.0020361873;0.0202966720
2.7402135231;-0.7321344187;-0.7492053145;-0.0353889714;-0.4104428728;-0.6600573035;0.0269907407;0.0269939570;0.0000000000;0.0020397275;0.0202966720
2.7502127660;-0.7313757123;-0.7492053145;-0.0181916246;-0.3926132706;-0.6600573035;0.0269907407;0.0270151537;0.0000000000;0.0030525702;0.0202966720
2.7602120141;-0.7313757123;-0.7662815532;-0.0181916246;-0.3931782932;-0.6600573035;0.0269907407;0.0279937332;0.0000000000;0.0030525702;0.0202966720
2.7702112676;-0.7321264324;-0.7662841966;-0.0181916246;-0.4098798327;-0.6600573035;0.0269907407;0.0279937332;0.0000000000;0.0030525702;0.0202966720
2.7802105263;-0.7484572193;-0.7492053145;-0.0181916246;-0.4104428728;-0.6773258343;0.0269907407;0.0279937332;0.0000000000;0.0030525702;0.0202966720
2.7902097902;-0.7321212009;-0.7492053145;-0.0188128651;-0.4104428728;-0.6600573035;0.0269907407;0.0279937332;0.0000000000;0.0030525702;0.0202966720
2.8002090592;-0.7492053145;-0.7499482145;-0.0354021434;-0.4104428728;-0.6600573035;0.0269907407;0.0279937332;0.0000000000;0.0030525702;0.0202966720
2.8102083333;-0.7492053145;-0.7499456440;-0.0188085658;-0.4104428728;-0.6600573035;0.0269907407;0.0279937332;0.0000000000;0.0030525702;0.0202966720
2.8202076125;-0.7321134889;-0.7670349166;-0.0188064384;-0.4104428728;-0.6600573035;0.0269907407;0.0279937332;0.0000000000;0.0030525702;0.0202966720
2.8302068966;-0.7321109536;-0.7670349166;-0.0360212268;-0.4277210440;-0.6600573035;0.0269907407;0.0280143472;0.0000000000;0.0030525702;0.0202966720
2.8402061856;-0.7492053145;-0.7670349166;-0.0354106239;-0.4282724750;-0.6606068460;0.0269907407;0.0289935094;0.0000000000;0.0030525702;0.0202966720
2.8502054795;-0.7492053145;-0.7499355371;-0.0181916246;-0.4277248080;-0.6600573035;0.0269907407;0.0289935094;0.0000000000;0.0030525702;0.0202966720
2.8602047782;-0.7492053145;-0.7670349166;-0.0181916246;-0.4282724750;-0.6600573035;0.0269907407;0.0289935094;0.0000000000;0.0030525702;0.0202966720
2.8702040816;-0.7492053145;-0.7670349166;-0.0274308771;-0.4288164290;-0.6600573035;0.0269907407;0.0289935094;0.0000000000;0.0030525702;0.0202966720
2.8802033898;-0.7499281362;-0.7848645188;-0.0354188753;-0.4288145913;-0.6600573035;0.0269907407;0.0289935094;0.0000000000;0.0030525702;0.0202966720
2.8902027027;-0.7670349166;-0.7848645188;-0.0354209035;-0.4461020772;-0.6600573035;0.0270109358;0.0289935094;0.0000000000;0.0030525702;0.0202966720
2.9002020202;-0.7492053145;-0.7670349166;-0.0187899334;-0.4288109529;-0.6600573035;0.0279903978;0.0289935094;0.0000000000;0.0030525702;0.0202966720
2.9102013423;-0.7670349166;-0.7848645188;-0.0187879323;-0.4455654002;-0.6600573035;0.0279903978;0.0289935094;0.0000000000;0.0030525702;0.0202966720
2.9202006689;-0.7670349166;-0.7848645188;-0.0187859446;-0.4461020772;-0.6422277013;0.0279903978;0.0290135049;0.0000000000;0.0030558980;0.0202966720
2.9302000000;-0.7499161292;-0.7848645188;-0.0187839702;-0.4461020772;-0.6600573035;0.0279903978;0.0299932856;0.0000000000;0.0040678535;0.0202966720
2.9401993355;-0.7663264556;-0.7848645188;-0.0354308426;-0.4461020772;-0.6600573035;0.0279903978;0.0299932856;0.0000000000;0.0040678535;0.0202966720
2.9501986755;-0.7670349166;-0.8019879982;-0.0187800603;-0.4461020772;-0.6595277113;0.0279903978;0.0299932856;0.0000000000;0.0040678535;0.0202966720
2.9601980198;-0.7670349166;-0.7855683189;-0.0354347267;-0.4461020772;-0.6600573035;0.0279903978;0.0299932856;0.0000000000;0.0040678535;0.0202966720
2.9701973684;-0.7670349166;-0.7855660114;-0.0187762017;-0.4466281966;-0.6600573035;0.0280100632;0.0299932856;0.0000000000;0.0040711268;0.0202966720
2.9801967213;-0.7670349166;-0.7848645188;-0.0187742913;-0.4466264773;-0.6600573035;0.0289900549;0.0299932856;0.0000000000;0.0050828548;0.0202966720
2.9901960784;-0.7670349166;-0.8026941210;-0.0360212268;-0.4634089875;-0.6600573035;0.0289900549;0.0300128252;0.0000000000;0.0050828548;0.0202966720
3.0001954397;-0.7841698590;-0.8026941210;-0.0181916246;-0.4639316794;-0.6600573035;0.0289900549;0.0309930618;0.0000000000;0.0050828548;0.0202966720
3.0101948052;-0.7677273284;-0.8026941210;-0.0181916246;-0.4634123706;-0.6595379947;0.0289900549;0.0309930618;0.0000000000;0.0050828548;0.0202966720
3.0201941748;-0.7841743407;-0.8026941210;-0.0181916246;-0.4461020772;-0.6600573035;0.0289900549;0.0309930618;0.0000000000;0.0050828548;0.0202966720
3.0301935484;-0.7677228756;-0.8026941210;-0.0187649237;-0.4639316794;-0.6600573035;0.0289900549;0.0309930618;0.0000000000;0.0050828548;0.0202966720
3.0401929260;-0.7677206706;-0.8026941210;-0.0360212268;-0.4639316794;-0.6600573035;0.0289900549;0.0309930618;0.0000000000;0.0050828548;0.0202966720
3.0501923077;-0.7677184797;-0.8026941210;-0.0360212268;-0.4639316794;-0.6600573035;0.0290092176;0.0309930618;0.0000000000;0.0050860444;0.0202966720
3.0601916933;-0.7848645188;-0.8026941210;-0.0354534050;-0.4639316794;-0.6600573035;0.0299897119;0.0309930618;0.0000000000;0.0060974239;0.0202966720
3.0701910828;-0.7855437418;-0.8026941210;-0.0187576437;-0.4639316794;-0.6600573035;0.0299897119;0.0309930618;0.0000000000;0.0060974239;0.0202966720
3.0801904762;-0.8020170475;-0.8026941210;-0.0360212268;-0.4639316794;-0.6778869057;0.0299897119;0.0309930618;0.0000000000;0.0060974239;0.0202966720
3.0901898734;-0.7855394565;-0.8205237232;-0.0181916246;-0.4817612816;-0.6778869057;0.0299897119;0.0309930618;0.0000000000;0.0060974239;0.0202966720
3.1001892744;-0.7848645188;-0.8033669362;-0.0181916246;-0.4639316794;-0.6778869057;0.0300085734;0.0309930618;0.0000000000;0.0060974239;0.0202998129
3.1101886792;-0.8026941210;-0.8205237232;-0.0181916246;-0.4639316794;-0.6778869057;0.0309893690;0.0309930618;0.0000000000;0.0061005535;0.0213114469
3.1201880878;-0.8026941210;-0.8205237232;-0.0181916246;-0.4817612816;-0.6952150503;0.0309893690;0.0310118076;0.0000000000;0.0071116833;0.0213114469
3.1301875000;-0.8020275938;-0.8205237232;-0.0187470639;-0.4817612816;-0.6783868011;0.0309893690;0.0319928380;0.0000000000;0.0071116833;0.0213145585
3.1401869159;-0.8033585783;-0.8198592660;-0.0354675124;-0.4817612816;-0.6957165079;0.0309893690;0.0319928380;0.0000000000;0.0071116833;0.0223260703
3.1501863354;-0.8026941210;-0.8205237232;-0.0181916246;-0.4817612816;-0.6957165079;0.0309893690;0.0319928380;0.0000000000;0.0071116833;0.0223260703
3.1601857585;-0.8026941210;-0.8205237232;-0.0187419209;-0.4822565483;-0.6957165079;0.0309893690;0.0319928380;0.0000000000;0.0071116833;0.0223260703
3.1701851852;-0.8026941210;-0.8205237232;-0.0181916246;-0.4995908838;-0.6957165079;0.0309893690;0.0319928380;0.0000000000;0.0071116833;0.0223260703
3.1801846154;-0.8033504254;-0.8205237232;-0.0360212268;-0.4822535099;-0.6957165079;0.0310077676;0.0319928380;0.0000000000;0.0071147457;0.0223260703
3.1901840491;-0.8033484184;-0.8383533254;-0.0181916246;-0.4995908838;-0.6957165079;0.0319890261;0.0319928380;0.0000000000;0.0081255960;0.0223260703
3.2001834862;-0.8205237232;-0.8383533254;-0.0181916246;-0.4991016569;-0.6962057348;0.0319890261;0.0319928380;0.0000000000;0.0081255960;0.0223260703
3.2101829268;-0.8211740431;-0.8205237232;-0.0181916246;-0.4995908838;-0.7130583702;0.0319890261;0.0319928380;0.0000000000;0.0081255960;0.0223260703
3.2201823708;-0.8205237232;-0.8205237232;-0.0181916246;-0.4995908838;-0.6957165079;0.0319890261;0.0320110157;0.0000000000;0.0081286213;0.0223260703
3.2301818182;-0.8383533254;-0.8383533254;-0.0181916246;-0.4995908838;-0.7130613173;0.0320071467;0.0329926141;0.0000000000;0.0091393173;0.0223260703
3.2401812689;-0.8211681667;-0.8383533254;-0.0354841906;-0.5169371534;-0.7135461101;0.0329886831;0.0329926141;0.0000000000;0.0091393173;0.0223260703
3.2501807229;-0.8383533254;-0.8383533254;-0.0181916246;-0.4995908838;-0.6961983890;0.0329886831;0.0329926141;0.0000000000;0.0091393173;0.0223260703
3.2601801802;-0.8383533254;-0.8383533254;-0.0181916246;-0.5174204860;-0.7130656717;0.0329886831;0.0329926141;0.0000000000;0.0091393173;0.0223260703
3.2701796407;-0.8383533254;-0.8383533254;-0.0181916246;-0.5174204860;-0.6961955121;0.0329886831;0.0329926141;0.0000000000;0.0091422975;0.0223260703
3.2801791045;-0.8383533254;-0.8383533254;-0.0181916246;-0.5174204860;-0.7135461101;0.0329886831;0.0329926141;0.0000000000;0.0101528060;0.0223260703
3.2901785714;-0.8383533254;-0.8383533254;-0.0181916246;-0.5174204860;-0.7135461101;0.0329886831;0.0329926141;0.0000000000;0.0101528060;0.0223260703
3.3001780415;-0.8555499240;-0.8389863290;-0.0181916246;-0.5347753354;-0.7135461101;0.0330064285;0.0329926141;0.0000000000;0.0101557597;0.0223260703
3.3101775148;-0.8555517912;-0.8383533254;-0.0181916246;-0.5352500881;-0.7135461101;0.0339883402;0.0329926141;0.0000000000;0.0111661583;0.0223260703
3.3201769912;-0.8555536475;-0.8383533254;-0.0181916246;-0.5352500881;-0.7130741500;0.0339883402;0.0329926141;0.0000000000;0.0111661583;0.0223260703
3.3301764706;-0.8555554929;-0.8383533254;-0.0181916246;-0.5352500881;-0.7135461101;0.0339883402;0.0329926141;0.0000000000;0.0111661583;0.0223260703
3.3401759531;-0.8561829276;-0.8383533254;-0.0181916246;-0.5352500881;-0.7130769100;0.0339883402;0.0329926141;0.0000000000;0.0111661583;0.0223260703
3.3501754386;-0.8396008778;-0.8389771016;-0.0187114380;-0.5352500881;-0.6957165079;0.0340058269;0.0329926141;0.0000000000;0.0111661583;0.0223260703
3.3601749271;-0.8389752883;-0.8383533254;-0.0360212268;-0.5530796903;-0.6957165079;0.0349879973;0.0329926141;0.0000000000;0.0111690605;0.0223260703
3.3701744186;-0.8561829276;-0.8555627675;-0.0360212268;-0.5357152082;-0.6957165079;0.0349879973;0.0330100016;0.0000000000;0.0121792453;0.0223260703
3.3801739130;-0.8568012953;-0.8555645599;-0.0181916246;-0.5526159146;-0.7135461101;0.0349879973;0.0339923903;0.0000000000;0.0121792453;0.0223260703
3.3901734104;-0.8561829276;-0.8389699111;-0.0355074054;-0.5530796903;-0.6957165079;0.0349879973;0.0339923903;0.0000000000;0.0121792453;0.0223260703
3.4001729107;-0.8567977415;-0.8561829276;-0.0181916246;-0.5530796903;-0.6957165079;0.0349879973;0.0339923903;0.0000000000;0.0121821142;0.0223260703
3.4101724138;-0.8740125298;-0.8555698754;-0.0181916246;-0.5535394795;-0.6957165079;0.0349879973;0.0339923903;0.0000000000;0.0131921606;0.0223260703
3.4201719198;-0.8734012292;-0.8561829276;-0.0187010418;-0.5530796903;-0.6957165079;0.0349879973;0.0339923903;0.0000000000;0.0131921606;0.0223260703
3.4301714286;-0.8567924867;-0.8389628845;-0.0186995904;-0.5704521232;-0.7135461101;0.0349879973;0.0339923903;0.0000000000;0.0131921606;0.0223260703
3.4401709402;-0.8740125298;-0.8561829276;-0.0181916246;-0.5709092925;-0.7130902396;0.0349879973;0.0339923903;0.0000000000;0.0131921606;0.0223260703
3.4501704545;-0.8746186353;-0.8561829276;-0.0355161389;-0.5709092925;-0.6961710870;0.0350049886;0.0339923903;0.0000000000;0.0131921606;0.0223260703
3.4601699717;-0.8746169231;-0.8561829276;-0.0355175657;-0.5709092925;-0.6957165079;0.0359876543;0.0339923903;0.0000000000;0.0131949809;0.0223260703
3.4701694915;-0.8740125298;-0.8567856184;-0.0360212268;-0.5709092925;-0.7130940920;0.0359876543;0.0340092880;0.0000000000;0.0142048257;0.0223260703
3.4801690141;-0.8918421320;-0.8561829276;-0.0355203952;-0.5709092925;-0.7135461101;0.0359876543;0.0349921665;0.0000000000;0.0142048257;0.0223260703
3.4901685393;-0.8918421320;-0.8561829276;-0.0355217981;-0.5709092925;-0.7135461101;0.0359876543;0.0349921665;0.0000000000;0.0142048257;0.0223260703
3.5001680672;-0.9090740939;-0.8740125298;-0.0360212268;-0.5709092925;-0.7135461101;0.0360044084;0.0349921665;0.0000000000;0.0142076145;0.0223260703
3.5101675978;-0.8918421320;-0.8740125298;-0.0355245805;-0.5713562742;-0.7130991284;0.0369873114;0.0349921665;0.0000000000;0.0152173288;0.0223260703
3.5201671309;-0.8918421320;-0.8740125298;-0.0360212268;-0.5887388947;-0.6961622479;0.0369873114;0.0349921665;0.0000000000;0.0152173288;0.0223260703
3.5301666667;-0.9090790604;-0.8740125298;-0.0360212268;-0.5713537979;-0.7135461101;0.0369873114;0.0349921665;0.0000000000;0.0152173288;0.0223260703
3.5401662050;-0.8918421320;-0.8740125298;-0.0360212268;-0.5887388947;-0.7135461101;0.0369873114;0.0349921665;0.0000000000;0.0152173288;0.0223260703
3.5501657459;-0.9096717342;-0.8740125298;-0.0186827982;-0.5887388947;-0.6957165079;0.0369873114;0.0349921665;0.0000000000;0.0152173288;0.0223260703
3.5601652893;-0.9090839451;-0.8740125298;-0.0360212268;-0.5887388947;-0.7135461101;0.0369873114;0.0349921665;0.0000000000;0.0152173288;0.0223260703
3.5701648352;-0.8924283107;-0.8740125298;-0.0360212268;-0.5891785288;-0.7135461101;0.0369873114;0.0349921665;0.0000000000;0.0152173288;0.0223260703
3.5801643836;-0.9096717342;-0.8740125298;-0.0360212268;-0.5887388947;-0.6961549407;0.0369873114;0.0349921665;0.0000000000;0.0152200565;0.0223260703
3.5901639344;-0.9096717342;-0.8740125298;-0.0360212268;-0.5891761329;-0.6961537461;0.0370036546;0.0349921665;0.0000000000;0.0162295184;0.0223260703
3.6001634877;-0.9096717342;-0.8740125298;-0.0355367267;-0.6065684969;-0.7135461101;0.0379869684;0.0349921665;0.0000000000;0.0162295184;0.0223260703
3.6101630435;-0.9096717342;-0.8745923543;-0.0181916246;-0.6065684969;-0.7131112417;0.0379869684;0.0349921665;0.0000000000;0.0162295184;0.0223260703
3.6201626016;-0.9096717342;-0.8740125298;-0.0355393456;-0.6065684969;-0.6957165079;0.0379869684;0.0349921665;0.0000000000;0.0162322167;0.0223260703
3.6301621622;-0.9096717342;-0.8740125298;-0.0355406445;-0.6065684969;-0.6957165079;0.0379869684;0.0349921665;0.0000000000;0.0172415565;0.0223260703
3.6401617251;-0.9096717342;-0.8740125298;-0.0360212268;-0.6069998583;-0.7135461101;0.0379869684;0.0349921665;0.0000000000;0.0172415565;0.0223260703
3.6501612903;-0.9096717342;-0.8740125298;-0.0360212268;-0.6065684969;-0.7135461101;0.0379869684;0.0350082487;0.0000000000;0.0172415565;0.0223260703
3.6601608579;-0.9096717342;-0.8745846026;-0.0181916246;-0.6243980991;-0.6961455625;0.0379869684;0.0359919427;0.0000000000;0.0172415565;0.0223260703
3.6701604278;-0.9096717342;-0.8745830771;-0.0181916246;-0.6065684969;-0.7131181996;0.0379869684;0.0359919427;0.0000000000;0.0172415565;0.0223260703
3.6801600000;-0.9102407640;-0.8745815597;-0.0181916246;-0.6069952693;-0.6961432803;0.0379869684;0.0359919427;0.0000000000;0.0172442117;0.0223260703
3.6901595745;-0.9102392547;-0.8918421320;-0.0181916246;-0.6243980991;-0.6961421482;0.0380028781;0.0359919427;0.0000000000;0.0182533735;0.0223260703
3.7001591512;-0.9269353173;-0.8918421320;-0.0181916246;-0.6243980991;-0.7135461101;0.0389866255;0.0359919427;0.0000000000;0.0182533735;0.0223287127
3.7101587302;-0.9275013364;-0.8745770555;-0.0181916246;-0.6243980991;-0.7135461101;0.0389866255;0.0359919427;0.0000000000;0.0182533735;0.0233382786
3.7201583113;-0.9102347743;-0.8918421320;-0.0181916246;-0.6243980991;-0.7135461101;0.0389866255;0.0359919427;0.0000000000;0.0182533735;0.0233382786
3.7301578947;-0.9102332965;-0.8918421320;-0.0181916246;-0.6248192708;-0.7131249384;0.0389866255;0.0359919427;0.0000000000;0.0182559938;0.0233382786
3.7401574803;-0.9102318264;-0.8924022242;-0.0181916246;-0.6418076321;-0.7131260409;0.0389866255;0.0359919427;0.0000000000;0.0192650115;0.0233382786
3.7501570681;-0.9275013364;-0.8918421320;-0.0181916246;-0.6248170715;-0.6961354803;0.0389866255;0.0360076050;0.0000000000;0.0192650115;0.0233382786
3.7601566580;-0.9275013364;-0.9096717342;-0.0181916246;-0.6248159804;-0.7135461101;0.0389866255;0.0369917189;0.0000000000;0.0192650115;0.0233382786
3.7701562500;-0.9275013364;-0.9096717342;-0.0181916246;-0.6243980991;-0.7135461101;0.0389866255;0.0369917189;0.0000000000;0.0192650115;0.0233382786
3.7801558442;-0.9102260223;-0.8923964201;-0.0181916246;-0.6422277013;-0.7135461101;0.0389866255;0.0369917189;0.0000000000;0.0192650115;0.0233382786
3.7901554404;-0.9275013364;-0.8918421320;-0.0186523378;-0.6422277013;-0.7131314682;0.0389866255;0.0369917189;0.0000000000;0.0192650115;0.0233382786
3.8001550388;-0.9275013364;-0.9091203032;-0.0186511504;-0.6596437302;-0.7135461101;0.0389866255;0.0369917189;0.0000000000;0.0192675846;0.0233382786
3.8101546392;-0.9280513498;-0.9096717342;-0.0360212268;-0.6426402114;-0.7135461101;0.0389866255;0.0369917189;0.0000000000;0.0202764068;0.0233382786
3.8201542416;-0.9275013364;-0.9096717342;-0.0181916246;-0.6422277013;-0.7135461101;0.0389866255;0.0369917189;0.0000000000;0.0202764068;0.0233382786
3.8301538462;-0.9275013364;-0.8923893321;-0.0355652267;-0.6600573035;-0.7135461101;0.0389866255;0.0369917189;0.0000000000;0.0202789602;0.0233382786
3.8401534527;-0.9447851344;-0.9091259300;-0.0181916246;-0.6600573035;-0.7135461101;0.0389866255;0.0369917189;0.0000000000;0.0212877009;0.0233382786
3.8501530612;-0.9447865232;-0.8918421320;-0.0186453040;-0.6600573035;-0.7135461101;0.0389866255;0.0369917189;0.0000000000;0.0212877009;0.0233382786
3.8601526718;-0.9447879050;-0.9096717342;-0.0360212268;-0.6600573035;-0.7135461101;0.0389866255;0.0369917189;0.0000000000;0.0212877009;0.0233382786
3.8701522843;-0.9447892798;-0.9096717342;-0.0360212268;-0.6600573035;-0.7135461101;0.0389866255;0.0369917189;0.0000000000;0.0212902284;0.0233382786
3.8801518987;-0.9447906476;-0.9096717342;-0.0186418671;-0.6778869057;-0.7135461101;0.0390017718;0.0369917189;0.0000000000;0.0222988624;0.0233382786
3.8901515152;-0.9453309386;-0.9096717342;-0.0360212268;-0.6778869057;-0.7135461101;0.0399862826;0.0369917189;0.0000000000;0.0222988624;0.0233382786
3.9001511335;-0.9453309386;-0.9102093101;-0.0538508290;-0.6774837237;-0.7139492920;0.0399862826;0.0369917189;0.0000000000;0.0222988624;0.0233382786
3.9101507538;-0.9453309386;-0.9096717342;-0.0364680840;-0.6604594750;-0.7135461101;0.0399862826;0.0369917189;0.0000000000;0.0222988624;0.0233382786
3.9201503759;-0.9453309386;-0.9096717342;-0.0716804311;-0.6778869057;-0.7135461101;0.0399862826;0.0369917189;0.0000000000;0.0223013583;0.0233382786
3.9301500000;-0.9453309386;-0.9096717342;-0.1086735210;-0.6778869057;-0.7135461101;0.0399862826;0.0369917189;0.0000000000;0.0233098618;0.0233382786
3.9401496259;-0.9453309386;-0.8923743589;-0.1978182138;-0.6778869057;-0.7135461101;0.0399862826;0.0369917189;0.0000000000;0.0233098618;0.0233407633
3.9501492537;-0.9453309386;-0.9096717342;-0.2865205012;-0.6782850854;-0.7135461101;0.0399862826;0.0369917189;0.0000000000;0.0233098618;0.0243496776
3.9601488834;-0.9453309386;-0.9096717342;-0.3212948618;-0.6782840998;-0.7309785182;0.0399862826;0.0369917189;0.0010142320;0.0233098618;0.0243496776
3.9701485149;-0.9453309386;-0.9096717342;-0.3395647011;-0.6782831191;-0.7313757123;0.0399862826;0.0369917189;0.0010142320;0.0233098618;0.0243496776
3.9801481481;-0.9453309386;-0.9096717342;-0.3565149135;-0.6782821432;-0.7135461101;0.0399862826;0.0369917189;0.0010142320;0.0233098618;0.0243496776
3.9901477833;-0.9453309386;-0.9096717342;-0.3565159925;-0.6957165079;-0.7313757123;0.0399862826;0.0369917189;0.0010142320;0.0233098618;0.0243496776
4.0001474201;-0.9453309386;-0.9096717342;-0.3386874640;-0.6957165079;-0.7139394101;0.0399862826;0.0370064215;0.0010142320;0.0233098618;0.0243496776
4.0101470588;-0.9626374228;-0.9096717342;-0.3212948618;-0.6778869057;-0.7313757123;0.0399862826;0.0379914951;0.0010142320;0.0233098618;0.0243496776
4.0201466993;-0.9458527806;-0.9096717342;-0.2852007891;-0.6957165079;-0.7313757123;0.0399862826;0.0379914951;0.0010142320;0.0233098618;0.0243496776
4.0301463415;-0.9458515109;-0.9096717342;-0.2130158179;-0.6957165079;-0.7313757123;0.0399862826;0.0379914951;0.0010142320;0.0233098618;0.0243496776
4.0401459854;-0.9458502474;-0.9096717342;-0.1243037231;-0.6957165079;-0.7313757123;0.0399862826;0.0379914951;0.0010142320;0.0233098618;0.0243496776
4.0501456311;-0.9631605408;-0.9096717342;-0.0716804311;-0.6957165079;-0.7317642508;0.0399862826;0.0379914951;0.0010142320;0.0233098618;0.0243496776
4.0601452785;-0.9458477386;-0.9269845363;-0.0716804311;-0.6957165079;-0.7313757123;0.0399862826;0.0379914951;0.0010142320;0.0233098618;0.0243496776
4.0701449275;-0.9453309386;-0.9096717342;-0.0712508022;-0.6957165079;-0.7317623783;0.0399862826;0.0379914951;0.0010142320;0.0233098618;0.0243496776
4.0801445783;-0.9453309386;-0.9101860496;-0.0538508290;-0.6957165079;-0.7492053145;0.0399862826;0.0379914951;0.0010142320;0.0233098618;0.0243496776
4.0901442308;-0.9631605408;-0.9275013364;-0.0538508290;-0.6957165079;-0.7488205029;0.0399862826;0.0379914951;0.0010142320;0.0233098618;0.0243496776
4.1001438849;-0.9453309386;-0.9275013364;-0.0712538856;-0.7131622191;-0.7488214235;0.0399862826;0.0379914951;0.0010142320;0.0233098618;0.0243496776
4.1101435407;-0.9453309386;-0.9101823672;-0.0712549037;-0.6960994826;-0.7488223397;0.0399862826;0.0379914951;0.0010142320;0.0233122445;0.0243496776
4.1201431981;-0.9631605408;-0.9275013364;-0.0538508290;-0.7135461101;-0.7317577752;0.0399862826;0.0379914951;0.0010142320;0.0243202812;0.0243496776
4.1301428571;-0.9631605408;-0.9275013364;-0.0712569252;-0.7135461101;-0.7492053145;0.0399862826;0.0379914951;0.0010142320;0.0243202812;0.0243496776
4.1401425178;-0.9626535379;-0.9275013364;-0.0716804311;-0.7131658579;-0.7492053145;0.0399862826;0.0380057099;0.0010142320;0.0243202812;0.0243520444
4.1501421801;-0.9458367429;-0.9275013364;-0.0721019347;-0.7135461101;-0.7492053145;0.0399862826;0.0389912713;0.0010142320;0.0243202812;0.0253604731
4.1601418440;-0.9631605408;-0.9275013364;-0.0721009406;-0.7135461101;-0.7495837730;0.0399862826;0.0389912713;0.0010142320;0.0243202812;0.0253604731
4.1701415094;-0.9631605408;-0.9275013364;-0.0890905133;-0.6960940759;-0.7492053145;0.0399862826;0.0389912713;0.0010142320;0.0243202812;0.0253604731
4.1801411765;-0.9631605408;-0.9448286963;-0.0716804311;-0.7135461101;-0.7492053145;0.0400003623;0.0389912713;0.0010142320;0.0243202812;0.0253604731
4.1901408451;-0.9631605408;-0.9275013364;-0.0716804311;-0.7135461101;-0.7670349166;0.0409859396;0.0389912713;0.0010142320;0.0243226193;0.0253604731
4.2001405152;-0.9809901430;-0.9275013364;-0.0895100333;-0.7135461101;-0.7670349166;0.0409859396;0.0389912713;0.0010142320;0.0253304721;0.0253628068
4.2101401869;-0.9631605408;-0.9275013364;-0.0895100333;-0.7135461101;-0.7495793621;0.0409859396;0.0389912713;0.0010142320;0.0253304721;0.0263710988
4.2201398601;-0.9809901430;-0.9448333683;-0.0899246753;-0.7135461101;-0.7670349166;0.0409859396;0.0389912713;0.0010142320;0.0253304721;0.0263710988
4.2301395349;-0.9636569566;-0.9275013364;-0.0895100333;-0.7310034004;-0.7492053145;0.0409859396;0.0389912713;0.0010142320;0.0253304721;0.0263710988
4.2401392111;-0.9809901430;-0.9275013364;-0.0895100333;-0.7313757123;-0.7670349166;0.0409998238;0.0389912713;0.0010142320;0.0253304721;0.0263710988
4.2501388889;-0.9631605408;-0.9279954593;-0.1069690433;-0.7313757123;-0.7674055088;0.0419855967;0.0389912713;0.0010142320;0.0253327777;0.0263710988
4.2601385681;-0.9804971586;-0.9448379542;-0.1069698972;-0.7313757123;-0.7844947805;0.0419855967;0.0389912713;0.0010142320;0.0263404971;0.0263710988
4.2701382488;-0.9809901430;-0.9275013364;-0.0895100333;-0.7313757123;-0.7670349166;0.0419855967;0.0389912713;0.0010142320;0.0263404971;0.0263710988
4.2801379310;-0.9809901430;-0.9279920594;-0.1247603019;-0.7313757123;-0.7670349166;0.0419993535;0.0389912713;0.0010142320;0.0263427869;0.0263733897
4.2901376147;-0.9814797430;-0.9275013364;-0.1251692377;-0.7313757123;-0.7670349166;0.0429852538;0.0389912713;0.0010142320;0.0273504409;0.0273815054
4.3001372998;-0.9988197451;-0.9453309386;-0.1433652016;-0.7495716761;-0.7844981572;0.0429852538;0.0389912713;0.0010142320;0.0273504409;0.0273815054
4.3101369863;-0.9988197451;-0.9453309386;-0.1516955242;-0.7488397873;-0.7844989917;0.0429852538;0.0390049356;0.0010142320;0.0273504409;0.0273815054
4.3201366743;-0.9983334833;-0.9453309386;-0.1434040581;-0.7492053145;-0.7848645188;0.0429852538;0.0399910474;0.0010142320;0.0273504409;0.0273815054
4.3301363636;-0.9814753022;-0.9458160978;-0.1434031393;-0.7492053145;-0.7670349166;0.0429852538;0.0399910474;0.0010142320;0.0273504409;0.0273815054
4.3401360544;-0.9988197451;-0.9453309386;-0.1434022246;-0.7492053145;-0.7848645188;0.0429852538;0.0399910474;0.0010142320;0.0273504409;0.0273815054
4.3501357466;-0.9993027141;-0.9453309386;-0.1434013140;-0.7495675411;-0.7848645188;0.0429987931;0.0399910474;0.0010142320;0.0273504409;0.0273815054
4.3601354402;-1.0166493473;-0.9453309386;-0.1608284421;-0.7492053145;-0.7673963275;0.0439849108;0.0399910474;0.0010142320;0.0273526895;0.0273815054
4.3701351351;-1.0166493473;-0.9458117368;-0.1604277769;-0.7666743180;-0.7848645188;0.0439849108;0.0399910474;0.0010142320;0.0283601737;0.0273815054
4.3801348315;-1.0161696271;-0.9626808205;-0.1429988399;-0.7670349166;-0.7845047287;0.0439849108;0.0399910474;0.0010142320;0.0283601737;0.0273815054
4.3901345291;-1.0166493473;-0.9458095856;-0.1429988399;-0.7670349166;-0.7852235041;0.0439983291;0.0399910474;0.0010142320;0.0283601737;0.0273815054
4.4001342282;-1.0166493473;-0.9453309386;-0.1251692377;-0.7670349166;-0.7848645188;0.0449845679;0.0399910474;0.0010142320;0.0283601737;0.0273815054
4.4101339286;-1.0166493473;-0.9626840258;-0.1429988399;-0.7495627007;-0.7848645188;0.0449845679;0.0399910474;0.0010142320;0.0283601737;0.0273837299
4.4201336303;-1.0171248034;-0.9626850847;-0.1429988399;-0.7495619065;-0.7848645188;0.0449845679;0.0399910474;0.0010142320;0.0283601737;0.0283915727
4.4301333333;-1.0344789495;-0.9458053404;-0.1608284421;-0.7495611158;-0.7848645188;0.0449845679;0.0399910474;0.0010142320;0.0283601737;0.0283915727
4.4401330377;-1.0166493473;-0.9631605408;-0.1790525045;-0.7670349166;-0.7848645188;0.0449845679;0.0399910474;0.0010142320;0.0283601737;0.0283915727
4.4501327434;-1.0340066422;-0.9458032459;-0.1968812359;-0.7492053145;-0.7848645188;0.0449845679;0.0399910474;0.0010142320;0.0283601737;0.0283915727
4.4601324503;-1.0344789495;-0.9626892737;-0.1968803690;-0.7670349166;-0.7848645188;0.0449977792;0.0399910474;0.0010142320;0.0283601737;0.0283915727
4.4701321586;-1.0344789495;-0.9631605408;-0.2143172487;-0.7495579879;-0.7848645188;0.0459842250;0.0399910474;0.0010142320;0.0283601737;0.0283915727
4.4801318681;-1.0344789495;-0.9453309386;-0.2150992488;-0.7666830166;-0.7848645188;0.0459842250;0.0399910474;0.0010142320;0.0283601737;0.0283915727
4.4901315789;-1.0344789495;-0.9626923674;-0.2321468509;-0.7670349166;-0.7852156489;0.0459842250;0.0399910474;0.0010142320;0.0283601737;0.0283915727
4.5001312910;-1.0344789495;-0.9457980897;-0.2678060553;-0.7670349166;-0.7852148822;0.0459842250;0.0400041450;0.0010142320;0.0283601737;0.0283915727
4.5101310044;-1.0344789495;-0.9631605408;-0.2678060553;-0.7670349166;-0.7848645188;0.0459842250;0.0409908236;0.0010142320;0.0283601737;0.0283915727
4.5201307190;-1.0344789495;-0.9631605408;-0.2856356575;-0.7670349166;-0.7848645188;0.0459842250;0.0409908236;0.0010142320;0.0283601737;0.0283915727
4.5301304348;-1.0344789495;-0.9631605408;-0.2856356575;-0.7670349166;-0.8026941210;0.0459842250;0.0409908236;0.0010142320;0.0283601737;0.0283915727
4.5401301518;-1.0523085517;-0.9805270364;-0.2856356575;-0.7845171889;-0.7852118488;0.0459842250;0.0409908236;0.0010142320;0.0283623347;0.0283915727
4.5501298701;-1.0523085517;-0.9626984344;-0.2856356575;-0.7670349166;-0.8026941210;0.0459971795;0.0409908236;0.0010142320;0.0293694587;0.0283915727
4.5601295896;-1.0523085517;-0.9631605408;-0.2678060553;-0.7673807494;-0.7852103516;0.0469838820;0.0409908236;0.0010142320;0.0293694587;0.0283915727
4.5701293103;-1.0523085517;-0.9631605408;-0.2852522252;-0.7848645188;-0.8026941210;0.0469838820;0.0409908236;0.0010142320;0.0293694587;0.0283915727
4.5801290323;-1.0349380809;-0.9631605408;-0.2681886648;-0.7673792652;-0.8023497725;0.0469838820;0.0409908236;0.0010142320;0.0293694587;0.0283915727
4.5901287554;-1.0349370978;-0.9631605408;-0.2678060553;-0.7845209077;-0.8026941210;0.0469838820;0.0409908236;0.0010142320;0.0293694587;0.0283915727
4.6001284797;-1.0518513824;-0.9631605408;-0.2678060553;-0.7670349166;-0.7852073958;0.0469838820;0.0409908236;0.0010142320;0.0293694587;0.0283915727
4.6101282051;-1.0523085517;-0.9631605408;-0.2499764531;-0.7673770625;-0.8026941210;0.0469838820;0.0409908236;0.0010142320;0.0293694587;0.0283915727
4.6201279318;-1.0523085517;-0.9631605408;-0.2499764531;-0.7848645188;-0.8023527031;0.0469838820;0.0409908236;0.0010142320;0.0293694587;0.0283915727
4.6301276596;-1.0523085517;-0.9631605408;-0.2499764531;-0.7673756097;-0.8026941210;0.0469838820;0.0409908236;0.0010142320;0.0293694587;0.0283915727
4.6401273885;-1.0523085517;-0.9636138357;-0.2499764531;-0.7848645188;-0.8026941210;0.0469838820;0.0409908236;0.0010142320;0.0293694587;0.0283915727
4.6501271186;-1.0523085517;-0.9636128774;-0.2499764531;-0.7670349166;-0.8026941210;0.0469838820;0.0409908236;0.0010142320;0.0293694587;0.0283915727
4.6601268499;-1.0523085517;-0.9805387606;-0.2321468509;-0.7673734534;-0.8026941210;0.0469838820;0.0409908236;0.0010142320;0.0293694587;0.0283915727
4.6701265823;-1.0523085517;-0.9809901430;-0.2499764531;-0.7848645188;-0.8026941210;0.0469838820;0.0409908236;0.0010142320;0.0293715605;0.0283936754
4.6801263158;-1.0527580375;-0.9809901430;-0.2499764531;-0.7848645188;-0.8205237232;0.0469964827;0.0410034259;0.0010142320;0.0303784414;0.0294010177
4.6901260504;-1.0527570952;-0.9814386864;-0.2499764531;-0.7848645188;-0.8205237232;0.0479835391;0.0419905998;0.0010142320;0.0303784414;0.0294010177
4.7001257862;-1.0527561568;-0.9983721401;-0.2325198551;-0.7848645188;-0.8026941210;0.0479835391;0.0419905998;0.0010142320;0.0303784414;0.0294010177
4.7101255230;-1.0701381539;-0.9809901430;-0.2499764531;-0.7848645188;-0.8026941210;0.0479835391;0.0419905998;0.0010142320;0.0303784414;0.0294010177
4.7201252610;-1.0701381539;-0.9809901430;-0.2499764531;-0.7851988239;-0.8030284261;0.0479835391;0.0419905998;0.0010142320;0.0303784414;0.0294010177
4.7301250000;-1.0701381539;-0.9809901430;-0.2321468509;-0.7848645188;-0.8026941210;0.0479835391;0.0419905998;0.0010142320;0.0303805170;0.0294010177
4.7401247401;-1.0701381539;-0.9809901430;-0.2496065443;-0.7851974367;-0.8205237232;0.0479835391;0.0419905998;0.0010142320;0.0313872904;0.0294010177
4.7501244813;-1.0701381539;-0.9809901430;-0.2325159938;-0.7851967475;-0.8205237232;0.0479835391;0.0419905998;0.0010142320;0.0313872904;0.0294010177
4.7601242236;-1.0701381539;-0.9983776889;-0.2503448333;-0.8026941210;-0.8030256632;0.0479835391;0.0419905998;0.0010142320;0.0313872904;0.0294030814
4.7701239669;-1.0705792987;-0.9809901430;-0.2678060553;-0.8026941210;-0.8205237232;0.0479835391;0.0420029682;0.0010142320;0.0313872904;0.0304102631
4.7801237113;-1.0701381539;-0.9814303800;-0.2860025217;-0.8026941210;-0.8380231476;0.0479835391;0.0429903760;0.0010142320;0.0313893446;0.0304102631
4.7901234568;-1.0701381539;-0.9809901430;-0.3034652596;-0.8026941210;-0.8205237232;0.0479835391;0.0429903760;0.0010142320;0.0323960303;0.0304102631
4.8001232033;-1.0701381539;-0.9983813123;-0.3034652596;-0.8205237232;-0.8380245008;0.0479835391;0.0429903760;0.0010142320;0.0323960303;0.0304102631
4.8101229508;-1.0701381539;-0.9814276792;-0.3212948618;-0.8205237232;-0.8205237232;0.0479958048;0.0429903760;0.0010142320;0.0323980719;0.0304102631
4.8201226994;-1.0875311128;-0.9983831018;-0.3391244640;-0.8205237232;-0.8208512057;0.0489831962;0.0429903760;0.0010142320;0.0334047059;0.0304102631
4.8301224490;-1.0879677561;-0.9809901430;-0.3216579902;-0.8205237232;-0.8205237232;0.0489831962;0.0429903760;0.0010142320;0.0334047059;0.0304102631
4.8401221996;-1.0879677561;-0.9809901430;-0.3391244640;-0.8205237232;-0.8380271742;0.0489831962;0.0429903760;0.0010142320;0.0334067350;0.0304102631
4.8501219512;-1.0879677561;-0.9988197451;-0.3391244640;-0.8205237232;-0.8383533254;0.0489831962;0.0429903760;0.0010142320;0.0344133179;0.0304102631
4.8601217039;-1.0701381539;-0.9988197451;-0.3391244640;-0.8383533254;-0.8383533254;0.0489831962;0.0429903760;0.0010142320;0.0344133179;0.0304102631
4.8701214575;-1.0875355233;-0.9988197451;-0.3391244640;-0.8383533254;-0.8208478978;0.0489831962;0.0429903760;0.0010142320;0.0344153348;0.0304102631
4.8801212121;-1.0879677561;-0.9814215043;-0.3569540662;-0.8383533254;-0.8380298044;0.0489831962;0.0429903760;0.0010142320;0.0354218672;0.0304102631
4.8901209677;-1.0879677561;-0.9988197451;-0.3569540662;-0.8383533254;-0.8205237232;0.0489831962;0.0429903760;0.0010142320;0.0354218672;0.0304102631
4.9001207243;-1.0879677561;-0.9988197451;-0.3569540662;-0.8383533254;-0.8383533254;0.0489831962;0.0429903760;0.0010142320;0.0354218672;0.0304102631
4.9101204819;-1.0879677561;-0.9992485131;-0.3569540662;-0.8386749014;-0.8383533254;0.0489831962;0.0429903760;0.0010142320;0.0354218672;0.0304122648
4.9201202405;-1.0705660644;-0.9992476556;-0.3747836684;-0.8561829276;-0.8383533254;0.0489831962;0.0429903760;0.0010142320;0.0354218672;0.0314191920
4.9301200000;-1.0879677561;-0.9992468015;-0.3747836684;-0.8561829276;-0.8383533254;0.0489831962;0.0429903760;0.0010142320;0.0354238599;0.0314191920
4.9401197605;-1.0879677561;-0.9988197451;-0.3747836684;-0.8561829276;-0.8383533254;0.0489831962;0.0429903760;0.0010142320;0.0364302932;0.0314191920
4.9501195219;-1.0883931144;-0.9992451035;-0.3926132706;-0.8561829276;-0.8383533254;0.0489831962;0.0429903760;0.0010142320;0.0364302932;0.0314191920
4.9601192843;-1.0879677561;-1.0166493473;-0.3926132706;-0.8561829276;-0.8383533254;0.0489831962;0.0429903760;0.0010142320;0.0364302932;0.0314191920
4.9701190476;-1.0883914298;-0.9992434189;-0.3926132706;-0.8561829276;-0.8383533254;0.0489831962;0.0429903760;0.0010142320;0.0364302932;0.0314191920
4.9801188119;-1.0883905925;-1.0166493473;-0.3926132706;-0.8561829276;-0.8558658003;0.0489831962;0.0430022311;0.0010142320;0.0364302932;0.0314191920
4.9901185771;-1.1053753559;-1.0166493473;-0.4100912041;-0.8561829276;-0.8383533254;0.0489831962;0.0439901522;0.0010142320;0.0364302932;0.0314191920
5.0001183432;-1.0883889278;-1.0162281756;-0.4100918964;-0.8561829276;-0.8561829276;0.0489831962;0.0439901522;0.0010142320;0.0364302932;0.0314211582
5.0101181102;-1.0879677561;-1.0166493473;-0.3926132706;-0.8561829276;-0.8386685836;0.0489831962;0.0439901522;0.0010142320;0.0364302932;0.0324279399
5.0201178782;-1.0879677561;-1.0166493473;-0.3929628707;-0.8564975676;-0.8561829276;0.0489831962;0.0439901522;0.0010142320;0.0364302932;0.0324279399
5.0301176471;-1.1053786592;-1.0162306483;-0.3929621865;-0.8564969519;-0.8386673497;0.0489949338;0.0439901522;0.0010142320;0.0364302932;0.0324279399
5.0401174168;-1.0879677561;-0.9992376264;-0.4104428728;-0.8561829276;-0.8383533254;0.0499828532;0.0439901522;0.0010142320;0.0364302932;0.0324279399
5.0501171875;-1.1053802916;-1.0166493473;-0.4104428728;-0.8736997298;-0.8561829276;0.0499828532;0.0439901522;0.0010142320;0.0364302932;0.0324279399
5.0601169591;-1.0883840114;-1.0166493473;-0.4104428728;-0.8740125298;-0.8558707361;0.0499828532;0.0439901522;0.0020252024;0.0364302932;0.0324279399
5.0701167315;-1.1057973583;-1.0166493473;-0.4104428728;-0.8740125298;-0.8561829276;0.0499828532;0.0439901522;0.0020252024;0.0364302932;0.0324279399
5.0801165049;-1.1057973583;-1.0166493473;-0.4107884077;-0.8740125298;-0.8564939090;0.0499828532;0.0439901522;0.0020252024;0.0364302932;0.0324279399
5.0901162791;-1.1057973583;-0.9992335850;-0.4107877394;-0.8561829276;-0.8561829276;0.0499828532;0.0439901522;0.0020252024;0.0364302932;0.0324279399
5.1001160542;-1.1057973583;-1.0166493473;-0.4279626943;-0.8740125298;-0.8561829276;0.0499828532;0.0439901522;0.0020252024;0.0364322206;0.0324279399
5.1101158301;-1.0883800012;-1.0166493473;-0.4104428728;-0.8740125298;-0.8561829276;0.0499828532;0.0439901522;0.0020252024;0.0374383858;0.0324279399
5.1201156069;-1.1057973583;-1.0166493473;-0.4282724750;-0.8740125298;-0.8561829276;0.0499828532;0.0439901522;0.0020252024;0.0374383858;0.0324279399
5.1301153846;-1.1057973583;-1.0166493473;-0.4282724750;-0.8740125298;-0.8561829276;0.0499828532;0.0439901522;0.0020252024;0.0374383858;0.0324279399
5.1401151631;-1.1062072342;-1.0166493473;-0.4282724750;-0.8740125298;-0.8561829276;0.0499943435;0.0439901522;0.0030359899;0.0374383858;0.0324279399
5.1501149425;-1.1232178683;-1.0166493473;-0.4282724750;-0.8740125298;-0.8561829276;0.0509825103;0.0439901522;0.0030359899;0.0374383858;0.0324279399
5.1601147228;-1.1232186490;-1.0166493473;-0.4282724750;-0.8740125298;-0.8561829276;0.0509825103;0.0439901522;0.0030359899;0.0374383858;0.0324279399
5.1701145038;-1.1057973583;-1.0166493473;-0.4457624657;-0.8915364817;-0.8558772773;0.0509825103;0.0440015782;0.0030359899;0.0374383858;0.0324279399
5.1801142857;-1.1057973583;-1.0166493473;-0.4461020772;-0.8740125298;-0.8561829276;0.0509825103;0.0449899284;0.0030359899;0.0374383858;0.0324279399
5.1901140684;-1.1236269605;-1.0166493473;-0.4282724750;-0.8740125298;-0.8564874180;0.0509825103;0.0449899284;0.0030359899;0.0374383858;0.0324279399
5.2001138520;-1.1232217423;-1.0340737313;-0.4286101569;-0.8740125298;-0.8561829276;0.0509825103;0.0449899284;0.0030359899;0.0374383858;0.0324279399
5.2101136364;-1.1236269605;-1.0170537996;-0.4286095185;-0.8743158690;-0.8561829276;0.0509825103;0.0449899284;0.0030359899;0.0374383858;0.0324279399
5.2201134216;-1.1236269605;-1.0166493473;-0.4461020772;-0.8740125298;-0.8561829276;0.0509825103;0.0449899284;0.0030359899;0.0374383858;0.0324279399
5.2301132075;-1.1236269605;-1.0340760207;-0.4461020772;-0.8918421320;-0.8561829276;0.0509825103;0.0449899284;0.0030359899;0.0374383858;0.0324279399
5.2401129944;-1.1236269605;-1.0170515188;-0.4461020772;-0.8918421320;-0.8561829276;0.0509825103;0.0449899284;0.0040465564;0.0374383858;0.0324279399
5.2501127820;-1.1236269605;-1.0170507643;-0.4461020772;-0.8918421320;-0.8561829276;0.0509825103;0.0449899284;0.0040465564;0.0374402589;0.0324279399
5.2601125704;-1.1236269605;-1.0344789495;-0.4635977917;-0.8918421320;-0.8561829276;0.0509825103;0.0449899284;0.0040465564;0.0384462019;0.0324279399
5.2701123596;-1.1236269605;-1.0344789495;-0.4464353408;-0.8740125298;-0.8561829276;0.0509825103;0.0449899284;0.0040465564;0.0384462019;0.0324279399
5.2801121495;-1.1414565627;-1.0344789495;-0.4639316794;-0.8915427543;-0.8561829276;0.0509825103;0.0449899284;0.0040465564;0.0384462019;0.0324279399
5.2901119403;-1.1240253874;-1.0344789495;-0.4639316794;-0.8918421320;-0.8561829276;0.0509825103;0.0449899284;0.0050570157;0.0384462019;0.0324279399
5.3001117318;-1.1414565627;-1.0344789495;-0.4639316794;-0.8918421320;-0.8561829276;0.0509936589;0.0450010783;0.0050570157;0.0384462019;0.0324279399
5.3101115242;-1.1414565627;-1.0519116033;-0.4639316794;-0.8918421320;-0.8737148184;0.0519821674;0.0459897046;0.0050570157;0.0384462019;0.0324279399
5.3201113173;-1.1240231739;-1.0348751629;-0.4814311038;-0.8918421320;-0.8740125298;0.0519821674;0.0459897046;0.0050570157;0.0384462019;0.0324279399
5.3301111111;-1.1414565627;-1.0523085517;-0.4642612469;-0.8918421320;-0.8740125298;0.0519821674;0.0459897046;0.0050570157;0.0384462019;0.0324279399
5.3401109057;-1.1414565627;-1.0523085517;-0.4814323221;-0.8918421320;-0.8740125298;0.0519821674;0.0459897046;0.0060673696;0.0384462019;0.0324279399
5.3501107011;-1.1414565627;-1.0348729739;-0.4817612816;-0.8918421320;-0.8740125298;0.0519821674;0.0459897046;0.0060673696;0.0384480405;0.0324279399
5.3601104972;-1.1414565627;-1.0523085517;-0.4817612816;-0.8918421320;-0.8740125298;0.0519821674;0.0459897046;0.0060673696;0.0394538423;0.0324279399
5.3701102941;-1.1414565627;-1.0523085517;-0.4639316794;-0.8918421320;-0.8740125298;0.0519821674;0.0459897046;0.0060673696;0.0394538423;0.0324279399
5.3801100917;-1.1414565627;-1.0523085517;-0.4817612816;-0.8921360265;-0.8740125298;0.0519821674;0.0459897046;0.0070776406;0.0394538423;0.0324297693
5.3901098901;-1.1414565627;-1.0523085517;-0.4820872341;-0.8921354893;-0.8740125298;0.0519821674;0.0459897046;0.0070776406;0.0394538423;0.0334359905
5.4001096892;-1.1418469919;-1.0348693788;-0.4820866393;-0.9096717342;-0.8737197079;0.0519931125;0.0459897046;0.0070776406;0.0394538423;0.0334359905
5.4101094891;-1.1592861649;-1.0348686676;-0.4995908838;-0.9096717342;-0.8740125298;0.0529818244;0.0460006311;0.0070776406;0.0394538423;0.0334359905
5.4201092896;-1.1418455722;-1.0523085517;-0.4995908838;-0.9096717342;-0.8740125298;0.0529818244;0.0469894808;0.0070776406;0.0394538423;0.0334359905
5.4301090909;-1.1410682592;-1.0523085517;-0.4820848678;-0.9096717342;-0.8740125298;0.0529818244;0.0469894808;0.0070776406;0.0394538423;0.0334359905
5.4401088929;-1.1418441627;-1.0526961518;-0.4995908838;-0.9272106363;-0.8737218298;0.0529818244;0.0469894808;0.0070776406;0.0394556509;0.0334359905
5.4501086957;-1.1414565627;-1.0697512548;-0.4995908838;-0.9096717342;-0.8740125298;0.0529818244;0.0469894808;0.0080877696;0.0404613300;0.0334359905
5.4601084991;-1.1592861649;-1.0523085517;-0.5174204860;-0.9096717342;-0.8740125298;0.0529818244;0.0469894808;0.0080877696;0.0404613300;0.0334359905
5.4701083032;-1.1592861649;-1.0523085517;-0.5174204860;-0.9096717342;-0.8740125298;0.0529818244;0.0469894808;0.0080877696;0.0404613300;0.0334359905
5.4801081081;-1.1592861649;-1.0523085517;-0.5170998097;-0.9272127277;-0.8740125298;0.0529818244;0.0469894808;0.0090978388;0.0404613300;0.0334359905
5.4901079137;-1.1592861649;-1.0523085517;-0.5174204860;-0.9099598247;-0.8740125298;0.0529818244;0.0469894808;0.0090978388;0.0404631224;0.0334359905
5.5001077199;-1.1592861649;-1.0697547216;-0.5174204860;-0.9275013364;-0.8743001040;0.0529818244;0.0469894808;0.0090978388;0.0414687351;0.0334359905
5.5101075269;-1.1418393091;-1.0523085517;-0.5177394413;-0.9275013364;-0.8740125298;0.0529818244;0.0469894808;0.0090978388;0.0414687351;0.0334359905
5.5201073345;-1.1592861649;-1.0697560910;-0.4999092695;-0.9275013364;-0.8742990770;0.0529925350;0.0469894808;0.0090978388;0.0414687351;0.0334359905
5.5301071429;-1.1592861649;-1.0697567721;-0.5349322699;-0.9275013364;-0.8742985662;0.0539814815;0.0469894808;0.0101078099;0.0414687351;0.0334359905
5.5401069519;-1.1592861649;-1.0523085517;-0.5352500881;-0.9275013364;-0.8740125298;0.0539814815;0.0469894808;0.0101078099;0.0414687351;0.0334377677
5.5501067616;-1.1592861649;-1.0697581269;-0.5174204860;-0.9277863567;-0.8918421320;0.0539814815;0.0469894808;0.0101078099;0.0414687351;0.0344437759
5.5601065719;-1.1592861649;-1.0701381539;-0.5352500881;-0.9450464236;-0.8915576171;0.0539814815;0.0469894808;0.0101078099;0.0414687351;0.0344437759
5.5701063830;-1.1592861649;-1.0526872335;-0.5352500881;-0.9277853477;-0.8740125298;0.0539814815;0.0469894808;0.0101078099;0.0414687351;0.0344437759
5.5801061947;-1.1771157671;-1.0526865645;-0.5352500881;-0.9453309386;-0.8918421320;0.0539814815;0.0469894808;0.0111176844;0.0414687351;0.0344437759
5.5901060071;-1.1592861649;-1.0701381539;-0.5352500881;-0.9453309386;-0.8742955394;0.0539920599;0.0469894808;0.0111176844;0.0414687351;0.0344437759
5.6001058201;-1.1771157671;-1.0701381539;-0.5352500881;-0.9450484273;-0.8918421320;0.0549811385;0.0469894808;0.0111176844;0.0414704927;0.0344437759
5.6101056338;-1.1771157671;-1.0701381539;-0.5527663406;-0.9453309386;-0.8915601172;0.0549811385;0.0469894808;0.0111176844;0.0424759634;0.0344437759
5.6201054482;-1.1771157671;-1.0701381539;-0.5530796903;-0.9277828564;-0.8918421320;0.0549811385;0.0470000047;0.0111176844;0.0424759634;0.0344437759
5.6301052632;-1.1774904697;-1.0701381539;-0.5355623404;-0.9450499116;-0.8918421320;0.0549811385;0.0479892569;0.0111176844;0.0424759634;0.0344437759
5.6401050788;-1.1774898147;-1.0701381539;-0.5530796903;-0.9453309386;-0.8918421320;0.0549811385;0.0479892569;0.0111176844;0.0424759634;0.0344437759
5.6501048951;-1.1771157671;-1.0701381539;-0.5530796903;-0.9453309386;-0.8918421320;0.0549811385;0.0479892569;0.0111176844;0.0424777058;0.0344437759
5.6601047120;-1.1771157671;-1.0701381539;-0.5530796903;-0.9628809825;-0.8918421320;0.0549811385;0.0479892569;0.0111176844;0.0434831137;0.0344455160
5.6701045296;-1.1774878631;-1.0879677561;-0.5355601682;-0.9453309386;-0.8918421320;0.0549811385;0.0479892569;0.0111176844;0.0434831137;0.0354513722
5.6801043478;-1.1774872171;-1.0701381539;-0.5355596299;-0.9453309386;-0.8918421320;0.0549811385;0.0479892569;0.0111176844;0.0434831137;0.0354513722
5.6901041667;-1.1949453693;-1.0701381539;-0.5530796903;-0.9453309386;-0.8921202367;0.0549811385;0.0479892569;0.0121273528;0.0434831137;0.0354513722
5.7001039861;-1.1945752045;-1.0879677561;-0.5706008219;-0.9453309386;-0.8918421320;0.0549811385;0.0479892569;0.0121273528;0.0434831137;0.0354513722
5.7101038062;-1.1949453693;-1.0879677561;-0.5530796903;-0.9453309386;-0.9096717342;0.0549914977;0.0479892569;0.0121273528;0.0434831137;0.0354513722
5.7201036269;-1.1949453693;-1.0879677561;-0.5530796903;-0.9631605408;-0.9096717342;0.0559807956;0.0479995995;0.0121273528;0.0434831137;0.0354513722
5.7301034483;-1.1949453693;-1.0875995027;-0.5530796903;-0.9631605408;-0.9096717342;0.0559807956;0.0489890331;0.0121273528;0.0434831137;0.0354513722
5.7401032702;-1.1949453693;-1.0879677561;-0.5533860409;-0.9628848253;-0.9093960187;0.0559807956;0.0489890331;0.0121273528;0.0434831137;0.0354530883
5.7501030928;-1.1949453693;-1.0879677561;-0.5533855154;-0.9631605408;-0.8921173746;0.0559807956;0.0489890331;0.0131369119;0.0434831137;0.0364588468
5.7601029160;-1.1953117310;-1.0879677561;-0.5709092925;-0.9631605408;-0.9096717342;0.0559807956;0.0489890331;0.0131369119;0.0434831137;0.0364588468
5.7701027397;-1.1949453693;-1.0879677561;-0.5709092925;-0.9631605408;-0.9096717342;0.0559807956;0.0489890331;0.0131369119;0.0434831137;0.0364588468
5.7801025641;-1.1949453693;-1.0879677561;-0.5709092925;-0.9456047721;-0.9093979007;0.0559807956;0.0489890331;0.0131369119;0.0434831137;0.0364588468
5.7901023891;-1.1949453693;-1.1054328690;-0.5712130336;-0.9634339077;-0.9096717342;0.0559807956;0.0489890331;0.0131369119;0.0434848145;0.0364588468
5.8001022147;-1.1949453693;-1.0879677561;-0.5709092925;-0.9631605408;-0.9096717342;0.0559807956;0.0489890331;0.0131369119;0.0444900527;0.0364588468
5.8101020408;-1.1949453693;-1.0879677561;-0.5709092925;-0.9631605408;-0.9096717342;0.0559909789;0.0489890331;0.0131369119;0.0444900527;0.0364588468
5.8201018676;-1.2127749715;-1.0879677561;-0.5887388947;-0.9631605408;-0.9096717342;0.0569804527;0.0489890331;0.0141463465;0.0444900527;0.0364588468
5.8301016949;-1.1953073916;-1.0879677561;-0.5884372094;-0.9809901430;-0.9272298196;0.0569804527;0.0489890331;0.0141463465;0.0444900527;0.0364588468
5.8401015228;-1.2127749715;-1.1057973583;-0.5887388947;-0.9809901430;-0.9275013364;0.0569804527;0.0489890331;0.0141463465;0.0444917391;0.0364588468
5.8501013514;-1.1953061707;-1.0966982780;-0.5887388947;-0.9809901430;-0.9275013364;0.0569804527;0.0489890331;0.0141463465;0.0454969185;0.0364588468
5.8601011804;-1.2127749715;-1.0879677561;-0.5887388947;-0.9809901430;-0.9275013364;0.0569804527;0.0489890331;0.0141463465;0.0454969185;0.0364588468
5.8701010101;-1.1953049579;-1.1057973583;-0.5887388947;-0.9809901430;-0.9275013364;0.0569804527;0.0489890331;0.0141463465;0.0454969185;0.0364588468
5.8801008403;-1.2127749715;-1.1057973583;-0.5887388947;-0.9809901430;-0.9272320974;0.0569804527;0.0489890331;0.0151556768;0.0454969185;0.0364588468
5.8901006711;-1.2127749715;-1.1057973583;-0.5887388947;-0.9809901430;-0.9275013364;0.0569804527;0.0489890331;0.0151556768;0.0454969185;0.0364605198
5.9001005025;-1.2127749715;-1.1057973583;-0.5887388947;-0.9812584814;-0.9275013364;0.0569804527;0.0489890331;0.0151556768;0.0454969185;0.0374661021
5.9101003344;-1.2302473863;-1.1057973583;-0.5887388947;-0.9985518546;-0.9275013364;0.0569804527;0.0489890331;0.0151556768;0.0454985852;0.0374661021
5.9201001669;-1.2131315635;-1.1057973583;-0.6062713369;-0.9988197451;-0.9275013364;0.0569804527;0.0489890331;0.0151556768;0.0465036842;0.0374661021
5.9301000000;-1.2127749715;-1.1057973583;-0.6065684969;-0.9809901430;-0.9277683354;0.0569804527;0.0489890331;0.0151556768;0.0465036842;0.0374661021
5.9400998336;-1.2127749715;-1.1232123186;-0.5890350675;-0.9812566985;-0.9275013364;0.0569804527;0.0489890331;0.0151556768;0.0465036842;0.0374661021
5.9500996678;-1.2127749715;-1.1062113126;-0.6065684969;-0.9988197451;-0.9453309386;0.0569804527;0.0489989811;0.0151556768;0.0465053398;0.0374661021
5.9600995025;-1.2127749715;-1.1057973583;-0.6065684969;-0.9985540723;-0.9450652657;0.0569804527;0.0499888093;0.0161648711;0.0475103936;0.0374661021
5.9700993377;-1.2302509286;-1.1236269605;-0.6065684969;-0.9988197451;-0.9275013364;0.0569804527;0.0499888093;0.0161648711;0.0475103936;0.0374661021
5.9800991736;-1.2131280329;-1.1236269605;-0.6068627148;-1.0163845513;-0.9450661425;0.0569804527;0.0499888093;0.0161648711;0.0475103936;0.0374661021
5.9900990099;-1.2127749715;-1.1057973583;-0.6068622301;-0.9988197451;-0.9453309386;0.0569804527;0.0499888093;0.0161648711;0.0475103936;0.0374661021
6.0000988468;-1.2127749715;-1.1236269605;-0.6071549970;-1.0166493473;-0.9453309386;0.0569804527;0.0499888093;0.0171739988;0.0475103936;0.0374661021
6.0100986842;-1.2131262937;-1.1236269605;-0.6243980991;-0.9990832368;-0.9450674469;0.0569804527;0.0499888093;0.0171739988;0.0475103936;0.0374661021
6.0200985222;-1.2131257177;-1.1236269605;-0.6241058105;-1.0166493473;-0.9453309386;0.0569804527;0.0499888093;0.0171739988;0.0475120303;0.0374661021
6.0300983607;-1.2306045736;-1.1236269605;-0.6068603071;-1.0166493473;-0.9277639655;0.0569804527;0.0499888093;0.0171739988;0.0485170064;0.0374661021
6.0400981997;-1.2131245715;-1.1236269605;-0.6243980991;-1.0166493473;-0.9453309386;0.0569804527;0.0499888093;0.0171739988;0.0485170064;0.0374661021
6.0500980392;-1.2302555439;-1.1236269605;-0.6243980991;-1.0166493473;-0.9453309386;0.0569804527;0.0499888093;0.0171739988;0.0485170064;0.0374677315
6.0600978793;-1.2131234327;-1.1414565627;-0.6246884835;-1.0166493473;-0.9277626823;0.0569804527;0.0499888093;0.0171739988;0.0485170064;0.0384731354
6.0700977199;-1.2306045736;-1.1414565627;-0.6246880113;-1.0166493473;-0.9453309386;0.0569804527;0.0499888093;0.0181830120;0.0485186298;0.0384731354
6.0800975610;-1.2131223014;-1.1240321787;-0.6243980991;-1.0342184521;-0.9453309386;0.0569804527;0.0499888093;0.0181830120;0.0495235517;0.0384731354
6.0900974026;-1.2302578067;-1.1236269605;-0.6246870716;-1.0166493473;-0.9455910138;0.0569804527;0.0499985316;0.0181830120;0.0495235517;0.0384731354
6.1000972447;-1.2306045736;-1.1410526558;-0.6422277013;-1.0169090017;-0.9453309386;0.0569804527;0.0509885855;0.0181830120;0.0495235517;0.0384731354
6.1100970874;-1.2306045736;-1.1414565627;-0.6246861379;-1.0169085823;-0.9453309386;0.0569804527;0.0509885855;0.0181830120;0.0495235517;0.0384731354
6.1200969305;-1.2302594846;-1.1414565627;-0.6422277013;-1.0342201327;-0.9453309386;0.0569804527;0.0509885855;0.0181830120;0.0495235517;0.0384731354
6.1300967742;-1.2302600403;-1.1414565627;-0.6422277013;-1.0166493473;-0.9453309386;0.0569804527;0.0509885855;0.0191919292;0.0495235517;0.0384731354
6.1400966184;-1.2306045736;-1.1414565627;-0.6425143509;-1.0344789495;-0.9453309386;0.0569804527;0.0509885855;0.0191919292;0.0495235517;0.0384731354
6.1500964630;-1.2131183988;-1.1414565627;-0.6597711141;-1.0344789495;-0.9453309386;0.0569804527;0.0509885855;0.0191919292;0.0495235517;0.0384731354
6.1600963082;-1.2131178484;-1.1414565627;-0.6425134321;-1.0344789495;-0.9453309386;0.0569804527;0.0509885855;0.0191919292;0.0495235517;0.0384731354
6.1700961538;-1.2306045736;-1.1414565627;-0.6597720299;-1.0344789495;-0.9453309386;0.0569804527;0.0509885855;0.0191919292;0.0495235517;0.0384731354
6.1800960000;-1.2306045736;-1.1588874198;-0.6425125192;-1.0344789495;-0.9453309386;0.0569804527;0.0509885855;0.0191919292;0.0495235517;0.0384731354
6.1900958466;-1.2131162079;-1.1414565627;-0.6600573035;-1.0344789495;-0.9453309386;0.0569900188;0.0509885855;0.0191919292;0.0495235517;0.0384731354
6.2000956938;-1.2306045736;-1.1414565627;-0.6600573035;-1.0344789495;-0.9455864583;0.0579801097;0.0509981375;0.0191919292;0.0495235517;0.0384731354
6.2100955414;-1.2306045736;-1.1414565627;-0.6600573035;-1.0344789495;-0.9631605408;0.0579801097;0.0519883617;0.0191919292;0.0495235517;0.0384731354
6.2200953895;-1.2131145829;-1.1414565627;-0.6600573035;-1.0344789495;-0.9453309386;0.0579801097;0.0519883617;0.0202007057;0.0495251364;0.0384747208
6.2300952381;-1.2127749715;-1.1414565627;-0.6600573035;-1.0344789495;-0.9631605408;0.0579801097;0.0519883617;0.0202007057;0.0505299005;0.0394799452
6.2400950872;-1.2302660369;-1.1592861649;-0.6600573035;-1.0344789495;-0.9631605408;0.0579801097;0.0519883617;0.0202007057;0.0505299005;0.0394799452
6.2500949367;-1.2306045736;-1.1592861649;-0.6600573035;-1.0520550503;-0.9631605408;0.0579801097;0.0519883617;0.0202007057;0.0505299005;0.0394799452
6.2600947867;-1.2306045736;-1.1592861649;-0.6600573035;-1.0347320511;-0.9631605408;0.0579801097;0.0519883617;0.0202007057;0.0505299005;0.0394799452
6.2700946372;-1.2306045736;-1.1588930713;-0.6603380846;-1.0347316526;-0.9631605408;0.0579801097;0.0519883617;0.0202007057;0.0505299005;0.0394799452
6.2800944882;-1.2306045736;-1.1592861649;-0.6603376432;-1.0523085517;-0.9631605408;0.0579801097;0.0519883617;0.0212093908;0.0505299005;0.0394799452
6.2900943396;-1.2131108509;-1.1592861649;-0.6776070061;-1.0523085517;-0.9631605408;0.0579801097;0.0519883617;0.0212093908;0.0505314678;0.0394799452
6.3000941915;-1.2302692206;-1.1592861649;-0.6776074448;-1.0520570370;-0.9455824533;0.0579801097;0.0519883617;0.0212093908;0.0515361608;0.0394815108
6.3100940439;-1.2306045736;-1.1592861649;-0.6603363270;-1.0523085517;-0.9631605408;0.0579801097;0.0519977493;0.0212093908;0.0515361608;0.0404866541
6.3200938967;-1.2306045736;-1.1592861649;-0.6603358910;-1.0347296783;-0.9631605408;0.0579801097;0.0529881379;0.0212093908;0.0515361608;0.0404866541
6.3300937500;-1.2306045736;-1.1767263530;-0.6778869057;-1.0523085517;-0.9631605408;0.0579801097;0.0529881379;0.0212093908;0.0515361608;0.0404866541
6.3400936037;-1.2306045736;-1.1592861649;-0.6778869057;-1.0525584994;-0.9634104885;0.0579801097;0.0529881379;0.0212093908;0.0515361608;0.0404866541
6.3500934579;-1.2306045736;-1.1592861649;-0.6781641934;-1.0701381539;-0.9809901430;0.0579801097;0.0529881379;0.0212093908;0.0515361608;0.0404866541
6.3600933126;-1.2306045736;-1.1596737649;-0.6778869057;-1.0525577232;-0.9634097122;0.0579801097;0.0529881379;0.0222179566;0.0515361608;0.0404866541
6.3700931677;-1.2306045736;-1.1767287680;-0.6957165079;-1.0701381539;-0.9809901430;0.0579801097;0.0529881379;0.0222179566;0.0515361608;0.0404866541
6.3800930233;-1.2306045736;-1.1592861649;-0.6781629057;-1.0701381539;-0.9807417429;0.0579893945;0.0529881379;0.0222179566;0.0515361608;0.0404866541
6.3900928793;-1.2306045736;-1.1771157671;-0.6781624791;-1.0701381539;-0.9809901430;0.0589797668;0.0529974094;0.0222179566;0.0515361608;0.0404866541
6.4000927357;-1.2309347515;-1.1596713723;-0.6957165079;-1.0525561851;-0.9809901430;0.0589797668;0.0539879141;0.0222179566;0.0515377015;0.0404866541
6.4100925926;-1.2306045736;-1.1771157671;-0.6957165079;-1.0701381539;-0.9809901430;0.0589797668;0.0539879141;0.0222179566;0.0525422861;0.0404866541
6.4200924499;-1.2306045736;-1.1771157671;-0.6957165079;-1.0701381539;-0.9809901430;0.0589797668;0.0539879141;0.0222179566;0.0525422861;0.0404866541
6.4300923077;-1.2309332299;-1.1771157671;-0.6954426277;-1.0701381539;-0.9809901430;0.0589797668;0.0539879141;0.0232264204;0.0525422861;0.0404866541
6.4400921659;-1.2481060237;-1.1771157671;-0.6957165079;-1.0703842681;-0.9809901430;0.0589797668;0.0539879141;0.0232264204;0.0525422861;0.0404866541
6.4500920245;-1.2484341758;-1.1945631113;-0.6957165079;-1.0879677561;-0.9809901430;0.0589797668;0.0539879141;0.0232264204;0.0525422861;0.0404866541
6.4600918836;-1.2306045736;-1.1945636958;-0.6957165079;-1.0701381539;-0.9809901430;0.0589797668;0.0539879141;0.0232264204;0.0525438126;0.0404866541
6.4700917431;-1.2306045736;-1.1774968578;-0.6959887155;-1.0877227692;-0.9809901430;0.0589797668;0.0539879141;0.0232264204;0.0535483395;0.0404866541
6.4800916031;-1.2309307249;-1.1945648595;-0.6957165079;-1.0703827674;-0.9809901430;0.0589797668;0.0539879141;0.0232264204;0.0535483395;0.0404866541
6.4900914634;-1.2484341758;-1.1949453693;-0.6957165079;-1.0879677561;-0.9988197451;0.0589797668;0.0539879141;0.0232264204;0.0535483395;0.0404866541
6.5000913242;-1.2484341758;-1.1949453693;-0.6959603778;-1.0879677561;-0.9988197451;0.0589797668;0.0539879141;0.0232264204;0.0535483395;0.0404881721
6.5100911854;-1.2306045736;-1.1945665917;-0.7135461101;-1.0879677561;-0.9812336428;0.0589797668;0.0539879141;0.0232264204;0.0535483395;0.0414931214
6.5200910470;-1.2309287482;-1.1774939708;-0.6959866534;-1.0879677561;-0.9988197451;0.0589797668;0.0539879141;0.0232264204;0.0535483395;0.0414931214
6.5300909091;-1.2484341758;-1.1774933986;-0.7135461101;-1.0879677561;-0.9988197451;0.0589797668;0.0539879141;0.0232264204;0.0535483395;0.0414931214
6.5400907716;-1.2306045736;-1.1949453693;-0.7135461101;-1.1057973583;-0.9988197451;0.0589797668;0.0539879141;0.0232264204;0.0535498476;0.0414931214
6.5500906344;-1.2484341758;-1.1949453693;-0.7135461101;-1.0879677561;-0.9988197451;0.0589797668;0.0539879141;0.0232264204;0.0545542993;0.0414931214
6.5600904977;-1.2484341758;-1.1953212946;-0.7135461101;-1.0879677561;-0.9988197451;0.0589797668;0.0539969482;0.0232264204;0.0545542993;0.0414931214
6.5700903614;-1.2484341758;-1.1949453693;-0.7138142244;-1.1057973583;-1.0164080445;0.0589797668;0.0549876902;0.0232264204;0.0545542993;0.0414931214
6.5800902256;-1.2484341758;-1.1949453693;-0.7135461101;-1.0879677561;-0.9988197451;0.0589797668;0.0549876902;0.0242346729;0.0545542993;0.0414931214
6.5900900901;-1.2487549483;-1.1949453693;-0.7135461101;-1.0882083354;-0.9988197451;0.0589797668;0.0549876902;0.0242346729;0.0545542993;0.0414931214
6.6000899550;-1.2484341758;-1.2124012972;-0.7311088021;-1.1055571391;-0.9988197451;0.0589797668;0.0549876902;0.0242346729;0.0545557939;0.0414931214
6.6100898204;-1.2484341758;-1.2124018557;-0.7311092010;-1.1057973583;-0.9988197451;0.0589797668;0.0549876902;0.0242346729;0.0555601904;0.0414931214
6.6200896861;-1.2484341758;-1.1953179281;-0.7135461101;-1.1057973583;-0.9988197451;0.0589797668;0.0549876902;0.0242346729;0.0555601904;0.0414931214
6.6300895522;-1.2484341758;-1.1953173729;-0.7311099954;-1.1057973583;-0.9988197451;0.0589797668;0.0549876902;0.0242346729;0.0555601904;0.0414931214
6.6400894188;-1.2659453923;-1.2124035214;-0.7313757123;-1.1233881712;-0.9988197451;0.0589886923;0.0549876902;0.0242346729;0.0555601904;0.0414931214
6.6500892857;-1.2487520885;-1.2127749715;-0.7311107850;-1.1236269605;-0.9988197451;0.0599794239;0.0549876902;0.0242346729;0.0555601904;0.0414931214
6.6600891530;-1.2484341758;-1.1953157171;-0.7311111781;-1.1233888798;-0.9988197451;0.0599794239;0.0549876902;0.0242346729;0.0555601904;0.0414931214
6.6700890208;-1.2662637780;-1.1949453693;-0.7313757123;-1.1057973583;-0.9988197451;0.0599794239;0.0549876902;0.0242346729;0.0555601904;0.0414931214
6.6800888889;-1.2837768784;-1.1949453693;-0.7138098616;-1.1236269605;-0.9988197451;0.0599794239;0.0549876902;0.0242346729;0.0555601904;0.0414931214
6.6900887574;-1.2662637780;-1.1953140760;-0.7313757123;-1.1236269605;-0.9988197451;0.0599794239;0.0549876902;0.0252427765;0.0555616651;0.0414931214
6.7000886263;-1.2662637780;-1.1949453693;-0.7313757123;-1.1236269605;-0.9988197451;0.0599794239;0.0549876902;0.0252427765;0.0565659806;0.0414931214
6.7100884956;-1.2662637780;-1.1953129899;-0.7313757123;-1.1060336859;-0.9990560727;0.0599882574;0.0549876902;0.0252427765;0.0565659806;0.0414945924
6.7200883652;-1.2662637780;-1.2127749715;-0.7489431144;-1.1236269605;-0.9988197451;0.0609790809;0.0549876902;0.0252427765;0.0565659806;0.0424993503
6.7300882353;-1.2662637780;-1.2124084304;-0.7313757123;-1.1412209292;-0.9988197451;0.0609790809;0.0549876902;0.0252427765;0.0565674466;0.0424993503
6.7400881057;-1.2662637780;-1.2124089679;-0.7489438833;-1.1236269605;-0.9990550332;0.0609790809;0.0549876902;0.0252427765;0.0575717269;0.0424993503
6.7500879765;-1.2837801222;-1.1949453693;-0.7316367606;-1.1238619040;-0.9988197451;0.0609790809;0.0549876902;0.0252427765;0.0575717269;0.0424993503
6.7600878477;-1.2662637780;-1.2124100381;-0.7313757123;-1.1414565627;-1.0164147473;0.0609790809;0.0549876902;0.0252427765;0.0575717269;0.0424993503
6.7700877193;-1.2837810368;-1.1949453693;-0.7316359984;-1.1414565627;-1.0166493473;0.0609790809;0.0549876902;0.0252427765;0.0575717269;0.0424993503
6.7800875912;-1.2665756661;-1.2124111020;-0.7313757123;-1.1414565627;-1.0164154313;0.0609790809;0.0549876902;0.0252427765;0.0575717269;0.0424993503
6.7900874636;-1.2840933802;-1.2124116317;-0.7316352407;-1.1414565627;-1.0166493473;0.0609790809;0.0549876902;0.0262507490;0.0575731801;0.0424993503
6.8000873362;-1.2665747595;-1.2127749715;-0.7316348635;-1.1416897988;-1.0166493473;0.0609877989;0.0549876902;0.0262507490;0.0585774082;0.0424993503
6.8100872093;-1.2840933802;-1.2127749715;-0.7316344873;-1.1414565627;-1.0166493473;0.0619787380;0.0549876902;0.0262507490;0.0585774082;0.0424993503
6.8200870827;-1.2840933802;-1.1953071293;-0.7316341123;-1.1414565627;-1.0166493473;0.0619787380;0.0549876902;0.0262507490;0.0585774082;0.0424993503
6.8300869565;-1.2840933802;-1.2127749715;-0.7492053145;-1.1416887862;-1.0166493473;0.0619787380;0.0549876902;0.0262507490;0.0585774082;0.0424993503
6.8400868307;-1.2840933802;-1.1953060838;-0.7313757123;-1.1592861649;-1.0166493473;0.0619787380;0.0549876902;0.0262507490;0.0585788509;0.0424993503
6.8500867052;-1.2840933802;-1.1953055632;-0.7492053145;-1.1592861649;-1.0166493473;0.0619787380;0.0549876902;0.0272586445;0.0595830362;0.0424993503
6.8600865801;-1.2840933802;-1.2127749715;-0.7492053145;-1.1592861649;-1.0166493473;0.0619787380;0.0549876902;0.0272586445;0.0595830362;0.0424993503
6.8700864553;-1.2840933802;-1.2127749715;-0.7492053145;-1.1592861649;-1.0166493473;0.0619787380;0.0549876902;0.0272586445;0.0595830362;0.0425007875
6.8800863309;-1.2840933802;-1.2127749715;-0.7670349166;-1.1592861649;-1.0166493473;0.0619787380;0.0549876902;0.0272586445;0.0595830362;0.0435054075
6.8900862069;-1.2844003461;-1.2127749715;-0.7492053145;-1.1592861649;-1.0166493473;0.0619787380;0.0549876902;0.0272586445;0.0595830362;0.0435054075
6.9000860832;-1.2840933802;-1.2127749715;-0.7492053145;-1.1592861649;-1.0166493473;0.0619787380;0.0549876902;0.0272586445;0.0595844665;0.0435054075
6.9100859599;-1.3016168948;-1.2127749715;-0.7670349166;-1.1592861649;-1.0342493838;0.0619787380;0.0549876902;0.0272586445;0.0605886013;0.0435054075
6.9200858369;-1.2840933802;-1.1953019613;-0.7494600231;-1.1771157671;-1.0166493473;0.0619787380;0.0549876902;0.0272586445;0.0605886013;0.0435054075
6.9300857143;-1.2840933802;-1.2127749715;-0.7670349166;-1.1768868563;-1.0342500388;0.0619787380;0.0549876902;0.0272586445;0.0605886013;0.0435054075
6.9400855920;-1.3019229824;-1.2127749715;-0.7494592974;-1.1771157671;-1.0342503649;0.0619872821;0.0549876902;0.0272586445;0.0605886013;0.0435054075
6.9500854701;-1.2840933802;-1.2127749715;-0.7667812950;-1.1771157671;-1.0168776068;0.0629783951;0.0549876902;0.0272586445;0.0605900214;0.0435054075
6.9600853485;-1.3019229824;-1.2127749715;-0.7670349166;-1.1773437023;-1.0344789495;0.0629783951;0.0549876902;0.0282664026;0.0615941148;0.0435054075
6.9700852273;-1.3016194998;-1.1952994323;-0.7670349166;-1.1947177573;-1.0344789495;0.0629783951;0.0549961990;0.0282664026;0.0615941148;0.0435054075
6.9800851064;-1.3019229824;-1.2127749715;-0.7672874606;-1.1773430566;-1.0342516600;0.0629783951;0.0559874664;0.0282664026;0.0615941148;0.0435054075
6.9900849858;-1.3019229824;-1.2127749715;-0.7670349166;-1.1949453693;-1.0344789495;0.0629783951;0.0559874664;0.0282664026;0.0615941148;0.0435068202
7.0000848656;-1.3019229824;-1.2127749715;-0.7497089755;-1.1773424146;-1.0342523020;0.0629783951;0.0559874664;0.0282664026;0.0615941148;0.0445113409
7.0100847458;-1.3019229824;-1.1949453693;-0.7672863920;-1.1773420949;-1.0344789495;0.0629783951;0.0559874664;0.0282664026;0.0615941148;0.0445113409
7.0200846262;-1.3019229824;-1.2127749715;-0.7670349166;-1.1949453693;-1.0344789495;0.0629783951;0.0559874664;0.0282664026;0.0615941148;0.0445113409
7.0300845070;-1.3019229824;-1.2127749715;-0.7846137509;-1.1949453693;-1.0344789495;0.0629783951;0.0559874664;0.0282664026;0.0615955190;0.0445113409
7.0400843882;-1.3019229824;-1.2302539916;-0.7672853324;-1.1949453693;-1.0344789495;0.0629783951;0.0559874664;0.0282664026;0.0625995473;0.0445113409
7.0500842697;-1.3019229824;-1.2127749715;-0.7670349166;-1.1949453693;-1.0344789495;0.0629783951;0.0559874664;0.0282664026;0.0625995473;0.0445113409
7.0600841515;-1.3019229824;-1.2127749715;-0.7848645188;-1.1949453693;-1.0347036924;0.0629783951;0.0559874664;0.0292740393;0.0625995473;0.0445113409
7.0700840336;-1.3019229824;-1.2306045736;-0.7670349166;-1.1949453693;-1.0520841232;0.0629783951;0.0559874664;0.0292740393;0.0625995473;0.0445113409
7.0800839161;-1.3019229824;-1.2302559501;-0.7846155020;-1.1951694844;-1.0344789495;0.0629783951;0.0559874664;0.0292740393;0.0625995473;0.0445113409
7.0900837989;-1.3019229824;-1.2306045736;-0.7672835861;-1.1951691718;-1.0344789495;0.0629783951;0.0559874664;0.0292740393;0.0626009397;0.0445113409
7.1000836820;-1.3022209702;-1.2302569212;-0.7848645188;-1.1951688601;-1.0344789495;0.0629783951;0.0559874664;0.0292740393;0.0636049202;0.0445113409
7.1100835655;-1.3019229824;-1.2131221403;-0.7848645188;-1.2127749715;-1.0520853717;0.0629783951;0.0559874664;0.0292740393;0.0636049202;0.0445113409
7.1200834492;-1.3197525846;-1.2131216582;-0.7848645188;-1.2127749715;-1.0344789495;0.0629783951;0.0559874664;0.0292740393;0.0636049202;0.0445113409
7.1300833333;-1.3197525846;-1.2302583678;-0.7848645188;-1.2127749715;-1.0344789495;0.0629867140;0.0559957863;0.0292740393;0.0636049202;0.0445113409
7.1400832178;-1.3022193193;-1.2306045736;-0.7848645188;-1.2127749715;-1.0523085517;0.0639780521;0.0569872426;0.0292740393;0.0636049202;0.0445113409
7.1500831025;-1.3197525846;-1.2306045736;-0.7848645188;-1.2129969167;-1.0344789495;0.0639780521;0.0569872426;0.0292740393;0.0636049202;0.0445113409
7.1600829876;-1.3197525846;-1.2306045736;-0.7848645188;-1.2303829349;-1.0523085517;0.0639780521;0.0569872426;0.0292740393;0.0636049202;0.0445113409
7.1700828729;-1.3372870761;-1.2131192672;-0.7848645188;-1.2127749715;-1.0523085517;0.0639780521;0.0569872426;0.0292740393;0.0636062972;0.0445113409
7.1800827586;-1.3197525846;-1.2306045736;-0.7848645188;-1.2306045736;-1.0523085517;0.0639780521;0.0569872426;0.0292740393;0.0646102152;0.0445113409
7.1900826446;-1.3197525846;-1.2306045736;-0.7848645188;-1.2306045736;-1.0346751487;0.0639780521;0.0569872426;0.0292740393;0.0646102152;0.0445113409
7.2000825309;-1.3200464791;-1.2306045736;-0.8026941210;-1.2127749715;-1.0523085517;0.0639780521;0.0569872426;0.0292740393;0.0646102152;0.0445113409
7.2100824176;-1.3197525846;-1.2480917692;-0.8024495449;-1.2306045736;-1.0523085517;0.0639862798;0.0569872426;0.0292740393;0.0646102152;0.0445113409
7.2200823045;-1.3200456740;-1.2480922383;-0.8026941210;-1.2303847566;-1.0699183369;0.0649777092;0.0569954600;0.0292740393;0.0646102152;0.0445127092
7.2300821918;-1.3372894984;-1.2484341758;-0.7851084258;-1.2306045736;-1.0523085517;0.0649777092;0.0579870188;0.0292740393;0.0646102152;0.0455170486
7.2400820793;-1.3375821868;-1.2484341758;-0.8024505472;-1.2303853572;-1.0523085517;0.0649777092;0.0579870188;0.0292740393;0.0646102152;0.0455170486
7.2500819672;-1.3375821868;-1.2484341758;-0.7851077603;-1.2306045736;-1.0523085517;0.0649777092;0.0579870188;0.0292740393;0.0646102152;0.0455170486
7.2600818554;-1.3200440767;-1.2484341758;-0.7851074290;-1.2306045736;-1.0523085517;0.0649777092;0.0579870188;0.0302814434;0.0646102152;0.0455170486
7.2700817439;-1.3375821868;-1.2484341758;-0.8026941210;-1.2306045736;-1.0699440902;0.0649777092;0.0579870188;0.0302814434;0.0646102152;0.0455170486
7.2800816327;-1.3375821868;-1.2484341758;-0.8026941210;-1.2308225987;-1.0523085517;0.0649777092;0.0579870188;0.0302814434;0.0646102152;0.0455170486
7.2900815217;-1.3375821868;-1.2484341758;-0.8026941210;-1.2482164466;-1.0523085517;0.0649777092;0.0579870188;0.0302814434;0.0646102152;0.0455170486
7.3000814111;-1.3551218768;-1.2484341758;-0.8026941210;-1.2308220078;-1.0523085517;0.0649777092;0.0579870188;0.0302814434;0.0646102152;0.0455170486
7.3100813008;-1.3375821868;-1.2484341758;-0.8026941210;-1.2306045736;-1.0525256917;0.0649777092;0.0579870188;0.0302814434;0.0646102152;0.0455170486
7.3200811908;-1.3375821868;-1.2484341758;-0.8026941210;-1.2306045736;-1.0701381539;0.0649777092;0.0579870188;0.0302814434;0.0646102152;0.0455170486
7.3300810811;-1.3375821868;-1.2484341758;-0.8026941210;-1.2306045736;-1.0699216000;0.0649858036;0.0579870188;0.0302814434;0.0646102152;0.0455170486
7.3400809717;-1.3375821868;-1.2487705834;-0.8202834321;-1.2308208357;-1.0701381539;0.0659773663;0.0579870188;0.0312887580;0.0646102152;0.0455170486
7.3500808625;-1.3375821868;-1.2484341758;-0.8026941210;-1.2306045736;-1.0701381539;0.0659773663;0.0579870188;0.0312887580;0.0646115589;0.0455183929
7.3600807537;-1.3378697610;-1.2487696791;-0.8026941210;-1.2306045736;-1.0699224732;0.0659773663;0.0579950815;0.0312887580;0.0656153411;0.0465226350
7.3700806452;-1.3375821868;-1.2659287251;-0.8202843997;-1.2484341758;-1.0701381539;0.0659773663;0.0589867950;0.0312887580;0.0656153411;0.0465226350
7.3800805369;-1.3375821868;-1.2484341758;-0.8026941210;-1.2306045736;-1.0525236542;0.0659773663;0.0589867950;0.0312887580;0.0656153411;0.0465226350
7.3900804290;-1.3378686061;-1.2662637780;-0.8029328038;-1.2308193881;-1.0701381539;0.0659773663;0.0589867950;0.0312887580;0.0656153411;0.0465226350
7.4000803213;-1.3554117890;-1.2659300689;-0.8202853596;-1.2484341758;-1.0701381539;0.0659773663;0.0589867950;0.0312887580;0.0656153411;0.0465226350
7.4100802139;-1.3554117890;-1.2662637780;-0.8205237232;-1.2484341758;-1.0701381539;0.0659773663;0.0589867950;0.0312887580;0.0656153411;0.0465226350
7.4200801068;-1.3551265154;-1.2662637780;-0.8029318491;-1.2484341758;-1.0701381539;0.0659773663;0.0589867950;0.0312887580;0.0656153411;0.0465226350
7.4300800000;-1.3551268952;-1.2662637780;-0.8205237232;-1.2484341758;-1.0701381539;0.0659773663;0.0589867950;0.0312887580;0.0656153411;0.0465226350
7.4400798935;-1.3554117890;-1.2662637780;-0.8202866275;-1.2484341758;-1.0703515401;0.0659853422;0.0589867950;0.0312887580;0.0656153411;0.0465226350
7.4500797872;-1.3554117890;-1.2662637780;-0.8029309019;-1.2484341758;-1.0703512567;0.0669770233;0.0589867950;0.0312887580;0.0656153411;0.0465226350
7.4600796813;-1.3554117890;-1.2662637780;-0.8202872564;-1.2484341758;-1.0701381539;0.0669770233;0.0589867950;0.0312887580;0.0656153411;0.0465226350
7.4700795756;-1.3554117890;-1.2662637780;-0.8205237232;-1.2484341758;-1.0703506922;0.0669770233;0.0589947402;0.0312887580;0.0656166634;0.0465239580
7.4800794702;-1.3554117890;-1.2665939558;-0.8205237232;-1.2484341758;-1.0703504111;0.0669770233;0.0599865712;0.0322959205;0.0666203587;0.0475281132
7.4900793651;-1.3554117890;-1.2665935197;-0.8205237232;-1.2484341758;-1.0701381539;0.0669770233;0.0599865712;0.0322959205;0.0666203587;0.0475281132
7.5000792602;-1.3556940518;-1.2837640736;-0.8205237232;-1.2484341758;-1.0879677561;0.0669770233;0.0599865712;0.0322959205;0.0666203587;0.0475281132
7.5100791557;-1.3729595002;-1.2662637780;-0.8205237232;-1.2660523598;-1.0701381539;0.0669770233;0.0599865712;0.0322959205;0.0666203587;0.0475281132
7.5200790514;-1.3554117890;-1.2840933802;-0.8205237232;-1.2484341758;-1.0879677561;0.0669770233;0.0599865712;0.0322959205;0.0666203587;0.0475281132
7.5300789474;-1.3556929391;-1.2840933802;-0.8205237232;-1.2486450384;-1.1055864957;0.0669770233;0.0599865712;0.0322959205;0.0666203587;0.0475281132
7.5400788436;-1.3732413912;-1.2840933802;-0.8381193411;-1.2486447617;-1.0879677561;0.0669770233;0.0599865712;0.0322959205;0.0666203587;0.0475281132
7.5500787402;-1.3556922021;-1.2665909267;-0.8383533254;-1.2484341758;-1.0879677561;0.0669770233;0.0599865712;0.0322959205;0.0666203587;0.0475281132
7.5600786370;-1.3732413912;-1.2840933802;-0.8205237232;-1.2484341758;-1.0879677561;0.0669770233;0.0599865712;0.0322959205;0.0666203587;0.0475294205
7.5700785340;-1.3732413912;-1.2844196736;-0.8205237232;-1.2662637780;-1.0879677561;0.0669770233;0.0599865712;0.0322959205;0.0666203587;0.0485335123
7.5800784314;-1.3732413912;-1.2840933802;-0.8205237232;-1.2660542918;-1.0879677561;0.0669770233;0.0599865712;0.0322959205;0.0666203587;0.0485335123
7.5900783290;-1.3907920426;-1.2840933802;-0.8381208665;-1.2662637780;-1.0879677561;0.0669770233;0.0599865712;0.0322959205;0.0666216604;0.0485335123
7.6000782269;-1.3732413912;-1.2844183990;-0.8381211691;-1.2662637780;-1.1055884177;0.0669848331;0.0599865712;0.0322959205;0.0676252716;0.0485335123
7.6100781250;-1.3732413912;-1.2840933802;-0.8383533254;-1.2662637780;-1.0881764251;0.0679766804;0.0599943718;0.0322959205;0.0676252716;0.0485335123
7.6200780234;-1.3732413912;-1.2844175548;-0.8383533254;-1.2662637780;-1.1057973583;0.0679766804;0.0609863474;0.0333029366;0.0676252716;0.0485335123
7.6300779221;-1.3732413912;-1.3015992283;-0.8383533254;-1.2662637780;-1.0881758838;0.0679766804;0.0609863474;0.0333029366;0.0676252716;0.0485335123
7.6400778210;-1.3732413912;-1.2840933802;-0.8383533254;-1.2662637780;-1.1057973583;0.0679766804;0.0609863474;0.0333029366;0.0676252716;0.0485335123
7.6500777202;-1.3735181767;-1.2840933802;-0.8383533254;-1.2662637780;-1.1055897691;0.0679766804;0.0609863474;0.0333029366;0.0676252716;0.0485335123
7.6600776197;-1.3732413912;-1.3016004832;-0.8383533254;-1.2662637780;-1.0879677561;0.0679766804;0.0609863474;0.0333029366;0.0676265615;0.0485335123
7.6700775194;-1.3732413912;-1.2844154634;-0.8381232660;-1.2838863268;-1.1057973583;0.0679766804;0.0609863474;0.0333029366;0.0686301248;0.0485335123
7.6800774194;-1.3907952779;-1.2844150483;-0.8381235625;-1.2662637780;-1.1055905717;0.0679766804;0.0609863474;0.0333029366;0.0686301248;0.0485335123
7.6900773196;-1.3910709934;-1.2844146343;-0.8383533254;-1.2838868597;-1.1057973583;0.0679766804;0.0609863474;0.0333029366;0.0686301248;0.0485335123
7.7000772201;-1.3907959867;-1.2840933802;-0.8383533254;-1.2840933802;-1.1055911033;0.0679766804;0.0609940577;0.0333029366;0.0686301248;0.0485335123
7.7100771208;-1.3907963397;-1.3019229824;-0.8385822035;-1.2840933802;-1.1057973583;0.0679766804;0.0619861235;0.0333029366;0.0686314064;0.0485335123
7.7200770218;-1.3910709934;-1.3019229824;-0.8385819101;-1.2840933802;-1.1055916321;0.0679766804;0.0619861235;0.0333029366;0.0696349361;0.0485335123
7.7300769231;-1.3910709934;-1.3019229824;-0.8383533254;-1.2840933802;-1.1057973583;0.0679843602;0.0619861235;0.0333029366;0.0696349361;0.0485335123
7.7400768246;-1.3910709934;-1.3019229824;-0.8383533254;-1.2840933802;-1.1057973583;0.0689763374;0.0619861235;0.0343098313;0.0696349361;0.0485335123
7.7500767263;-1.3910709934;-1.3022417748;-0.8561829276;-1.2840933802;-1.1057973583;0.0689763374;0.0619861235;0.0343098313;0.0696349361;0.0485335123
7.7600766284;-1.3910709934;-1.3019229824;-0.8385807438;-1.2840933802;-1.1057973583;0.0689763374;0.0619861235;0.0343098313;0.0696349361;0.0485335123
7.7700765306;-1.3735139456;-1.3019229824;-0.8561829276;-1.2840933802;-1.1057973583;0.0689763374;0.0619861235;0.0343098313;0.0696349361;0.0485335123
7.7800764331;-1.3910709934;-1.3019229824;-0.8385801651;-1.2842975360;-1.1234228047;0.0689763374;0.0619861235;0.0343098313;0.0696349361;0.0485335123
7.7900763359;-1.3910709934;-1.3019229824;-0.8561829276;-1.3017190861;-1.1234230642;0.0689763374;0.0619861235;0.0343098313;0.0696349361;0.0485335123
7.8000762389;-1.3910709934;-1.3019229824;-0.8385795894;-1.2842970178;-1.1057973583;0.0689763374;0.0619861235;0.0343098313;0.0696349361;0.0485335123
7.8100761421;-1.3910709934;-1.3194362165;-0.8561829276;-1.3019229824;-1.1060007378;0.0689763374;0.0619861235;0.0343098313;0.0696349361;0.0485335123
7.8200760456;-1.4086297662;-1.3197525846;-0.8564086188;-1.2840933802;-1.1057973583;0.0689763374;0.0619861235;0.0353166472;0.0696349361;0.0485335123
7.8300759494;-1.3913414804;-1.3019229824;-0.8561829276;-1.2842962455;-1.1057973583;0.0689763374;0.0619861235;0.0353166472;0.0696349361;0.0485347750
7.8400758534;-1.3910709934;-1.3194374149;-0.8564080488;-1.2840933802;-1.1236269605;0.0689763374;0.0619861235;0.0353166472;0.0696349361;0.0495386855
7.8500757576;-1.4089005956;-1.3197525846;-0.8740125298;-1.3019229824;-1.1236269605;0.0689763374;0.0619861235;0.0353166472;0.0696349361;0.0495386855
7.8600756620;-1.3910709934;-1.3200669605;-0.8737879756;-1.2842954790;-1.1057973583;0.0689763374;0.0619936785;0.0353166472;0.0696349361;0.0495386855
7.8700755668;-1.4086314695;-1.3197525846;-0.8561829276;-1.3019229824;-1.1057973583;0.0689763374;0.0629858997;0.0353166472;0.0696349361;0.0495386855
7.8800754717;-1.4086318076;-1.3197525846;-0.8740125298;-1.2840933802;-1.1057973583;0.0689763374;0.0629858997;0.0353166472;0.0696349361;0.0495386855
7.8900753769;-1.3913394441;-1.3372689943;-0.8740125298;-1.2842947183;-1.1059986963;0.0689763374;0.0629858997;0.0353166472;0.0696349361;0.0495386855
7.9000752823;-1.4089005956;-1.3197525846;-0.8740125298;-1.2840933802;-1.1236269605;0.0689763374;0.0629858997;0.0353166472;0.0696349361;0.0495386855
7.9100751880;-1.4089005956;-1.3197525846;-0.8737893808;-1.3017221483;-1.1236269605;0.0689763374;0.0629858997;0.0353166472;0.0696349361;0.0495386855
7.9200750939;-1.3913384374;-1.3372701688;-0.8737896598;-1.2842939632;-1.1236269605;0.0689763374;0.0629858997;0.0353166472;0.0696349361;0.0495386855
7.9300750000;-1.4089005956;-1.3372705583;-0.8737899380;-1.3017226498;-1.1236269605;0.0689763374;0.0629858997;0.0353166472;0.0696349361;0.0495386855
7.9400749064;-1.4086338185;-1.3200638245;-0.8740125298;-1.3019229824;-1.1059974411;0.0689763374;0.0629858997;0.0353166472;0.0696349361;0.0495386855
7.9500748130;-1.3913374382;-1.3197525846;-0.8740125298;-1.3019229824;-1.1236269605;0.0689763374;0.0629858997;0.0353166472;0.0696349361;0.0495399293
7.9600747198;-1.4089005956;-1.3197525846;-0.8740125298;-1.3019229824;-1.1236269605;0.0689837976;0.0629858997;0.0353166472;0.0696349361;0.0505437630
7.9700746269;-1.4089005956;-1.3375821868;-0.8564044134;-1.3019229824;-1.1236269605;0.0699759945;0.0629933515;0.0353166472;0.0696349361;0.0505437630
7.9800745342;-1.4089005956;-1.3375821868;-0.8740125298;-1.2842924701;-1.1236269605;0.0699759945;0.0639856759;0.0363233101;0.0696349361;0.0505437630
7.9900744417;-1.4089005956;-1.3375821868;-0.8742334666;-1.3019229824;-1.1236269605;0.0699759945;0.0639856759;0.0363233101;0.0696349361;0.0505437630
8.0000743494;-1.4089005956;-1.3375821868;-0.8740125298;-1.3019229824;-1.1236269605;0.0699759945;0.0639856759;0.0363233101;0.0696349361;0.0505437630
8.0100742574;-1.4089005956;-1.3375821868;-0.8740125298;-1.3019229824;-1.1234286089;0.0699759945;0.0639856759;0.0363233101;0.0696349361;0.0505437630
8.0200741656;-1.4089005956;-1.3375821868;-0.8740125298;-1.3019229824;-1.1236269605;0.0699759945;0.0639856759;0.0363233101;0.0696349361;0.0505437630
8.0300740741;-1.4089005956;-1.3375821868;-0.8740125298;-1.3019229824;-1.1236269605;0.0699759945;0.0639856759;0.0363233101;0.0696349361;0.0505437630
8.0400739827;-1.4089005956;-1.3375821868;-0.8918421320;-1.3197525846;-1.1236269605;0.0699759945;0.0639856759;0.0363233101;0.0696349361;0.0505437630
8.0500738916;-1.4086374280;-1.3375821868;-0.8740125298;-1.3195552089;-1.1236269605;0.0699759945;0.0639856759;0.0363233101;0.0696349361;0.0505437630
8.0600738007;-1.4089005956;-1.3375821868;-0.8916230951;-1.3019229824;-1.1236269605;0.0699759945;0.0639856759;0.0363233101;0.0696349361;0.0505437630
8.0700737101;-1.4089005956;-1.3375821868;-0.8740125298;-1.3019229824;-1.1414565627;0.0699833540;0.0639856759;0.0363233101;0.0696361611;0.0505437630
8.0800736196;-1.4091627956;-1.3551058890;-0.8740125298;-1.3197525846;-1.1238236105;0.0709756516;0.0639930272;0.0363233101;0.0706394608;0.0505437630
8.0900735294;-1.4264683187;-1.3554117890;-0.8740125298;-1.3197525846;-1.1414565627;0.0709756516;0.0649854521;0.0363233101;0.0706394608;0.0505437630
8.1000734394;-1.4089005956;-1.3554117890;-0.8740125298;-1.3197525846;-1.1412603935;0.0709756516;0.0649854521;0.0363233101;0.0706394608;0.0505437630
8.1100733496;-1.4089005956;-1.3554117890;-0.8918421320;-1.3197525846;-1.1414565627;0.0709756516;0.0649854521;0.0363233101;0.0706394608;0.0505437630
8.1200732601;-1.4267301978;-1.3378865946;-0.8740125298;-1.3019229824;-1.1412608719;0.0709756516;0.0649854521;0.0363233101;0.0706394608;0.0505437630
8.1300731707;-1.4267301978;-1.3554117890;-0.8740125298;-1.3021184348;-1.1414565627;0.0709756516;0.0649854521;0.0363233101;0.0706394608;0.0505437630
8.1400730816;-1.4267301978;-1.3554117890;-0.8740125298;-1.3197525846;-1.1412613481;0.0709756516;0.0649854521;0.0363233101;0.0706394608;0.0505437630
8.1500729927;-1.4267301978;-1.3554117890;-0.8742291714;-1.3197525846;-1.1412615853;0.0709756516;0.0649927409;0.0363233101;0.0706394608;0.0505437630
8.1600729040;-1.4091602500;-1.3729384611;-0.8918421320;-1.3197525846;-1.1236269605;0.0709756516;0.0659852283;0.0363233101;0.0706394608;0.0505449752
8.1700728155;-1.4267301978;-1.3557143519;-0.8742286462;-1.3199470894;-1.1414565627;0.0709756516;0.0659852283;0.0373297992;0.0706394608;0.0515486802
8.1800727273;-1.4264711721;-1.3554117890;-0.8742283845;-1.3375821868;-1.1236269605;0.0709756516;0.0659852283;0.0373297992;0.0706394608;0.0515486802
8.1900726392;-1.4264714853;-1.3557136202;-0.8918421320;-1.3375821868;-1.1236269605;0.0709756516;0.0659852283;0.0373297992;0.0706394608;0.0515486802
8.2000725514;-1.4267301978;-1.3557132557;-0.8742278632;-1.3199463846;-1.1414565627;0.0709756516;0.0659852283;0.0373297992;0.0706394608;0.0515486802
8.2100724638;-1.4267301978;-1.3732413912;-0.8918421320;-1.3199461509;-1.1414565627;0.0709756516;0.0659852283;0.0373297992;0.0706394608;0.0515486802
8.2200723764;-1.4267301978;-1.3732413912;-0.8918421320;-1.3373888538;-1.1414565627;0.0709756516;0.0659852283;0.0373297992;0.0706406636;0.0515486802
8.2300722892;-1.4267301978;-1.3557121674;-0.8918421320;-1.3373890864;-1.1414565627;0.0709756516;0.0659852283;0.0373297992;0.0716438734;0.0515486802
8.2400722022;-1.4267301978;-1.3732413912;-0.8918421320;-1.3375821868;-1.1414565627;0.0709756516;0.0659852283;0.0373297992;0.0716438734;0.0515486802
8.2500721154;-1.4267301978;-1.3732413912;-0.8918421320;-1.3375821868;-1.1414565627;0.0709756516;0.0659852283;0.0373297992;0.0716438734;0.0515486802
8.2600720288;-1.4267301978;-1.3732413912;-0.8918421320;-1.3375821868;-1.1414565627;0.0709756516;0.0659852283;0.0373297992;0.0716450704;0.0515486802
8.2700719424;-1.4267301978;-1.3732413912;-0.8918421320;-1.3375821868;-1.1416487380;0.0709756516;0.0659852283;0.0373297992;0.0726482568;0.0515486802
8.2800718563;-1.4267301978;-1.3735399730;-0.8918421320;-1.3377741323;-1.1414565627;0.0709756516;0.0659852283;0.0373297992;0.0726482568;0.0515486802
8.2900717703;-1.4443041784;-1.3732413912;-0.8918421320;-1.3554117890;-1.1590944487;0.0709756516;0.0659852283;0.0373297992;0.0726482568;0.0515486802
8.3000716846;-1.4267301978;-1.3735392604;-0.8742252936;-1.3554117890;-1.1592861649;0.0709756516;0.0659852283;0.0373297992;0.0726482568;0.0515486802
8.3100715990;-1.4267301978;-1.3732413912;-0.8918421320;-1.3554117890;-1.1590949057;0.0709756516;0.0659923781;0.0373297992;0.0726482568;0.0515498707
8.3200715137;-1.4267301978;-1.3732413912;-0.8920543892;-1.3554117890;-1.1590951334;0.0709756516;0.0669850045;0.0373297992;0.0726482568;0.0525534876
8.3300714286;-1.4267301978;-1.3735381979;-0.9094597294;-1.3554117890;-1.1592861649;0.0709756516;0.0669850045;0.0373297992;0.0726482568;0.0525534876
8.3400713436;-1.4267301978;-1.3732413912;-0.8920538850;-1.3554117890;-1.1590955872;0.0709756516;0.0669850045;0.0373297992;0.0726494425;0.0525534876
8.3500712589;-1.4269839999;-1.3907748908;-0.8920536338;-1.3554117890;-1.1592861649;0.0709756516;0.0669850045;0.0383361309;0.0736525826;0.0525534876
8.3600711744;-1.4269836992;-1.3910709934;-0.9096717342;-1.3554117890;-1.1590960388;0.0709756516;0.0669850045;0.0383361309;0.0736525826;0.0525534876
8.3700710900;-1.4267301978;-1.3910709934;-0.8918421320;-1.3554117890;-1.1592861649;0.0709756516;0.0669850045;0.0383361309;0.0736525826;0.0525534876
8.3800710059;-1.4443068978;-1.3907759409;-0.8918421320;-1.3556014656;-1.1592861649;0.0709756516;0.0669850045;0.0383361309;0.0736525826;0.0525534876
8.3900709220;-1.4443071964;-1.3910709934;-0.9094612312;-1.3730519385;-1.1592861649;0.0709756516;0.0669850045;0.0383361309;0.0736525826;0.0525534876
8.4000708383;-1.4443074943;-1.3910709934;-0.8920523867;-1.3554117890;-1.1592861649;0.0709827246;0.0669850045;0.0383361309;0.0736525826;0.0525534876
8.4100707547;-1.4443077914;-1.3910709934;-0.8920521391;-1.3554117890;-1.1594751713;0.0719753086;0.0669850045;0.0383361309;0.0736525826;0.0525534876
8.4200706714;-1.4445598000;-1.3907773293;-0.9096717342;-1.3554117890;-1.1592861649;0.0719753086;0.0669850045;0.0383361309;0.0736525826;0.0525534876
8.4300705882;-1.4267301978;-1.3910709934;-0.9096717342;-1.3554117890;-1.1592861649;0.0719753086;0.0669850045;0.0383361309;0.0736525826;0.0525534876
8.4400705053;-1.4445598000;-1.3910709934;-0.8920513996;-1.3554117890;-1.1769274262;0.0719753086;0.0669850045;0.0383361309;0.0736525826;0.0525534876
8.4500704225;-1.4443089732;-1.3735340224;-0.9096717342;-1.3554117890;-1.1771157671;0.0719753086;0.0669850045;0.0383361309;0.0736525826;0.0525534876
8.4600703400;-1.4445598000;-1.3910709934;-0.9096717342;-1.3554117890;-1.1771157671;0.0719753086;0.0669850045;0.0383361309;0.0736525826;0.0525534876
8.4700702576;-1.4445598000;-1.3910709934;-0.9094632008;-1.3554117890;-1.1769280870;0.0719753086;0.0669850045;0.0383361309;0.0736525826;0.0525546558
8.4800701754;-1.4445598000;-1.4086089899;-0.9096717342;-1.3554117890;-1.1594736256;0.0719753086;0.0669850045;0.0383361309;0.0736537489;0.0535581823
8.4900700935;-1.4445598000;-1.4089005956;-0.9096717342;-1.3732413912;-1.1769285250;0.0719753086;0.0669920041;0.0393423448;0.0746568104;0.0535581823
8.5000700117;-1.4269795628;-1.3910709934;-0.9096717342;-1.3555988128;-1.1771157671;0.0719753086;0.0679847807;0.0393423448;0.0746568104;0.0535581823
8.5100699301;-1.4269792725;-1.3913615806;-0.9096717342;-1.3730545851;-1.1771157671;0.0719753086;0.0679847807;0.0393423448;0.0746568104;0.0535581823
8.5200698487;-1.4445598000;-1.4086103462;-0.9096717342;-1.3732413912;-1.1771157671;0.0719753086;0.0679847807;0.0393423448;0.0746568104;0.0535581823
8.5300697674;-1.4445598000;-1.3910709934;-0.9096717342;-1.3730550190;-1.1594725370;0.0719753086;0.0679847807;0.0393423448;0.0746568104;0.0535581823
8.5400696864;-1.4445598000;-1.3913605693;-0.9096717342;-1.3732413912;-1.1769296111;0.0719753086;0.0679847807;0.0393423448;0.0746568104;0.0535581823
8.5500696056;-1.4445598000;-1.3910709934;-0.9096717342;-1.3732413912;-1.1771157671;0.0719753086;0.0679847807;0.0393423448;0.0746568104;0.0535581823
8.5600695249;-1.4621417688;-1.4089005956;-0.9275013364;-1.3732413912;-1.1771157671;0.0719753086;0.0679847807;0.0393423448;0.0746568104;0.0535581823
8.5700694444;-1.4445598000;-1.3910709934;-0.9096717342;-1.3732413912;-1.1771157671;0.0719753086;0.0679847807;0.0393423448;0.0746568104;0.0535581823
8.5800693642;-1.4445598000;-1.4086123572;-0.9096717342;-1.3910709934;-1.1771157671;0.0719753086;0.0679847807;0.0393423448;0.0746568104;0.0535581823
8.5900692841;-1.4448065765;-1.4089005956;-0.9098773813;-1.3734264736;-1.1771157671;0.0719753086;0.0679847807;0.0393423448;0.0746568104;0.0535581823
8.6000692042;-1.4445598000;-1.3913585676;-0.9275013364;-1.3734262603;-1.1771157671;0.0719753086;0.0679847807;0.0393423448;0.0746568104;0.0535581823
8.6100691244;-1.4445598000;-1.4086133523;-0.9096717342;-1.3910709934;-1.1773004235;0.0719753086;0.0679847807;0.0393423448;0.0746568104;0.0535581823
8.6200690449;-1.4621434766;-1.4089005956;-0.9275013364;-1.3910709934;-1.1771157671;0.0719753086;0.0679847807;0.0393423448;0.0746579579;0.0535581823
8.6300689655;-1.4621437589;-1.4089005956;-0.9098764369;-1.3910709934;-1.1772999995;0.0719753086;0.0679916678;0.0393423448;0.0756609432;0.0535581823
8.6400688863;-1.4448051615;-1.4089005956;-0.9096717342;-1.3908869723;-1.1772997882;0.0719753086;0.0689845568;0.0393423448;0.0756609432;0.0535581823
8.6500688073;-1.4448048804;-1.4089005956;-0.9096717342;-1.3910709934;-1.1771157671;0.0719753086;0.0689845568;0.0393423448;0.0756620868;0.0535593265
8.6600687285;-1.4621446021;-1.4089005956;-0.9098757342;-1.3910709934;-1.1772993671;0.0719753086;0.0689845568;0.0393423448;0.0766650560;0.0545627552
8.6700686499;-1.4445598000;-1.4264449241;-0.9275013364;-1.3910709934;-1.1949453693;0.0719753086;0.0689845568;0.0393423448;0.0766650560;0.0545627552
8.6800685714;-1.4445598000;-1.4089005956;-0.9275013364;-1.3912541742;-1.1771157671;0.0719753086;0.0689845568;0.0403484048;0.0766650560;0.0545627552
8.6900684932;-1.4623894021;-1.4091852186;-0.9098750364;-1.4089005956;-1.1772987390;0.0719753086;0.0689845568;0.0403484048;0.0766650560;0.0545627552
8.7000684151;-1.4623894021;-1.4089005956;-0.9275013364;-1.4089005956;-1.1949453693;0.0719753086;0.0689845568;0.0403484048;0.0766661931;0.0545627552
8.7100683371;-1.4448032075;-1.4091845710;-0.9275013364;-1.4087180399;-1.1949453693;0.0719753086;0.0689845568;0.0403484048;0.0776691359;0.0545627552
8.7200682594;-1.4621462712;-1.4089005956;-0.9275013364;-1.4089005956;-1.1949453693;0.0719753086;0.0689845568;0.0403484048;0.0776691359;0.0545627552
8.7300681818;-1.4445598000;-1.4267301978;-0.9275013364;-1.4089005956;-1.1949453693;0.0719821167;0.0689913658;0.0403484048;0.0776691359;0.0545627552
8.7400681044;-1.4445598000;-1.4267301978;-0.9275013364;-1.4090825303;-1.1949453693;0.0729749657;0.0699843330;0.0403484048;0.0776691359;0.0545627552
8.7500680272;-1.4448021049;-1.4089005956;-0.9275013364;-1.4089005956;-1.1949453693;0.0729749657;0.0699843330;0.0403484048;0.0776702666;0.0545627552
8.7600679502;-1.4623894021;-1.4267301978;-0.9275013364;-1.4090821187;-1.1949453693;0.0729749657;0.0699843330;0.0403484048;0.0786731833;0.0545627552
8.7700678733;-1.4623894021;-1.4264481476;-0.9275013364;-1.4089005956;-1.1951266873;0.0729749657;0.0699843330;0.0403484048;0.0786731833;0.0545627552
8.7800677966;-1.4445598000;-1.4267301978;-0.9277025734;-1.4267301978;-1.2125938581;0.0729749657;0.0699843330;0.0403484048;0.0786731833;0.0545627552
8.7900677201;-1.4623894021;-1.4267301978;-0.9275013364;-1.4089005956;-1.2125940623;0.0729749657;0.0699843330;0.0403484048;0.0786731833;0.0545638813
8.8000676437;-1.4623894021;-1.4267301978;-0.9275013364;-1.4267301978;-1.1949453693;0.0729749657;0.0699843330;0.0403484048;0.0786731833;0.0555672368
8.8100675676;-1.4445598000;-1.4267301978;-0.9451303806;-1.4267301978;-1.2127749715;0.0729749657;0.0699843330;0.0403484048;0.0786731833;0.0555672368
8.8200674916;-1.4623894021;-1.4267301978;-0.9453309386;-1.4090808949;-1.1951256686;0.0729749657;0.0699843330;0.0403484048;0.0786731833;0.0555672368
8.8300674157;-1.4623894021;-1.4267301978;-0.9275013364;-1.4267301978;-1.2125948745;0.0729749657;0.0699843330;0.0403484048;0.0786731833;0.0555672368
8.8400673401;-1.4447996601;-1.4267301978;-0.9275013364;-1.4267301978;-1.2127749715;0.0729749657;0.0699843330;0.0403484048;0.0786731833;0.0555672368
8.8500672646;-1.4447993915;-1.4267301978;-0.9451312790;-1.4267301978;-1.2125952778;0.0729749657;0.0699843330;0.0403484048;0.0786731833;0.0555672368
8.8600671892;-1.4447991235;-1.4270094085;-0.9453309386;-1.4265507051;-1.1951248619;0.0729749657;0.0699843330;0.0403484048;0.0786731833;0.0555672368
8.8700671141;-1.4623894021;-1.4442809011;-0.9453309386;-1.4267301978;-1.2127749715;0.0729749657;0.0699843330;0.0413543175;0.0786731833;0.0555672368
8.8800670391;-1.4623894021;-1.4445598000;-0.9453309386;-1.4267301978;-1.2127749715;0.0729749657;0.0699843330;0.0413543175;0.0786731833;0.0555672368
8.8900669643;-1.4447983231;-1.4442815230;-0.9453309386;-1.4267301978;-1.2125960791;0.0729749657;0.0699843330;0.0413543175;0.0786731833;0.0555672368
8.9000668896;-1.4623894021;-1.4442818329;-0.9275013364;-1.4269088909;-1.2127749715;0.0729749657;0.0699843330;0.0413543175;0.0786731833;0.0555672368
8.9100668151;-1.4623894021;-1.4445598000;-0.9453309386;-1.4267301978;-1.2125964771;0.0729749657;0.0699843330;0.0413543175;0.0786731833;0.0555672368
8.9200667408;-1.4623894021;-1.4270075471;-0.9453309386;-1.4267301978;-1.2127749715;0.0729749657;0.0699843330;0.0413543175;0.0786731833;0.0555672368
8.9300666667;-1.4623894021;-1.4445598000;-0.9451330518;-1.4267301978;-1.1951234674;0.0729749657;0.0699909908;0.0413543175;0.0786731833;0.0555683454
8.9400665927;-1.4623894021;-1.4270069322;-0.9453309386;-1.4267301978;-1.2127749715;0.0729749657;0.0709841092;0.0413543175;0.0786742901;0.0565716299
8.9500665188;-1.4623894021;-1.4270066257;-0.9453309386;-1.4443820963;-1.2129526751;0.0729749657;0.0709841092;0.0413543175;0.0796771102;0.0565716299
8.9600664452;-1.4621527260;-1.4270063199;-0.9453309386;-1.4269077049;-1.2129524786;0.0729749657;0.0709841092;0.0413543175;0.0796771102;0.0565716299
8.9700663717;-1.4623894021;-1.4267301978;-0.9453309386;-1.4267301978;-1.2127749715;0.0729749657;0.0709841092;0.0413543175;0.0796771102;0.0565716299
8.9800662983;-1.4623894021;-1.4445598000;-0.9453309386;-1.4269073130;-1.2127749715;0.0729749657;0.0709841092;0.0413543175;0.0796771102;0.0565716299
8.9900662252;-1.4623894021;-1.4445598000;-0.9629639630;-1.4445598000;-1.2127749715;0.0729749657;0.0709841092;0.0413543175;0.0796771102;0.0565716299
9.0000661521;-1.4623894021;-1.4445598000;-0.9453309386;-1.4269069229;-1.2129516966;0.0729749657;0.0709841092;0.0413543175;0.0796771102;0.0565716299
9.0100660793;-1.4623894021;-1.4445598000;-0.9276974816;-1.4445598000;-1.2129515022;0.0729749657;0.0709841092;0.0413543175;0.0796782085;0.0565716299
9.0200660066;-1.4623894021;-1.4445598000;-0.9455268683;-1.4445598000;-1.2304282369;0.0729749657;0.0709841092;0.0413543175;0.0806809941;0.0565716299
9.0300659341;-1.4623894021;-1.4445598000;-0.9453309386;-1.4445598000;-1.2304284305;0.0729749657;0.0709841092;0.0413543175;0.0806809941;0.0565716299
9.0400658617;-1.4623894021;-1.4621157021;-0.9451354385;-1.4445598000;-1.2306045736;0.0729749657;0.0709906867;0.0413543175;0.0806809941;0.0565716299
9.0500657895;-1.4623894021;-1.4445598000;-0.9451356527;-1.4445598000;-1.2306045736;0.0729749657;0.0719838854;0.0413543175;0.0806809941;0.0565716299
9.0600657174;-1.4623894021;-1.4621163010;-0.9453309386;-1.4622138371;-1.2306045736;0.0729749657;0.0719838854;0.0403485459;0.0806809941;0.0565716299
9.0700656455;-1.4623894021;-1.4448326026;-0.9453309386;-1.4447351731;-1.2129503446;0.0729749657;0.0719838854;0.0403485459;0.0806809941;0.0565716299
9.0800655738;-1.4626229777;-1.4623894021;-0.9453309386;-1.4622142205;-1.2306045736;0.0729749657;0.0719838854;0.0403485459;0.0806820840;0.0565716299
9.0900655022;-1.4623894021;-1.4445598000;-0.9276957704;-1.4623894021;-1.2306045736;0.0729749657;0.0719838854;0.0403485459;0.0816848355;0.0565716299
9.1000654308;-1.4623894021;-1.4448317111;-0.9275013364;-1.4623894021;-1.2306045736;0.0729749657;0.0719838854;0.0403485459;0.0816848355;0.0565716299
9.1100653595;-1.4623894021;-1.4445598000;-0.9275013364;-1.4622147923;-1.2306045736;0.0729749657;0.0719838854;0.0403485459;0.0816848355;0.0565716299
9.1200652884;-1.4623894021;-1.4448311200;-0.9275013364;-1.4447342200;-1.2306045736;0.0729749657;0.0719838854;0.0403485459;0.0816848355;0.0565727156
9.1300652174;-1.4623894021;-1.4621183767;-0.9275013364;-1.4623894021;-1.2306045736;0.0729749657;0.0719838854;0.0403485459;0.0816848355;0.0575759072
9.1400651466;-1.4626214577;-1.4448305314;-0.9275013364;-1.4447338416;-1.2306045736;0.0729749657;0.0719838854;0.0403485459;0.0816848355;0.0575759072
9.1500650759;-1.4626212063;-1.4623894021;-0.9276945065;-1.4623894021;-1.2306045736;0.0729814640;0.0719838854;0.0403485459;0.0816859171;0.0575759072
9.1600650054;-1.4623894021;-1.4623894021;-0.9275013364;-1.4800453394;-1.2482605109;0.0739746228;0.0719838854;0.0403485459;0.0826886351;0.0575759072
9.1700649351;-1.4623894021;-1.4623894021;-0.9275013364;-1.4623894021;-1.2307780509;0.0739746228;0.0719838854;0.0403485459;0.0826886351;0.0575759072
9.1800648649;-1.4623894021;-1.4623894021;-0.9275013364;-1.4802190043;-1.2482608860;0.0739746228;0.0719838854;0.0403485459;0.0826886351;0.0575759072
9.1900647948;-1.4799882004;-1.4623894021;-0.9275013364;-1.4800459014;-1.2484341758;0.0739746228;0.0719838854;0.0403485459;0.0826886351;0.0575759072
9.2000647249;-1.4623894021;-1.4623894021;-0.9275013364;-1.4623894021;-1.2306045736;0.0739746228;0.0719838854;0.0403485459;0.0826886351;0.0575759072
9.2100646552;-1.4623894021;-1.4623894021;-0.9275013364;-1.4800462741;-1.2306045736;0.0739746228;0.0719838854;0.0403485459;0.0826886351;0.0575759072
9.2200645856;-1.4623894021;-1.4623894021;-0.9451392224;-1.4802190043;-1.2482616313;0.0739746228;0.0719838854;0.0403485459;0.0826886351;0.0575759072
9.2300645161;-1.4802190043;-1.4623894021;-0.9453309386;-1.4802190043;-1.2306045736;0.0739746228;0.0719838854;0.0403485459;0.0826886351;0.0575759072
9.2400644468;-1.4799894386;-1.4621215755;-0.9275013364;-1.4802190043;-1.2307767479;0.0739746228;0.0719838854;0.0403485459;0.0826886351;0.0575759072
9.2500643777;-1.4626187218;-1.4621218626;-0.9451398389;-1.4802190043;-1.2484341758;0.0739746228;0.0719838854;0.0403485459;0.0826886351;0.0575759072
9.2600643087;-1.4626184763;-1.4623894021;-0.9275013364;-1.4625612077;-1.2484341758;0.0739746228;0.0719838854;0.0403485459;0.0826897040;0.0575759072
9.2700642398;-1.4802190043;-1.4445598000;-0.9275013364;-1.4802190043;-1.2482625540;0.0739746228;0.0719838854;0.0403485459;0.0836923703;0.0575759072
9.2800641711;-1.4799904197;-1.4623894021;-0.9275013364;-1.4802190043;-1.2484341758;0.0739746228;0.0719838854;0.0403485459;0.0836923703;0.0575759072
9.2900641026;-1.4802190043;-1.4623894021;-0.9275013364;-1.4802190043;-1.2484341758;0.0739746228;0.0719838854;0.0403485459;0.0836923703;0.0575759072
9.3000640342;-1.4623894021;-1.4623894021;-0.9451408575;-1.4980486065;-1.2484341758;0.0739746228;0.0719838854;0.0403485459;0.0836923703;0.0575769721
9.3100639659;-1.4623894021;-1.4626552322;-0.9275013364;-1.4980486065;-1.2484341758;0.0739746228;0.0719838854;0.0403485459;0.0836923703;0.0585800793
9.3200638978;-1.4626170141;-1.4623894021;-0.9276910130;-1.4980486065;-1.2484341758;0.0739746228;0.0719838854;0.0403485459;0.0836923703;0.0585800793
9.3300638298;-1.4799916343;-1.4802190043;-0.9275013364;-1.4980486065;-1.2484341758;0.0739746228;0.0719902602;0.0403485459;0.0836923703;0.0585800793
9.3400637620;-1.4626165308;-1.4623894021;-0.9275013364;-1.4980486065;-1.2484341758;0.0739746228;0.0729836616;0.0403485459;0.0836923703;0.0585800793
9.3500636943;-1.4802190043;-1.4626541046;-0.9275013364;-1.4980486065;-1.2484341758;0.0739746228;0.0729836616;0.0403485459;0.0836934290;0.0585800793
9.3600636267;-1.4802190043;-1.4623894021;-0.9275013364;-1.4980486065;-1.2484341758;0.0739746228;0.0729836616;0.0403485459;0.0846960540;0.0585800793
9.3700635593;-1.4802190043;-1.4802190043;-0.9276900094;-1.4980486065;-1.2484341758;0.0739746228;0.0729836616;0.0403485459;0.0846960540;0.0585800793
9.3800634921;-1.4802190043;-1.4626532652;-0.9275013364;-1.4982182328;-1.2484341758;0.0739746228;0.0729836616;0.0403485459;0.0846960540;0.0585800793
9.3900634249;-1.4802190043;-1.4799554199;-0.9453309386;-1.5157087616;-1.2486036230;0.0739746228;0.0729836616;0.0403485459;0.0846960540;0.0585800793
9.4000633580;-1.4799933132;-1.4799556980;-0.9451428626;-1.5157089403;-1.2484341758;0.0739746228;0.0729836616;0.0403485459;0.0846960540;0.0585800793
9.4100632911;-1.4802190043;-1.4802190043;-0.9275013364;-1.4980486065;-1.2662637780;0.0739746228;0.0729836616;0.0403485459;0.0846960540;0.0585800793
9.4200632244;-1.4802190043;-1.4802190043;-0.9451432585;-1.4982175186;-1.2662637780;0.0739746228;0.0729836616;0.0403485459;0.0846960540;0.0585800793
9.4300631579;-1.4802190043;-1.4802190043;-0.9276888191;-1.4980486065;-1.2660950436;0.0739746228;0.0729836616;0.0403485459;0.0846971038;0.0585800793
9.4400630915;-1.4802190043;-1.4802190043;-0.9275013364;-1.4980486065;-1.2662637780;0.0739746228;0.0729836616;0.0403485459;0.0856996927;0.0585811285
9.4500630252;-1.4626139092;-1.4623894021;-0.9451438494;-1.4982169868;-1.2662637780;0.0739746228;0.0729899561;0.0403485459;0.0856996927;0.0595841722
9.4600629591;-1.4802190043;-1.4802190043;-0.9275013364;-1.5158782087;-1.2662637780;0.0739746228;0.0739834378;0.0403485459;0.0856996927;0.0595841722
9.4700628931;-1.4802190043;-1.4802190043;-0.9275013364;-1.5158782087;-1.2662637780;0.0739746228;0.0739834378;0.0403485459;0.0856996927;0.0595841722
9.4800628272;-1.4802190043;-1.4802190043;-0.9275013364;-1.5158782087;-1.2662637780;0.0739746228;0.0739834378;0.0403485459;0.0857007370;0.0595841722
9.4900627615;-1.4802190043;-1.4626502323;-0.9451446313;-1.5158782087;-1.2662637780;0.0739746228;0.0739834378;0.0403485459;0.0867033036;0.0595841722
9.5000626959;-1.4802190043;-1.4804795622;-0.9275013364;-1.5158782087;-1.2840933802;0.0739746228;0.0739834378;0.0403485459;0.0867033036;0.0595841722
9.5100626305;-1.4802190043;-1.4802190043;-0.9275013364;-1.5158782087;-1.2664311049;0.0739746228;0.0739834378;0.0403485459;0.0867033036;0.0595841722
9.5200625652;-1.4978257365;-1.4802190043;-0.9275013364;-1.5158782087;-1.2839262277;0.0739808706;0.0739834378;0.0403485459;0.0867033036;0.0595841722
9.5300625000;-1.4802190043;-1.4802190043;-0.9275013364;-1.5160451873;-1.2662637780;0.0749742798;0.0739834378;0.0403485459;0.0867033036;0.0595852116
9.5400624350;-1.4802190043;-1.4804784788;-0.9451455997;-1.5160450137;-1.2662637780;0.0749742798;0.0739834378;0.0403485459;0.0867033036;0.0605882155
9.5500623701;-1.4802190043;-1.4802190043;-0.9275013364;-1.5337078109;-1.2839267484;0.0749742798;0.0739834378;0.0403485459;0.0867033036;0.0605882155
9.5600623053;-1.4980486065;-1.4802190043;-0.9275013364;-1.5338742699;-1.2662637780;0.0749742798;0.0739834378;0.0403485459;0.0867033036;0.0605882155
9.5700622407;-1.4804407196;-1.4802190043;-0.9098564969;-1.5337078109;-1.2840933802;0.0749742798;0.0739834378;0.0403485459;0.0867033036;0.0605882155
9.5800621762;-1.4980486065;-1.4977902065;-0.9275013364;-1.5515374131;-1.2664298923;0.0749742798;0.0739834378;0.0403485459;0.0867043371;0.0605882155
9.5900621118;-1.4980486065;-1.4802190043;-0.9098561148;-1.5337078109;-1.2840933802;0.0749742798;0.0739834378;0.0403485459;0.0877068599;0.0605882155
9.6000620476;-1.4980486065;-1.4977907404;-0.9275013364;-1.5513716420;-1.2664295491;0.0749742798;0.0739834378;0.0403485459;0.0877068599;0.0605882155
9.6100619835;-1.4980486065;-1.4980486065;-0.9096717342;-1.5515374131;-1.2840933802;0.0749742798;0.0739834378;0.0403485459;0.0877068599;0.0605882155
9.6200619195;-1.4980486065;-1.4980486065;-0.9273175260;-1.5515374131;-1.2840933802;0.0749742798;0.0739834378;0.0403485459;0.0877068599;0.0605882155
9.6300618557;-1.4980486065;-1.4980486065;-0.9275013364;-1.5515374131;-1.2840933802;0.0749742798;0.0739896156;0.0403485459;0.0877068599;0.0605882155
9.6400617920;-1.4980486065;-1.4980486065;-0.9098551663;-1.5513723242;-1.2840933802;0.0749742798;0.0749832140;0.0403485459;0.0877078871;0.0605882155
9.6500617284;-1.4980486065;-1.4980486065;-0.9096717342;-1.5515374131;-1.2840933802;0.0749742798;0.0749832140;0.0403485459;0.0887103840;0.0605882155
9.6600616650;-1.4980486065;-1.5156219311;-0.9096717342;-1.5515374131;-1.2839286303;0.0749742798;0.0749832140;0.0403485459;0.0887103840;0.0605882155
9.6700616016;-1.4980486065;-1.4980486065;-0.9275013364;-1.5517019941;-1.2840933802;0.0749742798;0.0749832140;0.0403485459;0.0887103840;0.0605882155
9.6800615385;-1.4980486065;-1.4980486065;-0.9273186560;-1.5515374131;-1.2840933802;0.0749742798;0.0749832140;0.0403485459;0.0887103840;0.0605882155
9.6900614754;-1.4978296145;-1.4980486065;-0.9275013364;-1.5692027713;-1.2840933802;0.0749742798;0.0749832140;0.0403485459;0.0887103840;0.0605882155
9.7000614125;-1.4980486065;-1.5156229792;-0.9275013364;-1.5517014892;-1.2840933802;0.0749742798;0.0749832140;0.0403485459;0.0887103840;0.0605882155
9.7100613497;-1.4982671512;-1.4980486065;-0.9275013364;-1.5515374131;-1.2840933802;0.0749742798;0.0749832140;0.0403485459;0.0887103840;0.0605882155
9.7200612870;-1.4982669282;-1.4980486065;-0.9275013364;-1.5515374131;-1.2840933802;0.0749742798;0.0749832140;0.0403485459;0.0887114028;0.0605882155
9.7300612245;-1.4982667056;-1.4983030555;-0.9275013364;-1.5515374131;-1.3017594081;0.0749742798;0.0749832140;0.0403485459;0.0897138658;0.0605882155
9.7400611621;-1.5156603317;-1.5158782087;-0.9273197722;-1.5517008209;-1.2840933802;0.0749742798;0.0749832140;0.0403485459;0.0897138658;0.0605882155
9.7500610998;-1.4982662619;-1.4983025378;-0.9275013364;-1.5517006546;-1.2840933802;0.0749742798;0.0749893164;0.0403485459;0.0897138658;0.0605882155
9.7600610376;-1.4982660407;-1.5158782087;-0.9275013364;-1.5693670153;-1.2840933802;0.0749742798;0.0759829902;0.0403485459;0.0897138658;0.0605882155
9.7700609756;-1.4980486065;-1.5158782087;-0.9275013364;-1.5693670153;-1.2840933802;0.0749742798;0.0759829902;0.0403485459;0.0897138658;0.0605882155
9.7800609137;-1.4980486065;-1.4983017652;-0.9275013364;-1.5693670153;-1.3017602376;0.0749742798;0.0759829902;0.0403485459;0.0897138658;0.0605882155
9.7900608519;-1.5156614354;-1.5158782087;-0.9275013364;-1.5693670153;-1.3017604025;0.0749742798;0.0759829902;0.0403485459;0.0897148773;0.0605882155
9.8000607903;-1.4978320527;-1.5158782087;-0.9273208748;-1.5693670153;-1.2840933802;0.0749742798;0.0759829902;0.0403485459;0.0907173110;0.0605882155
9.8100607287;-1.4980486065;-1.5158782087;-0.9098520133;-1.5693670153;-1.2840933802;0.0749742798;0.0759829902;0.0403485459;0.0907173110;0.0605882155
9.8200606673;-1.4982647229;-1.5158782087;-0.9273212394;-1.5870345302;-1.3019229824;0.0749742798;0.0759829902;0.0403485459;0.0907173110;0.0605882155
9.8300606061;-1.5156623104;-1.5158782087;-0.9096717342;-1.5693670153;-1.3019229824;0.0749742798;0.0759829902;0.0403485459;0.0907173110;0.0605892234
9.8400605449;-1.4980486065;-1.5158782087;-0.9275013364;-1.5693670153;-1.3019229824;0.0749742798;0.0759829902;0.0403485459;0.0907173110;0.0615920998
9.8500604839;-1.4982640700;-1.5158782087;-0.9273217835;-1.5693670153;-1.3019229824;0.0749742798;0.0759829902;0.0403485459;0.0907173110;0.0615920998
9.8600604230;-1.4980486065;-1.5158782087;-0.9096717342;-1.5695284503;-1.3019229824;0.0749742798;0.0759829902;0.0403485459;0.0907173110;0.0615920998
9.8700603622;-1.4980486065;-1.5158782087;-0.9098509262;-1.5870353447;-1.3020842552;0.0749742798;0.0759829902;0.0403485459;0.0907173110;0.0615920998
9.8800603015;-1.4982634210;-1.5158782087;-0.9275013364;-1.5870355066;-1.3019229824;0.0749742798;0.0759829902;0.0403485459;0.0907173110;0.0615920998
9.8900602410;-1.5158782087;-1.5158782087;-0.9273225039;-1.5871966175;-1.3019229824;0.0749742798;0.0759829902;0.0403485459;0.0907173110;0.0615920998
9.9000601805;-1.4982629905;-1.5158782087;-0.9275013364;-1.5871966175;-1.3019229824;0.0749742798;0.0759829902;0.0403485459;0.0907173110;0.0615920998
9.9100601202;-1.4982627759;-1.5158782087;-0.9275013364;-1.5871966175;-1.3019229824;0.0749742798;0.0759829902;0.0403485459;0.0907173110;0.0615930996
9.9200600601;-1.5156642535;-1.5158782087;-0.9275013364;-1.6048657533;-1.3020834488;0.0749742798;0.0759829902;0.0403485459;0.0907173110;0.0625959434
9.9300600000;-1.4980486065;-1.5158782087;-0.9275013364;-1.5871966175;-1.3020832885;0.0749742798;0.0759829902;0.0403485459;0.0907173110;0.0625959434
9.9400599401;-1.4982621347;-1.5158782087;-0.9275013364;-1.5873567636;-1.3020831285;0.0749742798;0.0759829902;0.0403485459;0.0907173110;0.0625959434
9.9500598802;-1.4980486065;-1.5158782087;-0.9275013364;-1.6048662332;-1.3197525846;0.0749742798;0.0759829902;0.0403485459;0.0907173110;0.0625959434
9.9600598205;-1.4982617093;-1.5158782087;-0.9275013364;-1.6048841511;-1.3197525846;0.0749742798;0.0759829902;0.0403485459;0.0907173110;0.0625959434
9.9700597610;-1.5156653180;-1.5158782087;-0.9275013364;-1.5962022892;-1.3197525846;0.0749742798;0.0759829902;0.0403485459;0.0907173110;0.0625959434
9.9800597015;-1.5158782087;-1.5158782087;-0.9275013364;-1.6048667103;-1.3197525846;0.0749802420;0.0759889530;0.0403485459;0.0907183034;0.0625959434
9.9900596421;-1.4980486065;-1.5161260880;-0.9275013364;-1.5873559685;-1.3195932336;0.0759739369;0.0769827663;0.0403485459;0.0917206597;0.0625959434
10.0000595829;-1.4982608637;-1.5334601776;-0.9275013364;-1.6050262197;-1.3020821753;0.0759739369;0.0769827663;0.0403485459;0.0917206597;0.0625959434
10.0100595238;-1.5156661619;-1.5337078109;-0.9275013364;-1.6050262197;-1.3197525846;0.0759739369;0.0769827663;0.0403485459;0.0917206597;0.0625959434
10.0200594648;-1.5158782087;-1.5334606679;-0.9275013364;-1.6050262197;-1.3195937070;0.0759739369;0.0769827663;0.0403485459;0.0917206597;0.0625959434
10.0300594059;-1.4982602339;-1.5158782087;-0.9276776925;-1.6050262197;-1.3197525846;0.0759739369;0.0769827663;0.0403485459;0.0917206597;0.0625959434
10.0400593472;-1.4980486065;-1.5334611563;-0.9275013364;-1.6050262197;-1.3197525846;0.0759739369;0.0769827663;0.0403485459;0.0917206597;0.0625959434
10.0500592885;-1.4980486065;-1.5334613998;-0.9453309386;-1.6050262197;-1.3197525846;0.0759739369;0.0769827663;0.0403485459;0.0917206597;0.0625959434
10.0600592300;-1.4982596077;-1.5161243768;-0.9453309386;-1.6226975710;-1.3197525846;0.0759739369;0.0769827663;0.0413536625;0.0917216443;0.0625959434
10.0700591716;-1.5158782087;-1.5337078109;-0.9453309386;-1.6228558219;-1.3197525846;0.0759739369;0.0769827663;0.0413536625;0.0927239689;0.0625959434
10.0800591133;-1.5158782087;-1.5161238922;-0.9453309386;-1.6228558219;-1.3374242474;0.0759739369;0.0769827663;0.0413536625;0.0927239689;0.0625959434
10.0900590551;-1.5158782087;-1.5337078109;-0.9453309386;-1.6226980378;-1.3197525846;0.0759739369;0.0769827663;0.0413536625;0.0927239689;0.0625959434
10.1000589971;-1.5158782087;-1.5337078109;-0.9453309386;-1.6228558219;-1.3197525846;0.0759798288;0.0769827663;0.0413536625;0.0927239689;0.0625959434
10.1100589391;-1.4982585724;-1.5337078109;-0.9629855692;-1.6228558219;-1.3197525846;0.0769735940;0.0769886531;0.0423587498;0.0927249487;0.0625959434
10.1200588813;-1.5158782087;-1.5337078109;-0.9453309386;-1.6228558219;-1.3199099046;0.0769735940;0.0779825425;0.0423587498;0.0937272538;0.0625959434
10.1300588235;-1.5158782087;-1.5339522913;-0.9453309386;-1.6228558219;-1.3375821868;0.0769735940;0.0779825425;0.0423587498;0.0937272538;0.0625969217
10.1400587659;-1.5158782087;-1.5512931720;-0.9455053965;-1.6228558219;-1.3375821868;0.0769735940;0.0779825425;0.0423587498;0.0937272538;0.0635996782
10.1500587084;-1.5160873536;-1.5339518133;-0.9631605408;-1.6405285654;-1.3197525846;0.0769735940;0.0779825425;0.0423587498;0.0937272538;0.0635996782
10.1600586510;-1.5160871494;-1.5339515750;-0.9631605408;-1.6228558219;-1.3375821868;0.0769735940;0.0779825425;0.0433638080;0.0937272538;0.0635996782
10.1700585937;-1.5158782087;-1.5339513372;-0.9631605408;-1.6228558219;-1.3375821868;0.0769735940;0.0779825425;0.0433638080;0.0937272538;0.0635996782
10.1800585366;-1.5158782087;-1.5515374131;-0.9631605408;-1.6230122219;-1.3374257868;0.0769735940;0.0779825425;0.0433638080;0.0937272538;0.0635996782
10.1900584795;-1.5160865390;-1.5337078109;-0.9631605408;-1.6406854241;-1.3374259391;0.0769735940;0.0779825425;0.0433638080;0.0937272538;0.0635996782
10.2000584226;-1.5337078109;-1.5515374131;-0.9631605408;-1.6228558219;-1.3375821868;0.0769735940;0.0779825425;0.0433638080;0.0937272538;0.0635996782
10.2100583658;-1.5337078109;-1.5515374131;-0.9633338119;-1.6228558219;-1.3375821868;0.0769735940;0.0779825425;0.0433638080;0.0937272538;0.0635996782
10.2200583090;-1.5160859322;-1.5512950690;-0.9631605408;-1.6230116145;-1.3375821868;0.0769794172;0.0779825425;0.0433638080;0.0937272538;0.0636006479
10.2300582524;-1.5335002889;-1.5515374131;-0.9808172079;-1.6406854241;-1.3199082261;0.0779732510;0.0779825425;0.0433638080;0.0937272538;0.0646033698
10.2400581959;-1.5160855297;-1.5515374131;-0.9631605408;-1.6406854241;-1.3377376775;0.0779732510;0.0779825425;0.0433638080;0.0937272538;0.0646033698
10.2500581395;-1.5160853290;-1.5515374131;-0.9633331410;-1.6406854241;-1.3377375270;0.0779732510;0.0779825425;0.0433638080;0.0937272538;0.0646033698
10.2600580833;-1.5337078109;-1.5515374131;-0.9809901430;-1.6406854241;-1.3375821868;0.0779732510;0.0779825425;0.0433638080;0.0937272538;0.0646033698
10.2700580271;-1.5160849287;-1.5515374131;-0.9809901430;-1.6406854241;-1.3375821868;0.0779732510;0.0779825425;0.0433638080;0.0937272538;0.0646033698
10.2800579710;-1.5337078109;-1.5515374131;-0.9809901430;-1.6406854241;-1.3375821868;0.0779732510;0.0779825425;0.0433638080;0.0937272538;0.0646033698
10.2900579151;-1.5160845301;-1.5515374131;-0.9809901430;-1.6408401651;-1.3375821868;0.0779732510;0.0779825425;0.0433638080;0.0937272538;0.0646033698
10.3000578592;-1.5337078109;-1.5515374131;-0.9809901430;-1.6406854241;-1.3377367787;0.0779732510;0.0779825425;0.0433638080;0.0937272538;0.0646033698
10.3100578035;-1.5339137351;-1.5515374131;-0.9986481417;-1.6583605831;-1.3375821868;0.0779732510;0.0779825425;0.0433638080;0.0937272538;0.0646033698
10.3200577478;-1.5513316869;-1.5515374131;-0.9809901430;-1.6406854241;-1.3377364814;0.0779732510;0.0779825425;0.0433638080;0.0937272538;0.0646033698
10.3300576923;-1.5337078109;-1.5691272320;-0.9811614168;-1.6408395705;-1.3552576426;0.0779732510;0.0779825425;0.0433638080;0.0937282128;0.0646033698
10.3400576369;-1.5162888713;-1.5517769663;-0.9809901430;-1.6406854241;-1.3377361853;0.0779732510;0.0779825425;0.0433638080;0.0947304340;0.0646043283
10.3500575816;-1.5513322787;-1.5517767366;-0.9809901430;-1.6406854241;-1.3377360376;0.0779732510;0.0779825425;0.0433638080;0.0947304340;0.0656070050
10.3600575264;-1.5337078109;-1.5691279210;-0.9809901430;-1.6408391275;-1.3554117890;0.0779732510;0.0779825425;0.0433638080;0.0947304340;0.0656070050
10.3700574713;-1.5515374131;-1.5517762786;-0.9986491269;-1.6408389805;-1.3554117890;0.0779732510;0.0779825425;0.0433638080;0.0947304340;0.0656070050
10.3800574163;-1.5337078109;-1.5691283782;-0.9809901430;-1.6408388336;-1.3554117890;0.0779732510;0.0779825425;0.0433638080;0.0947304340;0.0656070050
10.3900573614;-1.5337078109;-1.5691286061;-0.9809901430;-1.6583617632;-1.3554117890;0.0779732510;0.0779882719;0.0443687361;0.0947304340;0.0656070050
10.4000573066;-1.5337078109;-1.5515374131;-0.9809901430;-1.6585150263;-1.3554117890;0.0779732510;0.0789823187;0.0443687361;0.0947304340;0.0656070050
10.4100572519;-1.5515374131;-1.5517753678;-0.9811601106;-1.6585150263;-1.3554117890;0.0779732510;0.0789823187;0.0443687361;0.0947313858;0.0656070050
10.4200571973;-1.5513336462;-1.5691292873;-0.9811599487;-1.6585150263;-1.3554117890;0.0779732510;0.0789823187;0.0443687361;0.0957335774;0.0656070050
10.4300571429;-1.5513338401;-1.5515374131;-0.9988197451;-1.6585150263;-1.3732413912;0.0779732510;0.0789823187;0.0443687361;0.0957335774;0.0656079554
10.4400570885;-1.5337078109;-1.5693670153;-0.9811596259;-1.6585150263;-1.3555643236;0.0779732510;0.0789823187;0.0443687361;0.0957335774;0.0666105988
10.4500570342;-1.5337078109;-1.5693670153;-0.9988197451;-1.6585150263;-1.3555641788;0.0779732510;0.0789823187;0.0453736312;0.0957335774;0.0666105988
10.4600569801;-1.5513344195;-1.5515374131;-0.9811593043;-1.6585150263;-1.3555640342;0.0779732510;0.0789823187;0.0453736312;0.0957335774;0.0666105988
10.4700569260;-1.5339106121;-1.5515374131;-0.9988197451;-1.6585150263;-1.3730892903;0.0779732510;0.0789823187;0.0453736312;0.0957345237;0.0666105988
10.4800568720;-1.5337078109;-1.5693670153;-0.9988197451;-1.6585150263;-1.3732413912;0.0779732510;0.0789823187;0.0453736312;0.0967366934;0.0666105988
10.4900568182;-1.5513349957;-1.5517735668;-0.9988197451;-1.6761928154;-1.3732413912;0.0779732510;0.0789823187;0.0453736312;0.0967366934;0.0666105988
10.5000567644;-1.5339100370;-1.5693670153;-0.9988197451;-1.6586666958;-1.3732413912;0.0779732510;0.0789823187;0.0453736312;0.0967366934;0.0666105988
10.5100567108;-1.5337078109;-1.5517731208;-1.0164809847;-1.6586665526;-1.3732413912;0.0779732510;0.0789823187;0.0453736312;0.0967366934;0.0666105988
10.5200566572;-1.5339096555;-1.5693670153;-0.9988197451;-1.6763446285;-1.3732413912;0.0779732510;0.0789823187;0.0453736312;0.0967376353;0.0666105988
10.5300566038;-1.5337078109;-1.5691317519;-0.9989877904;-1.6763446285;-1.3732413912;0.0779789041;0.0789823187;0.0463784828;0.0977397869;0.0666105988
10.5400565504;-1.5339092753;-1.5693670153;-1.0164814603;-1.6763446285;-1.3732413912;0.0789729081;0.0789823187;0.0463784828;0.0977397869;0.0666105988
10.5500564972;-1.5515374131;-1.5693670153;-1.0166493473;-1.6763446285;-1.3732413912;0.0789729081;0.0789823187;0.0463784828;0.0977397869;0.0666105988
10.5600564440;-1.5515374131;-1.5693670153;-0.9989873166;-1.6764954428;-1.3730905769;0.0789729081;0.0789879565;0.0463784828;0.0977397869;0.0666105988
10.5700563910;-1.5515374131;-1.5693670153;-0.9989871593;-1.6764953011;-1.3732413912;0.0789729081;0.0799820949;0.0463784828;0.0977397869;0.0666105988
10.5800563380;-1.5515374131;-1.5693670153;-1.0166493473;-1.6941742306;-1.3732413912;0.0789729081;0.0799820949;0.0463784828;0.0977397869;0.0666105988
10.5900562852;-1.5515374131;-1.5869626771;-1.0164822470;-1.6941742306;-1.3733917815;0.0789729081;0.0799820949;0.0463784828;0.0977397869;0.0666105988
10.6000562324;-1.5515374131;-1.5693670153;-1.0164824035;-1.6763446285;-1.3732413912;0.0789729081;0.0799820949;0.0463784828;0.0977397869;0.0666105988
10.6100561798;-1.5339079561;-1.5693670153;-1.0166493473;-1.6764947374;-1.3732413912;0.0789729081;0.0799820949;0.0463784828;0.0977397869;0.0666105988
10.6200561272;-1.5339077691;-1.5693670153;-1.0166493473;-1.6940242620;-1.3733913598;0.0789729081;0.0799820949;0.0473832864;0.0977397869;0.0666115323
10.6300560748;-1.5515374131;-1.5693670153;-1.0166493473;-1.6941742306;-1.3732413912;0.0789729081;0.0799820949;0.0473832864;0.0977397869;0.0676141074
10.6400560224;-1.5515374131;-1.5693670153;-0.9989860661;-1.6940245418;-1.3732413912;0.0789729081;0.0799820949;0.0473832864;0.0977397869;0.0676141074
10.6500559701;-1.5515374131;-1.5693670153;-1.0166493473;-1.6764941778;-1.3909214441;0.0789729081;0.0799820949;0.0473832864;0.0977407173;0.0676141074
10.6600559180;-1.5515374131;-1.5871966175;-1.0343129383;-1.6941742306;-1.3733908013;0.0789729081;0.0799820949;0.0473832864;0.0987428228;0.0676141074
10.6700558659;-1.5515374131;-1.5693670153;-1.0166493473;-1.6941742306;-1.3910709934;0.0789729081;0.0799820949;0.0473832864;0.0987428228;0.0676141074
10.6800558140;-1.5515374131;-1.5695989990;-1.0166493473;-1.6941742306;-1.3910709934;0.0789729081;0.0799820949;0.0473832864;0.0987428228;0.0676141074
10.6900557621;-1.5515374131;-1.5695987836;-1.0166493473;-1.6941742306;-1.3909219995;0.0789729081;0.0799820949;0.0473832864;0.0987428228;0.0676141074
10.7000557103;-1.5691685411;-1.5871966175;-1.0166493473;-1.6941742306;-1.3909221377;0.0789729081;0.0799820949;0.0473832864;0.0987428228;0.0676141074
10.7100556586;-1.5515374131;-1.5869652788;-1.0343137076;-1.6943229484;-1.3910709934;0.0789729081;0.0799820949;0.0473832864;0.0987428228;0.0676141074
10.7200556070;-1.5691689086;-1.5695981398;-1.0344789495;-1.6941742306;-1.3910709934;0.0789729081;0.0799820949;0.0473832864;0.0987428228;0.0676141074
10.7300555556;-1.5691690919;-1.5869657068;-1.0344789495;-1.6943226732;-1.3910709934;0.0789729081;0.0799820949;0.0473832864;0.0987437464;0.0676141074
10.7400555042;-1.5693670153;-1.5695977126;-1.0344789495;-1.6943225360;-1.3910709934;0.0789784515;0.0799820949;0.0473832864;0.0997458240;0.0676150305
10.7500554529;-1.5693670153;-1.5693670153;-1.0344789495;-1.6943223991;-1.3910709934;0.0799725652;0.0799820949;0.0473832864;0.0997458240;0.0686175638
10.7600554017;-1.5693670153;-1.5869663459;-1.0344789495;-1.6943222624;-1.3910709934;0.0799725652;0.0799820949;0.0483880169;0.0997458240;0.0686175638
10.7700553506;-1.5693670153;-1.5693670153;-1.0344789495;-1.7120038328;-1.3910709934;0.0799725652;0.0799820949;0.0483880169;0.0997458240;0.0686175638
10.7800552995;-1.5691700031;-1.5695968628;-1.0346431263;-1.7120038328;-1.3910709934;0.0799725652;0.0799820949;0.0483880169;0.0997458240;0.0686175638
10.7900552486;-1.5691701844;-1.5693670153;-1.0344789495;-1.7120038328;-1.3910709934;0.0799725652;0.0799820949;0.0483880169;0.0997458240;0.0686175638
10.8000551978;-1.5517340631;-1.5693670153;-1.0168132224;-1.7120038328;-1.4087531081;0.0799725652;0.0799820949;0.0483880169;0.0997458240;0.0686175638
10.8100551471;-1.5517338826;-1.5693670153;-1.0344789495;-1.7120038328;-1.4087532435;0.0799725652;0.0799820949;0.0483880169;0.0997458240;0.0686175638
10.8200550964;-1.5517337023;-1.5695960194;-1.0346425239;-1.7120038328;-1.3910709934;0.0799725652;0.0799820949;0.0483880169;0.0997467399;0.0686175638
10.8300550459;-1.5691709060;-1.5693670153;-1.0523085517;-1.7120038328;-1.4087535136;0.0799725652;0.0799820949;0.0483880169;0.1007487866;0.0686175638
10.8400549954;-1.5693670153;-1.5695955999;-1.0344789495;-1.7120038328;-1.3912179406;0.0799725652;0.0799820949;0.0493927063;0.1007487866;0.0686175638
10.8500549451;-1.5693670153;-1.5693670153;-1.0523085517;-1.7120038328;-1.4089005956;0.0799725652;0.0799820949;0.0493927063;0.1007487866;0.0686175638
10.8600548948;-1.5693670153;-1.5871966175;-1.0523085517;-1.7298334350;-1.4089005956;0.0799725652;0.0799820949;0.0493927063;0.1007487866;0.0686175638
10.8700548446;-1.5693670153;-1.5695949737;-1.0523085517;-1.7298334350;-1.4089005956;0.0799725652;0.0799875731;0.0493927063;0.1007496984;0.0686175638
10.8800547945;-1.5870014029;-1.5695947657;-1.0523085517;-1.7298334350;-1.4087541846;0.0799725652;0.0809818711;0.0493927063;0.1017517282;0.0686175638
10.8900547445;-1.5693670153;-1.5695945581;-1.0523085517;-1.7298334350;-1.4089005956;0.0799725652;0.0809818711;0.0493927063;0.1017517282;0.0686175638
10.9000546946;-1.5695618743;-1.5871966175;-1.0523085517;-1.7298334350;-1.4089005956;0.0799725652;0.0809818711;0.0493927063;0.1017517282;0.0686175638
10.9100546448;-1.5693670153;-1.5871966175;-1.0523085517;-1.7298334350;-1.4089005956;0.0799725652;0.0809818711;0.0493927063;0.1017517282;0.0686175638
10.9200545951;-1.5693670153;-1.5871966175;-1.0523085517;-1.7298334350;-1.4089005956;0.0799780178;0.0809818711;0.0493927063;0.1017517282;0.0686175638
10.9300545455;-1.5693670153;-1.5871966175;-1.0523085517;-1.7298334350;-1.4089005956;0.0809722222;0.0809818711;0.0493927063;0.1017517282;0.0686184710
10.9400544959;-1.5693670153;-1.5871966175;-1.0523085517;-1.7475174234;-1.4090462094;0.0809722222;0.0809818711;0.0493927063;0.1017517282;0.0696209398
10.9500544465;-1.5695609910;-1.6047999147;-1.0523085517;-1.7476630372;-1.4089005956;0.0809722222;0.0809873096;0.0503973404;0.1017517282;0.0696209398
10.9600543971;-1.5693670153;-1.5874227175;-1.0524700517;-1.7476630372;-1.4265848477;0.0809722222;0.0819816473;0.0503973404;0.1017526325;0.0696209398
10.9700543478;-1.5695606399;-1.6050262197;-1.0523085517;-1.7476630372;-1.4089005956;0.0809722222;0.0819816473;0.0503973404;0.1027546323;0.0696209398
10.9800542986;-1.5693670153;-1.6050262197;-1.0701381539;-1.7476630372;-1.4090456827;0.0809722222;0.0819816473;0.0503973404;0.1027546323;0.0696218429
10.9900542495;-1.5695602901;-1.6048007324;-1.0701381539;-1.7299783911;-1.4267301978;0.0809722222;0.0819816473;0.0503973404;0.1027546323;0.0706242951
11.0000542005;-1.5871966175;-1.6050262197;-1.0523085517;-1.7476630372;-1.4267301978;0.0809722222;0.0819816473;0.0503973404;0.1027546323;0.0706242951
11.0100541516;-1.5693670153;-1.6226307412;-1.0699773820;-1.7653479447;-1.4267301978;0.0809722222;0.0819816473;0.0503973404;0.1027546323;0.0706242951
11.0200541028;-1.5695597678;-1.6050262197;-1.0701381539;-1.7653480751;-1.4267301978;0.0809722222;0.0819816473;0.0503973404;0.1027555317;0.0706242951
11.0300540541;-1.5871966175;-1.6226311464;-1.0701381539;-1.7476630372;-1.4267301978;0.0809722222;0.0819816473;0.0514019350;0.1037575117;0.0706242951
11.0400540054;-1.5693670153;-1.6052506931;-1.0701381539;-1.7478073416;-1.4268745021;0.0809722222;0.0819816473;0.0514019350;0.1037575117;0.0706242951
11.0500539568;-1.5695592482;-1.6052504914;-1.0702983480;-1.7653484647;-1.4445598000;0.0809722222;0.0819816473;0.0514019350;0.1037575117;0.0706251925
11.0600539084;-1.5870045571;-1.6052502901;-1.0701381539;-1.7478070825;-1.4268742430;0.0809722222;0.0819816473;0.0514019350;0.1037575117;0.0716276217
11.0700538600;-1.5871966175;-1.6052500891;-1.0878078494;-1.7478069533;-1.4444158839;0.0809722222;0.0819816473;0.0514019350;0.1037575117;0.0716276217
11.0800538117;-1.5871966175;-1.6052498885;-1.0702979174;-1.7654926394;-1.4445598000;0.0809722222;0.0819870224;0.0514019350;0.1037584062;0.0716276217
11.0900537634;-1.5871966175;-1.6228558219;-1.0879677561;-1.7654926394;-1.4445598000;0.0809722222;0.0829814235;0.0514019350;0.1047603667;0.0716276217
11.1000537153;-1.6048348465;-1.6052494884;-1.0701381539;-1.7654926394;-1.4444162701;0.0809775871;0.0829814235;0.0514019350;0.1047603667;0.0716276217
11.1100536673;-1.6048350175;-1.6228558219;-1.0701381539;-1.7654926394;-1.4445598000;0.0819718793;0.0829814235;0.0514019350;0.1047603667;0.0716276217
11.1200536193;-1.5871966175;-1.6228558219;-1.0878085632;-1.7478063108;-1.4447030735;0.0819718793;0.0829814235;0.0514019350;0.1047603667;0.0716276217
11.1300535714;-1.6048353586;-1.6228558219;-1.0879677561;-1.7656357852;-1.4445598000;0.0819718793;0.0829814235;0.0514019350;0.1047612573;0.0716285127
11.1400535236;-1.5871966175;-1.6228558219;-1.0879677561;-1.7656356576;-1.4622463839;0.0819718793;0.0829814235;0.0514019350;0.1057632015;0.0726309160
11.1500534759;-1.6050262197;-1.6228558219;-1.0878089885;-1.7833222416;-1.4623894021;0.0819718793;0.0829814235;0.0514019350;0.1057632015;0.0726309160
11.1600534283;-1.6050262197;-1.6228558219;-1.0879677561;-1.7833222416;-1.4447025637;0.0819718793;0.0829814235;0.0524064664;0.1057632015;0.0726309160
11.1700533808;-1.5873867999;-1.6228558219;-1.0879677561;-1.7833222416;-1.4623894021;0.0819772108;0.0829814235;0.0524064664;0.1057632015;0.0726309160
11.1800533333;-1.6050262197;-1.6228558219;-1.0879677561;-1.7833222416;-1.4447023101;0.0829715364;0.0829814235;0.0524064664;0.1057632015;0.0726309160
11.1900532860;-1.6048363748;-1.6228558219;-1.0879677561;-1.7834646253;-1.4623894021;0.0829715364;0.0829814235;0.0524064664;0.1057632015;0.0726309160
11.2000532387;-1.6050262197;-1.6228558219;-1.0879677561;-1.8011518438;-1.4623894021;0.0829715364;0.0829867414;0.0524064664;0.1057632015;0.0726309160
11.2100531915;-1.6050262197;-1.6228558219;-1.0879677561;-1.7833222416;-1.4623894021;0.0829715364;0.0839811996;0.0524064664;0.1057632015;0.0726309160
11.2200531444;-1.6052155606;-1.6404645263;-1.0879677561;-1.7834642473;-1.4623894021;0.0829715364;0.0839811996;0.0524064664;0.1057640850;0.0726309160
11.2300530973;-1.6050262197;-1.6228558219;-1.0879677561;-1.7833222416;-1.4625312823;0.0829715364;0.0839811996;0.0534109645;0.1067660006;0.0726309160
11.2400530504;-1.6228558219;-1.6404649166;-1.0881252614;-1.7834639964;-1.4623894021;0.0829715364;0.0839811996;0.0534109645;0.1067660006;0.0726309160
11.2500530035;-1.6050262197;-1.6228558219;-1.0879677561;-1.8011518438;-1.4623894021;0.0829715364;0.0839811996;0.0534109645;0.1067660006;0.0726309160
11.2600529568;-1.6226671488;-1.6406854241;-1.0881249836;-1.8011518438;-1.4623894021;0.0829715364;0.0839811996;0.0534109645;0.1067660006;0.0726317968
11.2700529101;-1.6228558219;-1.6404654995;-1.1056402693;-1.8011518438;-1.4623894021;0.0829715364;0.0839811996;0.0534109645;0.1067660006;0.0736341588
11.2800528634;-1.6228558219;-1.6228558219;-1.0881247068;-1.8011518438;-1.4800777487;0.0829768162;0.0839811996;0.0534109645;0.1067660006;0.0736341588
11.2900528169;-1.6228558219;-1.6404658863;-1.1057973583;-1.8188403146;-1.4802190043;0.0839711934;0.0839811996;0.0534109645;0.1067668787;0.0736341588
11.3000527704;-1.6228558219;-1.6406854241;-1.1057973583;-1.8011518438;-1.4802190043;0.0839711934;0.0839811996;0.0534109645;0.1077687723;0.0736341588
11.3100527241;-1.6228558219;-1.6230749741;-1.1057973583;-1.8189814460;-1.4625302857;0.0839711934;0.0839811996;0.0534109645;0.1077687723;0.0736341588
11.3200526778;-1.6230435019;-1.6230747819;-1.1057973583;-1.8189814460;-1.4802190043;0.0839764548;0.0839811996;0.0544154203;0.1077687723;0.0736341588
11.3300526316;-1.6406854241;-1.6406854241;-1.1234706975;-1.8012924805;-1.4802190043;0.0849708505;0.0839811996;0.0544154203;0.1077687723;0.0736341588
11.3400525855;-1.6404980727;-1.6406854241;-1.1234864470;-1.8188409325;-1.4802190043;0.0849708505;0.0839811996;0.0544154203;0.1077687723;0.0736350334
11.3500525394;-1.6228558219;-1.6406854241;-1.1147959768;-1.8189814460;-1.4802190043;0.0849708505;0.0839811996;0.0544154203;0.1077687723;0.0746373705
11.3600524934;-1.6406854241;-1.6406854241;-1.1234711073;-1.8189814460;-1.4802190043;0.0849708505;0.0839811996;0.0544154203;0.1077696450;0.0746373705
11.3700524476;-1.6406854241;-1.6406854241;-1.1057973583;-1.8189814460;-1.4803591497;0.0849708505;0.0839811996;0.0544154203;0.1087715168;0.0746373705
11.3800524017;-1.6406854241;-1.6406854241;-1.1057973583;-1.8191214690;-1.4802190043;0.0849760843;0.0839811996;0.0544154203;0.1087715168;0.0746373705
11.3900523560;-1.6406854241;-1.6406854241;-1.1236269605;-1.8189814460;-1.4802190043;0.0859705075;0.0839811996;0.0544154203;0.1087715168;0.0746373705
11.4000523104;-1.6585150263;-1.6585150263;-1.1059526684;-1.8368110482;-1.4980486065;0.0859705075;0.0839811996;0.0544154203;0.1087723865;0.0746373705
11.4100522648;-1.6408716340;-1.6406854241;-1.1236269605;-1.8366713907;-1.4979089491;0.0859705075;0.0839864204;0.0544154203;0.1097742460;0.0746373705
11.4200522193;-1.6585150263;-1.6406854241;-1.1236269605;-1.8366715122;-1.4803585404;0.0859705075;0.0849809758;0.0554198299;0.1097742460;0.0746373705
11.4300521739;-1.6585150263;-1.6409022915;-1.1236269605;-1.8368110482;-1.4802190043;0.0859705075;0.0849809758;0.0554198299;0.1097742460;0.0746373705
11.4400521286;-1.6585150263;-1.6406854241;-1.1236269605;-1.8191207398;-1.4979093128;0.0859705075;0.0849809758;0.0554198299;0.1097742460;0.0746382375
11.4500520833;-1.6585150263;-1.6582985350;-1.1236269605;-1.8368110482;-1.4980486065;0.0859705075;0.0849809758;0.0554198299;0.1097742460;0.0756405438
11.4600520382;-1.6585150263;-1.6582987226;-1.1236269605;-1.8368110482;-1.4980486065;0.0859705075;0.0849809758;0.0554198299;0.1097742460;0.0756405438
11.4700519931;-1.6585150263;-1.6582989099;-1.1236269605;-1.8368110482;-1.4980486065;0.0859757006;0.0849809758;0.0554198299;0.1097742460;0.0756405438
11.4800519481;-1.6585150263;-1.6585150263;-1.1236269605;-1.8368110482;-1.4980486065;0.0869701646;0.0849809758;0.0554198299;0.1097742460;0.0756405438
11.4900519031;-1.6585150263;-1.6585150263;-1.1236269605;-1.8368110482;-1.4980486065;0.0869701646;0.0849809758;0.0554198299;0.1097742460;0.0756405438
11.5000518583;-1.6585150263;-1.6585150263;-1.1236269605;-1.8368110482;-1.4981871786;0.0869701646;0.0849809758;0.0554198299;0.1097742460;0.0756405438
11.5100518135;-1.6585150263;-1.6409007946;-1.1236269605;-1.8369495007;-1.4980486065;0.0869701646;0.0849861515;0.0554198299;0.1097751074;0.0756405438
11.5200517688;-1.6585150263;-1.6585150263;-1.1237806640;-1.8546406504;-1.4980486065;0.0869701646;0.0859807520;0.0554198299;0.1107769336;0.0756405438
11.5300517241;-1.6585150263;-1.6585150263;-1.1237805316;-1.8369492622;-1.5157399948;0.0869701646;0.0859807520;0.0554198299;0.1107769336;0.0756405438
11.5400516796;-1.6585150263;-1.6585150263;-1.1236269605;-1.8546406504;-1.5158782087;0.0869701646;0.0859807520;0.0554198299;0.1107769336;0.0756405438
11.5500516351;-1.6761606601;-1.6585150263;-1.1414565627;-1.8546406504;-1.4981865828;0.0869701646;0.0859807520;0.0554198299;0.1107769336;0.0756414027
11.5600515907;-1.6585150263;-1.6585150263;-1.1237801358;-1.8546406504;-1.4981864643;0.0869701646;0.0859807520;0.0554198299;0.1107769336;0.0766436759
11.5700515464;-1.6763446285;-1.6587292876;-1.1413035189;-1.8546406504;-1.4981863459;0.0869701646;0.0859807520;0.0554198299;0.1107769336;0.0766436759
11.5800515021;-1.6585150263;-1.6587291038;-1.1414565627;-1.8546406504;-1.5158782087;0.0869701646;0.0859807520;0.0564241672;0.1107769336;0.0766436759
11.5900514580;-1.6763446285;-1.6587289204;-1.1414565627;-1.8723327492;-1.5158782087;0.0869701646;0.0859807520;0.0564241672;0.1107777891;0.0766436759
11.6000514139;-1.6763446285;-1.6763446285;-1.1414565627;-1.8547780360;-1.5158782087;0.0869701646;0.0859807520;0.0564241672;0.1117795914;0.0766436759
11.6100513699;-1.6763446285;-1.6763446285;-1.1236269605;-1.8723329845;-1.5158782087;0.0869701646;0.0859807520;0.0564241672;0.1117795914;0.0766436759
11.6200513259;-1.6586978940;-1.6763446285;-1.1237793503;-1.8546406504;-1.5158782087;0.0869701646;0.0859807520;0.0564241672;0.1117795914;0.0766436759
11.6300512821;-1.6761619169;-1.6763446285;-1.1414565627;-1.8724702526;-1.5158782087;0.0869701646;0.0859807520;0.0564241672;0.1117795914;0.0766436759
11.6400512383;-1.6761620728;-1.6763446285;-1.1414565627;-1.8724702526;-1.5158782087;0.0869701646;0.0859807520;0.0564241672;0.1117795914;0.0766436759
11.6500511945;-1.6763446285;-1.6763446285;-1.1414565627;-1.8724702526;-1.4981854065;0.0869701646;0.0859807520;0.0564241672;0.1117795914;0.0766436759
11.6600511509;-1.6586972709;-1.6763446285;-1.1414565627;-1.8547773339;-1.5158782087;0.0869701646;0.0859807520;0.0564241672;0.1117795914;0.0766436759
11.6700511073;-1.6763446285;-1.6763446285;-1.1414565627;-1.8724702526;-1.5158782087;0.0869701646;0.0859807520;0.0564241672;0.1117795914;0.0766436759
11.6800510638;-1.6761626937;-1.6765568856;-1.1414565627;-1.8724702526;-1.5160146598;0.0869701646;0.0859858529;0.0564241672;0.1117795914;0.0766436759
11.6900510204;-1.6763446285;-1.6763446285;-1.1414565627;-1.8723339175;-1.5158782087;0.0869701646;0.0869805282;0.0564241672;0.1117795914;0.0766436759
11.7000509771;-1.6939926048;-1.6763446285;-1.1414565627;-1.8724702526;-1.5335715915;0.0869701646;0.0869805282;0.0564241672;0.1117795914;0.0766436759
11.7100509338;-1.6763446285;-1.6763446285;-1.1414565627;-1.8724702526;-1.5160143126;0.0869701646;0.0869805282;0.0564241672;0.1117795914;0.0766436759
11.7200508906;-1.6763446285;-1.6763446285;-1.1414565627;-1.8724702526;-1.5160141972;0.0869701646;0.0869805282;0.0564241672;0.1117795914;0.0766436759
11.7300508475;-1.6763446285;-1.6765559870;-1.1414565627;-1.8724702526;-1.5335719376;0.0869701646;0.0869805282;0.0564241672;0.1117795914;0.0766436759
11.7400508044;-1.6763446285;-1.6939630509;-1.1414565627;-1.8724702526;-1.5337078109;0.0869701646;0.0869805282;0.0564241672;0.1117795914;0.0766436759
11.7500507614;-1.6763446285;-1.6763446285;-1.1414565627;-1.8724702526;-1.5337078109;0.0869701646;0.0869805282;0.0564241672;0.1117804353;0.0766436759
11.7600507185;-1.6939935252;-1.6765554515;-1.1592861649;-1.8724702526;-1.5337078109;0.0869701646;0.0869805282;0.0564241672;0.1127821909;0.0766436759
11.7700506757;-1.6939936777;-1.6763446285;-1.1591357041;-1.8724702526;-1.5337078109;0.0869701646;0.0869805282;0.0564241672;0.1127821909;0.0766436759
11.7800506329;-1.6588758277;-1.6765550959;-1.1416068966;-1.8724702526;-1.5337078109;0.0869701646;0.0869805282;0.0564241672;0.1127821909;0.0766436759
11.7900505902;-1.6763446285;-1.6765549186;-1.1416067699;-1.8724702526;-1.5337078109;0.0869701646;0.0869805282;0.0574284126;0.1127821909;0.0766436759
11.8000505476;-1.6763446285;-1.6589352526;-1.1414565627;-1.8724702526;-1.5335727382;0.0869701646;0.0869805282;0.0574284126;0.1127821909;0.0766436759
11.8100505051;-1.6763446285;-1.6941742306;-1.1592861649;-1.8724702526;-1.5337078109;0.0869701646;0.0869805282;0.0574284126;0.1127821909;0.0766436759
11.8200504626;-1.6763446285;-1.6939644706;-1.1592861649;-1.8724702526;-1.5160130545;0.0869701646;0.0869805282;0.0574284126;0.1127821909;0.0766436759
11.8300504202;-1.6586946696;-1.6765542124;-1.1591364621;-1.8726049851;-1.5160129412;0.0869701646;0.0869805282;0.0574284126;0.1127821909;0.0766436759
11.8400503778;-1.6763446285;-1.6939648226;-1.1416061399;-1.8724702526;-1.5337078109;0.0869701646;0.0869805282;0.0574284126;0.1127821909;0.0766445138
11.8500503356;-1.6763446285;-1.6763446285;-1.1592861649;-1.8726047592;-1.5335733043;0.0869701646;0.0869805282;0.0574284126;0.1127830277;0.0776467025
11.8600502934;-1.6763446285;-1.6939651733;-1.1592861649;-1.8902998548;-1.5337078109;0.0869701646;0.0869805282;0.0574284126;0.1137847546;0.0776467025
11.8700502513;-1.6763446285;-1.6763446285;-1.1592861649;-1.8901655732;-1.5337078109;0.0869701646;0.0869805282;0.0574284126;0.1137847546;0.0776467025
11.8800502092;-1.6763446285;-1.6765533362;-1.1592861649;-1.8726044218;-1.5337078109;0.0869701646;0.0869805282;0.0574284126;0.1137847546;0.0776467025
11.8900501672;-1.6763446285;-1.6765531618;-1.1591372125;-1.8902998548;-1.5337078109;0.0869701646;0.0869805282;0.0574284126;0.1137847546;0.0776467025
11.9000501253;-1.6941742306;-1.6941742306;-1.1591373368;-1.8902998548;-1.5337078109;0.0869701646;0.0869805282;0.0574284126;0.1137847546;0.0776467025
11.9100500835;-1.6763446285;-1.6941742306;-1.1592861649;-1.8901660212;-1.5337078109;0.0869701646;0.0869805282;0.0574284126;0.1137847546;0.0776467025
11.9200500417;-1.6763446285;-1.6763446285;-1.1592861649;-1.8902998548;-1.5337078109;0.0869701646;0.0869805282;0.0574284126;0.1137847546;0.0776467025
11.9300500000;-1.6763446285;-1.6941742306;-1.1592861649;-1.8902998548;-1.5337078109;0.0869701646;0.0869805282;0.0574284126;0.1137847546;0.0776467025
11.9400499584;-1.6763446285;-1.6941742306;-1.1769674343;-1.8902998548;-1.5514039136;0.0869701646;0.0869805282;0.0574284126;0.1137847546;0.0776467025
11.9500499168;-1.6763446285;-1.6941742306;-1.1416047722;-1.8902998548;-1.5337078109;0.0869701646;0.0869805282;0.0574284126;0.1137847546;0.0776467025
11.9600498753;-1.6763446285;-1.6941742306;-1.1592861649;-1.8902998548;-1.5514041354;0.0869701646;0.0869805282;0.0574284126;0.1137847546;0.0776467025
11.9700498339;-1.6763446285;-1.6941742306;-1.1592861649;-1.8902998548;-1.5514042460;0.0869701646;0.0869855063;0.0574284126;0.1137847546;0.0776467025
11.9800497925;-1.6763446285;-1.6941742306;-1.1592861649;-1.9079964002;-1.5515374131;0.0869701646;0.0879803044;0.0574284126;0.1137847546;0.0776467025
11.9900497512;-1.6763446285;-1.6941742306;-1.1416042810;-1.9079965105;-1.5514044666;0.0869701646;0.0879803044;0.0574284126;0.1137855818;0.0776475300
12.0000497100;-1.6763446285;-1.6941742306;-1.1592861649;-1.9081294570;-1.5514045767;0.0869701646;0.0879803044;0.0574284126;0.1147872695;0.0786496767
12.0100496689;-1.6763446285;-1.6765510920;-1.1592861649;-1.9079967304;-1.5515374131;0.0869701646;0.0879803044;0.0584325652;0.1147872695;0.0786496767
12.0200496278;-1.6765214510;-1.6941742306;-1.1592861649;-1.8904324716;-1.5515374131;0.0869701646;0.0879803044;0.0584325652;0.1147872695;0.0786496767
12.0300495868;-1.6939975542;-1.6941742306;-1.1592861649;-1.9081294570;-1.5338403183;0.0869701646;0.0879803044;0.0584325652;0.1147872695;0.0786496767
12.0400495458;-1.6763446285;-1.6941742306;-1.1592861649;-1.9081294570;-1.5515374131;0.0869701646;0.0879803044;0.0584325652;0.1147872695;0.0786496767
12.0500495050;-1.6765210136;-1.6943800134;-1.1592861649;-1.9081294570;-1.5515374131;0.0869701646;0.0879803044;0.0584325652;0.1147872695;0.0786496767
12.0600494641;-1.6765208683;-1.7117982196;-1.1592861649;-1.9081294570;-1.5515374131;0.0869751053;0.0879803044;0.0584325652;0.1147872695;0.0786496767
12.0700494234;-1.6939981358;-1.6941742306;-1.1592861649;-1.9081294570;-1.5515374131;0.0879698217;0.0879803044;0.0584325652;0.1147872695;0.0786496767
12.0800493827;-1.6765205785;-1.6941742306;-1.1771157671;-1.9081294570;-1.5515374131;0.0879698217;0.0879803044;0.0584325652;0.1147880905;0.0786496767
12.0900493421;-1.6941742306;-1.7120038328;-1.1594326694;-1.9081294570;-1.5515374131;0.0879698217;0.0879803044;0.0584325652;0.1157897535;0.0786496767
12.1000493016;-1.6763446285;-1.6941742306;-1.1594325491;-1.9081294570;-1.5692352695;0.0879698217;0.0879803044;0.0584325652;0.1157897535;0.0786496767
12.1100492611;-1.6765201455;-1.6943790005;-1.1771157671;-1.9081294570;-1.5515374131;0.0879698217;0.0879803044;0.0594366766;0.1157897535;0.0786496767
12.1200492207;-1.6939988575;-1.6941742306;-1.1771157671;-1.9081294570;-1.5516689430;0.0879698217;0.0879803044;0.0594366766;0.1157897535;0.0786504954
12.1300491803;-1.6941742306;-1.6943786651;-1.1594321895;-1.9082608791;-1.5516688352;0.0879698217;0.0879803044;0.0594366766;0.1157897535;0.0796526063
12.1400491400;-1.6939991445;-1.7120038328;-1.1771157671;-1.9082607715;-1.5515374131;0.0879698217;0.0879803044;0.0594366766;0.1157897535;0.0796526063
12.1500490998;-1.6941742306;-1.7120038328;-1.1769699813;-1.9259590591;-1.5692358081;0.0879698217;0.0879803044;0.0594366766;0.1157897535;0.0796526063
12.1600490597;-1.6941742306;-1.7120038328;-1.1771157671;-1.9082605570;-1.5515374131;0.0879698217;0.0879803044;0.0594366766;0.1157897535;0.0796526063
12.1700490196;-1.6941742306;-1.6941742306;-1.1771157671;-1.9259590591;-1.5693670153;0.0879747180;0.0879803044;0.0594366766;0.1157905685;0.0796526063
12.1800489796;-1.6941742306;-1.7120038328;-1.1771157671;-1.9259590591;-1.5692361292;0.0889694787;0.0879851973;0.0594366766;0.1167922070;0.0796534210
12.1900489396;-1.6941742306;-1.7120038328;-1.1771157671;-1.9259590591;-1.5692362358;0.0889694787;0.0889800806;0.0594366766;0.1167922070;0.0806555158
12.2000488998;-1.6941742306;-1.7118005638;-1.1771157671;-1.9259590591;-1.5693670153;0.0889694787;0.0889800806;0.0594366766;0.1167922070;0.0806555158
12.2100488599;-1.6941742306;-1.7118007292;-1.1771157671;-1.9259590591;-1.5516679798;0.0889694787;0.0889800806;0.0594366766;0.1167922070;0.0806555158
12.2200488202;-1.6943481780;-1.7120038328;-1.1949453693;-1.9259590591;-1.5693670153;0.0889694787;0.0889800806;0.0594366766;0.1167922070;0.0806555158
12.2300487805;-1.7118300268;-1.7120038328;-1.1772606054;-1.9259590591;-1.5870807468;0.0889694787;0.0889800806;0.0594366766;0.1167930181;0.0806555158
12.2400487409;-1.6941742306;-1.7120038328;-1.1771157671;-1.9259590591;-1.5783559515;0.0889694787;0.0889800806;0.0594366766;0.1177946406;0.0806555158
12.2500487013;-1.6941742306;-1.7120038328;-1.1948007658;-1.9437886613;-1.5871966175;0.0889694787;0.0889800806;0.0594366766;0.1177946406;0.0806555158
12.2600486618;-1.6941742306;-1.7120038328;-1.1772602533;-1.9437886613;-1.5871966175;0.0889694787;0.0889800806;0.0604407278;0.1177946406;0.0806555158
12.2700486224;-1.6941742306;-1.7120038328;-1.1772601363;-1.9437886613;-1.5871966175;0.0889694787;0.0889800806;0.0604407278;0.1177946406;0.0806555158
12.2800485830;-1.6941742306;-1.7120038328;-1.1949453693;-1.9437886613;-1.5693670153;0.0889694787;0.0889800806;0.0604407278;0.1177946406;0.0806555158
12.2900485437;-1.6941742306;-1.7120038328;-1.1949453693;-1.9437886613;-1.5871966175;0.0889694787;0.0889800806;0.0604407278;0.1177946406;0.0806555158
12.3000485044;-1.6941742306;-1.7120038328;-1.1949453693;-1.9614886461;-1.5871966175;0.0889694787;0.0889800806;0.0604407278;0.1177954470;0.0806555158
12.3100484653;-1.7120038328;-1.7120038328;-1.1949453693;-1.9439181742;-1.5871966175;0.0889694787;0.0889800806;0.0604407278;0.1187970510;0.0806555158
12.3200484262;-1.7118312883;-1.7120038328;-1.1949453693;-1.9439180697;-1.5870672091;0.0889694787;0.0889800806;0.0604407278;0.1187970510;0.0806555158
12.3300483871;-1.6941742306;-1.7296322953;-1.1949453693;-1.9437886613;-1.5871966175;0.0889694787;0.0889800806;0.0604407278;0.1187970510;0.0806555158
12.3400483481;-1.7120038328;-1.7122048106;-1.1949453693;-1.9439178614;-1.5871966175;0.0889694787;0.0889800806;0.0604407278;0.1187970510;0.0806555158
12.3500483092;-1.7120038328;-1.7296326189;-1.1949453693;-1.9616182635;-1.5871966175;0.0889694787;0.0889849065;0.0604407278;0.1187978542;0.0806555158
12.3600482703;-1.6941742306;-1.7122044875;-1.1949453693;-1.9616182635;-1.5871966175;0.0889694787;0.0899798568;0.0604407278;0.1197994451;0.0806555158
12.3700482315;-1.7120038328;-1.7120038328;-1.1949453693;-1.9439175500;-1.5871966175;0.0889694787;0.0899798568;0.0604407278;0.1197994451;0.0806555158
12.3800481928;-1.7118321192;-1.7120038328;-1.2126318767;-1.9616182635;-1.5871966175;0.0889694787;0.0899798568;0.0604407278;0.1197994451;0.0806555158
12.3900481541;-1.7118322569;-1.7120038328;-1.1949453693;-1.9793191838;-1.5871966175;0.0889694787;0.0899798568;0.0604407278;0.1197994451;0.0806555158
12.4000481155;-1.6943456691;-1.7122038444;-1.1950882347;-1.9617468424;-1.5871966175;0.0889694787;0.0899798568;0.0604407278;0.1197994451;0.0806555158
12.4100480769;-1.6943455319;-1.7296335836;-1.1949453693;-1.9617467394;-1.5871966175;0.0889694787;0.0899798568;0.0604407278;0.1197994451;0.0806555158
12.4200480384;-1.6941742306;-1.7298334350;-1.1949453693;-1.9617466367;-1.5871966175;0.0889694787;0.0899798568;0.0604407278;0.1197994451;0.0806555158
12.4300480000;-1.7120038328;-1.7296339031;-1.1949453693;-1.9616182635;-1.5871966175;0.0889694787;0.0899798568;0.0604407278;0.1197994451;0.0806555158
12.4400479616;-1.7120038328;-1.7298334350;-1.1949453693;-1.9793196977;-1.5871966175;0.0889742694;0.0899798568;0.0604407278;0.1197994451;0.0806555158
12.4500479233;-1.7120038328;-1.7298334350;-1.1949453693;-1.9617463293;-1.5871966175;0.0899691358;0.0899798568;0.0614447045;0.1198002419;0.0806555158
12.4600478851;-1.7120038328;-1.7298334350;-1.1950875511;-1.9794478657;-1.5871966175;0.0899691358;0.0899798568;0.0614447045;0.1208018069;0.0806555158
12.4700478469;-1.7120038328;-1.7298334350;-1.1949453693;-1.9794478657;-1.5873244792;0.0899691358;0.0899798568;0.0614447045;0.1208018069;0.0806555158
12.4800478088;-1.7120038328;-1.7298334350;-1.2126330160;-1.9793201058;-1.5871966175;0.0899691358;0.0899798568;0.0614447045;0.1208018069;0.0806555158
12.4900477707;-1.7121740438;-1.7476630372;-1.1949453693;-1.9794478657;-1.5871966175;0.0899691358;0.0899798568;0.0614447045;0.1208018069;0.0806555158
12.5000477327;-1.7120038328;-1.7298334350;-1.1950870990;-1.9794478657;-1.5871966175;0.0899691358;0.0899798568;0.0614447045;0.1208026005;0.0806555158
12.5100476948;-1.7121737734;-1.7298334350;-1.1950869864;-1.9794478657;-1.5871966175;0.0899691358;0.0899798568;0.0614447045;0.1218041527;0.0806563092
12.5200476569;-1.7296636293;-1.7300315417;-1.2126334667;-1.9795752200;-1.5871966175;0.0899691358;0.0899798568;0.0614447045;0.1218041527;0.0816583177
12.5300476190;-1.7296637640;-1.7298334350;-1.2127749715;-1.9795751190;-1.5873238708;0.0899738923;0.0899798568;0.0614447045;0.1218041527;0.0816583177
12.5400475813;-1.7298334350;-1.7298334350;-1.2127749715;-1.9972774679;-1.5871966175;0.0909687929;0.0899798568;0.0624486468;0.1218041527;0.0816583177
12.5500475436;-1.7298334350;-1.7298334350;-1.2127749715;-1.9971504161;-1.5871966175;0.0909687929;0.0899798568;0.0624486468;0.1218041527;0.0816583177
12.5600475059;-1.7298334350;-1.7298334350;-1.1950864262;-1.9795748170;-1.5871966175;0.0909687929;0.0899798568;0.0624486468;0.1218041527;0.0816583177
12.5700474684;-1.7298334350;-1.7474657136;-1.2304636282;-1.9972774679;-1.5873234684;0.0909687929;0.0899798568;0.0624486468;0.1218041527;0.0816583177
12.5800474308;-1.7298334350;-1.7298334350;-1.2127749715;-1.9972774679;-1.5874501189;0.0909687929;0.0899798568;0.0624486468;0.1218041527;0.0816583177
12.5900473934;-1.7298334350;-1.7298334350;-1.2304638507;-1.9972774679;-1.6050262197;0.0909687929;0.0899798568;0.0634525702;0.1218041527;0.0816583177
12.6000473560;-1.7298334350;-1.7298334350;-1.2127749715;-1.9972774679;-1.5873231683;0.0909687929;0.0899798568;0.0634525702;0.1218041527;0.0816583177
12.6100473186;-1.7298334350;-1.7298334350;-1.2129154727;-1.9972774679;-1.6050262197;0.0909687929;0.0899798568;0.0634525702;0.1218041527;0.0816583177
12.6200472813;-1.7298334350;-1.7474664904;-1.2129153620;-1.9974038194;-1.6050262197;0.0909687929;0.0899798568;0.0634525702;0.1218049388;0.0816583177
12.6300472441;-1.7298334350;-1.7298334350;-1.2129152516;-2.0149808180;-1.6050262197;0.0909687929;0.0899798568;0.0634525702;0.1228064607;0.0816583177
12.6400472069;-1.7298334350;-1.7298334350;-1.2307447435;-2.0149809173;-1.6050262197;0.0909687929;0.0899798568;0.0634525702;0.1228064607;0.0816591029
12.6500471698;-1.7298334350;-1.7298334350;-1.2129150312;-2.0151070701;-1.6050262197;0.0909687929;0.0899798568;0.0634525702;0.1228064607;0.0826610787
12.6600471328;-1.7298334350;-1.7298334350;-1.2306045736;-2.0151070701;-1.6050262197;0.0909687929;0.0899798568;0.0634525702;0.1228064607;0.0826610787
12.6700470958;-1.7298334350;-1.7298334350;-1.2306045736;-2.0151070701;-1.6050262197;0.0909687929;0.0899798568;0.0634525702;0.1228072437;0.0826610787
12.6800470588;-1.7300011115;-1.7298334350;-1.2307443041;-2.0151070701;-1.6050262197;0.0909687929;0.0899798568;0.0634525702;0.1238087532;0.0826610787
12.6900470219;-1.7476630372;-1.7298334350;-1.2306045736;-2.0151070701;-1.6050262197;0.0909687929;0.0899798568;0.0634525702;0.1238087532;0.0826610787
12.7000469851;-1.7300008491;-1.7298334350;-1.2306045736;-2.0151070701;-1.6050262197;0.0909687929;0.0899798568;0.0634525702;0.1238087532;0.0826610787
12.7100469484;-1.7298334350;-1.7298334350;-1.2306045736;-2.0151070701;-1.6050262197;0.0909687929;0.0899798568;0.0634525702;0.1238087532;0.0826610787
12.7200469116;-1.7474958847;-1.7298334350;-1.2306045736;-2.0151070701;-1.6051515841;0.0909687929;0.0899798568;0.0644564450;0.1238087532;0.0826610787
12.7300468750;-1.7474960152;-1.7298334350;-1.2482949908;-2.0151070701;-1.6050262197;0.0909687929;0.0899798568;0.0644564450;0.1238095325;0.0826610787
12.7400468384;-1.7474961455;-1.7474683302;-1.2307436501;-2.0329366723;-1.6050262197;0.0909687929;0.0899798568;0.0644564450;0.1248110272;0.0826610787
12.7500468019;-1.7300001967;-1.7476630372;-1.2484341758;-2.0152321414;-1.6050262197;0.0909687929;0.0899798568;0.0644564450;0.1248110272;0.0826610787
12.7600467654;-1.7474964054;-1.7298334350;-1.2307434335;-2.0151070701;-1.6050262197;0.0909687929;0.0899798568;0.0644564450;0.1248110272;0.0826610787
12.7700467290;-1.7476630372;-1.7300276875;-1.2484341758;-2.0329366723;-1.6051510963;0.0909687929;0.0899798568;0.0644564450;0.1248110272;0.0826610787
12.7800466926;-1.7476630372;-1.7476630372;-1.2484341758;-2.0329366723;-1.6050262197;0.0909687929;0.0899798568;0.0644564450;0.1248110272;0.0826610787
12.7900466563;-1.7474967938;-1.7298334350;-1.2484341758;-2.0329366723;-1.6050262197;0.0909687929;0.0899798568;0.0644564450;0.1248110272;0.0826610787
12.8000466200;-1.7299995493;-1.7300272351;-1.2484341758;-2.0330612580;-1.6051508054;0.0909687929;0.0899798568;0.0654602905;0.1248118023;0.0826610787
12.8100465839;-1.7474970518;-1.7298334350;-1.2661254568;-2.0329366723;-1.6050262197;0.0909734460;0.0899798568;0.0654602905;0.1258132798;0.0826610787
12.8200465477;-1.7476630372;-1.7300269346;-1.2484341758;-2.0330610649;-1.6227314293;0.0919684499;0.0899798568;0.0654602905;0.1258132798;0.0826610787
12.8300465116;-1.7476630372;-1.7476630372;-1.2485722828;-2.0330609685;-1.6228558219;0.0919684499;0.0899798568;0.0654602905;0.1258132798;0.0826610787
12.8400464756;-1.7476630372;-1.7300266351;-1.2484341758;-2.0506420745;-1.6227316219;0.0919684499;0.0899798568;0.0654602905;0.1258132798;0.0826618518
12.8500464396;-1.7653271675;-1.7298334350;-1.2485720691;-2.0507662745;-1.6228558219;0.0919684499;0.0899798568;0.0654602905;0.1258132798;0.0836637784
12.8600464037;-1.7476630372;-1.7476630372;-1.2484341758;-2.0330606804;-1.6228558219;0.0919684499;0.0899798568;0.0654602905;0.1258132798;0.0836637784
12.8700463679;-1.7476630372;-1.7298334350;-1.2662637780;-2.0507662745;-1.6228558219;0.0919684499;0.0899844889;0.0654602905;0.1258132798;0.0836637784
12.8800463320;-1.7474979483;-1.7476630372;-1.2661262039;-2.0507662745;-1.6228558219;0.0919684499;0.0909796329;0.0654602905;0.1258132798;0.0836637784
12.8900462963;-1.7478279988;-1.7474705820;-1.2485716439;-2.0507662745;-1.6227321007;0.0919684499;0.0909796329;0.0654602905;0.1258132798;0.0836637784
12.9000462606;-1.7476630372;-1.7298334350;-1.2485715380;-2.0507662745;-1.6228558219;0.0919684499;0.0909796329;0.0654602905;0.1258132798;0.0836645479
12.9100462250;-1.7476630372;-1.7300255939;-1.2484341758;-2.0507662745;-1.6405618933;0.0919684499;0.0909796329;0.0654602905;0.1258140484;0.0846664602
12.9200461894;-1.7653280585;-1.7474710261;-1.2662637780;-2.0330601080;-1.6229792576;0.0919684499;0.0909796329;0.0654602905;0.1268154994;0.0846664602
12.9300461538;-1.7476630372;-1.7476630372;-1.2484341758;-2.0507662745;-1.6406854241;0.0919684499;0.0909796329;0.0654602905;0.1268154994;0.0846664602
12.9400461184;-1.7476630372;-1.7300251512;-1.2662637780;-2.0507662745;-1.6406854241;0.0919684499;0.0909796329;0.0654602905;0.1268154994;0.0846664602
12.9500460829;-1.7476630372;-1.7476630372;-1.2662637780;-2.0684727252;-1.6406854241;0.0919684499;0.0909796329;0.0654602905;0.1268154994;0.0846664602
12.9600460476;-1.7476630372;-1.7476630372;-1.2662637780;-2.0507662745;-1.6406854241;0.0919684499;0.0909796329;0.0654602905;0.1268154994;0.0846664602
12.9700460123;-1.7476630372;-1.7476630372;-1.2662637780;-2.0507662745;-1.6406854241;0.0919684499;0.0909796329;0.0654602905;0.1268154994;0.0846672255
12.9800459770;-1.7654926394;-1.7476630372;-1.2662637780;-2.0684730081;-1.6406854241;0.0919684499;0.0909796329;0.0654602905;0.1268162639;0.0856691211
12.9900459418;-1.7476630372;-1.7474720545;-1.2662637780;-2.0684731021;-1.6408081987;0.0919684499;0.0909796329;0.0654602905;0.1278176982;0.0856691211
13.0000459067;-1.7476630372;-1.7300242718;-1.2662637780;-2.0685958767;-1.6585150263;0.0919684499;0.0909796329;0.0654602905;0.1278176982;0.0856691211
13.0100458716;-1.7653291900;-1.7476630372;-1.2662637780;-2.0685958767;-1.6585150263;0.0919684499;0.0909796329;0.0664640606;0.1278176982;0.0856691211
13.0200458365;-1.7476630372;-1.7476630372;-1.2839572764;-2.0685958767;-1.6408079175;0.0919684499;0.0909796329;0.0664640606;0.1278176982;0.0856691211
13.0300458015;-1.7476630372;-1.7653022394;-1.2662637780;-2.0685958767;-1.6585150263;0.0919684499;0.0909796329;0.0664640606;0.1278176982;0.0856698830
13.0400457666;-1.7476630372;-1.7476630372;-1.2662637780;-2.0685958767;-1.6408077308;0.0919684499;0.0909796329;0.0664640606;0.1278176982;0.0866717644
13.0500457317;-1.7476630372;-1.7476630372;-1.2662637780;-2.0685958767;-1.6583928127;0.0919684499;0.0909796329;0.0664640606;0.1278176982;0.0866717644
13.0600456969;-1.7478258646;-1.7476630372;-1.2839576907;-2.0687179972;-1.6583929057;0.0919684499;0.0909796329;0.0664640606;0.1278176982;0.0866717644
13.0700456621;-1.7478257408;-1.7476630372;-1.2839577939;-2.0687179044;-1.6585150263;0.0919684499;0.0909796329;0.0664640606;0.1278176982;0.0866717644
13.0800456274;-1.7478256172;-1.7476630372;-1.2662637780;-2.0685958767;-1.6585150263;0.0919684499;0.0909796329;0.0674678061;0.1278184569;0.0866717644
13.0900455927;-1.7653301829;-1.7476630372;-1.2840933802;-2.0863036365;-1.6585150263;0.0919684499;0.0909796329;0.0674678061;0.1288198678;0.0866717644
13.1000455581;-1.7476630372;-1.7474736484;-1.2840933802;-2.0687176266;-1.6585150263;0.0919684499;0.0909796329;0.0674678061;0.1288198678;0.0866717644
13.1100455235;-1.7476630372;-1.7476630372;-1.2840933802;-2.0685958767;-1.6585150263;0.0919684499;0.0909796329;0.0674678061;0.1288198678;0.0866717644
13.1200454890;-1.7654926394;-1.7474739354;-1.2840933802;-2.0864254789;-1.6763446285;0.0919684499;0.0909796329;0.0674678061;0.1288206241;0.0866717644
13.1300454545;-1.7478250018;-1.7476630372;-1.3017880119;-2.0864254789;-1.6586364997;0.0919729904;0.0909796329;0.0674678061;0.1298220258;0.0866717644
13.1400454201;-1.7476630372;-1.7476630372;-1.2842282486;-2.0864254789;-1.6763446285;0.0929681070;0.0909796329;0.0674678061;0.1298220258;0.0866725199
13.1500453858;-1.7476630372;-1.7474743642;-1.2840933802;-2.0864254789;-1.6763446285;0.0929681070;0.0909796329;0.0674678061;0.1298220258;0.0876743757
13.1600453515;-1.7478246348;-1.7474745067;-1.3019229824;-2.0864254789;-1.6763446285;0.0929681070;0.0909796329;0.0684715239;0.1298220258;0.0876743757
13.1700453172;-1.7476630372;-1.7476630372;-1.3019229824;-2.0865465856;-1.6764657352;0.0929681070;0.0909796329;0.0684715239;0.1298220258;0.0876743757
13.1800452830;-1.7653312855;-1.7474747910;-1.3019229824;-2.1041340657;-1.6763446285;0.0929681070;0.0909796329;0.0684715239;0.1298220258;0.0876743757
13.1900452489;-1.7478242695;-1.7300215393;-1.3019229824;-2.0865464031;-1.6939323822;0.0929681070;0.0909796329;0.0684715239;0.1298220258;0.0876743757
13.2000452148;-1.7653315286;-1.7476630372;-1.3019229824;-2.0864254789;-1.6764654616;0.0929681070;0.0909796329;0.0684715239;0.1298220258;0.0876743757
13.2100451807;-1.7478240269;-1.7476630372;-1.3019229824;-2.0865462211;-1.6763446285;0.0929681070;0.0909796329;0.0684715239;0.1298220258;0.0876743757
13.2200451467;-1.7654926394;-1.7476630372;-1.3019229824;-2.0865461303;-1.6763446285;0.0929681070;0.0909796329;0.0684715239;0.1298220258;0.0876743757
13.2300451128;-1.7654926394;-1.7476630372;-1.3019229824;-2.1042550811;-1.6763446285;0.0929681070;0.0909796329;0.0694752176;0.1298227759;0.0876743757
13.2400450789;-1.7654926394;-1.7476630372;-1.3019229824;-2.1219642130;-1.6940537604;0.0929681070;0.0909796329;0.0694752176;0.1308241523;0.0876751256
13.2500450450;-1.7478235438;-1.7476630372;-1.3019229824;-2.1042550811;-1.6764650084;0.0929681070;0.0909796329;0.0694752176;0.1308241523;0.0886769585
13.2600450113;-1.7654926394;-1.7476630372;-1.3019229824;-2.1042550811;-1.6941742306;0.0929681070;0.0909796329;0.0694752176;0.1308241523;0.0886769585
13.2700449775;-1.7653323733;-1.7476630372;-1.3019229824;-2.1042550811;-1.6764648280;0.0929681070;0.0909796329;0.0694752176;0.1308241523;0.0886769585
13.2800449438;-1.7653324933;-1.7476630372;-1.3197525846;-2.1042550811;-1.6941742306;0.0929681070;0.0909796329;0.0694752176;0.1308241523;0.0886769585
13.2900449102;-1.7478230636;-1.7476630372;-1.3196192293;-2.1042550811;-1.6941742306;0.0929681070;0.0909796329;0.0694752176;0.1308241523;0.0886769585
13.3000448766;-1.7478229440;-1.7476630372;-1.3019229824;-2.1042550811;-1.6941742306;0.0929681070;0.0909796329;0.0694752176;0.1308241523;0.0886769585
13.3100448430;-1.7654926394;-1.7476630372;-1.3196194285;-2.1220846833;-1.6941742306;0.0929681070;0.0909796329;0.0694752176;0.1308241523;0.0886769585
13.3200448096;-1.7654926394;-1.7476630372;-1.3020560391;-2.1219649322;-1.6941742306;0.0929681070;0.0909796329;0.0694752176;0.1308241523;0.0886769585
13.3300447761;-1.7654926394;-1.7476630372;-1.3197525846;-2.1220846833;-1.6763446285;0.0929681070;0.0909796329;0.0694752176;0.1308241523;0.0886769585
13.3400447427;-1.7654926394;-1.7476630372;-1.3196197262;-2.1220846833;-1.6941742306;0.0929681070;0.0909796329;0.0694752176;0.1308241523;0.0886769585
13.3500447094;-1.7654926394;-1.7476630372;-1.3020557419;-2.1220846833;-1.6941742306;0.0929681070;0.0909796329;0.0694752176;0.1308248957;0.0886769585
13.3600446761;-1.7654926394;-1.7653069144;-1.3197525846;-2.1220846833;-1.6941742306;0.0929681070;0.0909796329;0.0694752176;0.1318262450;0.0886769585
13.3700446429;-1.7654926394;-1.7476630372;-1.3197525846;-2.1220846833;-1.6941742306;0.0929681070;0.0909796329;0.0694752176;0.1318262450;0.0886769585
13.3800446097;-1.7654926394;-1.7476630372;-1.3197525846;-2.1220846833;-1.6941742306;0.0929681070;0.0909796329;0.0694752176;0.1318262450;0.0886769585
13.3900445765;-1.7654926394;-1.7478483486;-1.3020553477;-2.1220846833;-1.6941742306;0.0929681070;0.0909796329;0.0694752176;0.1318262450;0.0886769585
13.4000445434;-1.7656513599;-1.7476630372;-1.3197525846;-2.1220846833;-1.6941742306;0.0929681070;0.0909796329;0.0704788540;0.1318262450;0.0886769585
13.4100445104;-1.7654926394;-1.7476630372;-1.3197525846;-2.1220846833;-1.6942931828;0.0929681070;0.0909796329;0.0704788540;0.1318262450;0.0886776989
13.4200444774;-1.7656511248;-1.7476630372;-1.3198846557;-2.1220846833;-1.6941742306;0.0929725499;0.0909796329;0.0704788540;0.1318262450;0.0896794937
13.4300444444;-1.7654926394;-1.7476630372;-1.3198845580;-2.1397955094;-1.6941742306;0.0939677641;0.0909796329;0.0704788540;0.1318262450;0.0896794937
13.4400444115;-1.7654926394;-1.7476630372;-1.3197525846;-2.1220846833;-1.7120038328;0.0939677641;0.0909796329;0.0704788540;0.1318262450;0.0896794937
13.4500443787;-1.7654926394;-1.7653081498;-1.3374504085;-2.1220846833;-1.6941742306;0.0939677641;0.0909796329;0.0704788540;0.1318262450;0.0896794937
13.4600443459;-1.7831642245;-1.7478473906;-1.3374505058;-2.1220846833;-1.7120038328;0.0939677641;0.0909796329;0.0704788540;0.1318269823;0.0896794937
13.4700443131;-1.7656505400;-1.7478472545;-1.3198841684;-2.1399142855;-1.7120038328;0.0939677641;0.0909796329;0.0704788540;0.1328283073;0.0896794937
13.4800442804;-1.7831644575;-1.7654926394;-1.3374507001;-2.1399142855;-1.7120038328;0.0939677641;0.0909796329;0.0714824640;0.1328283073;0.0896794937
13.4900442478;-1.7831645738;-1.7653086936;-1.3198839745;-2.1222029341;-1.7120038328;0.0939677641;0.0909840535;0.0714824640;0.1328283073;0.0896794937
13.5000442152;-1.7831646899;-1.7476630372;-1.3197525846;-2.1397961217;-1.7120038328;0.0939677641;0.0919794091;0.0714824640;0.1328290425;0.0896794937
13.5100441826;-1.7831648058;-1.7476630372;-1.3198837811;-2.1400323623;-1.7120038328;0.0939677641;0.0919794091;0.0714824640;0.1338303587;0.0896794937
13.5200441501;-1.7656499594;-1.7478465772;-1.3375821868;-2.1399142855;-1.7120038328;0.0939677641;0.0919794091;0.0714824640;0.1338303587;0.0896794937
13.5300441176;-1.7833222416;-1.7653092342;-1.3375821868;-2.1399142855;-1.7297155317;0.0939677641;0.0919794091;0.0714824640;0.1338303587;0.0896794937
13.5400440852;-1.7654926394;-1.7478463077;-1.3375821868;-2.1399142855;-1.7120038328;0.0939677641;0.0919794091;0.0714824640;0.1338303587;0.0896794937
13.5500440529;-1.7831652679;-1.7654926394;-1.3375821868;-2.1400320158;-1.7118861025;0.0939677641;0.0919794091;0.0714824640;0.1338303587;0.0896794937
13.5600440205;-1.7831653829;-1.7478460390;-1.3200140157;-2.1576262436;-1.7120038328;0.0939677641;0.0919794091;0.0714824640;0.1338303587;0.0896794937
13.5700439883;-1.7656493832;-1.7654926394;-1.3375821868;-2.1577438876;-1.7121213907;0.0939677641;0.0919794091;0.0714824640;0.1338303587;0.0896794937
13.5800439560;-1.7831656126;-1.7654926394;-1.3375821868;-2.1576264159;-1.7120038328;0.0939677641;0.0919794091;0.0714824640;0.1338303587;0.0896794937
13.5900439239;-1.7831657272;-1.7654926394;-1.3375821868;-2.1577438876;-1.7297160492;0.0939677641;0.0919794091;0.0714824640;0.1338303587;0.0896794937
13.6000438917;-1.7654926394;-1.7478455039;-1.3375821868;-2.1577438876;-1.7120038328;0.0939677641;0.0919794091;0.0724860348;0.1338303587;0.0896794937
13.6100438596;-1.7656489252;-1.7654926394;-1.3552815508;-2.1577438876;-1.7120038328;0.0939677641;0.0919794091;0.0724860348;0.1338310879;0.0896794937
13.6200438276;-1.7833222416;-1.7654926394;-1.3554117890;-2.1577438876;-1.7120038328;0.0939677641;0.0919794091;0.0724860348;0.1348323803;0.0896794937
13.6300437956;-1.7833222416;-1.7654926394;-1.3554117890;-2.1577438876;-1.7120038328;0.0939721389;0.0919837845;0.0724860348;0.1348323803;0.0896794937
13.6400437637;-1.7833222416;-1.7654926394;-1.3377121402;-2.1577438876;-1.7120038328;0.0949674211;0.0929791853;0.0724860348;0.1348323803;0.0896794937
13.6500437318;-1.7831664111;-1.7654926394;-1.3554117890;-2.1578607605;-1.7120038328;0.0949674211;0.0929791853;0.0724860348;0.1348323803;0.0896794937
13.6600436999;-1.7833222416;-1.7654926394;-1.3554117890;-2.1577438876;-1.7121206206;0.0949674211;0.0929791853;0.0724860348;0.1348323803;0.0896794937
13.6700436681;-1.7833222416;-1.7654926394;-1.3554117890;-2.1755734898;-1.7120038328;0.0949674211;0.0929791853;0.0724860348;0.1348331063;0.0896802201
13.6800436364;-1.7654926394;-1.7654926394;-1.3554117890;-2.1755734898;-1.7120038328;0.0949674211;0.0929791853;0.0734895799;0.1358343858;0.0906819583
13.6900436047;-1.7833222416;-1.7654926394;-1.3731119097;-2.1755734898;-1.7120038328;0.0949674211;0.0929791853;0.0734895799;0.1358343858;0.0906819583
13.7000435730;-1.7833222416;-1.7833222416;-1.3554117890;-2.1755734898;-1.7298334350;0.0949674211;0.0929791853;0.0734895799;0.1358343858;0.0906819583
13.7100435414;-1.7833222416;-1.7833222416;-1.3731120975;-2.1578602520;-1.7298334350;0.0949674211;0.0929791853;0.0734895799;0.1358343858;0.0906819583
13.7200435098;-1.7833222416;-1.7833222416;-1.3554117890;-2.1755734898;-1.7120038328;0.0949674211;0.0929835322;0.0734895799;0.1358343858;0.0906819583
13.7300434783;-1.7834771694;-1.7831414926;-1.3554117890;-2.1754572940;-1.7120038328;0.0949674211;0.0939789615;0.0734895799;0.1358343858;0.0906819583
13.7400434468;-1.7834770573;-1.7833222416;-1.3731123781;-2.1755734898;-1.7121199446;0.0949674211;0.0939789615;0.0734895799;0.1358343858;0.0906819583
13.7500434153;-1.7833222416;-1.7833222416;-1.3732413912;-2.1932870643;-1.7120038328;0.0949674211;0.0939789615;0.0734895799;0.1358343858;0.0906819583
13.7600433839;-1.7833222416;-1.7656729967;-1.3731125646;-2.1755734898;-1.7121197768;0.0949674211;0.0939789615;0.0734895799;0.1358351072;0.0906819583
13.7700433526;-1.7833222416;-1.7833222416;-1.3731126576;-2.1932872318;-1.7298334350;0.0949674211;0.0939789615;0.0734895799;0.1368363676;0.0906819583
13.7800433213;-1.8009974749;-1.7833222416;-1.3555404297;-2.1755734898;-1.7120038328;0.0949674211;0.0939789615;0.0734895799;0.1368363676;0.0906819583
13.7900432900;-1.7833222416;-1.7835022088;-1.3731128432;-2.1934030920;-1.7298334350;0.0949674211;0.0939789615;0.0734895799;0.1368363676;0.0906819583
13.8000432588;-1.7833222416;-1.7833222416;-1.3732413912;-2.1934030920;-1.7298334350;0.0949674211;0.0939789615;0.0734895799;0.1368363676;0.0906819583
13.8100432277;-1.8011518438;-1.7833222416;-1.3731130283;-2.1756890164;-1.7298334350;0.0949674211;0.0939789615;0.0734895799;0.1368370864;0.0906819583
13.8200431965;-1.7834761662;-1.8009722651;-1.3555400595;-2.1934030920;-1.7298334350;0.0949674211;0.0939789615;0.0734895799;0.1378383364;0.0906819583
13.8300431655;-1.8011518438;-1.7835016912;-1.3731132129;-2.1934030920;-1.7298334350;0.0949674211;0.0939789615;0.0734895799;0.1378383364;0.0906819583
13.8400431344;-1.7834759451;-1.8011518438;-1.3732413912;-2.1934030920;-1.7298334350;0.0949674211;0.0939789615;0.0744930745;0.1378383364;0.0906819583
13.8500431034;-1.8011518438;-1.8011518438;-1.3732413912;-2.1934030920;-1.7298334350;0.0949674211;0.0939832678;0.0744930745;0.1378383364;0.0906819583
13.8600430725;-1.7834757246;-1.8011518438;-1.3732413912;-2.2111175820;-1.7475479250;0.0949674211;0.0949787377;0.0744930745;0.1378383364;0.0906826748
13.8700430416;-1.8011518438;-1.8011518438;-1.3732413912;-2.1934030920;-1.7298334350;0.0949674211;0.0949787377;0.0744930745;0.1378383364;0.0916843731
13.8800430108;-1.7834755047;-1.8011518438;-1.3732413912;-2.2112326942;-1.7298334350;0.0949674211;0.0949787377;0.0744930745;0.1378383364;0.0916843731
13.8900429799;-1.8011518438;-1.8011518438;-1.3909433656;-2.2112326942;-1.7298334350;0.0949674211;0.0949787377;0.0744930745;0.1378383364;0.0916843731
13.9000429492;-1.8011518438;-1.8011518438;-1.3732413912;-2.2112326942;-1.7298334350;0.0949674211;0.0949787377;0.0744930745;0.1378383364;0.0916843731
13.9100429185;-1.8011518438;-1.8013302673;-1.3732413912;-2.2112326942;-1.7298334350;0.0949674211;0.0949787377;0.0744930745;0.1378383364;0.0916843731
13.9200428878;-1.8011518438;-1.8188031500;-1.3732413912;-2.2112326942;-1.7299480539;0.0949674211;0.0949787377;0.0744930745;0.1378390495;0.0916843731
13.9300428571;-1.8011518438;-1.8189814460;-1.3732413912;-2.2112326942;-1.7298334350;0.0949674211;0.0949830194;0.0744930745;0.1388402767;0.0916843731
13.9400428266;-1.8011518438;-1.8011518438;-1.3732413912;-2.2290622964;-1.7298334350;0.0949674211;0.0959785139;0.0744930745;0.1388402767;0.0916843731
13.9500427960;-1.8011518438;-1.8189814460;-1.3910709934;-2.2113470680;-1.7298334350;0.0949674211;0.0959785139;0.0754965350;0.1388402767;0.0916843731
13.9600427655;-1.8011518438;-1.8013296319;-1.3732413912;-2.2290622964;-1.7475487449;0.0949716932;0.0959785139;0.0754965350;0.1388402767;0.0916843731
13.9700427350;-1.8011518438;-1.8011518438;-1.3909440923;-2.2113469052;-1.7299476460;0.0959670782;0.0959785139;0.0754965350;0.1388402767;0.0916843731
13.9800427046;-1.8011518438;-1.8013293790;-1.3910709934;-2.2289481667;-1.7298334350;0.0959670782;0.0959785139;0.0754965350;0.1388409867;0.0916843731
13.9900426743;-1.8013039086;-1.8013292528;-1.3910709934;-2.2290622964;-1.7475489886;0.0959670782;0.0959785139;0.0754965350;0.1398422016;0.0916843731
14.0000426439;-1.8188294892;-1.8189814460;-1.3910709934;-2.2290622964;-1.7298334350;0.0959670782;0.0959785139;0.0754965350;0.1398422016;0.0916843731
14.0100426136;-1.8013036928;-1.8189814460;-1.3910709934;-2.2290622964;-1.7298334350;0.0959670782;0.0959785139;0.0754965350;0.1398422016;0.0916843731
14.0200425834;-1.8011518438;-1.8189814460;-1.3733678423;-2.2290622964;-1.7475492313;0.0959670782;0.0959785139;0.0754965350;0.1398422016;0.0916843731
14.0300425532;-1.8011518438;-1.8189814460;-1.3909446319;-2.2290622964;-1.7476630372;0.0959670782;0.0959785139;0.0754965350;0.1398422016;0.0916843731
14.0400425230;-1.8011518438;-1.8188046652;-1.3910709934;-2.2290622964;-1.7475493924;0.0959670782;0.0959785139;0.0754965350;0.1398422016;0.0916843731
14.0500424929;-1.8188300269;-1.8189814460;-1.3910709934;-2.2290622964;-1.7475494729;0.0959670782;0.0959785139;0.0754965350;0.1398429082;0.0916843731
14.0600424628;-1.8189814460;-1.8189814460;-1.3910709934;-2.2467784146;-1.7299469191;0.0959670782;0.0959785139;0.0754965350;0.1408441089;0.0916850795
14.0700424328;-1.8189814460;-1.8191578520;-1.3910709934;-2.2291757002;-1.7299468389;0.0959670782;0.0959785139;0.0754965350;0.1408441089;0.0926867369
14.0800424028;-1.8188303477;-1.8189814460;-1.3910709934;-2.2290622964;-1.7475497135;0.0959670782;0.0959785139;0.0754965350;0.1408441089;0.0926867369
14.0900423729;-1.8189814460;-1.8191576030;-1.3910709934;-2.2468918986;-1.7476630372;0.0959670782;0.0959785139;0.0754965350;0.1408441089;0.0926867369
14.1000423430;-1.8189814460;-1.8191574787;-1.3910709934;-2.2290622964;-1.7298334350;0.0959670782;0.0959827442;0.0754965350;0.1408448129;0.0926867369
14.1100423131;-1.8189814460;-1.8191573547;-1.3910709934;-2.2468918986;-1.7653795553;0.0959670782;0.0969782901;0.0754965350;0.1418460036;0.0926867369
14.1200422833;-1.8011518438;-1.8368110482;-1.3910709934;-2.2468918986;-1.7477760417;0.0959670782;0.0969782901;0.0754965350;0.1418460036;0.0926867369
14.1300422535;-1.8188308793;-1.8366353871;-1.3910709934;-2.2290622964;-1.7653797144;0.0959670782;0.0969782901;0.0764999410;0.1418460036;0.0926867369
14.1400422238;-1.8013023046;-1.8189814460;-1.3911963774;-2.2468918986;-1.7477758828;0.0959670782;0.0969782901;0.0764999410;0.1418460036;0.0926867369
14.1500421941;-1.8188310909;-1.8366356340;-1.4089005956;-2.2468918986;-1.7653798731;0.0959670782;0.0969782901;0.0764999410;0.1418460036;0.0926867369
14.1600421644;-1.8013020933;-1.8368110482;-1.4089005956;-2.2470045857;-1.7477757243;0.0959670782;0.0969782901;0.0764999410;0.1418460036;0.0926867369
14.1700421348;-1.8188313020;-1.8366358802;-1.4089005956;-2.2647215008;-1.7477756452;0.0959670782;0.0969824996;0.0764999410;0.1418460036;0.0926867369
14.1800421053;-1.8011518438;-1.8366360030;-1.4089005956;-2.2647215008;-1.7476630372;0.0959670782;0.0979780662;0.0764999410;0.1418467037;0.0926867369
14.1900420757;-1.8188315124;-1.8368110482;-1.4089005956;-2.2647215008;-1.7476630372;0.0959670782;0.0979780662;0.0764999410;0.1428478784;0.0926867369
14.2000420463;-1.8189814460;-1.8368110482;-1.4089005956;-2.2647215008;-1.7654926394;0.0959712784;0.0979780662;0.0764999410;0.1428478784;0.0926874363
14.2100420168;-1.8189814460;-1.8368110482;-1.4089005956;-2.2647215008;-1.7654926394;0.0969667353;0.0979780662;0.0764999410;0.1428478784;0.0936890657
14.2200419874;-1.8189814460;-1.8544660948;-1.4089005956;-2.2647215008;-1.7477752515;0.0969667353;0.0979780662;0.0764999410;0.1428478784;0.0936890657
14.2300419580;-1.8189814460;-1.8368110482;-1.4089005956;-2.2647215008;-1.7654926394;0.0969667353;0.0979780662;0.0764999410;0.1428478784;0.0936890657
14.2400419287;-1.8188320359;-1.8369853599;-1.4089005956;-2.2647215008;-1.7654926394;0.0969667353;0.0979780662;0.0764999410;0.1428478784;0.0936890657
14.2500418994;-1.8189814460;-1.8368110482;-1.4089005956;-2.2647215008;-1.7654926394;0.0969667353;0.0979780662;0.0764999410;0.1428478784;0.0936890657
14.2600418702;-1.8189814460;-1.8369851168;-1.4089005956;-2.2648334021;-1.7654926394;0.0969667353;0.0979780662;0.0764999410;0.1428485746;0.0936890657
14.2700418410;-1.8189814460;-1.8546406504;-1.4267301978;-2.2647215008;-1.7654926394;0.0969667353;0.0979780662;0.0775033054;0.1438497335;0.0936890657
14.2800418118;-1.8189814460;-1.8369848744;-1.4089005956;-2.2825511030;-1.7478865281;0.0969667353;0.0979780662;0.0775033054;0.1438497335;0.0936890657
14.2900417827;-1.8189814460;-1.8369847534;-1.4089005956;-2.2825511030;-1.7654926394;0.0969667353;0.0979780662;0.0775033054;0.1438497335;0.0936890657
14.3000417537;-1.8189814460;-1.8369846326;-1.4089005956;-2.2825511030;-1.7654926394;0.0969667353;0.0979780662;0.0775033054;0.1438497335;0.0936897603
14.3100417246;-1.8189814460;-1.8544671866;-1.4266062950;-2.2824395905;-1.7832107292;0.0969667353;0.0979822349;0.0775033054;0.1438497335;0.0946913701
14.3200416956;-1.8189814460;-1.8546406504;-1.4267301978;-2.2648329358;-1.7833222416;0.0969667353;0.0989778424;0.0775033054;0.1438497335;0.0946913701
14.3300416667;-1.8189814460;-1.8369842712;-1.4267301978;-2.2825511030;-1.7833222416;0.0969667353;0.0989778424;0.0775033054;0.1438497335;0.0946913701
14.3400416378;-1.8189814460;-1.8546406504;-1.4267301978;-2.2825511030;-1.7832109612;0.0969667353;0.0989778424;0.0775033054;0.1438497335;0.0946913701
14.3500416089;-1.8188331749;-1.8546406504;-1.4267301978;-2.2825511030;-1.7654926394;0.0969667353;0.0989778424;0.0775033054;0.1438497335;0.0946913701
14.3600415800;-1.8189814460;-1.8722973894;-1.4267301978;-2.2825511030;-1.7832111153;0.0969667353;0.0989778424;0.0775033054;0.1438497335;0.0946913701
14.3700415512;-1.8189814460;-1.8546406504;-1.4267301978;-2.2825511030;-1.7654926394;0.0969667353;0.0989778424;0.0775033054;0.1438497335;0.0946913701
14.3800415225;-1.8189814460;-1.8724702526;-1.4266192251;-2.2826620756;-1.7656036120;0.0969667353;0.0989778424;0.0775033054;0.1438497335;0.0946913701
14.3900414938;-1.8189814460;-1.8724702526;-1.4178816094;-2.2825511030;-1.7833222416;0.0969667353;0.0989819880;0.0775033054;0.1438504235;0.0946913701
14.4000414651;-1.8189814460;-1.8724702526;-1.4267301978;-2.2825511030;-1.7833222416;0.0969667353;0.0999776186;0.0775033054;0.1448515572;0.0946913701
14.4100414365;-1.8189814460;-1.8722979859;-1.4267301978;-2.3003807052;-1.7833222416;0.0969667353;0.0999776186;0.0785066291;0.1448515572;0.0946913701
14.4200414079;-1.8368110482;-1.8548127983;-1.4267301978;-2.2825511030;-1.7832115751;0.0969667353;0.0999776186;0.0785066291;0.1448515572;0.0946913701
14.4300413793;-1.8368110482;-1.8548126796;-1.4090234736;-2.2825511030;-1.7656032296;0.0969667353;0.0999776186;0.0785066291;0.1448515572;0.0946913701
14.4400413508;-1.8189814460;-1.8724702526;-1.4266074044;-2.3003807052;-1.7833222416;0.0969667353;0.0999776186;0.0785066291;0.1448515572;0.0946913701
14.4500413223;-1.8368110482;-1.8724702526;-1.4267301978;-2.3003807052;-1.7833222416;0.0969667353;0.0999776186;0.0785066291;0.1448515572;0.0946913701
14.4600412939;-1.8366638988;-1.8724702526;-1.4267301978;-2.3003807052;-1.7833222416;0.0969667353;0.0999776186;0.0785066291;0.1448522438;0.0946913701
14.4700412655;-1.8366639999;-1.8901282985;-1.4267301978;-2.3003807052;-1.7834325278;0.0969667353;0.0999776186;0.0785066291;0.1458533641;0.0946913701
14.4800412371;-1.8368110482;-1.8724702526;-1.4267301978;-2.2826613134;-1.8011518438;0.0969667353;0.0999776186;0.0785066291;0.1458533641;0.0946920561
14.4900412088;-1.8366642018;-1.8726415734;-1.4090229676;-2.3003807052;-1.8011518438;0.0969708519;0.0999776186;0.0785066291;0.1458533641;0.0956936313
14.5000411805;-1.8368110482;-1.8724702526;-1.4267301978;-2.3003807052;-1.7833222416;0.0979663923;0.0999776186;0.0785066291;0.1458533641;0.0956936313
14.5100411523;-1.8368110482;-1.8724702526;-1.4267301978;-2.3003807052;-1.7833222416;0.0979663923;0.0999776186;0.0785066291;0.1458533641;0.0956936313
14.5200411241;-1.8368110482;-1.8901288860;-1.4267301978;-2.3003807052;-1.7833222416;0.0979663923;0.0999776186;0.0785066291;0.1458533641;0.0956936313
14.5300410959;-1.8368110482;-1.8724702526;-1.4267301978;-2.3003807052;-1.8010420105;0.0979663923;0.0999776186;0.0785066291;0.1458533641;0.0956936313
14.5400410678;-1.8368110482;-1.8724702526;-1.4267301978;-2.3003807052;-1.8011518438;0.0979663923;0.0999776186;0.0785066291;0.1458533641;0.0956936313
14.5500410397;-1.8369572924;-1.8724702526;-1.4267301978;-2.3003807052;-1.7834319247;0.0979663923;0.0999776186;0.0785066291;0.1458533641;0.0956936313
14.5600410116;-1.8368110482;-1.8724702526;-1.4267301978;-2.3004903134;-1.7834318498;0.0979663923;0.0999776186;0.0785066291;0.1458533641;0.0956936313
14.5700409836;-1.8368110482;-1.8726406378;-1.4267301978;-2.3181007740;-1.8011518438;0.0979663923;0.0999776186;0.0785066291;0.1458540456;0.0956936313
14.5800409556;-1.8368110482;-1.8902998548;-1.4267301978;-2.3182103074;-1.8011518438;0.0979663923;0.0999776186;0.0785066291;0.1468551451;0.0956936313
14.5900409277;-1.8368110482;-1.8902998548;-1.4268517356;-2.3182103074;-1.8011518438;0.0979663923;0.0999776186;0.0795099017;0.1468551451;0.0956936313
14.6000408998;-1.8368110482;-1.8902998548;-1.4444383449;-2.3182103074;-1.8011518438;0.0979663923;0.0999817049;0.0795099017;0.1468551451;0.0956943117
14.6100408719;-1.8369566950;-1.8902998548;-1.4445598000;-2.3182103074;-1.8011518438;0.0979663923;0.1009773948;0.0795099017;0.1468551451;0.0966958642
14.6200408441;-1.8368110482;-1.8724702526;-1.4444385101;-2.3182103074;-1.8011518438;0.0979704726;0.1009773948;0.0795099017;0.1468551451;0.0966958642
14.6300408163;-1.8369564970;-1.8902998548;-1.4445598000;-2.3182103074;-1.8011518438;0.0989660494;0.1009773948;0.0795099017;0.1468551451;0.0966958642
14.6400407886;-1.8368110482;-1.8902998548;-1.4445598000;-2.3182103074;-1.8011518438;0.0989660494;0.1009773948;0.0795099017;0.1468551451;0.0966958642
14.6500407609;-1.8369562995;-1.8902998548;-1.4445598000;-2.3359309711;-1.8011518438;0.0989660494;0.1009773948;0.0795099017;0.1468551451;0.0966958642
14.6600407332;-1.8369562010;-1.8902998548;-1.4444388393;-2.3182103074;-1.8011518438;0.0989660494;0.1009773948;0.0795099017;0.1468551451;0.0966958642
14.6700407056;-1.8369561026;-1.8726394827;-1.4268510764;-2.3182103074;-1.8011518438;0.0989660494;0.1009773948;0.0795099017;0.1468551451;0.0966958642
14.6800406780;-1.8546406504;-1.8902998548;-1.4267301978;-2.3360399096;-1.8188727289;0.0989660494;0.1009814589;0.0795099017;0.1468551451;0.0966958642
14.6900406504;-1.8546406504;-1.8726392535;-1.4445598000;-2.3359312661;-1.8011518438;0.0989660494;0.1019771710;0.0795099017;0.1468558210;0.0966958642
14.7000406229;-1.8546406504;-1.8902998548;-1.4445598000;-2.3360399096;-1.8011518438;0.0989660494;0.1019771710;0.0795099017;0.1478568981;0.0966958642
14.7100405954;-1.8546406504;-1.9081294570;-1.4445598000;-2.3360399096;-1.8011518438;0.0989660494;0.1019771710;0.0795099017;0.1478568981;0.0966958642
14.7200405680;-1.8546406504;-1.9081294570;-1.4445598000;-2.3360399096;-1.8012602671;0.0989660494;0.1019771710;0.0795099017;0.1478568981;0.0966958642
14.7300405405;-1.8544961836;-1.8902998548;-1.4445598000;-2.3360399096;-1.8011518438;0.0989660494;0.1019771710;0.0795099017;0.1478568981;0.0966958642
14.7400405132;-1.8546406504;-1.9081294570;-1.4445598000;-2.3359316326;-1.8188731691;0.0989660494;0.1019771710;0.0795099017;0.1478568981;0.0966958642
14.7500404858;-1.8546406504;-1.8904681720;-1.4445598000;-2.3360399096;-1.8011518438;0.0989660494;0.1019771710;0.0795099017;0.1478568981;0.0966958642
14.7600404585;-1.8546406504;-1.9081294570;-1.4445598000;-2.3360399096;-1.8011518438;0.0989660494;0.1019771710;0.0795099017;0.1478568981;0.0966958642
14.7700404313;-1.8546406504;-1.9081294570;-1.4622693375;-2.3360399096;-1.8011518438;0.0989660494;0.1019771710;0.0805131243;0.1478575704;0.0966958642
14.7800404040;-1.8547846310;-1.9081294570;-1.4446797838;-2.3360399096;-1.8011518438;0.0989660494;0.1019771710;0.0805131243;0.1488586329;0.0966958642
14.7900403769;-1.8723263688;-1.9081294570;-1.4623894021;-2.3538695118;-1.8189814460;0.0989660494;0.1019812051;0.0805131243;0.1488586329;0.0966958642
14.8000403497;-1.8546406504;-1.9081294570;-1.4445598000;-2.3360399096;-1.8012596841;0.0989660494;0.1029769472;0.0805131243;0.1488586329;0.0966958642
14.8100403226;-1.8546406504;-1.9259590591;-1.4446795421;-2.3361476775;-1.8012596117;0.0989660494;0.1029769472;0.0805131243;0.1488586329;0.0966958642
14.8200402955;-1.8546406504;-1.9257915327;-1.4623894021;-2.3360399096;-1.8188737504;0.0989660494;0.1029769472;0.0805131243;0.1488586329;0.0966958642
14.8300402685;-1.8546406504;-1.9259590591;-1.4446793815;-2.3538695118;-1.8189814460;0.0989700721;0.1029769472;0.0805131243;0.1488593025;0.0966958642
14.8400402414;-1.8546406504;-1.9259590591;-1.4623894021;-2.3538695118;-1.8189814460;0.0999657064;0.1029769472;0.0805131243;0.1498603541;0.0966958642
14.8500402145;-1.8546406504;-1.9082966468;-1.4446792213;-2.3538695118;-1.8189814460;0.0999657064;0.1029769472;0.0805131243;0.1498603541;0.0966958642
14.8600401875;-1.8547838600;-1.9257919812;-1.4623894021;-2.3538695118;-1.8189814460;0.0999657064;0.1029769472;0.0805131243;0.1498603541;0.0966958642
14.8700401606;-1.8724702526;-1.9261260253;-1.4623894021;-2.3716991140;-1.8189814460;0.0999657064;0.1029769472;0.0805131243;0.1498603541;0.0966965323
14.8800401338;-1.8723272344;-1.9259590591;-1.4623894021;-2.3538695118;-1.8189814460;0.0999657064;0.1029809570;0.0805131243;0.1498603541;0.0976980353
14.8900401070;-1.8547835730;-1.9436219182;-1.4623894021;-2.3538695118;-1.8368110482;0.0999657064;0.1039767234;0.0805131243;0.1498603541;0.0976980353
14.9000400802;-1.8547834776;-1.9436220295;-1.4623894021;-2.3715919935;-1.8189814460;0.0999657064;0.1039767234;0.0805131243;0.1498603541;0.0976980353
14.9100400534;-1.8724702526;-1.9261255798;-1.4623894021;-2.3715920650;-1.8189814460;0.0999657064;0.1039767234;0.0815163089;0.1498603541;0.0976980353
14.9200400267;-1.8546406504;-1.9259590591;-1.4623894021;-2.3538695118;-1.8189814460;0.0999657064;0.1039767234;0.0815163089;0.1498603541;0.0976980353
14.9300400000;-1.8724702526;-1.9261253579;-1.4623894021;-2.3716991140;-1.8368110482;0.0999657064;0.1039767234;0.0815163089;0.1498610192;0.0976980353
14.9400399734;-1.8724702526;-1.9259590591;-1.4623894021;-2.3716991140;-1.8368110482;0.0999657064;0.1039767234;0.0815163089;0.1508620528;0.0976987003
14.9500399467;-1.8724702526;-1.9261251366;-1.4625080289;-2.3716991140;-1.8368110482;0.0999696971;0.1039767234;0.0815163089;0.1508620528;0.0987001907
14.9600399202;-1.8724702526;-1.9437886613;-1.4625079500;-2.3716991140;-1.8190881391;0.1009653635;0.1039767234;0.0815163089;0.1508620528;0.0987001907
14.9700398936;-1.8724702526;-1.9259590591;-1.4802190043;-2.3716991140;-1.8368110482;0.1009653635;0.1039767234;0.0815163089;0.1508620528;0.0987001907
14.9800398671;-1.8724702526;-1.9436229147;-1.4625077926;-2.3716991140;-1.8368110482;0.1009653635;0.1039767234;0.0815163089;0.1508620528;0.0987001907
14.9900398406;-1.8724702526;-1.9437886613;-1.4802190043;-2.3716991140;-1.8369175289;0.1009653635;0.1039767234;0.0815163089;0.1508620528;0.0987001907
15.0000398142;-1.8724702526;-1.9261245860;-1.4802190043;-2.3716991140;-1.8545342403;0.1009653635;0.1039767234;0.0815163089;0.1508620528;0.0987001907
15.0100397878;-1.8724702526;-1.9437886613;-1.4623894021;-2.3716991140;-1.8369173878;0.1009653635;0.1039806986;0.0815163089;0.1508620528;0.0987001907
15.0200397614;-1.8724702526;-1.9437886613;-1.4802190043;-2.3716991140;-1.8369173173;0.1009653635;0.1049764996;0.0825194641;0.1508627139;0.0987008521
15.0300397351;-1.8726118510;-1.9437886613;-1.4802190043;-2.3718053128;-1.8368110482;0.1009653635;0.1049764996;0.0825194641;0.1518637315;0.0997023283
15.0400397088;-1.8726117573;-1.9437886613;-1.4802190043;-2.3716991140;-1.8546406504;0.1009653635;0.1049764996;0.0825194641;0.1518637315;0.0997023283
15.0500396825;-1.8901584435;-1.9437886613;-1.4802190043;-2.3894226577;-1.8546406504;0.1009653635;0.1049764996;0.0825194641;0.1518637315;0.0997023283
15.0600396563;-1.8901585369;-1.9437886613;-1.4802190043;-2.3716991140;-1.8546406504;0.1009653635;0.1049764996;0.0825194641;0.1518637315;0.0997023283
15.0700396301;-1.8901586302;-1.9437886613;-1.4802190043;-2.3895287161;-1.8546406504;0.1009653635;0.1049764996;0.0825194641;0.1518637315;0.0997023283
15.0800396040;-1.8902998548;-1.9437886613;-1.4802190043;-2.3895287161;-1.8546406504;0.1009653635;0.1049764996;0.0825194641;0.1518637315;0.0997023283
15.0900395778;-1.8902998548;-1.9437886613;-1.4979310745;-2.3718048927;-1.8546406504;0.1009653635;0.1049804538;0.0835226009;0.1518637315;0.0997023283
15.1000395517;-1.8901589093;-1.9616182635;-1.4802190043;-2.3895287161;-1.8723645435;0.1009653635;0.1059762757;0.0835226009;0.1518643892;0.0997023283
15.1100395257;-1.8724702526;-1.9616182635;-1.4803363816;-2.3895287161;-1.8546406504;0.1009693121;0.1059762757;0.0835226009;0.1528653927;0.0997023283
15.1200394997;-1.8726110126;-1.9439528814;-1.4979313065;-2.3895287161;-1.8546406504;0.1019650206;0.1059762757;0.0835226009;0.1528653927;0.0997023283
15.1300394737;-1.8901591873;-1.9616182635;-1.4979313836;-2.3718046146;-1.8546406504;0.1019650206;0.1059762757;0.0835226009;0.1528653927;0.0997023283
15.1400394477;-1.8902998548;-1.9616182635;-1.4802190043;-2.3895287161;-1.8546406504;0.1019650206;0.1059762757;0.0835226009;0.1528653927;0.0997023283
15.1500394218;-1.8902998548;-1.9616182635;-1.4803360733;-2.3895287161;-1.8546406504;0.1019650206;0.1059762757;0.0835226009;0.1528660482;0.0997023283
15.1600393959;-1.8902998548;-1.9614544745;-1.4803359965;-2.3895287161;-1.8546406504;0.1019650206;0.1059762757;0.0835226009;0.1538670430;0.0997023283
15.1700393701;-1.8902998548;-1.9616182635;-1.4980486065;-2.3895287161;-1.8546406504;0.1019650206;0.1059762757;0.0835226009;0.1538670430;0.0997029833
15.1800393443;-1.8902998548;-1.9616182635;-1.4980486065;-2.4072531634;-1.8723650976;0.1019650206;0.1059762757;0.0835226009;0.1538670430;0.1007044332
15.1900393185;-1.8902998548;-1.9614547963;-1.4803357666;-2.4073583183;-1.8546406504;0.1019650206;0.1059762757;0.0835226009;0.1538670430;0.1007044332
15.2000392927;-1.8902998548;-1.9616182635;-1.4980486065;-2.4073583183;-1.8723652353;0.1019650206;0.1059762757;0.0835226009;0.1538670430;0.1007044332
15.2100392670;-1.8902998548;-1.9794478657;-1.4980486065;-2.4073583183;-1.8723653040;0.1019650206;0.1059762757;0.0835226009;0.1538670430;0.1007044332
15.2200392413;-1.8902998548;-1.9617814102;-1.4980486065;-2.4250830405;-1.8547455304;0.1019650206;0.1059762757;0.0845257038;0.1538670430;0.1007044332
15.2300392157;-1.8902998548;-1.9792848256;-1.4980486065;-2.4073583183;-1.8723654411;0.1019650206;0.1059801939;0.0845257038;0.1538670430;0.1007044332
15.2400391901;-1.8904395122;-1.9794478657;-1.5157618275;-2.4073583183;-1.8724702526;0.1019650206;0.1069760519;0.0845257038;0.1538670430;0.1007044332
15.2500391645;-1.8904394211;-1.9794478657;-1.4981649118;-2.4073583183;-1.8724702526;0.1019650206;0.1069760519;0.0845257038;0.1538670430;0.1007044332
15.2600391389;-1.8902998548;-1.9794478657;-1.4981648360;-2.4073583183;-1.8724702526;0.1019650206;0.1069760519;0.0845257038;0.1538676939;0.1007044332
15.2700391134;-1.9081294570;-1.9794478657;-1.4981647603;-2.4251879205;-1.8723657142;0.1019650206;0.1069760519;0.0845257038;0.1548686697;0.1007044332
15.2800390879;-1.8904391485;-1.9794478657;-1.4980486065;-2.4250834502;-1.8724702526;0.1019650206;0.1069760519;0.0845257038;0.1548686697;0.1007044332
15.2900390625;-1.9079902538;-1.9794478657;-1.4980486065;-2.4251879205;-1.8724702526;0.1019689229;0.1069760519;0.0845257038;0.1548686697;0.1007044332
15.3000390371;-1.8902998548;-1.9794478657;-1.4981645337;-2.4251879205;-1.8724702526;0.1029646776;0.1069799522;0.0845257038;0.1548686697;0.1007044332
15.3100390117;-1.9079904347;-1.9796100583;-1.4980486065;-2.4073583183;-1.8724702526;0.1029646776;0.1079758281;0.0845257038;0.1548686697;0.1007044332
15.3200389864;-1.9081294570;-1.9794478657;-1.4981643832;-2.4250837216;-1.8724702526;0.1029646776;0.1079758281;0.0845257038;0.1548686697;0.1007044332
15.3300389610;-1.9081294570;-1.9794478657;-1.5158782087;-2.4251879205;-1.8724702526;0.1029646776;0.1079758281;0.0845257038;0.1548686697;0.1007044332
15.3400389358;-1.9079907052;-1.9971155909;-1.4981642330;-2.4251879205;-1.8724702526;0.1029646776;0.1079758281;0.0845257038;0.1548686697;0.1007044332
15.3500389105;-1.9079907951;-1.9972774679;-1.5158782087;-2.4251879205;-1.8724702526;0.1029646776;0.1079758281;0.0845257038;0.1548686697;0.1007044332
15.3600388853;-1.8902998548;-1.9794478657;-1.5158782087;-2.4251879205;-1.8724702526;0.1029646776;0.1079758281;0.0845257038;0.1548686697;0.1007044332
15.3700388601;-1.9081294570;-1.9971159052;-1.5158782087;-2.4251879205;-1.8901959930;0.1029646776;0.1079758281;0.0845257038;0.1548693159;0.1007050797
15.3800388350;-1.9081294570;-1.9794478657;-1.5158782087;-2.4251879205;-1.8724702526;0.1029646776;0.1079758281;0.0845257038;0.1558702731;0.1017064955
15.3900388098;-1.9081294570;-1.9972774679;-1.4981638593;-2.4251879205;-1.8902998548;0.1029646776;0.1079758281;0.0845257038;0.1558702731;0.1017064955
15.4000387847;-1.9081294570;-1.9972774679;-1.5158782087;-2.4429138622;-1.8725739130;0.1029646776;0.1079758281;0.0855287608;0.1558702731;0.1017064955
15.4100387597;-1.9081294570;-1.9972774679;-1.5158782087;-2.4251879205;-1.8902998548;0.1029646776;0.1079758281;0.0855287608;0.1558702731;0.1017064955
15.4200387347;-1.8904378904;-1.9971164263;-1.5159932384;-2.4251879205;-1.8724702526;0.1029646776;0.1079758281;0.0855287608;0.1558702731;0.1017064955
15.4300387097;-1.9081294570;-1.9971165302;-1.5158782087;-2.4251879205;-1.8724702526;0.1029646776;0.1079758281;0.0855287608;0.1558702731;0.1017064955
15.4400386847;-1.9081294570;-1.9796086998;-1.5158782087;-2.4251879205;-1.8724702526;0.1029646776;0.1079758281;0.0855287608;0.1558702731;0.1017064955
15.4500386598;-1.9258212902;-1.9972774679;-1.5158782087;-2.4430175227;-1.8725735793;0.1029646776;0.1079796907;0.0855287608;0.1558702731;0.1017064955
15.4600386349;-1.9259590591;-1.9972774679;-1.5158782087;-2.4430175227;-1.8902998548;0.1029646776;0.1089756043;0.0855287608;0.1558702731;0.1017064955
15.4700386100;-1.9081294570;-1.9971169442;-1.5158782087;-2.4252911144;-1.8902998548;0.1029646776;0.1089756043;0.0855287608;0.1558702731;0.1017064955
15.4800385852;-1.9259590591;-1.9972774679;-1.5158782087;-2.4251879205;-1.8902998548;0.1029646776;0.1089756043;0.0855287608;0.1558702731;0.1017064955
15.4900385604;-1.9081294570;-1.9972774679;-1.5158782087;-2.4251879205;-1.8902998548;0.1029646776;0.1089756043;0.0855287608;0.1558702731;0.1017064955
15.5000385356;-1.9081294570;-1.9974376826;-1.5158782087;-2.4430175227;-1.8902998548;0.1029646776;0.1089756043;0.0855287608;0.1558702731;0.1017064955
15.5100385109;-1.9259590591;-2.0149469582;-1.5159925744;-2.4251879205;-1.8902998548;0.1029646776;0.1089794521;0.0865317903;0.1558702731;0.1017064955
15.5200384862;-1.9081294570;-2.0151070701;-1.5158782087;-2.4430175227;-1.8902998548;0.1029646776;0.1099753805;0.0865317903;0.1558702731;0.1017064955
15.5300384615;-1.9082665199;-2.0151070701;-1.5337078109;-2.4251879205;-1.8902998548;0.1029646776;0.1099753805;0.0865317903;0.1558702731;0.1017064955
15.5400384369;-1.9258220840;-1.9974372723;-1.5335936649;-2.4251879205;-1.8902998548;0.1029646776;0.1099753805;0.0865317903;0.1558702731;0.1017071349
15.5500384123;-1.9258221716;-1.9974371700;-1.5337078109;-2.4429148571;-1.8902998548;0.1029646776;0.1099753805;0.0865317903;0.1558702731;0.1027085223
15.5600383877;-1.9082662570;-2.0151070701;-1.5337078109;-2.4430175227;-1.8902998548;0.1029685126;0.1099753805;0.0865317903;0.1558702731;0.1027085223
15.5700383632;-1.9259590591;-2.0151070701;-1.5337078109;-2.4251879205;-1.8902998548;0.1039643347;0.1099753805;0.0865317903;0.1558702731;0.1027085223
15.5800383387;-1.9259590591;-2.0151070701;-1.5514235587;-2.4251879205;-1.8902998548;0.1039643347;0.1099753805;0.0875348024;0.1558702731;0.1027085223
15.5900383142;-1.9258225210;-2.0151070701;-1.5337078109;-2.4252903241;-1.9080270534;0.1039643347;0.1099753805;0.0875348024;0.1558702731;0.1027085223
15.6000382897;-1.9259590591;-2.0151070701;-1.5337078109;-2.4430175227;-1.8902998548;0.1039643347;0.1099753805;0.0875348024;0.1558702731;0.1027085223
15.6100382653;-1.9081294570;-2.0152661615;-1.5514237764;-2.4251879205;-1.8902998548;0.1039643347;0.1099753805;0.0875348024;0.1558702731;0.1027085223
15.6200382409;-1.9259590591;-2.0152660602;-1.5515374131;-2.4251879205;-1.8904020627;0.1039643347;0.1099753805;0.0875348024;0.1558702731;0.1027085223
15.6300382166;-1.9260952496;-2.0151070701;-1.5515374131;-2.4251879205;-1.8902998548;0.1039643347;0.1099753805;0.0875348024;0.1558702731;0.1027085223
15.6400381922;-1.9259590591;-2.0152658579;-1.5515374131;-2.4251879205;-1.8902998548;0.1039643347;0.1099753805;0.0875348024;0.1558702731;0.1027085223
15.6500381679;-1.9259590591;-2.0327779854;-1.5337078109;-2.4251879205;-1.9080274440;0.1039643347;0.1099791940;0.0875348024;0.1558702731;0.1027085223
15.6600381437;-1.9259590591;-2.0327780863;-1.5514241374;-2.4429155746;-1.8902998548;0.1039643347;0.1109751567;0.0875348024;0.1558702731;0.1027085223
15.6700381194;-1.9436528168;-2.0151070701;-1.5338210147;-2.4251879205;-1.9080275735;0.1039643347;0.1109751567;0.0875348024;0.1558702731;0.1027085223
15.6800380952;-1.9259590591;-2.0152654549;-1.5515374131;-2.4429157039;-1.8902998548;0.1039643347;0.1109751567;0.0875348024;0.1558702731;0.1027085223
15.6900380711;-1.9259590591;-2.0329366723;-1.5515374131;-2.4252896748;-1.9081294570;0.1039643347;0.1109751567;0.0875348024;0.1558702731;0.1027085223
15.7000380469;-1.9259590591;-2.0327784882;-1.5515374131;-2.4251879205;-1.8904015445;0.1039681357;0.1109751567;0.0875348024;0.1558702731;0.1027085223
15.7100380228;-1.9259590591;-2.0329366723;-1.5515374131;-2.4250862952;-1.9081294570;0.1049639918;0.1109751567;0.0875348024;0.1558702731;0.1027085223
15.7200379987;-1.9259590591;-2.0152650539;-1.5515374131;-2.4429159617;-1.9081294570;0.1049639918;0.1109751567;0.0875348024;0.1558702731;0.1027085223
15.7300379747;-1.9259590591;-2.0329366723;-1.5515374131;-2.4252894173;-1.9081294570;0.1049639918;0.1109751567;0.0875348024;0.1558702731;0.1027085223
15.7400379507;-1.9259590591;-2.0329366723;-1.5515374131;-2.4252893532;-1.9081294570;0.1049639918;0.1109751567;0.0875348024;0.1558702731;0.1027085223
15.7500379267;-1.9259590591;-2.0329366723;-1.5516500448;-2.4251879205;-1.9081294570;0.1049639918;0.1109751567;0.0875348024;0.1558702731;0.1027085223
15.7600379027;-1.9437886613;-2.0329366723;-1.5515374131;-2.4252892251;-1.9081294570;0.1049639918;0.1109751567;0.0875348024;0.1558702731;0.1027091529
15.7700378788;-1.9259590591;-2.0329366723;-1.5515374131;-2.4429162821;-1.9081294570;0.1049639918;0.1109789413;0.0875348024;0.1558702731;0.1037105045
15.7800378549;-1.9260939616;-2.0507662745;-1.5515374131;-2.4430175227;-1.9080282801;0.1049639918;0.1119749329;0.0875348024;0.1558702731;0.1037105045
15.7900378310;-1.9260938766;-2.0329366723;-1.5692546675;-2.4429164097;-1.9081294570;0.1049639918;0.1119749329;0.0885377635;0.1558702731;0.1037105045
15.8000378072;-1.9260937917;-2.0506090866;-1.5515374131;-2.4429164733;-1.9081294570;0.1049639918;0.1119749329;0.0885377635;0.1558702731;0.1037105045
15.8100377834;-1.9436540136;-2.0329366723;-1.5515374131;-2.4251879205;-1.9258580734;0.1049639918;0.1119749329;0.0885377635;0.1558702731;0.1037105045
15.8200377596;-1.9437886613;-2.0506092843;-1.5516495490;-2.4251879205;-1.9081294570;0.1049639918;0.1119749329;0.0885377635;0.1558702731;0.1037105045
15.8300377358;-1.9437886613;-2.0330935638;-1.5516494785;-2.4252887794;-1.9082303158;0.1049639918;0.1119749329;0.0885377635;0.1558702731;0.1037105045
15.8400377121;-1.9436542674;-2.0507662745;-1.5693670153;-2.4429167272;-1.9081294570;0.1049639918;0.1119749329;0.0895407127;0.1558702731;0.1037105045
15.8500376884;-1.9437886613;-2.0507662745;-1.5693670153;-2.4429167905;-1.9082301892;0.1049639918;0.1119749329;0.0895407127;0.1558702731;0.1037105045
15.8600376648;-1.9437886613;-2.0509228707;-1.5693670153;-2.4252885896;-1.9258583901;0.1049639918;0.1119749329;0.0895407127;0.1558702731;0.1037105045
15.8700376412;-1.9437886613;-2.0507662745;-1.5693670153;-2.4252885264;-1.9081294570;0.1049677522;0.1119749329;0.0895407127;0.1558702731;0.1037111307
15.8800376176;-1.9437886613;-2.0509226745;-1.5693670153;-2.4251879205;-1.9258585163;0.1059636488;0.1119749329;0.0895407127;0.1558702731;0.1047124647
15.8900375940;-1.9437886613;-2.0509225766;-1.5870849731;-2.4251879205;-1.9259590591;0.1059636488;0.1119749329;0.0895407127;0.1558702731;0.1047124647
15.9000375704;-1.9437886613;-2.0507662745;-1.5693670153;-2.4251879205;-1.9259590591;0.1059636488;0.1119749329;0.0895407127;0.1558702731;0.1047124647
15.9100375469;-1.9437886613;-2.0507662745;-1.5693670153;-2.4252882748;-1.9259590591;0.1059636488;0.1119749329;0.0895407127;0.1558702731;0.1047124647
15.9200375235;-1.9437886613;-2.0507662745;-1.5693670153;-2.4251879205;-1.9259590591;0.1059636488;0.1119749329;0.0895407127;0.1558702731;0.1047124647
15.9300375000;-1.9616182635;-2.0507662745;-1.5693670153;-2.4429172939;-1.9082296858;0.1059636488;0.1119749329;0.0895407127;0.1558702731;0.1047124647
15.9400374766;-1.9439222164;-2.0507662745;-1.5693670153;-2.4429173564;-1.9082296233;0.1059636488;0.1119749329;0.0895407127;0.1558702731;0.1047124647
15.9500374532;-1.9616182635;-2.0507662745;-1.5870853910;-2.4429174189;-1.9259590591;0.1059673905;0.1119749329;0.0895407127;0.1558702731;0.1047124647
15.9600374298;-1.9616182635;-2.0507662745;-1.5693670153;-2.4251879205;-1.9259590591;0.1069633059;0.1119749329;0.0895407127;0.1558702731;0.1047124647
15.9700374065;-1.9614849581;-2.0507662745;-1.5694781032;-2.4429175436;-1.9436886823;0.1069633059;0.1119749329;0.0895407127;0.1558702731;0.1047124647
15.9800373832;-1.9616182635;-2.0507662745;-1.5870967007;-2.4430175227;-1.9259590591;0.1069633059;0.1119749329;0.0895407127;0.1558702731;0.1047124647
15.9900373599;-1.9617514031;-2.0507662745;-1.5783414382;-2.4430175227;-1.9259590591;0.1069633059;0.1119749329;0.0895407127;0.1558702731;0.1047124647
16.0000373367;-1.9616182635;-2.0507662745;-1.5870857369;-2.4251879205;-1.9437886613;0.1069633059;0.1119749329;0.0905436241;0.1558702731;0.1047130859
16.0100373134;-1.9616182635;-2.0507662745;-1.5871966175;-2.4252876511;-1.9437886613;0.1069633059;0.1119749329;0.0905436241;0.1558702731;0.1057143995
16.0200372902;-1.9616182635;-2.0507662745;-1.5871966175;-2.4251879205;-1.9436889928;0.1069633059;0.1119749329;0.0905436241;0.1558702731;0.1057143995
16.0300372671;-1.9616182635;-2.0507662745;-1.5694776894;-2.4252875272;-1.9437886613;0.1069633059;0.1119749329;0.0905436241;0.1558702731;0.1057143995
16.0400372439;-1.9616182635;-2.0507662745;-1.5871966175;-2.4430175227;-1.9437886613;0.1069633059;0.1119749329;0.0905436241;0.1558702731;0.1057143995
16.0500372208;-1.9616182635;-2.0685958767;-1.5871966175;-2.4429180395;-1.9437886613;0.1069633059;0.1119786518;0.0905436241;0.1558702731;0.1057150188
16.0600371978;-1.9616182635;-2.0507662745;-1.5871966175;-2.4252873421;-1.9437886613;0.1069633059;0.1129747090;0.0905436241;0.1558702731;0.1067163246
16.0700371747;-1.9616182635;-2.0685958767;-1.5871966175;-2.4251879205;-1.9437886613;0.1069633059;0.1129747090;0.0905436241;0.1558702731;0.1067163246
16.0800371517;-1.9794478657;-2.0507662745;-1.5871966175;-2.4252872191;-1.9437886613;0.1069633059;0.1129747090;0.0905436241;0.1558702731;0.1067163246
16.0900371287;-1.9794478657;-2.0507662745;-1.5870863540;-2.4252871576;-1.9438878985;0.1069633059;0.1129747090;0.0905436241;0.1558702731;0.1067163246
16.1000371058;-1.9617504979;-2.0684416032;-1.5871966175;-2.4430175227;-1.9438878371;0.1069633059;0.1129747090;0.0905436241;0.1558702731;0.1067163246
16.1100370828;-1.9616182635;-2.0507662745;-1.5871966175;-2.4430175227;-1.9615191490;0.1069633059;0.1129747090;0.0905436241;0.1558702731;0.1067163246
16.1200370599;-1.9794478657;-2.0685958767;-1.5871966175;-2.4252869739;-1.9616182635;0.1069633059;0.1129747090;0.0905436241;0.1558702731;0.1067163246
16.1300370370;-1.9617502532;-2.0685958767;-1.5871966175;-2.4430175227;-1.9438876536;0.1069633059;0.1129747090;0.0905436241;0.1558702731;0.1067169408
16.1400370142;-1.9794478657;-2.0685958767;-1.5871966175;-2.4430175227;-1.9616182635;0.1069670038;0.1129747090;0.0905436241;0.1558702731;0.1077182344
16.1500369914;-1.9794478657;-2.0685958767;-1.5871966175;-2.4430175227;-1.9616182635;0.1079629630;0.1129747090;0.0905436241;0.1558702731;0.1077182344
16.1600369686;-1.9794478657;-2.0685958767;-1.5871966175;-2.4252867299;-1.9616182635;0.1079629630;0.1129747090;0.0905436241;0.1558702731;0.1077182344
16.1700369458;-1.9794478657;-2.0685958767;-1.5873063381;-2.4429187742;-1.9616182635;0.1079629630;0.1129747090;0.0915464962;0.1558702731;0.1077182344
16.1800369231;-1.9617498473;-2.0509197889;-1.5873062706;-2.4430175227;-1.9616182635;0.1079629630;0.1129747090;0.0915464962;0.1558702731;0.1077182344
16.1900369004;-1.9794478657;-2.0684424566;-1.5871966175;-2.4430175227;-1.9794478657;0.1079629630;0.1129747090;0.0915464962;0.1558702731;0.1077182344
16.2000368777;-1.9794478657;-2.0684425509;-1.6050262197;-2.4429189561;-1.9793492991;0.1079629630;0.1129747090;0.0915464962;0.1558702731;0.1077182344
16.2100368550;-1.9794478657;-2.0685958767;-1.6049167685;-2.4429190166;-1.9616182635;0.1079629630;0.1129783915;0.0915464962;0.1558702731;0.1077182344
16.2200368324;-1.9794478657;-2.0685958767;-1.6050262197;-2.4252863662;-1.9617167092;0.1079629630;0.1139744852;0.0915464962;0.1558702731;0.1077188471
16.2300368098;-1.9794478657;-2.0685958767;-1.6050262197;-2.4430175227;-1.9794478657;0.1079629630;0.1139744852;0.0915464962;0.1558702731;0.1087201270
16.2400367872;-1.9794478657;-2.0685958767;-1.5873058675;-2.4430175227;-1.9617165885;0.1079629630;0.1139744852;0.0915464962;0.1558702731;0.1087201270
16.2500367647;-1.9794478657;-2.0685958767;-1.5873058006;-2.4252861853;-1.9794478657;0.1079629630;0.1139744852;0.0915464962;0.1558702731;0.1087201270
16.2600367422;-1.9794478657;-2.0685958767;-1.6050262197;-2.4252861252;-1.9794478657;0.1079629630;0.1139744852;0.0915464962;0.1558702731;0.1087201270
16.2700367197;-1.9794478657;-2.0685958767;-1.5873056670;-2.4430175227;-1.9794478657;0.1079629630;0.1139744852;0.0915464962;0.1558702731;0.1087201270
16.2800366972;-1.9971466884;-2.0685958767;-1.6050262197;-2.4429194381;-1.9794478657;0.1079629630;0.1139744852;0.0915464962;0.1558702731;0.1087201270
16.2900366748;-1.9795785653;-2.0862729960;-1.5873055338;-2.4429194980;-1.9794478657;0.1079629630;0.1139744852;0.0915464962;0.1558702731;0.1087201270
16.3000366524;-1.9971468481;-2.0685958767;-1.6050262197;-2.4429195579;-1.9794478657;0.1079629630;0.1139744852;0.0915464962;0.1558702731;0.1087201270
16.3100366300;-1.9794478657;-2.0685958767;-1.6051350031;-2.4252858256;-1.9794478657;0.1079629630;0.1139744852;0.0915464962;0.1558702731;0.1087201270
16.3200366077;-1.9971470074;-2.0687480806;-1.6050262197;-2.4252857659;-1.9794478657;0.1079629630;0.1139744852;0.0915464962;0.1558702731;0.1087201270
16.3300365854;-1.9794478657;-2.0685958767;-1.6051348705;-2.4430175227;-1.9794478657;0.1079629630;0.1139744852;0.0915464962;0.1558702731;0.1087201270
16.3400365631;-1.9795781673;-2.0864254789;-1.6050262197;-2.4430175227;-1.9971797417;0.1079666158;0.1139744852;0.0925493298;0.1558702731;0.1087201270
16.3500365408;-1.9972774679;-2.0864254789;-1.6227473033;-2.4429198560;-1.9795455324;0.1089626200;0.1139744852;0.0925493298;0.1558702731;0.1087201270
16.3600365186;-1.9794478657;-2.0687477103;-1.6051346723;-2.4251879205;-1.9972774679;0.1089626200;0.1139744852;0.0925493298;0.1558702731;0.1087201270
16.3700364964;-1.9794478657;-2.0685958767;-1.6228558219;-2.4251879205;-1.9795454137;0.1089626200;0.1139744852;0.0925493298;0.1558702731;0.1087201270
16.3800364742;-1.9971474830;-2.0862738298;-1.6228558219;-2.4252854092;-1.9794478657;0.1089626200;0.1139744852;0.0925493298;0.1558702731;0.1087201270
16.3900364520;-1.9972774679;-2.0687474337;-1.6050262197;-2.4252853500;-1.9795452952;0.1089626200;0.1139781274;0.0925493298;0.1558702731;0.1087201270
16.4000364299;-1.9972774679;-2.0862740138;-1.6051344090;-2.4252852909;-1.9972774679;0.1089626200;0.1149742614;0.0925493298;0.1558702731;0.1087207331
16.4100364078;-1.9795776142;-2.0864254789;-1.6228558219;-2.4251879205;-1.9971801566;0.1089626200;0.1149742614;0.0925493298;0.1558702731;0.1097219859
16.4200363857;-1.9795775356;-2.0864254789;-1.6228558219;-2.4429202703;-1.9971802155;0.1089626200;0.1149742614;0.0925493298;0.1558702731;0.1097219859
16.4300363636;-1.9972774679;-2.0865766687;-1.6051342124;-2.4251879205;-1.9972774679;0.1089626200;0.1149742614;0.0935521434;0.1558702731;0.1097219859
16.4400363416;-1.9972774679;-2.0864254789;-1.6228558219;-2.4429203881;-1.9971803333;0.1089626200;0.1149742614;0.0935521434;0.1558696687;0.1097219859
16.4500363196;-2.0149776356;-2.0864254789;-1.6228558219;-2.4251879205;-1.9972774679;0.1089626200;0.1149742614;0.0935521434;0.1548688803;0.1097219859
16.4600362976;-1.9972774679;-2.0865763945;-1.6228558219;-2.4430175227;-1.9972774679;0.1089626200;0.1149742614;0.0935521434;0.1548688803;0.1097219859
16.4700362757;-1.9972774679;-2.1042550811;-1.6405776923;-2.4429205642;-1.9972774679;0.1089626200;0.1149742614;0.0935521434;0.1548688803;0.1097219859
16.4800362538;-1.9974066679;-2.0865762122;-1.6228558219;-2.4429206227;-1.9972774679;0.1089626200;0.1149742614;0.0935521434;0.1548688803;0.1097219859
16.4900362319;-2.0149779481;-2.0865761213;-1.6228558219;-2.4251879205;-1.9972774679;0.1089626200;0.1149742614;0.0935521434;0.1548688803;0.1097219859
16.5000362100;-1.9972774679;-2.0864254789;-1.6228558219;-2.4429207396;-1.9972774679;0.1089626200;0.1149742614;0.0935521434;0.1548688803;0.1097219859
16.5100361882;-1.9972774679;-2.1042550811;-1.6228558219;-2.4429207979;-1.9972774679;0.1089662354;0.1149778772;0.0935521434;0.1548688803;0.1097219859
16.5200361664;-1.9972774679;-2.0865758490;-1.6228558219;-2.4251879205;-1.9972774679;0.1099622771;0.1159740376;0.0935521434;0.1548688803;0.1097219859
16.5300361446;-2.0151070701;-2.0864254789;-1.6229631645;-2.4251879205;-1.9972774679;0.1099622771;0.1159740376;0.0935521434;0.1548688803;0.1097219859
16.5400361228;-2.0151070701;-2.1041048919;-1.6229630999;-2.4251879205;-1.9973740181;0.1099622771;0.1159740376;0.0935521434;0.1548688803;0.1097219859
16.5500361011;-2.0151070701;-2.0864254789;-1.6229630354;-2.4251879205;-1.9972774679;0.1099622771;0.1159740376;0.0935521434;0.1548688803;0.1097225865
16.5600360794;-1.9974060468;-2.0865754875;-1.6406854241;-2.4252843547;-2.0151070701;0.1099622771;0.1159740376;0.0935521434;0.1548688803;0.1107238174
16.5700360577;-1.9972774679;-2.1042550811;-1.6406854241;-2.4252842968;-1.9972774679;0.1099622771;0.1159740376;0.0945549262;0.1548688803;0.1107238174
16.5800360360;-1.9972774679;-2.1042550811;-1.6406854241;-2.4251879205;-1.9973737863;0.1099622771;0.1159740376;0.0945549262;0.1548688803;0.1107238174
16.5900360144;-2.0149787226;-2.1219349446;-1.6228558219;-2.4251879205;-2.0151070701;0.1099622771;0.1159740376;0.0945549262;0.1548688803;0.1107238174
16.6000359928;-1.9972774679;-2.1042550811;-1.6405785320;-2.4251879205;-2.0151070701;0.1099622771;0.1159740376;0.0945549262;0.1548688803;0.1107238174
16.6100359712;-1.9974056616;-2.1042550811;-1.6406854241;-2.4251879205;-2.0151070701;0.1099622771;0.1159740376;0.0945549262;0.1548688803;0.1107238174
16.6200359497;-2.0151070701;-2.0865749486;-1.6229625860;-2.4251879205;-2.0151070701;0.1099622771;0.1159740376;0.0945549262;0.1548688803;0.1107238174
16.6300359281;-2.0151070701;-2.1042550811;-1.6229625221;-2.4250918904;-2.0151070701;0.1099658665;0.1159776275;0.0945549262;0.1548688803;0.1107238174
16.6400359066;-2.0151070701;-2.1044043720;-1.6406854241;-2.4251879205;-2.0151070701;0.1109619342;0.1169738138;0.0945549262;0.1548688803;0.1107238174
16.6500358852;-2.0152349573;-2.1042550811;-1.6406854241;-2.4251879205;-2.0151070701;0.1109619342;0.1169738138;0.0945549262;0.1548688803;0.1107244144
16.6600358637;-2.0151070701;-2.1042550811;-1.6406854241;-2.4251879205;-2.0328408142;0.1109619342;0.1169738138;0.0945549262;0.1548688803;0.1117256308
16.6700358423;-2.0151070701;-2.1042550811;-1.6406854241;-2.4251879205;-1.9974690696;0.1109619342;0.1169738138;0.0945549262;0.1548688803;0.1117256308
16.6800358209;-2.0151070701;-2.1220846833;-1.6405790422;-2.4074540620;-2.0329366723;0.1109619342;0.1169738138;0.0945549262;0.1548688803;0.1117256308
16.6900357995;-2.0151070701;-2.1220846833;-1.6405791056;-2.4250922339;-2.0328409857;0.1109619342;0.1169738138;0.0945549262;0.1548682850;0.1117256308
16.7000357782;-2.0152345762;-2.1220846833;-1.6406854241;-2.4073583183;-2.0329366723;0.1109619342;0.1169738138;0.0945549262;0.1538675329;0.1117256308
16.7100357569;-2.0152345003;-2.1220846833;-1.6406854241;-2.4250923479;-2.0328410997;0.1109619342;0.1169773865;0.0955576788;0.1538675329;0.1117256308
16.7200357356;-2.0151070701;-2.1219361032;-1.6407915527;-2.4250924048;-2.0329366723;0.1109619342;0.1179735900;0.0955576788;0.1538675329;0.1117256308
16.7300357143;-2.0329366723;-2.1220846833;-1.6406854241;-2.4073583183;-2.0329366723;0.1109619342;0.1179735900;0.0955576788;0.1538675329;0.1117256308
16.7400356930;-2.0329366723;-2.1220846833;-1.6407914265;-2.4073583183;-2.0329366723;0.1109619342;0.1179735900;0.0955576788;0.1538675329;0.1117256308
16.7500356718;-2.0152341974;-2.1220846833;-1.6406854241;-2.4074536638;-2.0329366723;0.1109619342;0.1179735900;0.0955576788;0.1538675329;0.1117262242
16.7600356506;-2.0329366723;-2.1220846833;-1.6406854241;-2.4073583183;-2.0329366723;0.1109619342;0.1179735900;0.0955576788;0.1538675329;0.1127274263
16.7700356295;-2.0329366723;-2.1399142855;-1.6406854241;-2.4073583183;-2.0329366723;0.1109619342;0.1179735900;0.0955576788;0.1538675329;0.1127274263
16.7800356083;-2.0152339712;-2.1399142855;-1.6406854241;-2.4073583183;-2.0329366723;0.1109619342;0.1179735900;0.0955576788;0.1538675329;0.1127274263
16.7900355872;-2.0329366723;-2.1222326468;-1.6407911123;-2.4073583183;-2.0329366723;0.1109619342;0.1179735900;0.0955576788;0.1538675329;0.1127274263
16.8000355661;-2.0329366723;-2.1222325591;-1.6585150263;-2.4074533814;-2.0329366723;0.1109654874;0.1179735900;0.0955576788;0.1538675329;0.1127274263
16.8100355450;-2.0329366723;-2.1399142855;-1.6585150263;-2.4073583183;-2.0329366723;0.1119615912;0.1179771416;0.0955576788;0.1538675329;0.1127274263
16.8200355240;-2.0329366723;-2.1399142855;-1.6584095257;-2.4073583183;-2.0329366723;0.1119615912;0.1189733662;0.0955576788;0.1538675329;0.1127274263
16.8300355030;-2.0329366723;-2.1399142855;-1.6585150263;-2.4073583183;-2.0329366723;0.1119615912;0.1189733662;0.0955576788;0.1538669425;0.1127274263
16.8400354820;-2.0329366723;-2.1399142855;-1.6407908000;-2.4073583183;-2.0329366723;0.1119615912;0.1189733662;0.0955576788;0.1528662102;0.1127274263
16.8500354610;-2.0329366723;-2.1400617246;-1.6585150263;-2.4073583183;-2.0506714922;0.1119615912;0.1189733662;0.0955576788;0.1528662102;0.1127274263
16.8600354400;-2.0329366723;-2.1575965356;-1.6585150263;-2.4073583183;-2.0329366723;0.1119615912;0.1189733662;0.0955576788;0.1528662102;0.1127274263
16.8700354191;-2.0330628996;-2.1400615506;-1.6585150263;-2.4072636479;-2.0329366723;0.1119615912;0.1189733662;0.0955576788;0.1528662102;0.1127274263
16.8800353982;-2.0329366723;-2.1577438876;-1.6585150263;-2.4073583183;-2.0507662745;0.1119615912;0.1189733662;0.0955576788;0.1528662102;0.1127274263
16.8900353774;-2.0329366723;-2.1577438876;-1.6585150263;-2.4072637595;-2.0330312312;0.1119615912;0.1189769010;0.0955576788;0.1528662102;0.1127274263
16.9000353565;-2.0506402702;-2.1400612904;-1.6585150263;-2.4072638151;-2.0330311755;0.1119615912;0.1199731423;0.0955576788;0.1528662102;0.1127274263
16.9100353357;-2.0330626024;-2.1577438876;-1.6585150263;-2.3896231637;-2.0507662745;0.1119615912;0.1199731423;0.0955576788;0.1528662102;0.1127274263
16.9200353149;-2.0330625283;-2.1400611175;-1.6585150263;-2.4073583183;-2.0506718825;0.1119615912;0.1199731423;0.0955576788;0.1528662102;0.1127274263
16.9300352941;-2.0330624543;-2.1577438876;-1.6585150263;-2.4073583183;-2.0507662745;0.1119615912;0.1199731423;0.0955576788;0.1528662102;0.1127274263
16.9400352734;-2.0329366723;-2.1575972282;-1.6585150263;-2.4073583183;-2.0507662745;0.1119615912;0.1199731423;0.0955576788;0.1528656236;0.1127274263
16.9500352526;-2.0507662745;-2.1400608588;-1.6585150263;-2.4073583183;-2.0330308980;0.1119615912;0.1199731423;0.0955576788;0.1518649067;0.1127274263
16.9600352319;-2.0329366723;-2.1577438876;-1.6585150263;-2.4073583183;-2.0507662745;0.1119615912;0.1199731423;0.0955576788;0.1518649067;0.1127274263
16.9700352113;-2.0329366723;-2.1577438876;-1.6585150263;-2.3895287161;-2.0507662745;0.1119615912;0.1199731423;0.0955576788;0.1518649067;0.1127274263
16.9800351906;-2.0329366723;-2.1577438876;-1.6585150263;-2.3896227762;-2.0507662745;0.1119615912;0.1199731423;0.0955576788;0.1518649067;0.1127274263
16.9900351700;-2.0506409346;-2.1577438876;-1.6762401785;-2.3895287161;-2.0507662745;0.1119615912;0.1199731423;0.0955576788;0.1518649067;0.1127274263
17.0000351494;-2.0506410080;-2.1577438876;-1.6585150263;-2.3895287161;-2.0507662745;0.1119615912;0.1199731423;0.0965603703;0.1518649067;0.1127274263
17.0100351288;-2.0330618655;-2.1577438876;-1.6586193540;-2.3896226111;-2.0506723796;0.1119615912;0.1199731423;0.0965603703;0.1518649067;0.1127274263
17.0200351083;-2.0330617923;-2.1577438876;-1.6585150263;-2.3895287161;-2.0508601145;0.1119615912;0.1199731423;0.0965603703;0.1518649067;0.1127274263
17.0300350877;-2.0506412276;-2.1577438876;-1.6585150263;-2.3895287161;-2.0507662745;0.1119615912;0.1199731423;0.0965603703;0.1518649067;0.1127274263
17.0400350672;-2.0330616461;-2.1577438876;-1.6762404836;-2.3895287161;-2.0508600049;0.1119615912;0.1199731423;0.0965603703;0.1518649067;0.1127274263
17.0500350467;-2.0329366723;-2.1754277721;-1.6586191103;-2.3895287161;-2.0685022010;0.1119615912;0.1199731423;0.0965603703;0.1518649067;0.1127274263
17.0600350263;-2.0329366723;-2.1577438876;-1.6586190496;-2.3895287161;-2.0507662745;0.1119615912;0.1199731423;0.0965603703;0.1518649067;0.1127274263
17.0700350058;-2.0506415193;-2.1577438876;-1.6763446285;-2.3895287161;-2.0685023103;0.1119615912;0.1199731423;0.0965603703;0.1518649067;0.1127274263
17.0800349854;-2.0507662745;-2.1578893506;-1.6763446285;-2.3895287161;-2.0507662745;0.1119615912;0.1199731423;0.0965603703;0.1518643249;0.1127274263
17.0900349650;-2.0329366723;-2.1577438876;-1.6763446285;-2.3895287161;-2.0507662745;0.1119615912;0.1199731423;0.0965603703;0.1508636273;0.1127274263
17.1000349447;-2.0507662745;-2.1577438876;-1.6763446285;-2.3895287161;-2.0508596775;0.1119615912;0.1199731423;0.0965603703;0.1508636273;0.1127280077
17.1100349243;-2.0507662745;-2.1578890967;-1.6763446285;-2.3895287161;-2.0508596232;0.1119615912;0.1199731423;0.0975630392;0.1508636273;0.1137291610
17.1200349040;-2.0507662745;-2.1578890123;-1.6586186867;-2.3894354217;-2.0508595689;0.1119615912;0.1199731423;0.0975630392;0.1508636273;0.1137291610
17.1300348837;-2.0507662745;-2.1755734898;-1.6763446285;-2.3895287161;-2.0507662745;0.1119615912;0.1199731423;0.0975630392;0.1508636273;0.1137291610
17.1400348635;-2.0506420264;-2.1577438876;-1.6764481685;-2.3895287161;-2.0685026906;0.1119615912;0.1199731423;0.0975630392;0.1508636273;0.1137291610
17.1500348432;-2.0506420985;-2.1578887596;-1.6764481084;-2.3894355842;-2.0507662745;0.1119615912;0.1199731423;0.0975630392;0.1508636273;0.1137291610
17.1600348230;-2.0508903785;-2.1578886756;-1.6763446285;-2.3894356382;-2.0508593525;0.1119615912;0.1199731423;0.0975630392;0.1508636273;0.1137291610
17.1700348028;-2.0507662745;-2.1754287858;-1.6763446285;-2.3716991140;-2.0685958767;0.1119650683;0.1199731423;0.0975630392;0.1508636273;0.1137291610
17.1800347826;-2.0507662745;-2.1578885078;-1.6764479286;-2.3894357460;-2.0685958767;0.1129612483;0.1199731423;0.0975630392;0.1508636273;0.1137297397
17.1900347625;-2.0507662745;-2.1577438876;-1.6764478688;-2.3895287161;-2.0685958767;0.1129612483;0.1199731423;0.0975630392;0.1508636273;0.1147308822
17.2000347423;-2.0506424578;-2.1577438876;-1.6940710501;-2.3717919765;-2.0685958767;0.1129612483;0.1199731423;0.0975630392;0.1508636273;0.1147308822
17.2100347222;-2.0330604174;-2.1577438876;-1.6763446285;-2.3895287161;-2.0685958767;0.1129612483;0.1199731423;0.0975630392;0.1508636273;0.1147308822
17.2200347021;-2.0507662745;-2.1755734898;-1.6941742306;-2.3895287161;-2.0863327237;0.1129612483;0.1199766098;0.0975630392;0.1508636273;0.1147308822
17.2300346821;-2.0507662745;-2.1577438876;-1.6940712289;-2.3895287161;-2.0685958767;0.1129612483;0.1209729185;0.0975630392;0.1508636273;0.1147308822
17.2400346620;-2.0507662745;-2.1754293707;-1.6764475707;-2.3717917620;-2.0863328308;0.1129612483;0.1209729185;0.0975630392;0.1508636273;0.1147314589
17.2500346420;-2.0507662745;-2.1754294538;-1.6941742306;-2.3894361216;-2.0864254789;0.1129612483;0.1209729185;0.0975630392;0.1508636273;0.1157325933
17.2600346220;-2.0684724884;-2.1755734898;-1.6764474520;-2.3894361750;-2.0864254789;0.1129612483;0.1209729185;0.0985656777;0.1508636273;0.1157325933
17.2700346021;-2.0507662745;-2.1755734898;-1.6763446285;-2.3717916018;-2.0864254789;0.1129612483;0.1209729185;0.0985656777;0.1508636273;0.1157325933
17.2800345821;-2.0507662745;-2.1755734898;-1.6764473335;-2.3716991140;-2.0864254789;0.1129612483;0.1209729185;0.0985656777;0.1508636273;0.1157331687
17.2900345622;-2.0507662745;-2.1755734898;-1.6941742306;-2.3716991140;-2.0864254789;0.1129612483;0.1209763720;0.0985656777;0.1508636273;0.1167342977
17.3000345423;-2.0508893788;-2.1755734898;-1.6764472153;-2.3716991140;-2.0864254789;0.1129612483;0.1219726947;0.0985656777;0.1508636273;0.1167342977
17.3100345224;-2.0685958767;-2.1755734898;-1.6941742306;-2.3539617869;-2.1042550811;0.1129612483;0.1219726947;0.0985656777;0.1508636273;0.1167342977
17.3200345026;-2.0684729139;-2.1755734898;-1.6941742306;-2.3716991140;-2.0864254789;0.1129612483;0.1219726947;0.0985656777;0.1508630535;0.1167342977
17.3300344828;-2.0508891666;-2.1757168640;-1.6941742306;-2.3539616809;-2.1041629120;0.1129612483;0.1219726947;0.0985656777;0.1498623883;0.1167342977
17.3400344630;-2.0507662745;-2.1757167817;-1.6941742306;-2.3716991140;-2.1042550811;0.1129612483;0.1219726947;0.0985656777;0.1498623883;0.1167342977
17.3500344432;-2.0507662745;-2.1934030920;-1.6941742306;-2.3716991140;-2.1042550811;0.1129612483;0.1219726947;0.0985656777;0.1498623883;0.1167342977
17.3600344234;-2.0508889552;-2.1934030920;-1.6941742306;-2.3716991140;-2.1042550811;0.1129646875;0.1219726947;0.0985656777;0.1498623883;0.1167342977
17.3700344037;-2.0684732662;-2.1934030920;-1.6941742306;-2.3716991140;-2.1042550811;0.1139609053;0.1219726947;0.0985656777;0.1498623883;0.1167342977
17.3800343840;-2.0685958767;-2.1934030920;-1.6941742306;-2.3716991140;-2.1042550811;0.1139609053;0.1219726947;0.0985656777;0.1498618165;0.1167342977
17.3900343643;-2.0508887446;-2.1934030920;-1.6941742306;-2.3716072614;-2.1042550811;0.1139609053;0.1219726947;0.0985656777;0.1488611591;0.1167342977
17.4000343446;-2.0685958767;-2.1934030920;-1.6941742306;-2.3716991140;-2.1042550811;0.1139609053;0.1219726947;0.0985656777;0.1488611591;0.1167342977
17.4100343249;-2.0685958767;-2.1934030920;-1.6941742306;-2.3538695118;-2.1042550811;0.1139609053;0.1219726947;0.0985656777;0.1488611591;0.1167342977
17.4200343053;-2.0685958767;-2.2110900574;-1.6941742306;-2.3538695118;-2.1042550811;0.1139609053;0.1219726947;0.0985656777;0.1488611591;0.1167348685
17.4300342857;-2.0685958767;-2.1934030920;-1.6941742306;-2.3538695118;-2.1042550811;0.1139609053;0.1219726947;0.0985656777;0.1488611591;0.1177359790
17.4400342661;-2.0685958767;-2.1934030920;-1.6941742306;-2.3538695118;-2.1042550811;0.1139609053;0.1219726947;0.0985656777;0.1488611591;0.1177359790
17.4500342466;-2.0685958767;-2.1934030920;-1.6941742306;-2.3538695118;-2.1042550811;0.1139609053;0.1219726947;0.0985656777;0.1488611591;0.1177359790
17.4600342270;-2.0687178580;-2.1934030920;-1.6940725796;-2.3538695118;-2.1042550811;0.1139609053;0.1219726947;0.0985656777;0.1488611591;0.1177359790
17.4700342075;-2.0685958767;-2.1934030920;-1.7119022397;-2.3538695118;-2.1220846833;0.1139643230;0.1219726947;0.0985656777;0.1488611591;0.1177359790
17.4800341880;-2.0685958767;-2.1934030920;-1.6941742306;-2.3538695118;-2.1219933015;0.1149605624;0.1219726947;0.0985656777;0.1488605906;0.1177359790
17.4900341686;-2.0863037058;-2.1934030920;-1.6941742306;-2.3538695118;-2.1220846833;0.1149605624;0.1219726947;0.0995682707;0.1478599464;0.1177359790
17.5000341491;-2.0685958767;-2.1934030920;-1.6942756505;-2.3538695118;-2.1043463589;0.1149605624;0.1219761069;0.0995682707;0.1478599464;0.1177359790
17.5100341297;-2.0687175113;-2.2110907872;-1.6941742306;-2.3538695118;-2.1219934573;0.1149605624;0.1229724709;0.0995682707;0.1478599464;0.1177359790
17.5200341103;-2.0863039134;-2.1934030920;-1.6941742306;-2.3537783377;-2.1220846833;0.1149605624;0.1229724709;0.0995682707;0.1478599464;0.1177359790
17.5300340909;-2.0687173731;-2.2110909484;-1.6941742306;-2.3361310319;-2.1219935609;0.1149605624;0.1229724709;0.0995682707;0.1478599464;0.1177359790
17.5400340716;-2.0863040514;-2.2112326942;-1.6942754202;-2.3361309802;-2.1043461517;0.1149605624;0.1229724709;0.0995682707;0.1478599464;0.1177359790
17.5500340522;-2.0864254789;-2.2112326942;-1.7119027007;-2.3360399096;-2.1043461000;0.1149605624;0.1229724709;0.0995682707;0.1478599464;0.1177359790
17.5600340329;-2.0864254789;-2.2112326942;-1.6942753055;-2.3361308769;-2.1220846833;0.1149605624;0.1229724709;0.0995682707;0.1478599464;0.1177359790
17.5700340136;-2.0864254789;-2.2112326942;-1.7119028153;-2.3538695118;-2.1220846833;0.1149605624;0.1229724709;0.0995682707;0.1478599464;0.1177359790
17.5800339943;-2.0864254789;-2.2112326942;-1.7120038328;-2.3537786474;-2.1220846833;0.1149605624;0.1229724709;0.0995682707;0.1478599464;0.1177359790
17.5900339751;-2.0864254789;-2.2112326942;-1.6942751339;-2.3537786988;-2.1043458940;0.1149605624;0.1229724709;0.0995682707;0.1478599464;0.1177359790
17.6000339559;-2.0863044635;-2.2112326942;-1.7119029867;-2.3537787502;-2.1398235239;0.1149605624;0.1229724709;0.0995682707;0.1478599464;0.1177359790
17.6100339367;-2.0864254789;-2.2112326942;-1.7120038328;-2.3361306198;-2.1220846833;0.1149605624;0.1229724709;0.0995682707;0.1478599464;0.1177359790
17.6200339175;-2.0864254789;-2.2112326942;-1.6942749629;-2.3537788528;-2.1220846833;0.1149605624;0.1229724709;0.0995682707;0.1478599464;0.1177359790
17.6300338983;-2.0864254789;-2.2112326942;-1.7120038328;-2.3360399096;-2.1220846833;0.1149605624;0.1229724709;0.0995682707;0.1478593826;0.1177359790
17.6400338792;-2.0864254789;-2.2112326942;-1.7120038328;-2.3360399096;-2.1220846833;0.1149605624;0.1229724709;0.0995682707;0.1468587578;0.1177359790
17.6500338600;-2.0864254789;-2.2112326942;-1.7120038328;-2.3361304152;-2.1220846833;0.1149605624;0.1229724709;0.0995682707;0.1468587578;0.1177359790
17.6600338409;-2.1041344750;-2.2112326942;-1.7120038328;-2.3360399096;-2.1220846833;0.1149639434;0.1229724709;0.0995682707;0.1468587578;0.1177359790
17.6700338219;-2.0864254789;-2.2112326942;-1.7120038328;-2.3537791081;-2.1220846833;0.1159602195;0.1229724709;0.0995682707;0.1468587578;0.1177365417
17.6800338028;-2.1042550811;-2.2112326942;-1.7120038328;-2.3537791590;-2.1220846833;0.1159602195;0.1229724709;0.0995682707;0.1468587578;0.1187376198
17.6900337838;-2.0865458814;-2.2112326942;-1.7120038328;-2.3360399096;-2.1220846833;0.1159602195;0.1229724709;0.0995682707;0.1468587578;0.1187376198
17.7000337648;-2.0864254789;-2.2112326942;-1.7120038328;-2.3360399096;-2.1399142855;0.1159602195;0.1229724709;0.0995682707;0.1468587578;0.1187376198
17.7100337458;-2.1042550811;-2.2112326942;-1.7120038328;-2.3360399096;-2.1398240851;0.1159602195;0.1229758428;0.0995682707;0.1468587578;0.1187376198
17.7200337268;-2.1042550811;-2.2290622964;-1.7120038328;-2.3360399096;-2.1221748329;0.1159602195;0.1239722471;0.0995682707;0.1468587578;0.1187376198
17.7300337079;-2.1042550811;-2.2113728483;-1.7298334350;-2.3360399096;-2.1221747823;0.1159602195;0.1239722471;0.0995682707;0.1468587578;0.1187376198
17.7400336889;-2.1041350164;-2.2113727697;-1.7120038328;-2.3359498611;-2.1398242370;0.1159602195;0.1239722471;0.0995682707;0.1468587578;0.1187376198
17.7500336700;-2.0865454762;-2.2113726911;-1.7120038328;-2.3359499116;-2.1398242875;0.1159602195;0.1239722471;0.0995682707;0.1468587578;0.1187376198
17.7600336511;-2.0865454089;-2.2290622964;-1.7298334350;-2.3360399096;-2.1399142855;0.1159602195;0.1239722471;0.1005708116;0.1468587578;0.1187376198
17.7700336323;-2.1041352182;-2.2289224564;-1.7298334350;-2.3183002045;-2.1399142855;0.1159602195;0.1239722471;0.1005708116;0.1468587578;0.1187376198
17.7800336134;-2.1042550811;-2.2289225347;-1.7298334350;-2.3360399096;-2.1399142855;0.1159602195;0.1239722471;0.1005708116;0.1468581988;0.1187376198
17.7900335946;-2.1041353523;-2.2113723777;-1.7297336611;-2.3182103074;-2.1399142855;0.1159602195;0.1239722471;0.1005708116;0.1458575931;0.1187376198
17.8000335758;-2.1042550811;-2.2290622964;-1.7297337169;-2.3182103074;-2.1399142855;0.1159602195;0.1239756020;0.1005708116;0.1458575931;0.1187376198
17.8100335570;-2.1042550811;-2.2290622964;-1.7298334350;-2.3182103074;-2.1399142855;0.1159602195;0.1249720233;0.1005708116;0.1458575931;0.1187376198
17.8200335383;-2.1042550811;-2.2290622964;-1.7298334350;-2.3182103074;-2.1399142855;0.1159602195;0.1249720233;0.1005708116;0.1458575931;0.1187376198
17.8300335196;-2.0865449402;-2.2290622964;-1.7298334350;-2.3182103074;-2.1399142855;0.1159602195;0.1249720233;0.1005708116;0.1458575931;0.1187376198
17.8400335008;-2.1041356864;-2.2290622964;-1.7298334350;-2.3182103074;-2.1399142855;0.1159602195;0.1249720233;0.1005708116;0.1458575931;0.1187376198
17.8500334821;-2.1042550811;-2.2467526825;-1.7475635972;-2.3182103074;-2.1399142855;0.1159602195;0.1249720233;0.1015733356;0.1458575931;0.1187376198
17.8600334635;-2.1041358195;-2.2290622964;-1.7298334350;-2.3182103074;-2.1399142855;0.1159635628;0.1249720233;0.1015733356;0.1458575931;0.1187376198
17.8700334448;-2.1042550811;-2.2290622964;-1.7298334350;-2.3182103074;-2.1399142855;0.1169598765;0.1249753651;0.1015733356;0.1458575931;0.1187376198
17.8800334262;-2.1041359523;-2.2467529151;-1.7298334350;-2.3182103074;-2.1399142855;0.1169598765;0.1259717995;0.1015733356;0.1458570372;0.1187376198
17.8900334076;-2.1042550811;-2.2467529924;-1.7298334350;-2.3182103074;-2.1399142855;0.1169598765;0.1259717995;0.1015733356;0.1448564440;0.1187376198
17.9000333890;-2.1042550811;-2.2468918986;-1.7476630372;-2.3182103074;-2.1399142855;0.1169598765;0.1259717995;0.1015733356;0.1448564440;0.1187376198
17.9100333704;-2.1042550811;-2.2468918986;-1.7475639288;-2.3182103074;-2.1399142855;0.1169598765;0.1259717995;0.1015733356;0.1448564440;0.1187381751
17.9200333519;-2.1042550811;-2.2468918986;-1.7476630372;-2.3182103074;-2.1222629793;0.1169598765;0.1259717995;0.1025758465;0.1448564440;0.1197392229
17.9300333333;-2.1042550811;-2.2468918986;-1.7476630372;-2.3181212089;-2.1576547891;0.1169598765;0.1259717995;0.1025758465;0.1448564440;0.1197392229
17.9400333148;-2.1043738132;-2.2468918986;-1.7476630372;-2.3003807052;-2.1399142855;0.1169598765;0.1259717995;0.1025758465;0.1448564440;0.1197392229
17.9500332963;-2.1043737473;-2.2468918986;-1.7476630372;-2.3004697049;-2.1399142855;0.1169598765;0.1259717995;0.1025758465;0.1448564440;0.1197392229
17.9600332779;-2.1220846833;-2.2468918986;-1.7476630372;-2.3182103074;-2.1399142855;0.1169598765;0.1259717995;0.1025758465;0.1448564440;0.1197392229
17.9700332594;-2.1219661485;-2.2470301892;-1.7653938605;-2.3003807052;-2.1399142855;0.1169598765;0.1259717995;0.1025758465;0.1448564440;0.1197392229
17.9800332410;-2.1219662141;-2.2647215008;-1.7299321593;-2.3003807052;-2.1576550358;0.1169598765;0.1259717995;0.1025758465;0.1448564440;0.1197392229
17.9900332226;-2.1043734846;-2.2645833633;-1.7476630372;-2.3004695079;-2.1399932212;0.1169598765;0.1259751191;0.1025758465;0.1448558915;0.1197392229
18.0000332042;-2.1219663452;-2.2645834397;-1.7476630372;-2.3003807052;-2.1577438876;0.1169598765;0.1269715756;0.1025758465;0.1438553119;0.1197392229
18.0100331858;-2.1219664106;-2.2470298834;-1.7653940789;-2.3181216029;-2.1577438876;0.1169598765;0.1269715756;0.1025758465;0.1438553119;0.1197392229
18.0200331675;-2.1220846833;-2.2647215008;-1.7476630372;-2.3003807052;-2.1576552322;0.1169598765;0.1269715756;0.1025758465;0.1438553119;0.1197397748
18.0300331492;-2.1219665412;-2.2647215008;-1.7476630372;-2.3003807052;-2.1400028920;0.1169598765;0.1269715756;0.1025758465;0.1438553119;0.1207408091
18.0400331309;-2.1220846833;-2.2647215008;-1.7476630372;-2.3003807052;-2.1577438876;0.1169598765;0.1269715756;0.1025758465;0.1438553119;0.1207408091
18.0500331126;-2.1220846833;-2.2647215008;-1.7476630372;-2.3003807052;-2.1577438876;0.1169598765;0.1269715756;0.1025758465;0.1438547613;0.1207408091
18.0600330943;-2.1220846833;-2.2647215008;-1.7477613261;-2.3003807052;-2.1577438876;0.1169598765;0.1269715756;0.1025758465;0.1428541890;0.1207408091
18.0700330761;-2.1219668016;-2.2647215008;-1.7653944047;-2.2825511030;-2.1577438876;0.1169631812;0.1269715756;0.1025758465;0.1428541890;0.1207408091
18.0800330579;-2.1219668665;-2.2647215008;-1.7476630372;-2.2825511030;-2.1577438876;0.1179595336;0.1269715756;0.1025758465;0.1428541890;0.1207408091
18.0900330396;-2.1220846833;-2.2647215008;-1.7653945128;-2.3002923912;-2.1577438876;0.1179595336;0.1269715756;0.1025758465;0.1428541890;0.1207408091
18.1000330215;-2.1220846833;-2.2647215008;-1.7653945668;-2.2825511030;-2.1577438876;0.1179595336;0.1269715756;0.1025758465;0.1428541890;0.1207408091
18.1100330033;-2.1220846833;-2.2647215008;-1.7476630372;-2.2825511030;-2.1577438876;0.1179595336;0.1269715756;0.1025758465;0.1428541890;0.1207408091
18.1200329852;-2.1220846833;-2.2647215008;-1.7654926394;-2.2825511030;-2.1577438876;0.1179595336;0.1269715756;0.1025758465;0.1428541890;0.1207408091
18.1300329670;-2.1397967922;-2.2647215008;-1.7654926394;-2.2825511030;-2.1578320076;0.1179595336;0.1269715756;0.1025758465;0.1428541890;0.1207408091
18.1400329489;-2.1397968567;-2.2647215008;-1.7654926394;-2.2825511030;-2.1755734898;0.1179595336;0.1269715756;0.1025758465;0.1428541890;0.1207408091
18.1500329308;-2.1222020476;-2.2647215008;-1.7654926394;-2.2825511030;-2.1577438876;0.1179628238;0.1269715756;0.1035783151;0.1428541890;0.1207408091
18.1600329128;-2.1222019833;-2.2824142530;-1.7654926394;-2.2825511030;-2.1577438876;0.1189591907;0.1269715756;0.1035783151;0.1428541890;0.1207408091
18.1700328947;-2.1397970497;-2.2647215008;-1.7654926394;-2.2825511030;-2.1755734898;0.1189591907;0.1269715756;0.1035783151;0.1428541890;0.1207408091
18.1800328767;-2.1399142855;-2.2647215008;-1.7653949965;-2.2825511030;-2.1577438876;0.1189591907;0.1269715756;0.1035783151;0.1428536423;0.1207408091
18.1900328587;-2.1399142855;-2.2647215008;-1.7476630372;-2.2825511030;-2.1755734898;0.1189591907;0.1269715756;0.1035783151;0.1418530859;0.1207408091
18.2000328407;-2.1399142855;-2.2647215008;-1.7477605733;-2.2824633205;-2.1577438876;0.1189591907;0.1269715756;0.1035783151;0.1418530859;0.1207408091
18.2100328228;-2.1399142855;-2.2647215008;-1.7654926394;-2.2648092353;-2.1754857553;0.1189591907;0.1269715756;0.1035783151;0.1418530859;0.1207408091
18.2200328048;-2.1399142855;-2.2647215008;-1.7654926394;-2.2647215008;-2.1577438876;0.1189591907;0.1269715756;0.1035783151;0.1418530859;0.1207408091
18.2300327869;-2.1399142855;-2.2647215008;-1.7654926394;-2.2648091395;-2.1577438876;0.1189591907;0.1269715756;0.1035783151;0.1418530859;0.1207408091
18.2400327690;-2.1399142855;-2.2647215008;-1.7477603604;-2.2647215008;-2.1754858990;0.1189591907;0.1269715756;0.1035783151;0.1418530859;0.1207408091
18.2500327511;-2.1399142855;-2.2824149249;-1.7477603073;-2.2647215008;-2.1577438876;0.1189591907;0.1269715756;0.1035783151;0.1418530859;0.1207408091
18.2600327332;-2.1399142855;-2.2825511030;-1.7654926394;-2.2647215008;-2.1755734898;0.1189591907;0.1269715756;0.1035783151;0.1418530859;0.1207408091
18.2700327154;-2.1576272908;-2.2824150733;-1.7654926394;-2.2647215008;-2.1754860422;0.1189591907;0.1269715756;0.1035783151;0.1418525418;0.1207408091
18.2800326975;-2.1577438876;-2.2824151474;-1.7654926394;-2.2647215008;-2.1755734898;0.1189591907;0.1269715756;0.1035783151;0.1408519962;0.1207408091
18.2900326797;-2.1576274177;-2.2824152214;-1.7653955812;-2.2647215008;-2.1578312401;0.1189591907;0.1269715756;0.1035783151;0.1408519962;0.1207408091
18.3000326619;-2.1399142855;-2.2825511030;-1.7654926394;-2.2648088057;-2.1755734898;0.1189591907;0.1269715756;0.1035783151;0.1408519962;0.1207408091
18.3100326442;-2.1400306287;-2.2647215008;-1.7654926394;-2.2647215008;-2.1755734898;0.1189591907;0.1269715756;0.1035783151;0.1408519962;0.1207408091
18.3200326264;-2.1577438876;-2.2825511030;-1.7653957394;-2.2647215008;-2.1755734898;0.1189591907;0.1269748358;0.1035783151;0.1408519962;0.1207413519
18.3300326087;-2.1577438876;-2.2825511030;-1.7477598846;-2.2647215008;-2.1755734898;0.1189591907;0.1279713518;0.1035783151;0.1408519962;0.1217423500
18.3400325910;-2.1576277339;-2.2824155903;-1.7654926394;-2.2647215008;-2.1755734898;0.1189591907;0.1279713518;0.1035783151;0.1408519962;0.1217423500
18.3500325733;-2.1400303762;-2.2825511030;-1.7654926394;-2.2647215008;-2.1754864218;0.1189591907;0.1279713518;0.1035783151;0.1408519962;0.1217423500
18.3600325556;-2.1576278599;-2.2825511030;-1.7653959496;-2.2646344800;-2.1755734898;0.1189591907;0.1279713518;0.1035783151;0.1408519962;0.1217423500
18.3700325380;-2.1577438876;-2.2648567932;-1.7654926394;-2.2647215008;-2.1754865162;0.1189591907;0.1279713518;0.1035783151;0.1408514551;0.1217423500
18.3800325203;-2.1577438876;-2.2824158839;-1.7654926394;-2.2646345742;-2.1756604164;0.1189591907;0.1279713518;0.1035783151;0.1398509213;0.1217423500
18.3900325027;-2.1577438876;-2.2647215008;-1.7654926394;-2.2646346213;-2.1756603693;0.1189591907;0.1279713518;0.1035783151;0.1398509213;0.1217423500
18.4000324851;-2.1576281110;-2.2825511030;-1.7654926394;-2.2646346683;-2.1755734898;0.1189624363;0.1279713518;0.1035783151;0.1398509213;0.1217423500
18.4100324675;-2.1578596017;-2.2825511030;-1.7654926394;-2.2646347153;-2.1755734898;0.1199588477;0.1279713518;0.1035783151;0.1398509213;0.1217423500
18.4200324500;-2.1577438876;-2.2825511030;-1.7832258654;-2.2468918986;-2.1755734898;0.1199588477;0.1279713518;0.1035783151;0.1398509213;0.1217423500
18.4300324324;-2.1577438876;-2.2825511030;-1.7654926394;-2.2646348091;-2.1755734898;0.1199588477;0.1279713518;0.1035783151;0.1398509213;0.1217423500
18.4400324149;-2.1577438876;-2.2825511030;-1.7654926394;-2.2468918986;-2.1755734898;0.1199588477;0.1279713518;0.1035783151;0.1398509213;0.1217423500
18.4500323974;-2.1754580256;-2.2825511030;-1.7654926394;-2.2646349026;-2.1755734898;0.1199588477;0.1279713518;0.1035783151;0.1398509213;0.1217423500
18.4600323799;-2.1577438876;-2.2825511030;-1.7654926394;-2.2646349493;-2.1755734898;0.1199588477;0.1279713518;0.1035783151;0.1398509213;0.1217423500
18.4700323625;-2.1577438876;-2.2825511030;-1.7654926394;-2.2468918986;-2.1755734898;0.1199588477;0.1279713518;0.1035783151;0.1398509213;0.1217423500
18.4800323450;-2.1577438876;-2.2825511030;-1.7655887041;-2.2468918986;-2.1755734898;0.1199588477;0.1279713518;0.1035783151;0.1398509213;0.1217423500
18.4900323276;-2.1577438876;-2.2825511030;-1.7832262287;-2.2468918986;-2.1933166804;0.1199588477;0.1279713518;0.1035783151;0.1398509213;0.1217423500
18.5000323102;-2.1577438876;-2.2825511030;-1.7832262803;-2.2291486615;-2.1933167269;0.1199588477;0.1279713518;0.1035783151;0.1398509213;0.1217423500
18.5100322928;-2.1577438876;-2.2826853765;-1.7654926394;-2.2468918986;-2.1933167734;0.1199588477;0.1279713518;0.1035783151;0.1398509213;0.1217423500
18.5200322754;-2.1577438876;-2.2826853043;-1.7654926394;-2.2468918986;-2.1755734898;0.1199588477;0.1279713518;0.1035783151;0.1398509213;0.1217423500
18.5300322581;-2.1578588555;-2.2825511030;-1.7654926394;-2.2468056727;-2.1755734898;0.1199588477;0.1279713518;0.1035783151;0.1398503849;0.1217423500
18.5400322407;-2.1577438876;-2.2825511030;-1.7832264865;-2.2468057190;-2.1756596694;0.1199588477;0.1279713518;0.1045807143;0.1388498698;0.1217423500
18.5500322234;-2.1577438876;-2.2826850882;-1.7832265379;-2.2290622964;-2.1933169587;0.1199588477;0.1279745717;0.1045807143;0.1388498698;0.1217423500
18.5600322061;-2.1577438876;-2.3003807052;-1.7654926394;-2.2291483835;-2.1755734898;0.1199588477;0.1289711280;0.1045807143;0.1388498698;0.1217428858
18.5700321888;-2.1577438876;-2.3002468637;-1.7832266405;-2.2468918986;-2.1934030920;0.1199588477;0.1289711280;0.1045807143;0.1388498698;0.1227438558
18.5800321716;-2.1754588300;-2.3003807052;-1.7655881893;-2.2290622964;-2.1934030920;0.1199588477;0.1289711280;0.1045807143;0.1388498698;0.1227438558
18.5900321543;-2.1754588914;-2.3003807052;-1.7832267429;-2.2290622964;-2.1934030920;0.1199588477;0.1289711280;0.1045807143;0.1388498698;0.1227438558
18.6000321371;-2.1577438876;-2.3003807052;-1.7832267941;-2.2291481992;-2.1934030920;0.1199588477;0.1289711280;0.1045807143;0.1388498698;0.1227438558
18.6100321199;-2.1755734898;-2.3003807052;-1.7833222416;-2.2291481532;-2.1934030920;0.1199588477;0.1289743376;0.1045807143;0.1388498698;0.1227438558
18.6200321027;-2.1577438876;-2.3003807052;-1.7833222416;-2.2290622964;-2.1756593008;0.1199588477;0.1299709042;0.1045807143;0.1388498698;0.1228868059
18.6300320856;-2.1754591364;-2.3003807052;-1.7655879339;-2.2290622964;-2.1934030920;0.1199588477;0.1299709042;0.1045807143;0.1388498698;0.1237458884
18.6400320684;-2.1577438876;-2.3003807052;-1.7833222416;-2.2468061794;-2.1934030920;0.1199620518;0.1299709042;0.1045807143;0.1388498698;0.1237458884
18.6500320513;-2.1577438876;-2.3180770375;-1.7833222416;-2.2290622964;-2.1934030920;0.1209585048;0.1299709042;0.1045807143;0.1388498698;0.1237458884
18.6600320342;-2.1578580580;-2.3003807052;-1.7655877814;-2.2468062708;-2.1934030920;0.1209585048;0.1299709042;0.1045807143;0.1388498698;0.1237458884
18.6700320171;-2.1755734898;-2.3180771797;-1.7833222416;-2.2290622964;-2.2111471121;0.1209585048;0.1299709042;0.1045807143;0.1388498698;0.1237458884
18.6800320000;-2.1577438876;-2.3182103074;-1.7833222416;-2.2291478329;-2.1934886285;0.1209585048;0.1299709042;0.1045807143;0.1388498698;0.1237458884
18.6900319829;-2.1755734898;-2.3182103074;-1.7833222416;-2.2291477873;-2.1934030920;0.1209585048;0.1299709042;0.1045807143;0.1388498698;0.1237464206
18.7000319659;-2.1754595627;-2.3182103074;-1.7833222416;-2.2290622964;-2.2112326942;0.1209585048;0.1299740984;0.1045807143;0.1388498698;0.1247473755
18.7100319489;-2.1755734898;-2.3182103074;-1.7655875282;-2.2290622964;-2.2112326942;0.1209585048;0.1309706804;0.1045807143;0.1388498698;0.1247473755
18.7200319319;-2.1755734898;-2.3359071359;-1.7833222416;-2.2290622964;-2.1934030920;0.1209585048;0.1309706804;0.1045807143;0.1388498698;0.1247473755
18.7300319149;-2.1755734898;-2.3182103074;-1.7833222416;-2.2290622964;-2.2112326942;0.1209585048;0.1309706804;0.1045807143;0.1388498698;0.1247473755
18.7400318979;-2.1931757220;-2.3183429399;-1.7833222416;-2.2290622964;-2.2112326942;0.1209585048;0.1309706804;0.1045807143;0.1388498698;0.1247473755
18.7500318810;-2.1755734898;-2.3360399096;-1.7833222416;-2.2290622964;-2.2113179127;0.1209585048;0.1309706804;0.1045807143;0.1388498698;0.1247473755
18.7600318640;-2.1755734898;-2.3360399096;-1.7833222416;-2.2290622964;-2.2290622964;0.1209585048;0.1309738644;0.1045807143;0.1388498698;0.1247473755
18.7700318471;-2.1755734898;-2.3360399096;-1.7833222416;-2.2290622964;-2.2113178223;0.1209616867;0.1319704566;0.1055830741;0.1388498698;0.1247473755
18.7800318302;-2.1755734898;-2.3360399096;-1.8010573072;-2.2290622964;-2.2289772135;0.1219581619;0.1319704566;0.1055830741;0.1388498698;0.1247473755
18.7900318134;-2.1755734898;-2.3360399096;-1.7833222416;-2.2290622964;-2.2113177321;0.1219581619;0.1319704566;0.1055830741;0.1388498698;0.1247473755
18.8000317965;-2.1755734898;-2.3360399096;-1.7833222416;-2.2290622964;-2.2289773036;0.1219581619;0.1319704566;0.1055830741;0.1388498698;0.1247473755
18.8100317797;-2.1756867536;-2.3360399096;-1.7833222416;-2.2290622964;-2.2289773486;0.1219581619;0.1319704566;0.1055830741;0.1388498698;0.1247473755
18.8200317628;-2.1755734898;-2.3360399096;-1.7833222416;-2.2113175971;-2.2290622964;0.1219581619;0.1319704566;0.1055830741;0.1388498698;0.1247473755
18.8300317460;-2.1934030920;-2.3360399096;-1.7833222416;-2.2290622964;-2.2289774384;0.1219581619;0.1319704566;0.1055830741;0.1388493419;0.1247473755
18.8400317292;-2.1934030920;-2.3360399096;-1.7833222416;-2.2290622964;-2.2290622964;0.1219581619;0.1319736271;0.1055830741;0.1378488612;0.1247473755
18.8500317125;-2.1934030920;-2.3361717714;-1.7834164286;-2.2113174625;-2.2290622964;0.1219581619;0.1329702328;0.1055830741;0.1378488612;0.1247473755
18.8600316957;-2.1934030920;-2.3538695118;-1.7834163789;-2.2290622964;-2.2290622964;0.1219613287;0.1329702328;0.1055830741;0.1378488612;0.1247473755
18.8700316790;-2.1934030920;-2.3538695118;-1.7834163292;-2.2289776176;-2.2113173731;0.1229578189;0.1329702328;0.1055830741;0.1378488612;0.1247473755
18.8800316623;-2.1934030920;-2.3538695118;-1.8011518438;-2.2290622964;-2.2290622964;0.1229578189;0.1329702328;0.1055830741;0.1378488612;0.1247473755
18.8900316456;-2.1934030920;-2.3538695118;-1.8010578554;-2.2113172838;-2.2290622964;0.1229578189;0.1329702328;0.1055830741;0.1378488612;0.1247473755
18.9000316289;-2.2111199675;-2.3538695118;-1.7834161805;-2.2112326942;-2.2290622964;0.1229578189;0.1329702328;0.1055830741;0.1378488612;0.1247479018
18.9100316122;-2.1934030920;-2.3538695118;-1.8011518438;-2.2113171947;-2.2290622964;0.1229578189;0.1329702328;0.1055830741;0.1378488612;0.1257488331
18.9200315956;-2.1934030920;-2.3538695118;-1.8011518438;-2.2289778404;-2.2468074426;0.1229578189;0.1329702328;0.1055830741;0.1378488612;0.1257488331
18.9300315789;-2.1934030920;-2.3538695118;-1.7833222416;-2.2113171058;-2.2290622964;0.1229578189;0.1329702328;0.1055830741;0.1378483360;0.1257488331
18.9400315623;-2.1934030920;-2.3715678761;-1.8011518438;-2.2112326942;-2.2290622964;0.1229578189;0.1329733866;0.1055830741;0.1368478664;0.1257488331
18.9500315457;-2.1934030920;-2.3716991140;-1.8011518438;-2.2112326942;-2.2291466193;0.1229578189;0.1339700090;0.1055830741;0.1368478664;0.1257488331
18.9600315292;-2.2112326942;-2.3715680139;-1.7834158845;-2.2289780178;-2.2290622964;0.1229578189;0.1339700090;0.1055830741;0.1368478664;0.1257488331
18.9700315126;-2.1935154045;-2.3716991140;-1.8010582501;-2.2112326942;-2.2114011629;0.1229578189;0.1339700090;0.1055830741;0.1368478664;0.1257488331
18.9800314961;-2.1934030920;-2.3716991140;-1.7834157862;-2.2112326942;-2.2291464866;0.1229578189;0.1339700090;0.1055830741;0.1368478664;0.1257488331
18.9900314795;-2.2112326942;-2.3716991140;-1.8011518438;-2.2112326942;-2.2468077526;0.1229578189;0.1339700090;0.1055830741;0.1368478664;0.1257488331
19.0000314630;-2.2113448301;-2.3716991140;-1.8011518438;-2.2112326942;-2.2291463983;0.1229578189;0.1339700090;0.1065853952;0.1368478664;0.1257488331
19.0100314465;-2.2112326942;-2.3540002684;-1.7833222416;-2.2112326942;-2.2290622964;0.1229578189;0.1339700090;0.1065853952;0.1368478664;0.1257488331
19.0200314301;-2.2112326942;-2.3716991140;-1.8011518438;-2.2112326942;-2.2291463102;0.1229578189;0.1339700090;0.1065853952;0.1368478664;0.1257493560
19.0300314136;-2.2112326942;-2.3716991140;-1.8010585439;-2.2111487244;-2.2468918986;0.1229578189;0.1339700090;0.1065853952;0.1368478664;0.1267502740
19.0400313972;-2.2112326942;-2.3716991140;-1.7834154927;-2.1934870180;-2.2468918986;0.1229578189;0.1339700090;0.1065853952;0.1368478664;0.1267502740
19.0500313808;-2.2112326942;-2.3716991140;-1.8011518438;-2.2112326942;-2.2468918986;0.1229578189;0.1339700090;0.1065853952;0.1368478664;0.1267502740
19.0600313643;-2.2112326942;-2.3716991140;-1.8011518438;-2.2112326942;-2.2468918986;0.1229578189;0.1339700090;0.1065853952;0.1368478664;0.1267502740
19.0700313480;-2.2112326942;-2.3716991140;-1.8011518438;-2.2112326942;-2.2468918986;0.1229578189;0.1339700090;0.1065853952;0.1368478664;0.1267502740
19.0800313316;-2.2112326942;-2.3716991140;-1.8011518438;-2.2111489435;-2.2468918986;0.1229578189;0.1339731398;0.1065853952;0.1368478664;0.1267502740
19.0900313152;-2.2112326942;-2.3716991140;-1.8011518438;-2.2112326942;-2.2468918986;0.1229578189;0.1349697851;0.1065853952;0.1368473456;0.1267502740
19.1000312989;-2.2112326942;-2.3716991140;-1.8011518438;-2.2112326942;-2.2468918986;0.1229578189;0.1349697851;0.1065853952;0.1358468937;0.1267502740
19.1100312826;-2.2112326942;-2.3716991140;-1.8011518438;-2.2112326942;-2.2469755184;0.1229609445;0.1349697851;0.1065853952;0.1358468937;0.1267502740
19.1200312663;-2.2112326942;-2.3895287161;-1.8189814460;-2.1934866683;-2.2469754749;0.1239574760;0.1349697851;0.1065853952;0.1358468937;0.1267502740
19.1300312500;-2.2112326942;-2.3895287161;-1.8011518438;-2.1934030920;-2.2646379680;0.1239574760;0.1349697851;0.1065853952;0.1358468937;0.1267502740
19.1400312337;-2.2112326942;-2.3895287161;-1.8188886801;-2.1934030920;-2.2469753879;0.1239574760;0.1349697851;0.1065853952;0.1358468937;0.1267502740
19.1500312175;-2.2112326942;-2.3893989114;-1.8189814460;-2.1934865379;-2.2469753445;0.1239574760;0.1349697851;0.1065853952;0.1358468937;0.1267502740
19.1600312012;-2.2112326942;-2.3895287161;-1.8011518438;-2.2111492917;-2.2469753011;0.1239574760;0.1349729029;0.1065853952;0.1358468937;0.1267502740
19.1700311850;-2.2112326942;-2.3895287161;-1.8011518438;-2.2111493350;-2.2647215008;0.1239574760;0.1359695613;0.1065853952;0.1358468937;0.1267507928
19.1800311688;-2.2112326942;-2.3895287161;-1.8188888728;-2.1934030920;-2.2647215008;0.1239574760;0.1359695613;0.1075876868;0.1358468937;0.1277516944
19.1900311526;-2.2112326942;-2.4072287831;-1.8189814460;-2.1934030920;-2.2647215008;0.1239574760;0.1359695613;0.1075876868;0.1358468937;0.1277516944
19.2000311365;-2.2112326942;-2.3895287161;-1.8188889688;-2.1934030920;-2.2469751281;0.1239574760;0.1359695613;0.1075876868;0.1358468937;0.1277516944
19.2100311203;-2.2112326942;-2.3895287161;-1.8188890167;-2.1756566762;-2.2647215008;0.1239574760;0.1359695613;0.1075876868;0.1358463762;0.1277516944
19.2200311042;-2.2113435519;-2.4072289844;-1.8011518438;-2.1934030920;-2.2647215008;0.1239574760;0.1359695613;0.1075876868;0.1348459373;0.1277516944
19.2300310881;-2.2112326942;-2.3896579831;-1.8188891125;-2.1934030920;-2.2469749988;0.1239574760;0.1359695613;0.1075876868;0.1348459373;0.1277516944
19.2400310720;-2.2290622964;-2.3896579162;-1.8189814460;-2.1934030920;-2.2646384436;0.1239574760;0.1359695613;0.1075876868;0.1348459373;0.1277516944
19.2500310559;-2.2112326942;-2.4073583183;-1.8189814460;-2.1755734898;-2.2647215008;0.1239574760;0.1359695613;0.1075876868;0.1348459373;0.1277516944
19.2600310398;-2.2290622964;-2.4072292519;-1.8011518438;-2.1756564611;-2.2647215008;0.1239574760;0.1359695613;0.1075876868;0.1348459373;0.1277522108
19.2700310238;-2.2290622964;-2.4073583183;-1.8189814460;-2.1934030920;-2.2648044292;0.1239605757;0.1359726614;0.1075876868;0.1348459373;0.1287531027
19.2800310078;-2.2113432083;-2.4073583183;-1.8189814460;-2.1934030920;-2.2647215008;0.1249571331;0.1369693375;0.1075876868;0.1348459373;0.1287531027
19.2900309917;-2.2290622964;-2.4073583183;-1.8189814460;-2.1933202493;-2.2825511030;0.1249571331;0.1369693375;0.1075876868;0.1348459373;0.1287531027
19.3000309757;-2.2290622964;-2.4073583183;-1.8188894460;-2.1933202920;-2.2825511030;0.1249571331;0.1369693375;0.1075876868;0.1348459373;0.1287531027
19.3100309598;-2.2290622964;-2.4073583183;-1.8011518438;-2.1934030920;-2.2825511030;0.1249571331;0.1369693375;0.1075876868;0.1348459373;0.1287531027
19.3200309438;-2.2290622964;-2.4073583183;-1.8189814460;-2.1933203774;-2.2824683883;0.1249571331;0.1369693375;0.1075876868;0.1348459373;0.1287531027
19.3300309278;-2.2290622964;-2.4073583183;-1.8189814460;-2.1933204200;-2.2825511030;0.1249571331;0.1369693375;0.1075876868;0.1348459373;0.1287531027
19.3400309119;-2.2113428668;-2.4073583183;-1.8189814460;-2.1755734898;-2.2825511030;0.1249571331;0.1369693375;0.1075876868;0.1348459373;0.1287531027
19.3500308960;-2.2290622964;-2.4074867869;-1.8189814460;-2.1755734898;-2.2825511030;0.1249571331;0.1369693375;0.1075876868;0.1348459373;0.1287531027
19.3600308801;-2.2290622964;-2.4073583183;-1.8189814460;-2.1755734898;-2.2825511030;0.1249571331;0.1369693375;0.1075876868;0.1348459373;0.1287531027
19.3700308642;-2.2290622964;-2.4074866548;-1.8189814460;-2.1755734898;-2.2826336050;0.1249571331;0.1369724217;0.1075876868;0.1348459373;0.1287531027
19.3800308483;-2.2290622964;-2.4251879205;-1.8189814460;-2.1755734898;-2.3002982456;0.1249571331;0.1379691137;0.1075876868;0.1348459373;0.1287531027
19.3900308325;-2.2289524067;-2.4074865230;-1.8189814460;-2.1755734898;-2.2825511030;0.1249571331;0.1379691137;0.1075876868;0.1348454245;0.1287531027
19.4000308166;-2.2290622964;-2.4250597817;-1.8189814460;-2.1755734898;-2.2826334780;0.1249571331;0.1379691137;0.1075876868;0.1338450049;0.1287531027
19.4100308008;-2.2290622964;-2.4251879205;-1.8189814460;-2.1755734898;-2.3003807052;0.1249571331;0.1379691137;0.1075876868;0.1338450049;0.1287531027
19.4200307850;-2.2290622964;-2.4073583183;-1.8188900121;-2.1755734898;-2.3003807052;0.1249571331;0.1379691137;0.1075876868;0.1338450049;0.1287536149
19.4300307692;-2.2290622964;-2.4251879205;-1.8189814460;-2.1755734898;-2.2826333513;0.1249571331;0.1379691137;0.1075876868;0.1338450049;0.1297544896
19.4400307535;-2.2290622964;-2.4251879205;-1.8012431840;-2.1755734898;-2.3002984990;0.1249571331;0.1379691137;0.1075876868;0.1338450049;0.1297544896
19.4500307377;-2.2290622964;-2.4251879205;-1.8189814460;-2.1755734898;-2.3002985411;0.1249571331;0.1379691137;0.1075876868;0.1338450049;0.1297544896
19.4600307220;-2.2290622964;-2.4253156659;-1.8367198015;-2.1578260097;-2.2825511030;0.1249571331;0.1379691137;0.1075876868;0.1338450049;0.1297544896
19.4700307062;-2.2467824586;-2.4253156005;-1.8189814460;-2.1754914098;-2.3002986252;0.1249571331;0.1379691137;0.1075876868;0.1338450049;0.1297544896
19.4800306905;-2.2290622964;-2.4253155353;-1.8189814460;-2.1755734898;-2.2826331410;0.1249571331;0.1379691137;0.1075876868;0.1338450049;0.1297544896
19.4900306748;-2.2291716246;-2.4430175227;-1.8189814460;-2.1579078799;-2.2825511030;0.1249571331;0.1379691137;0.1075876868;0.1338450049;0.1297544896
19.5000306592;-2.2290622964;-2.4430175227;-1.8190725063;-2.1755734898;-2.3002987509;0.1249571331;0.1379721774;0.1075876868;0.1338450049;0.1297544896
19.5100306435;-2.2290622964;-2.4428901034;-1.8189814460;-2.1755734898;-2.3003807052;0.1249601948;0.1389688899;0.1075876868;0.1338450049;0.1297544896
19.5200306279;-2.2291714572;-2.4430175227;-1.8190724134;-2.1577438876;-2.3002988346;0.1259567901;0.1389688899;0.1075876868;0.1338450049;0.1297544896
19.5300306122;-2.2290622964;-2.4430175227;-1.8189814460;-2.1577438876;-2.2825511030;0.1259567901;0.1389688899;0.1075876868;0.1338450049;0.1297544896
19.5400305966;-2.2468918986;-2.4430175227;-1.8189814460;-2.1578256748;-2.3002989180;0.1259567901;0.1389688899;0.1075876868;0.1338450049;0.1297544896
19.5500305810;-2.2468918986;-2.4431446824;-1.8189814460;-2.1755734898;-2.3002989597;0.1259567901;0.1389688899;0.1075876868;0.1338450049;0.1297544896
19.5600305655;-2.2468918986;-2.4430175227;-1.8190722281;-2.1577438876;-2.2825511030;0.1259567901;0.1389688899;0.1075876868;0.1338450049;0.1297544896
19.5700305499;-2.2467830155;-2.4430175227;-1.8367203123;-2.1577438876;-2.3003807052;0.1259567901;0.1389688899;0.1075876868;0.1338450049;0.1297544896
19.5800305344;-2.2290622964;-2.4430175227;-1.8189814460;-2.1754918691;-2.3003807052;0.1259567901;0.1389688899;0.1075876868;0.1338450049;0.1297544896
19.5900305188;-2.2468918986;-2.4430175227;-1.8189814460;-2.1577438876;-2.3003807052;0.1259567901;0.1389688899;0.1075876868;0.1338450049;0.1297544896
19.6000305033;-2.2467831815;-2.4430175227;-1.8190720436;-2.1577438876;-2.3003807052;0.1259567901;0.1389688899;0.1075876868;0.1338450049;0.1297544896
19.6100304878;-2.2468918986;-2.4430175227;-1.8367204966;-2.1755734898;-2.2826325994;0.1259567901;0.1389688899;0.1075876868;0.1338450049;0.1297544896
19.6200304723;-2.2468918986;-2.4430175227;-1.8189814460;-2.1577438876;-2.2826325580;0.1259567901;0.1389719349;0.1075876868;0.1338450049;0.1297544896
19.6300304569;-2.2468918986;-2.4431441663;-1.8190719057;-2.1578253014;-2.3003807052;0.1259567901;0.1399686661;0.1075876868;0.1338444984;0.1297544896
19.6400304414;-2.2468918986;-2.4431441020;-1.8189814460;-2.1577438876;-2.3003807052;0.1259567901;0.1399686661;0.1075876868;0.1328441039;0.1297549961
19.6500304260;-2.2468918986;-2.4607206097;-1.8368110482;-2.1577438876;-2.3003807052;0.1259567901;0.1399686661;0.1085899038;0.1328441039;0.1307558479
19.6600304105;-2.2470002852;-2.4430175227;-1.8189814460;-2.1754921999;-2.3181290174;0.1259567901;0.1399686661;0.1085899038;0.1328441039;0.1307558479
19.6700303951;-2.2646131690;-2.4608471249;-1.8367207717;-2.1577438876;-2.3003807052;0.1259567901;0.1399686661;0.1085899038;0.1328441039;0.1307558479
19.6800303797;-2.2468918986;-2.4431438458;-1.8367208174;-2.1578250953;-2.3004619129;0.1259567901;0.1399686661;0.1085899038;0.1328441039;0.1307558479
19.6900303644;-2.2468918986;-2.4608471249;-1.8367208630;-2.1577438876;-2.3182103074;0.1259598240;0.1399686661;0.1085899038;0.1328441039;0.1307558479
19.7000303490;-2.2468918986;-2.4608471249;-1.8368110482;-2.1578250132;-2.3182103074;0.1269564472;0.1399686661;0.1085899038;0.1328441039;0.1307558479
19.7100303337;-2.2291704092;-2.4608471249;-1.8368110482;-2.1754924052;-2.3182103074;0.1269564472;0.1399686661;0.1085899038;0.1328441039;0.1307558479
19.7200303183;-2.2468918986;-2.4785506592;-1.8367209997;-2.1578249313;-2.3182103074;0.1269564472;0.1399686661;0.1085899038;0.1328441039;0.1307558479
19.7300303030;-2.2469999023;-2.4608471249;-1.8368110482;-2.1577438876;-2.3182103074;0.1269564472;0.1399716942;0.1085899038;0.1328436000;0.1307558479
19.7400302877;-2.2468918986;-2.4608471249;-1.8368110482;-2.1577438876;-2.3182912692;0.1269564472;0.1409684423;0.1085899038;0.1318432158;0.1307558479
19.7500302725;-2.2468918986;-2.4608471249;-1.8368110482;-2.1577438876;-2.3182103074;0.1269564472;0.1409684423;0.1085899038;0.1318432158;0.1307558479
19.7600302572;-2.2647215008;-2.4609729386;-1.8368110482;-2.1576630074;-2.3182103074;0.1269564472;0.1409684423;0.1085899038;0.1318432158;0.1307558479
19.7700302419;-2.2647215008;-2.4609728753;-1.8367212265;-2.1399142855;-2.3182103074;0.1269564472;0.1409684423;0.1085899038;0.1318432158;0.1307558479
19.7800302267;-2.2646137691;-2.4786767271;-1.8368110482;-2.1577438876;-2.3182103074;0.1269564472;0.1409684423;0.1085899038;0.1318432158;0.1307558479
19.7900302115;-2.2646138233;-2.4786767271;-1.8368110482;-2.1577438876;-2.3359591514;0.1269564472;0.1409684423;0.1085899038;0.1318432158;0.1307558479
19.8000301963;-2.2468918986;-2.4786767271;-1.8368110482;-2.1577438876;-2.3182910249;0.1269564472;0.1409684423;0.1085899038;0.1318427136;0.1307558479
19.8100301811;-2.2469994679;-2.4786767271;-1.8368110482;-2.1577438876;-2.3182103074;0.1269564472;0.1409714582;0.1095920962;0.1308423366;0.1307558479
19.8200301659;-2.2468918986;-2.4786767271;-1.8368110482;-2.1399949218;-2.3182103074;0.1269564472;0.1419682184;0.1095920962;0.1308423366;0.1307558479
19.8300301508;-2.2646140396;-2.4786767271;-1.8368110482;-2.1399142855;-2.3182909033;0.1269564472;0.1419682184;0.1095920962;0.1308423366;0.1307563496
19.8400301356;-2.2469993058;-2.4786767271;-1.8368110482;-2.1399142855;-2.3182908628;0.1269564472;0.1419682184;0.1095920962;0.1308423366;0.1317571819
19.8500301205;-2.2468918986;-2.4786767271;-1.8368110482;-2.1399142855;-2.3182103074;0.1269564472;0.1419682184;0.1095920962;0.1308423366;0.1317571819
19.8600301054;-2.2468918986;-2.4963811465;-1.8368110482;-2.1399142855;-2.3182103074;0.1269564472;0.1419682184;0.1095920962;0.1308423366;0.1317571819
19.8700300903;-2.2468918986;-2.4786767271;-1.8368110482;-2.1399142855;-2.3182103074;0.1269564472;0.1419682184;0.1095920962;0.1308423366;0.1317571819
19.8800300752;-2.2469990906;-2.4786767271;-1.8369003748;-2.1399142855;-2.3182907014;0.1269564472;0.1419682184;0.1095920962;0.1308423366;0.1317571819
19.8900300601;-2.2646143625;-2.4965063293;-1.8368110482;-2.1399142855;-2.3182906611;0.1269564472;0.1419682184;0.1095920962;0.1308423366;0.1317571819
19.9000300451;-2.2469989833;-2.4965063293;-1.8546406504;-2.1399142855;-2.3182103074;0.1269564472;0.1419682184;0.1095920962;0.1308423366;0.1317571819
19.9100300300;-2.2468918986;-2.4965063293;-1.8368110482;-2.1399142855;-2.3182103074;0.1269564472;0.1419682184;0.1095920962;0.1308423366;0.1317571819
19.9200300150;-2.2646145232;-2.4965063293;-1.8369001962;-2.1576636544;-2.3360399096;0.1269564472;0.1419712178;0.1095920962;0.1308423366;0.1317571819
19.9300300000;-2.2468918986;-2.4965063293;-1.8369001516;-2.1399142855;-2.3360399096;0.1269564472;0.1429679946;0.1095920962;0.1308423366;0.1317571819
19.9400299850;-2.2647215008;-2.4965063293;-1.8546406504;-2.1399142855;-2.3182904604;0.1269564472;0.1429679946;0.1095920962;0.1308423366;0.1317571819
19.9500299700;-2.2469987160;-2.5142113112;-1.8546406504;-2.1399142855;-2.3360399096;0.1269564472;0.1429679946;0.1095920962;0.1308423366;0.1317571819
19.9600299551;-2.2469986627;-2.5143359315;-1.8546406504;-2.1399142855;-2.3360399096;0.1269564472;0.1429679946;0.1095920962;0.1308423366;0.1317571819
19.9700299401;-2.2647215008;-2.4966308253;-1.8546406504;-2.1399142855;-2.3360399096;0.1269564472;0.1429679946;0.1105942644;0.1308423366;0.1317571819
19.9800299252;-2.2647215008;-2.5142114976;-1.8546406504;-2.1399142855;-2.3182903006;0.1269564472;0.1429679946;0.1105942644;0.1308423366;0.1317571819
19.9900299103;-2.2647215008;-2.4966307012;-1.8546406504;-2.1399142855;-2.3360399096;0.1269564472;0.1429709835;0.1105942644;0.1308423366;0.1317571819
20.0000298954;-2.2647215008;-2.5143359315;-1.8546406504;-2.1398343719;-2.3360399096;0.1269564472;0.1439677708;0.1105942644;0.1308423366;0.1317576793
20.0100298805;-2.2647215008;-2.5143359315;-1.8546406504;-2.1221645570;-2.3360399096;0.1269564472;0.1439677708;0.1105942644;0.1308423366;0.1327584945
20.0200298656;-2.2824446576;-2.4966305156;-1.8546406504;-2.1398344514;-2.3360399096;0.1269564472;0.1439677708;0.1105942644;0.1308423366;0.1327584945
20.0300298507;-2.2647215008;-2.5143359315;-1.8368997086;-2.1398344911;-2.3360399096;0.1269564472;0.1439677708;0.1105942644;0.1308423366;0.1327584945
20.0400298359;-2.2824447634;-2.5143359315;-1.8546406504;-2.1220846833;-2.3360399096;0.1269594283;0.1439677708;0.1105942644;0.1308423366;0.1327584945
20.0500298211;-2.2824448162;-2.5143359315;-1.8546406504;-2.1220846833;-2.3361196246;0.1279561043;0.1439677708;0.1105942644;0.1308423366;0.1327584945
20.0600298063;-2.2824448690;-2.5143359315;-1.8546406504;-2.1220846833;-2.3360399096;0.1279561043;0.1439677708;0.1105942644;0.1308423366;0.1327584945
20.0700297915;-2.2824449217;-2.5321655337;-1.8546406504;-2.1398346495;-2.3361195455;0.1279561043;0.1439677708;0.1105942644;0.1308423366;0.1327584945
20.0800297767;-2.2647215008;-2.5320417170;-1.8545522099;-2.1399142855;-2.3360399096;0.1279561043;0.1439707463;0.1105942644;0.1308423366;0.1327584945
20.0900297619;-2.2648275768;-2.5321655337;-1.8368994448;-2.1220846833;-2.3360399096;0.1279561043;0.1449675470;0.1105942644;0.1308423366;0.1327584945
20.1000297471;-2.2825511030;-2.5321655337;-1.8545522975;-2.1220846833;-2.3537899942;0.1279561043;0.1449675470;0.1105942644;0.1308418418;0.1327584945
20.1100297324;-2.2647215008;-2.5321655337;-1.8546406504;-2.1220846833;-2.3537900336;0.1279561043;0.1449675470;0.1105942644;0.1298414949;0.1327584945
20.1200297177;-2.2824451846;-2.5321655337;-1.8546406504;-2.1220846833;-2.3360399096;0.1279590735;0.1449675470;0.1105942644;0.1298414949;0.1327584945
20.1300297030;-2.2825511030;-2.5321655337;-1.8546406504;-2.1220846833;-2.3537901122;0.1289557613;0.1449675470;0.1105942644;0.1298414949;0.1327584945
20.1400296883;-2.2825511030;-2.5498716866;-1.8368110482;-2.1220846833;-2.3360399096;0.1289557613;0.1449675470;0.1105942644;0.1298414949;0.1327584945
20.1500296736;-2.2825511030;-2.5321655337;-1.8457732130;-2.1398349644;-2.3360399096;0.1289557613;0.1449675470;0.1105942644;0.1298414949;0.1327584945
20.1600296589;-2.2825511030;-2.5321655337;-1.8546406504;-2.1220846833;-2.3361191914;0.1289557613;0.1449675470;0.1105942644;0.1298414949;0.1327584945
20.1700296443;-2.2825511030;-2.5498718695;-1.8546406504;-2.1220846833;-2.3360399096;0.1289557613;0.1449705093;0.1105942644;0.1298414949;0.1327584945
20.1800296296;-2.3002751004;-2.5322887392;-1.8546406504;-2.1220846833;-2.3538695118;0.1289557613;0.1459673232;0.1105942644;0.1298410021;0.1327584945
20.1900296150;-2.2826566556;-2.5499951359;-1.8546406504;-2.1043342456;-2.3360399096;0.1289557613;0.1459673232;0.1105942644;0.1288406630;0.1327584945
20.2000296004;-2.2825511030;-2.5322886177;-1.8546406504;-2.1220846833;-2.3537903863;0.1289557613;0.1459673232;0.1105942644;0.1288406630;0.1327584945
20.2100295858;-2.2825511030;-2.5499951359;-1.8546406504;-2.1220846833;-2.3538695118;0.1289557613;0.1459673232;0.1105942644;0.1288406630;0.1327584945
20.2200295712;-2.3002753085;-2.5499951359;-1.8546406504;-2.1220056358;-2.3538695118;0.1289557613;0.1459673232;0.1105942644;0.1288406630;0.1327584945
20.2300295567;-2.2826564478;-2.5499951359;-1.8546406504;-2.1043340896;-2.3360399096;0.1289557613;0.1459673232;0.1105942644;0.1288406630;0.1327584945
20.2400295421;-2.3003807052;-2.5499951359;-1.8546406504;-2.1220057136;-2.3360399096;0.1289557613;0.1459673232;0.1105942644;0.1288406630;0.1327584945
20.2500295276;-2.3003807052;-2.5499951359;-1.8546406504;-2.1220057524;-2.3537905809;0.1289587116;0.1459673232;0.1105942644;0.1288406630;0.1327584945
20.2600295130;-2.3003807052;-2.5501178568;-1.8546406504;-2.1043339731;-2.3537906197;0.1299554184;0.1459673232;0.1105942644;0.1288401721;0.1327584945
20.2700294985;-2.3002755675;-2.5499951359;-1.8546406504;-2.1220058300;-2.3538695118;0.1299554184;0.1459673232;0.1105942644;0.1278398408;0.1327584945
20.2800294840;-2.2826561891;-2.5499951359;-1.8546406504;-2.1042550811;-2.3538695118;0.1299554184;0.1459673232;0.1105942644;0.1278398408;0.1327584945
20.2900294695;-2.3002756707;-2.5499951359;-1.8547281791;-2.1042550811;-2.3538695118;0.1299554184;0.1459673232;0.1115963853;0.1278398408;0.1327584945
20.3000294551;-2.3003807052;-2.5499951359;-1.8547281362;-2.0865042161;-2.3538695118;0.1299554184;0.1459673232;0.1115963853;0.1278398408;0.1327584945
20.3100294406;-2.3003807052;-2.5501175559;-1.8546406504;-2.0864254789;-2.3538695118;0.1299554184;0.1459673232;0.1115963853;0.1278393512;0.1327584945
20.3200294262;-2.3003807052;-2.5499951359;-1.8546406504;-2.0864254789;-2.3538695118;0.1299554184;0.1459673232;0.1115963853;0.1268390247;0.1327584945
20.3300294118;-2.3003807052;-2.5499951359;-1.8724702526;-2.0864254789;-2.3538695118;0.1299554184;0.1459673232;0.1115963853;0.1268390247;0.1327584945
20.3400293974;-2.3003807052;-2.5678247381;-1.8724702526;-2.1041764981;-2.3538695118;0.1299554184;0.1459673232;0.1115963853;0.1268390247;0.1327589836
20.3500293830;-2.3003807052;-2.5678247381;-1.8547279220;-2.0864254789;-2.3538695118;0.1299554184;0.1459673232;0.1115963853;0.1268390247;0.1337597655
20.3600293686;-2.3003807052;-2.5501172564;-1.8724702526;-2.0864254789;-2.3538695118;0.1299554184;0.1459702580;0.1115963853;0.1268390247;0.1337597655
20.3700293542;-2.3003807052;-2.5678247381;-1.8724702526;-2.0864254789;-2.3538695118;0.1299554184;0.1469670994;0.1115963853;0.1268390247;0.1337597655
20.3800293399;-2.3003807052;-2.5678247381;-1.8547277941;-2.0864254789;-2.3538695118;0.1299554184;0.1469670994;0.1115963853;0.1268390247;0.1337597655
20.3900293255;-2.3181057860;-2.5678247381;-1.8724702526;-2.0864254789;-2.3538695118;0.1299583485;0.1469670994;0.1115963853;0.1268390247;0.1337597655
20.4000293112;-2.3003807052;-2.5678247381;-1.8724702526;-2.0864254789;-2.3538695118;0.1309550754;0.1469670994;0.1115963853;0.1268390247;0.1337597655
20.4100292969;-2.3003807052;-2.5678247381;-1.8724702526;-2.0686741912;-2.3716991140;0.1309550754;0.1469670994;0.1115963853;0.1268390247;0.1337597655
20.4200292826;-2.3004850736;-2.5678247381;-1.8724702526;-2.0863472026;-2.3538695118;0.1309550754;0.1469670994;0.1115963853;0.1268385377;0.1337597655
20.4300292683;-2.3004850227;-2.5678247381;-1.8725571838;-2.0863472407;-2.3539477499;0.1309550754;0.1469670994;0.1125984860;0.1258382218;0.1337597655
20.4400292540;-2.3181060407;-2.5678247381;-1.8725571415;-2.0863472789;-2.3716209139;0.1309550754;0.1469700227;0.1125984860;0.1258382218;0.1337597655
20.4500292398;-2.3003807052;-2.5678247381;-1.8724702526;-2.0686740386;-2.3539476737;0.1309550754;0.1479668756;0.1125984860;0.1258382218;0.1337597655
20.4600292255;-2.3181061422;-2.5855328142;-1.8902998548;-2.0863473550;-2.3538695118;0.1309550754;0.1479668756;0.1125984860;0.1258382218;0.1337597655
20.4700292113;-2.3181061929;-2.5679462049;-1.8724702526;-2.0685958767;-2.3538695118;0.1309550754;0.1479668756;0.1125984860;0.1258382218;0.1337597655
20.4800291971;-2.3181062436;-2.5856543403;-1.8902998548;-2.0685958767;-2.3716210661;0.1309550754;0.1479668756;0.1125984860;0.1258382218;0.1337597655
20.4900291829;-2.3182103074;-2.5856543403;-1.8725569303;-2.0685958767;-2.3539475217;0.1309550754;0.1479668756;0.1125984860;0.1258382218;0.1337597655
20.5000291687;-2.3181063447;-2.5679460279;-1.8725568881;-2.0685958767;-2.3538695118;0.1309550754;0.1479668756;0.1125984860;0.1258382218;0.1337597655
20.5100291545;-2.3004846174;-2.5856543403;-1.8902998548;-2.0685958767;-2.3539474459;0.1309550754;0.1479668756;0.1136005753;0.1258382218;0.1337597655
20.5200291404;-2.3181064456;-2.5679459101;-1.8902133033;-2.0685958767;-2.3538695118;0.1309550754;0.1479668756;0.1136005753;0.1258382218;0.1337597655
20.5300291262;-2.3004845166;-2.5856543403;-1.8902998548;-2.0685958767;-2.3716991140;0.1309550754;0.1479668756;0.1136005753;0.1258382218;0.1337597655
20.5400291121;-2.3003807052;-2.5856543403;-1.8902998548;-2.0685958767;-2.3539473325;0.1309550754;0.1479668756;0.1136005753;0.1258382218;0.1337602499
20.5500290980;-2.3182103074;-2.5855333444;-1.8902998548;-2.0685958767;-2.3716213309;0.1309550754;0.1479668756;0.1136005753;0.1258382218;0.1347610127
20.5600290839;-2.3182103074;-2.5856543403;-1.8902998548;-2.0685958767;-2.3716991140;0.1309550754;0.1479697819;0.1136005753;0.1258382218;0.1347610127
20.5700290698;-2.3182103074;-2.5856543403;-1.8902998548;-2.0685958767;-2.3716214062;0.1309550754;0.1489666517;0.1136005753;0.1258382218;0.1347610127
20.5800290557;-2.3004842653;-2.5856543403;-1.8903861549;-2.0863478088;-2.3716214439;0.1309550754;0.1489666517;0.1136005753;0.1258382218;0.1347610127
20.5900290416;-2.3181067973;-2.5856543403;-1.8903861131;-2.0685182442;-2.3716991140;0.1309550754;0.1489666517;0.1136005753;0.1258382218;0.1347610127
20.6000290276;-2.3182103074;-2.5856543403;-1.8902998548;-2.0685958767;-2.3716215190;0.1309550754;0.1489666517;0.1136005753;0.1258382218;0.1347610127
20.6100290135;-2.3182103074;-2.5856543403;-1.9081294570;-2.0685958767;-2.3538695118;0.1309550754;0.1489666517;0.1136005753;0.1258382218;0.1347610127
20.6200289995;-2.3182103074;-2.5856543403;-1.8903773748;-2.0685958767;-2.3539470318;0.1309550754;0.1489666517;0.1136005753;0.1258382218;0.1347610127
20.6300289855;-2.3182103074;-2.5857748687;-1.9081294570;-2.0685958767;-2.3716991140;0.1309550754;0.1489666517;0.1136005753;0.1258382218;0.1347610127
20.6400289715;-2.3182103074;-2.5857748105;-1.9080434068;-2.0685184315;-2.3538695118;0.1309550754;0.1489666517;0.1136005753;0.1258377400;0.1347610127
20.6500289575;-2.3182103074;-2.6034839425;-1.8902998548;-2.0685184689;-2.3716217061;0.1309550754;0.1489695455;0.1136005753;0.1248374449;0.1347610127
20.6600289436;-2.3182103074;-2.5856543403;-1.8902998548;-2.0685958767;-2.3539468823;0.1309550754;0.1499664279;0.1136005753;0.1248374449;0.1347610127
20.6700289296;-2.3182103074;-2.6034839425;-1.8903857806;-2.0685958767;-2.3539468450;0.1309550754;0.1499664279;0.1136005753;0.1248374449;0.1347610127
20.6800289157;-2.3183133687;-2.6034839425;-1.8902998548;-2.0685958767;-2.3716991140;0.1309550754;0.1499664279;0.1136005753;0.1248374449;0.1347610127
20.6900289017;-2.3182103074;-2.6034839425;-1.9081294570;-2.0685958767;-2.3538695118;0.1309550754;0.1499664279;0.1136005753;0.1248374449;0.1347610127
20.7000288878;-2.3182103074;-2.6034839425;-1.8902998548;-2.0685958767;-2.3539467333;0.1309579618;0.1499664279;0.1136005753;0.1248374449;0.1347610127
20.7100288739;-2.3183132199;-2.6211934800;-1.9081294570;-2.0508434589;-2.3716991140;0.1319547325;0.1499664279;0.1136005753;0.1248374449;0.1347610127
20.7200288600;-2.3182103074;-2.6034839425;-1.8902998548;-2.0508434218;-2.3716991140;0.1319547325;0.1499664279;0.1136005753;0.1248374449;0.1347610127
20.7300288462;-2.3183131210;-2.6034839425;-1.8902998548;-2.0508433847;-2.3716991140;0.1319547325;0.1499664279;0.1136005753;0.1248369651;0.1347610127
20.7400288323;-2.3183130717;-2.6213135446;-1.9080438201;-2.0685188035;-2.3716991140;0.1319547325;0.1499664279;0.1136005753;0.1238366784;0.1347610127
20.7500288184;-2.3359371946;-2.6211937105;-1.9080438612;-2.0508433107;-2.3716991140;0.1319547325;0.1499664279;0.1136005753;0.1238366784;0.1347614922
20.7600288046;-2.3359372439;-2.6213135446;-1.8902998548;-2.0507662745;-2.3716991140;0.1319547325;0.1499664279;0.1136005753;0.1238366784;0.1357622353
20.7700287908;-2.3182103074;-2.6213135446;-1.9080439433;-2.0508432368;-2.3716991140;0.1319547325;0.1499664279;0.1136005753;0.1238366784;0.1357622353
20.7800287770;-2.3359373423;-2.6213135446;-1.9081294570;-2.0507662745;-2.3895287161;0.1319547325;0.1499664279;0.1136005753;0.1238366784;0.1357622353
20.7900287632;-2.3360399096;-2.6213135446;-1.9081294570;-2.0507662745;-2.3894518276;0.1319547325;0.1499664279;0.1136005753;0.1238362000;0.1357627139
20.8000287494;-2.3360399096;-2.6213135446;-1.9081294570;-2.0507662745;-2.3895287161;0.1319547325;0.1499664279;0.1146026240;0.1228359189;0.1367634534
20.8100287356;-2.3360399096;-2.6034839425;-1.9081294570;-2.0507662745;-2.3895287161;0.1319547325;0.1499664279;0.1146026240;0.1228359189;0.1367634534
20.8200287219;-2.3359375386;-2.6213135446;-1.9081294570;-2.0329366723;-2.3895287161;0.1319547325;0.1499664279;0.1146026240;0.1228359189;0.1367634534
20.8300287081;-2.3360399096;-2.6213135446;-1.9081294570;-2.0329366723;-2.3895287161;0.1319547325;0.1499664279;0.1146026240;0.1228359189;0.1367634534
20.8400286944;-2.3360399096;-2.6213135446;-1.9081294570;-2.0506895697;-2.3895287161;0.1319547325;0.1499664279;0.1146026240;0.1228359189;0.1367634534
20.8500286807;-2.3360399096;-2.6213135446;-1.9081294570;-2.0507662745;-2.4073583183;0.1319547325;0.1499664279;0.1146026240;0.1228359189;0.1367634534
20.8600286670;-2.3360399096;-2.6213135446;-1.9081294570;-2.0329366723;-2.3895287161;0.1319547325;0.1499664279;0.1146026240;0.1228359189;0.1367634534
20.8700286533;-2.3183124340;-2.6213135446;-1.9081294570;-2.0329366723;-2.3895287161;0.1319547325;0.1499664279;0.1146026240;0.1228359189;0.1367634534
20.8800286396;-2.3182103074;-2.6213135446;-1.8903849197;-2.0328601139;-2.4073583183;0.1319547325;0.1499664279;0.1146026240;0.1228359189;0.1367634534
20.8900286260;-2.3183123366;-2.6213135446;-1.9081294570;-2.0329366723;-2.4073583183;0.1319547325;0.1499664279;0.1146026240;0.1228359189;0.1367634534
20.9000286123;-2.3360399096;-2.6214325220;-1.9081294570;-2.0329366723;-2.3895287161;0.1319547325;0.1499664279;0.1146026240;0.1228359189;0.1367634534
20.9100285987;-2.3359379776;-2.6213135446;-1.9081294570;-2.0329366723;-2.4073583183;0.1319547325;0.1499664279;0.1146026240;0.1228354432;0.1367634534
20.9200285850;-2.3359380261;-2.6213135446;-1.9082143598;-2.0329366723;-2.4073583183;0.1319547325;0.1499664279;0.1146026240;0.1218351731;0.1367634534
20.9300285714;-2.3361417445;-2.6213135446;-1.9081294570;-2.0328602961;-2.4073583183;0.1319547325;0.1499664279;0.1146026240;0.1218351731;0.1367634534
20.9400285578;-2.3360399096;-2.6213135446;-1.9081294570;-2.0151070701;-2.4073583183;0.1319547325;0.1499664279;0.1146026240;0.1218351731;0.1367639285
20.9500285442;-2.3360399096;-2.6213135446;-1.9081294570;-2.0329366723;-2.4073583183;0.1319547325;0.1499664279;0.1146026240;0.1218346984;0.1377646542
20.9600285307;-2.3360399096;-2.6213135446;-1.9081294570;-2.0151070701;-2.4073583183;0.1319547325;0.1499664279;0.1146026240;0.1208344319;0.1377646542
20.9700285171;-2.3360399096;-2.6213135446;-1.9081294570;-2.0151070701;-2.4073583183;0.1319547325;0.1499664279;0.1146026240;0.1208344319;0.1377646542
20.9800285036;-2.3360399096;-2.6213135446;-1.9082141179;-2.0151070701;-2.4073583183;0.1319547325;0.1499664279;0.1146026240;0.1208344319;0.1377646542
20.9900284900;-2.3360399096;-2.6213135446;-1.9081294570;-2.0151070701;-2.4073583183;0.1319547325;0.1499664279;0.1146026240;0.1208344319;0.1377646542
21.0000284765;-2.3360399096;-2.6213135446;-1.9081294570;-1.9973535905;-2.4251117979;0.1319547325;0.1499664279;0.1146026240;0.1208339582;0.1377646542
21.0100284630;-2.3360399096;-2.6213135446;-1.9081294570;-1.9972774679;-2.4074344048;0.1319547325;0.1499664279;0.1146026240;0.1198336963;0.1377646542
21.0200284495;-2.3360399096;-2.6213135446;-1.9081294570;-1.9973535184;-2.4251118701;0.1319547325;0.1499664279;0.1146026240;0.1198336963;0.1377646542
21.0300284360;-2.3360399096;-2.6213135446;-1.9082139174;-2.0150310557;-2.4074343327;0.1319547325;0.1499664279;0.1146026240;0.1198336963;0.1377646542
21.0400284225;-2.3537682072;-2.6213135446;-1.9081294570;-1.9972774679;-2.4074342968;0.1319547325;0.1499664279;0.1146026240;0.1198336963;0.1377646542
21.0500284091;-2.3360399096;-2.6213135446;-1.9081294570;-1.9972774679;-2.4251879205;0.1319547325;0.1499664279;0.1146026240;0.1198332238;0.1377646542
21.0600283956;-2.3360399096;-2.6213135446;-1.9081294570;-1.9795237723;-2.4251120140;0.1319547325;0.1499664279;0.1146026240;0.1188329663;0.1377646542
21.0700283822;-2.3360399096;-2.6213135446;-1.9081294570;-1.9972774679;-2.4251879205;0.1319547325;0.1499664279;0.1146026240;0.1188329663;0.1377646542
21.0800283688;-2.3538695118;-2.6213135446;-1.9082137178;-1.9972016331;-2.4251120857;0.1319547325;0.1499664279;0.1146026240;0.1188329663;0.1377646542
21.0900283554;-2.3360399096;-2.6213135446;-1.9259590591;-1.9794478657;-2.4251121216;0.1319547325;0.1499664279;0.1146026240;0.1188329663;0.1377646542
21.1000283420;-2.3361409271;-2.6213135446;-1.9082136383;-1.9794478657;-2.4251879205;0.1319547325;0.1499664279;0.1146026240;0.1188329663;0.1377646542
21.1100283286;-2.3360399096;-2.6213135446;-1.9258749176;-1.9972774679;-2.4251121931;0.1319547325;0.1499664279;0.1146026240;0.1188329663;0.1377646542
21.1200283152;-2.3360399096;-2.6213135446;-1.9081294570;-1.9972017762;-2.4251879205;0.1319547325;0.1499664279;0.1146026240;0.1188329663;0.1377646542
21.1300283019;-2.3361407843;-2.6214312318;-1.9082135192;-1.9795235217;-2.4251879205;0.1319575604;0.1499664279;0.1146026240;0.1188329663;0.1377651252
21.1400282885;-2.3360399096;-2.6390255152;-1.9082134796;-1.9794478657;-2.4251879205;0.1329543896;0.1499664279;0.1156046263;0.1188329663;0.1387658337
21.1500282752;-2.3360399096;-2.6213135446;-1.9082134400;-1.9794478657;-2.4074339031;0.1329543896;0.1499664279;0.1156046263;0.1188329663;0.1387658337
21.1600282619;-2.3360399096;-2.6213135446;-1.9081294570;-1.9794478657;-2.4251879205;0.1329543896;0.1499664279;0.1156046263;0.1188329663;0.1387658337
21.1700282486;-2.3360399096;-2.6213135446;-1.9258751551;-1.9794478657;-2.4251879205;0.1329543896;0.1499664279;0.1156046263;0.1188329663;0.1387658337
21.1800282353;-2.3360399096;-2.6213135446;-1.9082133215;-1.9794478657;-2.4251879205;0.1329543896;0.1499664279;0.1156046263;0.1188329663;0.1387658337
21.1900282220;-2.3360399096;-2.6213135446;-1.9259590591;-1.9794478657;-2.4251879205;0.1329543896;0.1499664279;0.1156046263;0.1188329663;0.1387658337
21.2000282087;-2.3360399096;-2.6213135446;-1.9259590591;-1.9794478657;-2.4251879205;0.1329543896;0.1499664279;0.1156046263;0.1188329663;0.1387658337
21.2100281955;-2.3360399096;-2.6213135446;-1.9259590591;-1.9794478657;-2.4251879205;0.1329543896;0.1499664279;0.1156046263;0.1188329663;0.1387658337
21.2200281822;-2.3361403580;-2.6213135446;-1.9258753521;-1.9793725294;-2.4251879205;0.1329543896;0.1499664279;0.1156046263;0.1188329663;0.1387658337
21.2300281690;-2.3537691104;-2.6213135446;-1.9082131247;-1.9616935645;-2.4251879205;0.1329543896;0.1499664279;0.1156046263;0.1188329663;0.1387658337
21.2400281558;-2.3360399096;-2.6213135446;-1.9259590591;-1.9616935292;-2.4429422570;0.1329543896;0.1499664279;0.1156046263;0.1188324980;0.1387658337
21.2500281426;-2.3360399096;-2.6214305697;-1.9259590591;-1.9616182635;-2.4251879205;0.1329543896;0.1499664279;0.1156046263;0.1178322575;0.1387658337
21.2600281294;-2.3361401697;-2.6390261766;-1.9259590591;-1.9793726706;-2.4251879205;0.1329543896;0.1499664279;0.1156046263;0.1178322575;0.1387658337
21.2700281162;-2.3360399096;-2.6213135446;-1.9259590591;-1.9793727058;-2.4251879205;0.1329543896;0.1499664279;0.1156046263;0.1178322575;0.1387658337
21.2800281030;-2.3360399096;-2.6213135446;-1.9259590591;-1.9794478657;-2.4252630453;0.1329543896;0.1499664279;0.1156046263;0.1178322575;0.1387658337
21.2900280899;-2.3361400290;-2.6211967386;-1.9259590591;-1.9616933531;-2.4251879205;0.1329543896;0.1499664279;0.1156046263;0.1178322575;0.1387658337
21.3000280767;-2.3537694392;-2.6211967933;-1.9258756653;-1.9616182635;-2.4430175227;0.1329543896;0.1499664279;0.1156046263;0.1178322575;0.1387658337
21.3100280636;-2.3361399354;-2.6213135446;-1.9259590591;-1.9616182635;-2.4429425034;0.1329543896;0.1499664279;0.1156046263;0.1178322575;0.1387658337
21.3200280505;-2.3538695118;-2.6213135446;-1.9259590591;-1.9616182635;-2.4430175227;0.1329543896;0.1499664279;0.1156046263;0.1178322575;0.1387658337
21.3300280374;-2.3361398419;-2.6390265591;-1.9259590591;-1.9616182635;-2.4430175227;0.1329543896;0.1499664279;0.1156046263;0.1178317912;0.1387658337
21.3400280243;-2.3361397953;-2.6213135446;-1.9259590591;-1.9616182635;-2.4429426084;0.1329543896;0.1499664279;0.1156046263;0.1168315586;0.1387658337
21.3500280112;-2.3538695118;-2.6213135446;-1.9259590591;-1.9438635407;-2.4251879205;0.1329543896;0.1499664279;0.1156046263;0.1168315586;0.1387662998
21.3600279981;-2.3537697192;-2.6390267222;-1.9259590591;-1.9616182635;-2.4429426783;0.1329543896;0.1499664279;0.1156046263;0.1168315586;0.1397669889
21.3700279851;-2.3361396556;-2.6213135446;-1.9259590591;-1.9437886613;-2.4430175227;0.1329543896;0.1499664279;0.1156046263;0.1168315586;0.1397669889
21.3800279720;-2.3538695118;-2.6036002586;-1.9437055784;-1.9615434889;-2.4430175227;0.1329543896;0.1499664279;0.1156046263;0.1168315586;0.1397669889
21.3900279590;-2.3537698587;-2.6213135446;-1.9437056171;-1.9615435237;-2.4252626604;0.1329543896;0.1499664279;0.1156046263;0.1168310936;0.1397669889
21.4000279460;-2.3538695118;-2.6214297525;-1.9259590591;-1.9437886613;-2.4252626256;0.1329571819;0.1499664279;0.1156046263;0.1158308662;0.1397669889
21.4100279330;-2.3360399096;-2.6213135446;-1.9259590591;-1.9437886613;-2.4252625908;0.1339540466;0.1499664279;0.1156046263;0.1158308662;0.1397669889
21.4200279200;-2.3538695118;-2.6214296444;-1.9259590591;-1.9437886613;-2.4430175227;0.1339540466;0.1499664279;0.1156046263;0.1158308662;0.1397669889
21.4300279070;-2.3538695118;-2.6213135446;-1.9437886613;-1.9527459322;-2.4252625214;0.1339540466;0.1499664279;0.1156046263;0.1158308662;0.1397669889
21.4400278940;-2.3538695118;-2.6213135446;-1.9437886613;-1.9437886613;-2.4430175227;0.1339540466;0.1499664279;0.1156046263;0.1158308662;0.1397674531
21.4500278810;-2.3538695118;-2.6213135446;-1.9437886613;-1.9615437320;-2.4430175227;0.1339540466;0.1499664279;0.1156046263;0.1158308662;0.1407681343
21.4600278681;-2.3538695118;-2.6213135446;-1.9437886613;-1.9437886613;-2.4430175227;0.1339540466;0.1499664279;0.1156046263;0.1158308662;0.1407681343
21.4700278552;-2.3538695118;-2.6213135446;-1.9259590591;-1.9437886613;-2.4430175227;0.1339540466;0.1499664279;0.1156046263;0.1158308662;0.1407681343
21.4800278422;-2.3538695118;-2.6211977680;-1.9437059637;-1.9437886613;-2.4430175227;0.1339540466;0.1499664279;0.1156046263;0.1158308662;0.1407681343
21.4900278293;-2.3538695118;-2.6213135446;-1.9260417184;-1.9437886613;-2.4430919161;0.1339540466;0.1499664279;0.1156046263;0.1158308662;0.1407681343
21.5000278164;-2.3539686569;-2.6213135446;-1.9260416801;-1.9437886613;-2.4608471249;0.1339540466;0.1499664279;0.1166065813;0.1158308662;0.1407681343
21.5100278035;-2.3538695118;-2.6213135446;-1.9437886613;-1.9260333836;-2.4607728005;0.1339540466;0.1499664279;0.1166065813;0.1158308662;0.1407681343
21.5200277906;-2.3538695118;-2.6213135446;-1.9437061169;-1.9259590591;-2.4430918127;0.1339540466;0.1499664279;0.1166065813;0.1158308662;0.1407681343
21.5300277778;-2.3538695118;-2.6213135446;-1.9437061551;-1.9437886613;-2.4608471249;0.1339540466;0.1499664279;0.1166065813;0.1158308662;0.1407681343
21.5400277649;-2.3538695118;-2.6213135446;-1.9437886613;-1.9437886613;-2.4608471249;0.1339540466;0.1499664279;0.1166065813;0.1158308662;0.1407681343
21.5500277521;-2.3539684277;-2.6211981427;-1.9260414891;-1.9437886613;-2.4608471249;0.1339540466;0.1499664279;0.1166065813;0.1158304047;0.1407681343
21.5600277393;-2.3538695118;-2.6213135446;-1.9437886613;-1.9437145086;-2.4608471249;0.1339540466;0.1499664279;0.1166065813;0.1148301911;0.1407681343
21.5700277264;-2.3538695118;-2.6213135446;-1.9437886613;-1.9437886613;-2.4786026087;0.1339540466;0.1499664279;0.1166065813;0.1148301911;0.1407681343
21.5800277136;-2.3538695118;-2.6213135446;-1.9437886613;-1.9259590591;-2.4609212091;0.1339540466;0.1499664279;0.1166065813;0.1148301911;0.1407681343
21.5900277008;-2.3538695118;-2.6035991314;-1.9437886613;-1.9437886613;-2.4609211749;0.1339540466;0.1499664279;0.1166065813;0.1148301911;0.1407681343
21.6000276880;-2.3538695118;-2.6034839425;-1.9437886613;-1.9437146455;-2.4609211408;0.1339540466;0.1499664279;0.1166065813;0.1148301911;0.1407681343
21.6100276753;-2.3538695118;-2.6034839425;-1.9437886613;-1.9259590591;-2.4608471249;0.1339540466;0.1499664279;0.1166065813;0.1148301911;0.1407681343
21.6200276625;-2.3716005171;-2.6034839425;-1.9437886613;-1.9259590591;-2.4786767271;0.1339540466;0.1499664279;0.1166065813;0.1148301911;0.1407685946
21.6300276498;-2.3538695118;-2.6034839425;-1.9437886613;-1.9258851455;-2.4786767271;0.1339540466;0.1499664279;0.1166065813;0.1148301911;0.1417692604
21.6400276370;-2.3716991140;-2.6033690187;-1.9437886613;-1.9259590591;-2.4786767271;0.1339540466;0.1499664279;0.1166065813;0.1148301911;0.1417692604
21.6500276243;-2.3538695118;-2.6033690716;-1.9437886613;-1.9259590591;-2.4786028815;0.1339540466;0.1499636674;0.1166065813;0.1148301911;0.1417692604
21.6600276116;-2.3539679272;-2.6034839425;-1.9437886613;-1.9081294570;-2.4608471249;0.1339540466;0.1489666517;0.1166065813;0.1148297319;0.1417692604
21.6700275989;-2.3716991140;-2.5856543403;-1.9615362883;-1.9259590591;-2.4786767271;0.1339540466;0.1489666517;0.1166065813;0.1138295278;0.1417692604
21.6800275862;-2.3716991140;-2.6034839425;-1.9437886613;-1.9259590591;-2.4786767271;0.1339540466;0.1489666517;0.1166065813;0.1138295278;0.1417692604
21.6900275735;-2.3716008341;-2.6034839425;-1.9437886613;-1.9258853493;-2.4786767271;0.1339540466;0.1489666517;0.1166065813;0.1138295278;0.1417692604
21.7000275609;-2.3716991140;-2.6034839425;-1.9437886613;-1.9258853831;-2.4786030511;0.1339540466;0.1489666517;0.1166065813;0.1138295278;0.1417692604
21.7100275482;-2.3716009243;-2.6033693879;-1.9438704860;-1.9081294570;-2.4786767271;0.1339567993;0.1489666517;0.1166065813;0.1138290696;0.1417692604
21.7200275356;-2.3716009694;-2.6033694404;-1.9437886613;-1.9081294570;-2.4787503356;0.1349537037;0.1489666517;0.1166065813;0.1128288697;0.1417692604
21.7300275229;-2.3538695118;-2.5857687898;-1.9437886613;-1.9081294570;-2.4786767271;0.1349537037;0.1489666517;0.1166065813;0.1128288697;0.1417692604
21.7400275103;-2.3539675664;-2.5857687373;-1.9438703735;-1.9081294570;-2.4786767271;0.1349537037;0.1489666517;0.1176085056;0.1128288697;0.1417692604
21.7500274977;-2.3716011042;-2.5856543403;-1.9616182635;-1.9081294570;-2.4786767271;0.1349537037;0.1489666517;0.1176085056;0.1128288697;0.1417692604
21.7600274851;-2.3539674766;-2.5856543403;-1.9615366262;-1.9080559833;-2.4786767271;0.1349537037;0.1489666517;0.1176085056;0.1128284126;0.1417692604
21.7700274725;-2.3716011939;-2.5856543403;-1.9437886613;-1.9081294570;-2.4786767271;0.1349537037;0.1489666517;0.1176085056;0.1118282169;0.1417692604
21.7800274600;-2.3716991140;-2.5856543403;-1.9615367008;-1.8902998548;-2.4965063293;0.1349537037;0.1489666517;0.1176085056;0.1118282169;0.1417692604
21.7900274474;-2.3716991140;-2.5856543403;-1.9437886613;-1.9080560841;-2.4786033543;0.1349537037;0.1489666517;0.1176085056;0.1118282169;0.1417692604
21.8000274348;-2.3716991140;-2.5856543403;-1.9615367754;-1.9080561176;-2.4786767271;0.1349537037;0.1489639101;0.1176085056;0.1118282169;0.1417692604
21.8100274223;-2.3716991140;-2.5856543403;-1.9438701122;-1.8902998548;-2.4964330235;0.1349537037;0.1479668756;0.1176085056;0.1118277608;0.1417692604
21.8200274098;-2.3716991140;-2.5856543403;-1.9437886613;-1.8902998548;-2.4786767271;0.1349537037;0.1479668756;0.1176085056;0.1108275694;0.1417692604
21.8300273973;-2.3539671636;-2.5855404131;-1.9438700379;-1.8725434915;-2.4964330904;0.1349537037;0.1479668756;0.1176085056;0.1108275694;0.1417692604
21.8400273848;-2.3716991140;-2.5856543403;-1.9438700008;-1.8902266493;-2.4787499326;0.1349537037;0.1479668756;0.1176085056;0.1108275694;0.1417697161
21.8500273723;-2.3716991140;-2.5679385613;-1.9616182635;-1.8902998548;-2.4964331572;0.1349537037;0.1479668756;0.1176085056;0.1108275694;0.1427703632
21.8600273598;-2.3716991140;-2.5856543403;-1.9615369983;-1.8725433913;-2.4786767271;0.1349537037;0.1479668756;0.1176085056;0.1108275694;0.1427703632
21.8700273473;-2.3716991140;-2.5856543403;-1.9616182635;-1.8725433580;-2.4965063293;0.1349537037;0.1479668756;0.1176085056;0.1108275694;0.1427703632
21.8800273349;-2.3717965435;-2.5856543403;-1.9615370723;-1.8724702526;-2.4964332572;0.1349537037;0.1479668756;0.1176085056;0.1108275694;0.1427703632
21.8900273224;-2.3716991140;-2.5855407242;-1.9437886613;-1.8724702526;-2.4965063293;0.1349537037;0.1479668756;0.1176085056;0.1108275694;0.1427703632
21.9000273100;-2.3716991140;-2.5856543403;-1.9616182635;-1.8724702526;-2.4965063293;0.1349537037;0.1479668756;0.1176085056;0.1108275694;0.1427703632
21.9100272975;-2.3716991140;-2.5678247381;-1.9616182635;-1.8724702526;-2.4965063293;0.1349537037;0.1479668756;0.1176085056;0.1108271154;0.1427703632
21.9200272851;-2.3717963663;-2.5855408792;-1.9616182635;-1.8724702526;-2.4965063293;0.1349537037;0.1479668756;0.1176085056;0.1098269322;0.1427703632
21.9300272727;-2.3716991140;-2.5678247381;-1.9616182635;-1.8724702526;-2.4965063293;0.1349537037;0.1479668756;0.1176085056;0.1098269322;0.1427703632
21.9400272603;-2.3895287161;-2.5856543403;-1.9615372935;-1.8724702526;-2.4965063293;0.1349537037;0.1479668756;0.1176085056;0.1098269322;0.1427703632
21.9500272480;-2.3717962339;-2.5855410337;-1.9616182635;-1.8723974126;-2.4964334893;0.1349537037;0.1479668756;0.1176085056;0.1098269322;0.1427703632
21.9600272356;-2.3716991140;-2.5855410851;-1.9616182635;-1.8724702526;-2.4965791362;0.1349537037;0.1479668756;0.1176085056;0.1098269322;0.1427703632
21.9700272232;-2.3716991140;-2.5678247381;-1.9615374037;-1.8723974787;-2.4965063293;0.1349537037;0.1479668756;0.1176085056;0.1098269322;0.1427703632
21.9800272109;-2.3717961018;-2.5678247381;-1.9615374403;-1.8724702526;-2.4965063293;0.1349537037;0.1479668756;0.1176085056;0.1098264797;0.1427708160
21.9900271985;-2.3895287161;-2.5856543403;-1.9437886613;-1.8724702526;-2.4965063293;0.1349537037;0.1479641575;0.1176085056;0.1088263023;0.1437714516
22.0000271862;-2.3895287161;-2.5678247381;-1.9616182635;-1.8724702526;-2.5142632565;0.1349537037;0.1469670994;0.1176085056;0.1088263023;0.1437714516
22.0100271739;-2.3895287161;-2.5855413414;-1.9438693748;-1.8546406504;-2.5142632894;0.1349537037;0.1469670994;0.1176085056;0.1088263023;0.1437714516
22.0200271616;-2.3895287161;-2.5679376858;-1.9616182635;-1.8546406504;-2.5143359315;0.1349537037;0.1469670994;0.1176085056;0.1088263023;0.1437714516
22.0300271493;-2.3895287161;-2.5856543403;-1.9616182635;-1.8546406504;-2.4965789057;0.1349537037;0.1469670994;0.1176085056;0.1088263023;0.1437714516
22.0400271370;-2.3895287161;-2.5855414947;-1.9616182635;-1.8546406504;-2.4965063293;0.1349564153;0.1469670994;0.1176085056;0.1088258510;0.1437714516
22.0500271248;-2.3895287161;-2.5678247381;-1.9616182635;-1.8546406504;-2.4965063293;0.1359533608;0.1469670994;0.1176085056;0.1078256786;0.1437714516
22.0600271125;-2.3717957514;-2.5678247381;-1.9616182635;-1.8546406504;-2.5142634534;0.1359533608;0.1469670994;0.1176085056;0.1078256786;0.1437714516
22.0700271003;-2.3895287161;-2.5679374308;-1.9616182635;-1.8546406504;-2.4965063293;0.1359533608;0.1469670994;0.1176085056;0.1078256786;0.1437714516
22.0800270880;-2.3896252663;-2.5678247381;-1.9616182635;-1.8546406504;-2.4965787419;0.1359533608;0.1469670994;0.1176085056;0.1078256786;0.1437714516
22.0900270758;-2.3895287161;-2.5678247381;-1.9616182635;-1.8368834282;-2.4965063293;0.1359533608;0.1469670994;0.1176085056;0.1078252283;0.1437714516
22.1000270636;-2.3895287161;-2.5678247381;-1.9438690473;-1.8368833955;-2.5142635841;0.1359533608;0.1469670994;0.1176085056;0.1068250600;0.1437714516
22.1100270514;-2.3895287161;-2.5678247381;-1.9616182635;-1.8546406504;-2.5142636167;0.1359533608;0.1469670994;0.1176085056;0.1068250600;0.1437714516
22.1200270392;-2.3895287161;-2.5678247381;-1.9616182635;-1.8368110482;-2.4965063293;0.1359533608;0.1469670994;0.1176085056;0.1068250600;0.1437714516
22.1300270270;-2.3895287161;-2.5678247381;-1.9616182635;-1.8368110482;-2.5143359315;0.1359533608;0.1469670994;0.1176085056;0.1068250600;0.1437714516
22.1400270149;-2.3895287161;-2.5678247381;-1.9616182635;-1.8368110482;-2.4965063293;0.1359533608;0.1469670994;0.1176085056;0.1068250600;0.1437714516
22.1500270027;-2.3895287161;-2.5677124509;-1.9438688665;-1.8190536306;-2.5142637469;0.1359533608;0.1469670994;0.1176085056;0.1068250600;0.1437714516
22.1600269906;-2.3895287161;-2.5678247381;-1.9615380945;-1.8368110482;-2.5143359315;0.1359533608;0.1469670994;0.1186103776;0.1068250600;0.1437714516
22.1700269784;-2.3895287161;-2.5678247381;-1.9616182635;-1.8368110482;-2.5143359315;0.1359533608;0.1469670994;0.1186103776;0.1068250600;0.1437714516
22.1800269663;-2.3895287161;-2.5501072717;-1.9616182635;-1.8368110482;-2.4965063293;0.1359533608;0.1469670994;0.1186103776;0.1068250600;0.1437714516
22.1900269542;-2.3896247894;-2.5678247381;-1.9616182635;-1.8368110482;-2.5142638765;0.1359533608;0.1469670994;0.1186103776;0.1068250600;0.1437714516
22.2000269421;-2.4072622882;-2.5678247381;-1.9616182635;-1.8367390256;-2.5143359315;0.1359533608;0.1469670994;0.1186103776;0.1068250600;0.1437714516
22.2100269300;-2.3896247032;-2.5678247381;-1.9616182635;-1.8367390579;-2.5143359315;0.1359533608;0.1469670994;0.1186103776;0.1068246121;0.1437714516
22.2200269179;-2.3895287161;-2.5501070706;-1.9615463055;-1.8189814460;-2.5143359315;0.1359533608;0.1469670994;0.1186103776;0.1058244535;0.1437714516
22.2300269058;-2.4072624173;-2.5501070204;-1.9527464110;-1.8190533718;-2.5143359315;0.1359533608;0.1469670994;0.1186103776;0.1058244535;0.1437718993
22.2400268938;-2.3895287161;-2.5677129036;-1.9616182635;-1.8368110482;-2.5143359315;0.1359533608;0.1469670994;0.1186103776;0.1058244535;0.1447725144
22.2500268817;-2.4072625032;-2.5677129537;-1.9616182635;-1.8367391868;-2.5143359315;0.1359533608;0.1469670994;0.1186103776;0.1058244535;0.1447725144
22.2600268697;-2.3896244884;-2.5499951359;-1.9616182635;-1.8368110482;-2.5143359315;0.1359533608;0.1469670994;0.1186103776;0.1058244535;0.1447725144
22.2700268577;-2.3895287161;-2.5499951359;-1.9616182635;-1.8190532430;-2.5143359315;0.1359533608;0.1469670994;0.1186103776;0.1058244535;0.1447725144
22.2800268456;-2.3895287161;-2.5677131037;-1.9438684002;-1.8189814460;-2.5143359315;0.1359533608;0.1469670994;0.1186103776;0.1058244535;0.1447725144
22.2900268336;-2.4072626745;-2.5499951359;-1.9793681625;-1.8189814460;-2.5143359315;0.1359533608;0.1469644178;0.1186103776;0.1058240073;0.1447725144
22.3000268216;-2.4073583183;-2.5499951359;-1.9793681982;-1.8189814460;-2.5143359315;0.1359533608;0.1459673232;0.1186103776;0.1048238551;0.1447725144
22.3100268097;-2.4073583183;-2.5499951359;-1.9793682337;-1.8189814460;-2.5143359315;0.1359533608;0.1459673232;0.1186103776;0.1048238551;0.1447725144
22.3200267977;-2.4072628026;-2.5499951359;-1.9793682693;-1.8189814460;-2.5143359315;0.1359533608;0.1459673232;0.1186103776;0.1048238551;0.1447725144
22.3300267857;-2.4073583183;-2.5499951359;-1.9616182635;-1.8189814460;-2.5143359315;0.1359533608;0.1459673232;0.1196122292;0.1048238551;0.1447725144
22.3400267738;-2.4072628878;-2.5499951359;-1.9616182635;-1.8189098731;-2.5143359315;0.1359560360;0.1459673232;0.1196122292;0.1048238551;0.1447725144
22.3500267618;-2.4073583183;-2.5499951359;-1.9794478657;-1.8189814460;-2.5320939927;0.1369530178;0.1459673232;0.1196122292;0.1048238551;0.1447725144
22.3600267499;-2.4073583183;-2.5499951359;-1.9616977181;-1.8189814460;-2.5143359315;0.1369530178;0.1459673232;0.1196122292;0.1048238551;0.1447725144
22.3700267380;-2.4073583183;-2.5501063227;-1.9794478657;-1.8189099687;-2.5144074087;0.1369530178;0.1459673232;0.1196122292;0.1048238551;0.1447725144
22.3800267261;-2.4073583183;-2.5499951359;-1.9616976473;-1.8189814460;-2.5144073769;0.1369530178;0.1459673232;0.1196122292;0.1048234106;0.1447725144
22.3900267142;-2.4073583183;-2.5499951359;-1.9793685172;-1.8189100324;-2.5144073451;0.1369530178;0.1459673232;0.1196122292;0.1038232657;0.1447725144
22.4000267023;-2.4073583183;-2.5499951359;-1.9794478657;-1.8011518438;-2.5144073134;0.1369530178;0.1459673232;0.1196122292;0.1038232657;0.1447725144
22.4100266904;-2.4073583183;-2.5499951359;-1.9794478657;-1.8011518438;-2.5144072816;0.1369530178;0.1459646559;0.1196122292;0.1038232657;0.1447725144
22.4200266785;-2.4073583183;-2.5499951359;-1.9794478657;-1.8011518438;-2.5143359315;0.1369530178;0.1449675470;0.1196122292;0.1038232657;0.1447725144
22.4300266667;-2.4073583183;-2.5498842454;-1.9794478657;-1.8011518438;-2.5143359315;0.1369530178;0.1449675470;0.1196122292;0.1038232657;0.1447725144
22.4400266548;-2.4073583183;-2.5499951359;-1.9794478657;-1.8011518438;-2.5144071866;0.1369530178;0.1449675470;0.1196122292;0.1038232657;0.1447725144
22.4500266430;-2.4073583183;-2.5321655337;-1.9794478657;-1.8011518438;-2.5320943102;0.1369530178;0.1449675470;0.1196122292;0.1038232657;0.1447725144
22.4600266312;-2.4074532408;-2.5498843930;-1.9794478657;-1.8011518438;-2.5320943418;0.1369530178;0.1449675470;0.1196122292;0.1038232657;0.1447725144
22.4700266193;-2.4073583183;-2.5499951359;-1.9794478657;-1.8011518438;-2.5320943734;0.1369530178;0.1449675470;0.1196122292;0.1038228230;0.1447725144
22.4800266075;-2.4251879205;-2.5322761784;-1.9794478657;-1.8010807151;-2.5144070602;0.1369530178;0.1449675470;0.1196122292;0.1028226852;0.1447725144
22.4900265957;-2.4250931242;-2.5321655337;-1.9794478657;-1.8011518438;-2.5320944365;0.1369556753;0.1449675470;0.1196122292;0.1028226852;0.1447725144
22.5000265840;-2.4073583183;-2.5322760804;-1.9794478657;-1.8010807781;-2.5144069972;0.1379526749;0.1449675470;0.1196122292;0.1028226852;0.1447725144
22.5100265722;-2.4073583183;-2.5498846381;-1.9971985409;-1.8011518438;-2.5320944994;0.1379526749;0.1449675470;0.1196122292;0.1028226852;0.1447725144
22.5200265604;-2.4073583183;-2.5322759825;-1.9795267578;-1.8010808410;-2.5320945308;0.1379526749;0.1449675470;0.1196122292;0.1028226852;0.1447725144
22.5300265487;-2.4074529469;-2.5322759337;-1.9794478657;-1.7833932130;-2.5320945622;0.1379526749;0.1449675470;0.1196122292;0.1028226852;0.1447725144
22.5400265369;-2.4073583183;-2.5321655337;-1.9794478657;-1.7833222416;-2.5321655337;0.1379526749;0.1449675470;0.1196122292;0.1028226852;0.1447725144
22.5500265252;-2.4250933756;-2.5322758361;-1.9794478657;-1.7655635481;-2.5321655337;0.1379526749;0.1449675470;0.1196122292;0.1028226852;0.1447725144
22.5600265135;-2.4073583183;-2.5321655337;-1.9794478657;-1.7833222416;-2.5144068089;0.1379526749;0.1449675470;0.1196122292;0.1028226852;0.1447725144
22.5700265018;-2.4251879205;-2.5322757387;-1.9795265836;-1.7833222416;-2.5321655337;0.1379526749;0.1449675470;0.1196122292;0.1028226852;0.1447725144
22.5800264901;-2.4250935007;-2.5499951359;-1.9794478657;-1.7833222416;-2.5320947188;0.1379526749;0.1449675470;0.1196122292;0.1028226852;0.1447725144
22.5900264784;-2.4074526965;-2.5498850281;-1.9794478657;-1.7833222416;-2.5143359315;0.1379526749;0.1449675470;0.1196122292;0.1028226852;0.1447725144
22.6000264667;-2.4251879205;-2.5321655337;-1.9972774679;-1.7833222416;-2.5144066839;0.1379526749;0.1449675470;0.1196122292;0.1028222450;0.1447725144
22.6100264550;-2.4074526133;-2.5499951359;-1.9972774679;-1.7833222416;-2.5321655337;0.1379526749;0.1449675470;0.1196122292;0.1018221175;0.1447725144
22.6200264434;-2.4250936671;-2.5322754960;-1.9972774679;-1.7833222416;-2.5321655337;0.1379526749;0.1449675470;0.1206140463;0.1018221175;0.1447725144
22.6300264317;-2.4251879205;-2.5322754476;-1.9795263756;-1.7655632983;-2.5144065904;0.1379526749;0.1449675470;0.1206140463;0.1018221175;0.1447725144
22.6400264201;-2.4251879205;-2.5321655337;-1.9795263411;-1.7833222416;-2.5321655337;0.1379526749;0.1449675470;0.1206140463;0.1018221175;0.1447725144
22.6500264085;-2.4251879205;-2.5321655337;-1.9795263066;-1.7654926394;-2.5321655337;0.1379553137;0.1449675470;0.1206140463;0.1018221175;0.1447725144
22.6600263968;-2.4251879205;-2.5321655337;-1.9972774679;-1.7654926394;-2.5321655337;0.1389523320;0.1449675470;0.1206140463;0.1018221175;0.1447725144
22.6700263852;-2.4430175227;-2.5321655337;-1.9972774679;-1.7654221047;-2.5321655337;0.1389523320;0.1449675470;0.1206140463;0.1018216786;0.1447725144
22.6800263736;-2.4251879205;-2.5321655337;-1.9971991305;-1.7654221357;-2.5144064352;0.1389523320;0.1449675470;0.1206140463;0.1008215565;0.1447725144
22.6900263620;-2.4251879205;-2.5321655337;-1.9971991649;-1.7654926394;-2.5321655337;0.1389523320;0.1449675470;0.1206140463;0.1008215565;0.1447725144
22.7000263505;-2.4251879205;-2.5321655337;-1.9972774679;-1.7654926394;-2.5321655337;0.1389523320;0.1449675470;0.1206140463;0.1008215565;0.1447725144
22.7100263389;-2.4251879205;-2.5322750617;-1.9971992336;-1.7654926394;-2.5321655337;0.1389523320;0.1449675470;0.1206140463;0.1008215565;0.1447725144
22.7200263273;-2.4429236827;-2.5498856559;-1.9794478657;-1.7654222594;-2.5144063115;0.1389523320;0.1449675470;0.1206140463;0.1008215565;0.1447725144
22.7300263158;-2.4252817194;-2.5321655337;-1.9971993022;-1.7477333864;-2.5321655337;0.1389523320;0.1449675470;0.1206140463;0.1008215565;0.1447725144
22.7400263043;-2.4252816783;-2.5321655337;-1.9972774679;-1.7477333555;-2.5321655337;0.1389523320;0.1449675470;0.1206140463;0.1008215565;0.1447725144
22.7500262927;-2.4430175227;-2.5321655337;-1.9971993707;-1.7654223519;-2.5144062190;0.1389523320;0.1449675470;0.1206140463;0.1008215565;0.1447725144
22.7600262812;-2.4429238471;-2.5321655337;-1.9795259288;-1.7477332940;-2.5321655337;0.1389523320;0.1449675470;0.1206140463;0.1008215565;0.1447725144
22.7700262697;-2.4430175227;-2.5321655337;-1.9971994390;-1.7654224134;-2.5320953077;0.1389523320;0.1449675470;0.1206140463;0.1008211196;0.1447725144
22.7800262582;-2.4430175227;-2.5321655337;-1.9972774679;-1.7654926394;-2.5320953384;0.1389523320;0.1449649229;0.1206140463;0.0998210052;0.1447725144
22.7900262467;-2.4430175227;-2.5321655337;-1.9972774679;-1.7476630372;-2.5321655337;0.1389523320;0.1439677708;0.1206140463;0.0998210052;0.1447725144
22.8000262352;-2.4252814324;-2.5321655337;-1.9972774679;-1.7477331711;-2.5321655337;0.1389523320;0.1439677708;0.1206140463;0.0998210052;0.1447725144
22.8100262238;-2.4430175227;-2.5144449810;-1.9972774679;-1.7476630372;-2.5321655337;0.1389523320;0.1439677708;0.1206140463;0.0998210052;0.1447725144
22.8200262123;-2.4430175227;-2.5321655337;-1.9972774679;-1.7476630372;-2.5320954610;0.1389523320;0.1439677708;0.1206140463;0.0998210052;0.1447725144
22.8300262009;-2.4430175227;-2.5320565793;-1.9972774679;-1.7475929951;-2.5321655337;0.1389523320;0.1439677708;0.1216158392;0.0998210052;0.1447725144
22.8400261894;-2.4430175227;-2.5321655337;-1.9972774679;-1.7476630372;-2.5321655337;0.1389523320;0.1439677708;0.1216158392;0.0998210052;0.1447725144
22.8500261780;-2.4430175227;-2.5321655337;-1.9972774679;-1.7476630372;-2.5321655337;0.1389523320;0.1439677708;0.1216158392;0.0998210052;0.1447725144
22.8600261666;-2.4430175227;-2.5320567218;-1.9972774679;-1.7299033855;-2.5321655337;0.1389523320;0.1439677708;0.1216158392;0.0998210052;0.1447725144
22.8700261552;-2.4430175227;-2.5321655337;-2.0150293812;-1.7299033550;-2.5321655337;0.1389523320;0.1439677708;0.1216158392;0.0998205702;0.1447725144
22.8800261438;-2.4430175227;-2.5320568166;-2.0150294150;-1.7475931477;-2.5144058210;0.1389523320;0.1439677708;0.1216158392;0.0988204634;0.1447725144
22.8900261324;-2.4430175227;-2.5143359315;-1.9972774679;-1.7476630372;-2.5321655337;0.1389523320;0.1439677708;0.1216158392;0.0988204634;0.1447725144
22.9000261210;-2.4430175227;-2.5321655337;-2.0151070701;-1.7476630372;-2.5321655337;0.1389523320;0.1439677708;0.1216158392;0.0988204634;0.1447725144
22.9100261097;-2.4430175227;-2.5321655337;-1.9972774679;-1.7475932389;-2.5321655337;0.1389523320;0.1439677708;0.1216158392;0.0988204634;0.1447725144
22.9200260983;-2.4430175227;-2.5320570057;-1.9972774679;-1.7299032030;-2.5321655337;0.1389523320;0.1439677708;0.1216158392;0.0988204634;0.1447729487
22.9300260870;-2.4430175227;-2.5321655337;-1.9973549542;-1.7298334350;-2.5321655337;0.1389523320;0.1439677708;0.1216158392;0.0988204634;0.1457735098
22.9400260756;-2.4430175227;-2.5321655337;-2.0150296174;-1.7476630372;-2.5321655337;0.1389523320;0.1439677708;0.1216158392;0.0988204634;0.1457735098
22.9500260643;-2.4430175227;-2.5320571470;-2.0150296511;-1.7299031122;-2.5321655337;0.1389523320;0.1439677708;0.1216158392;0.0988204634;0.1457735098
22.9600260530;-2.4430175227;-2.5143359315;-1.9973548533;-1.7298334350;-2.5321655337;0.1389523320;0.1439677708;0.1216158392;0.0988204634;0.1457735098
22.9700260417;-2.4430175227;-2.5143359315;-1.9973548198;-1.7476630372;-2.5321655337;0.1389523320;0.1439677708;0.1216158392;0.0988204634;0.1457735098
22.9800260304;-2.4430175227;-2.5143359315;-2.0151070701;-1.7298334350;-2.5499255494;0.1389523320;0.1439677708;0.1216158392;0.0988204634;0.1457735098
22.9900260191;-2.4430175227;-2.5143359315;-1.9973547527;-1.7298334350;-2.5499951359;0.1389523320;0.1439677708;0.1216158392;0.0988204634;0.1457735098
23.0000260078;-2.4430175227;-2.5143359315;-2.0150298188;-1.7475935110;-2.5499256097;0.1389523320;0.1439677708;0.1216158392;0.0988204634;0.1457735098
23.0100259965;-2.4430175227;-2.5143359315;-1.9973546858;-1.7298334350;-2.5499951359;0.1389523320;0.1439677708;0.1216158392;0.0988204634;0.1457735098
23.0200259853;-2.4430175227;-2.5143359315;-2.0151070701;-1.7298334350;-2.5499951359;0.1389523320;0.1439677708;0.1216158392;0.0988200312;0.1457735098
23.0300259740;-2.4430175227;-2.5143359315;-2.0150299191;-1.7298334350;-2.5321655337;0.1389523320;0.1439677708;0.1216158392;0.0978199359;0.1457735098
23.0400259628;-2.4431100639;-2.5144438962;-2.0151070701;-1.7298334350;-2.5499951359;0.1389523320;0.1439677708;0.1216158392;0.0978199359;0.1457735098
23.0500259516;-2.4431100239;-2.5320576156;-1.9973545522;-1.7120038328;-2.5499951359;0.1389523320;0.1439651774;0.1216158392;0.0978199359;0.1457735098
23.0600259403;-2.4430175227;-2.5143359315;-2.0150300191;-1.7297640891;-2.5322348796;0.1389549240;0.1429679946;0.1216158392;0.0978199359;0.1457735098
23.0700259291;-2.4430175227;-2.5143359315;-2.0150300524;-1.7120038328;-2.5499951359;0.1399519890;0.1429679946;0.1216158392;0.0978199359;0.1457735098
23.0800259179;-2.4607547436;-2.5143359315;-1.9973544524;-1.7120038328;-2.5499951359;0.1399519890;0.1429679946;0.1216158392;0.0978199359;0.1457735098
23.0900259067;-2.4430175227;-2.5143359315;-2.0150301189;-1.7120038328;-2.5499258798;0.1399519890;0.1429679946;0.1216158392;0.0978199359;0.1457735098
23.1000258956;-2.4607548233;-2.5143359315;-1.9973543860;-1.7120038328;-2.5499259096;0.1399519890;0.1429679946;0.1216158392;0.0978199359;0.1457735098
23.1100258844;-2.4430175227;-2.5143359315;-2.0151070701;-1.7120038328;-2.5321655337;0.1399519890;0.1429679946;0.1226176002;0.0978199359;0.1457735098
23.1200258732;-2.4431097448;-2.5143359315;-2.0150302184;-1.7120038328;-2.5321655337;0.1399519890;0.1429679946;0.1226176002;0.0978195055;0.1457735098
23.1300258621;-2.4431097051;-2.5320579876;-2.0150302515;-1.7120038328;-2.5499951359;0.1399519890;0.1429679946;0.1226176002;0.0968194177;0.1457739402
23.1400258509;-2.4430175227;-2.5143359315;-2.0151070701;-1.7120038328;-2.5499951359;0.1399519890;0.1429679946;0.1226176002;0.0968194177;0.1467744855
23.1500258398;-2.4607550219;-2.5143359315;-2.0151070701;-1.7120038328;-2.5499951359;0.1399519890;0.1429679946;0.1226176002;0.0968194177;0.1467744855
23.1600258287;-2.4608471249;-2.5143359315;-2.0151070701;-1.7120038328;-2.5499951359;0.1399519890;0.1429679946;0.1226176002;0.0968194177;0.1467744855
23.1700258176;-2.4608471249;-2.5142285704;-1.9973541544;-1.7120038328;-2.5499951359;0.1399519890;0.1429679946;0.1226176002;0.0968194177;0.1467744855
23.1800258065;-2.4431095069;-2.4966136442;-2.0151070701;-1.6941742306;-2.5499951359;0.1399519890;0.1429679946;0.1226176002;0.0968194177;0.1467744855
23.1900257954;-2.4608471249;-2.5143359315;-2.0151070701;-1.6941742306;-2.5499951359;0.1399519890;0.1429679946;0.1226176002;0.0968194177;0.1467744855
23.2000257843;-2.4608471249;-2.5320583110;-2.0150304825;-1.6941742306;-2.5499262070;0.1399519890;0.1429679946;0.1226176002;0.0968194177;0.1467744855
23.2100257732;-2.4608471249;-2.5143359315;-1.9973540227;-1.6941742306;-2.5499951359;0.1399545644;0.1429679946;0.1226176002;0.0968189890;0.1467744855
23.2200257621;-2.4607552986;-2.5143359315;-2.0151070701;-1.6942431004;-2.5499951359;0.1409516461;0.1429679946;0.1226176002;0.0958189078;0.1467744855
23.2300257511;-2.4608471249;-2.5143359315;-2.0151070701;-1.6941742306;-2.5499951359;0.1409516461;0.1429679946;0.1226176002;0.0958189078;0.1467744855
23.2400257400;-2.4608471249;-2.5143359315;-2.0151070701;-1.6941742306;-2.5499951359;0.1409516461;0.1429679946;0.1226176002;0.0958184797;0.1467744855
23.2500257290;-2.4609388331;-2.5143359315;-2.0151070701;-1.6941742306;-2.5677559569;0.1409516461;0.1429679946;0.1226176002;0.0948184007;0.1467744855
23.2600257180;-2.4608471249;-2.5143359315;-2.0151070701;-1.6941742306;-2.5499951359;0.1409516461;0.1429679946;0.1226176002;0.0948184007;0.1467744855
23.2700257069;-2.4608471249;-2.4966132306;-2.0151070701;-1.6764133507;-2.5499951359;0.1409516461;0.1429679946;0.1226176002;0.0948184007;0.1467744855
23.2800256959;-2.4608471249;-2.5143359315;-2.0151070701;-1.6941742306;-2.5499951359;0.1409516461;0.1429679946;0.1226176002;0.0948184007;0.1467744855
23.2900256849;-2.4785851759;-2.5143359315;-2.0151070701;-1.6941742306;-2.5500637993;0.1409516461;0.1429679946;0.1226176002;0.0948184007;0.1467744855
23.3000256739;-2.4785852150;-2.5143359315;-2.0151833302;-1.6764132625;-2.5499951359;0.1409516461;0.1429679946;0.1226176002;0.0948184007;0.1467744855
23.3100256630;-2.4608471249;-2.5143359315;-2.0328604448;-1.6941056259;-2.5499951359;0.1409516461;0.1429679946;0.1226176002;0.0948184007;0.1467744855
23.3200256520;-2.4608471249;-2.5143359315;-2.0328604774;-1.6763446285;-2.5499951359;0.1409516461;0.1429679946;0.1226176002;0.0948184007;0.1467744855
23.3300256410;-2.4608471249;-2.5142293042;-2.0151070701;-1.6763446285;-2.5499951359;0.1409516461;0.1429679946;0.1226176002;0.0948184007;0.1467744855
23.3400256301;-2.4786767271;-2.5143359315;-2.0328605425;-1.6763446285;-2.5499266190;0.1409516461;0.1429679946;0.1226176002;0.0948184007;0.1467744855
23.3500256191;-2.4609384417;-2.5143359315;-2.0329366723;-1.6763446285;-2.5499951359;0.1409516461;0.1429679946;0.1226176002;0.0948179746;0.1467744855
23.3600256082;-2.4609384027;-2.5142294407;-2.0151070701;-1.6763446285;-2.5499951359;0.1409516461;0.1429679946;0.1236193336;0.0938179037;0.1467744855
23.3700255973;-2.4608471249;-2.5143359315;-2.0328606399;-1.6763446285;-2.5499951359;0.1409516461;0.1429679946;0.1236193336;0.0938179037;0.1467744855
23.3800255864;-2.4608471249;-2.5143359315;-2.0151070701;-1.6763446285;-2.5499951359;0.1409516461;0.1429679946;0.1236193336;0.0938179037;0.1467744855
23.3900255754;-2.4786767271;-2.5143359315;-2.0151070701;-1.6763446285;-2.5500635067;0.1409516461;0.1429679946;0.1236193336;0.0938179037;0.1467744855
23.4000255646;-2.4608471249;-2.5143359315;-2.0151070701;-1.6763446285;-2.5499951359;0.1409516461;0.1429679946;0.1236193336;0.0938179037;0.1467744855
23.4100255537;-2.4608471249;-2.4966125934;-2.0151829731;-1.6763446285;-2.5500634485;0.1409516461;0.1429679946;0.1236193336;0.0938179037;0.1467744855
23.4200255428;-2.4608471249;-2.4966125482;-2.0151070701;-1.6763446285;-2.5499951359;0.1409516461;0.1429679946;0.1236193336;0.0938179037;0.1467744855
23.4300255319;-2.4608471249;-2.5143359315;-2.0328608339;-1.6585832808;-2.5499951359;0.1409516461;0.1429679946;0.1236193336;0.0938179037;0.1467744855
23.4400255211;-2.4608471249;-2.5143359315;-2.0329366723;-1.6763446285;-2.5499951359;0.1409516461;0.1429679946;0.1236193336;0.0938179037;0.1467744855
23.4500255102;-2.4608471249;-2.5143359315;-2.0151070701;-1.6585150263;-2.5500633324;0.1409516461;0.1429679946;0.1236193336;0.0938179037;0.1467744855
23.4600254994;-2.4608471249;-2.5143359315;-2.0329366723;-1.6585150263;-2.5500633034;0.1409516461;0.1429679946;0.1236193336;0.0938174796;0.1467744855
23.4700254885;-2.4785858756;-2.4965063293;-2.0329366723;-1.6585150263;-2.5677565995;0.1409516461;0.1429679946;0.1236193336;0.0928174167;0.1467744855
23.4800254777;-2.4609379378;-2.5142299831;-2.0151070701;-1.6585831359;-2.5500632456;0.1409516461;0.1429679946;0.1236193336;0.0928174167;0.1467744855
23.4900254669;-2.4608471249;-2.4966122327;-2.0151827154;-1.6762765477;-2.5500632167;0.1409516461;0.1429679946;0.1236193336;0.0928174167;0.1467744855
23.5000254561;-2.4608471249;-2.4965063293;-2.0329366723;-1.6585150263;-2.5499951359;0.1409516461;0.1429679946;0.1236193336;0.0928174167;0.1467744855
23.5100254453;-2.4608471249;-2.4965063293;-2.0151826513;-1.6585150263;-2.5499951359;0.1409516461;0.1429679946;0.1236193336;0.0928174167;0.1467744855
23.5200254345;-2.4609377839;-2.4965063293;-2.0329366723;-1.6585150263;-2.5500631301;0.1409516461;0.1429654528;0.1236193336;0.0928174167;0.1467744855
23.5300254237;-2.4785861065;-2.4965063293;-2.0329366723;-1.6585150263;-2.5677567726;0.1409516461;0.1419682184;0.1236193336;0.0928174167;0.1467744855
23.5400254130;-2.4786767271;-2.4965063293;-2.0329366723;-1.6407533607;-2.5678247381;0.1409516461;0.1419682184;0.1236193336;0.0928174167;0.1467749084
23.5500254022;-2.4786767271;-2.4965063293;-2.0329366723;-1.6585150263;-2.5500630438;0.1409516461;0.1419682184;0.1236193336;0.0928169942;0.1477754237
23.5600253915;-2.4786767271;-2.4965063293;-2.0329366723;-1.6406854241;-2.5678247381;0.1409516461;0.1419682184;0.1236193336;0.0918169378;0.1477754237
23.5700253807;-2.4609375922;-2.4965063293;-2.0329366723;-1.6585150263;-2.5500629864;0.1409516461;0.1419682184;0.1236193336;0.0918169378;0.1477754237
23.5800253700;-2.4608471249;-2.4787822277;-2.0151824277;-1.6406854241;-2.5678247381;0.1409516461;0.1419682184;0.1236193336;0.0918169378;0.1477754237
23.5900253593;-2.4785863362;-2.4965063293;-2.0329366723;-1.6406854241;-2.5499951359;0.1409516461;0.1419682184;0.1236193336;0.0918169378;0.1477754237
23.6000253485;-2.4786767271;-2.4965063293;-2.0151823640;-1.6406854241;-2.5500629004;0.1409516461;0.1419682184;0.1236193336;0.0918169378;0.1477754237
23.6100253378;-2.4609374395;-2.4965063293;-2.0329366723;-1.6406854241;-2.5678247381;0.1409516461;0.1419656863;0.1236193336;0.0918169378;0.1477754237
23.6200253271;-2.4609374014;-2.4965063293;-2.0329366723;-1.6406854241;-2.5678247381;0.1409516461;0.1409684423;0.1236193336;0.0918165166;0.1477754237
23.6300253165;-2.4785864887;-2.4787820052;-2.0329366723;-1.6585150263;-2.5678247381;0.1409516461;0.1409684423;0.1236193336;0.0908164652;0.1477754237
23.6400253058;-2.4785865268;-2.4965063293;-2.0329366723;-1.6406854241;-2.5678247381;0.1409516461;0.1409684423;0.1236193336;0.0908164652;0.1477758448
23.6500252951;-2.4786767271;-2.4965063293;-2.0506911392;-1.6406854241;-2.5678247381;0.1409516461;0.1409684423;0.1236193336;0.0908164652;0.1487763529
23.6600252845;-2.4785866027;-2.4786767271;-2.0506911709;-1.6229234151;-2.5856543403;0.1409516461;0.1409684423;0.1236193336;0.0908164652;0.1487763529
23.6700252738;-2.4609372113;-2.4786767271;-2.0506912025;-1.6406854241;-2.5677571733;0.1409516461;0.1409684423;0.1236193336;0.0908164652;0.1487763529
23.6800252632;-2.4609371734;-2.4787817837;-2.0329366723;-1.6406854241;-2.5678247381;0.1409541705;0.1409684423;0.1236193336;0.0908164652;0.1487763529
23.6900252525;-2.4786767271;-2.4786767271;-2.0330116811;-1.6229233298;-2.5856543403;0.1419513032;0.1409684423;0.1236193336;0.0908164652;0.1487763529
23.7000252419;-2.4786767271;-2.4786767271;-2.0506912972;-1.6229233014;-2.5678247381;0.1419513032;0.1409684423;0.1236193336;0.0908164652;0.1487763529
23.7100252313;-2.4786767271;-2.4786767271;-2.0506913287;-1.6229232731;-2.5856543403;0.1419513032;0.1409684423;0.1236193336;0.0908164652;0.1487763529
23.7200252207;-2.4786767271;-2.4609520049;-2.0330115866;-1.6406854241;-2.5856543403;0.1419513032;0.1409659218;0.1236193336;0.0908164652;0.1487763529
23.7300252101;-2.4786767271;-2.4786767271;-2.0506913917;-1.6228558219;-2.5855869457;0.1419513032;0.1399686661;0.1236193336;0.0908164652;0.1487763529
23.7400251995;-2.4787665488;-2.4786767271;-2.0330115237;-1.6406180578;-2.5678921043;0.1419513032;0.1399686661;0.1236193336;0.0908164652;0.1487763529
23.7500251889;-2.4786767271;-2.4786767271;-2.0330114923;-1.6406854241;-2.5856543403;0.1419513032;0.1399686661;0.1236193336;0.0908164652;0.1487763529
23.7600251783;-2.4786767271;-2.4785720231;-2.0506914859;-1.6406854241;-2.5856543403;0.1419513032;0.1399686661;0.1236193336;0.0908164652;0.1487763529
23.7700251678;-2.4786767271;-2.4785720670;-2.0507662745;-1.6229231034;-2.5856543403;0.1419513032;0.1399686661;0.1236193336;0.0908164652;0.1487763529
23.7800251572;-2.4786767271;-2.4785721108;-2.0507662745;-1.6406854241;-2.5856543403;0.1419513032;0.1399686661;0.1236193336;0.0908164652;0.1487763529
23.7900251467;-2.4786767271;-2.4786767271;-2.0330113669;-1.6406854241;-2.5856543403;0.1419513032;0.1399686661;0.1246210206;0.0908164652;0.1487763529
23.8000251362;-2.4787663231;-2.4786767271;-2.0507662745;-1.6406182271;-2.5856543403;0.1419513032;0.1399686661;0.1246210206;0.0908164652;0.1487763529
23.8100251256;-2.4786767271;-2.4786767271;-2.0507662745;-1.6228558219;-2.5856543403;0.1419513032;0.1399686661;0.1246210206;0.0908164652;0.1487763529
23.8200251151;-2.4785872061;-2.4785722859;-2.0507662745;-1.6228558219;-2.5856543403;0.1419513032;0.1399686661;0.1246210206;0.0908164652;0.1487763529
23.8300251046;-2.4787662107;-2.4786767271;-2.0330112419;-1.6228558219;-2.5856543403;0.1419513032;0.1399686661;0.1246210206;0.0908164652;0.1487763529
23.8400250941;-2.4786767271;-2.4786767271;-2.0507662745;-1.6228558219;-2.5856543403;0.1419513032;0.1399686661;0.1246210206;0.0908164652;0.1487763529
23.8500250836;-2.4964169205;-2.4785724169;-2.0506917672;-1.6228558219;-2.5856543403;0.1419513032;0.1399686661;0.1246210206;0.0908164652;0.1487763529
23.8600250731;-2.4787660985;-2.4785724604;-2.0506917983;-1.6228558219;-2.5856543403;0.1419513032;0.1399686661;0.1246210206;0.0908164652;0.1487763529
23.8700250627;-2.4786767271;-2.4609513481;-2.0506918294;-1.6228558219;-2.5856543403;0.1419513032;0.1399686661;0.1246210206;0.0908164652;0.1487763529
23.8800250522;-2.4965063293;-2.4608471249;-2.0330110863;-1.6228558219;-2.5856543403;0.1419513032;0.1399686661;0.1246210206;0.0908164652;0.1487763529
23.8900250417;-2.4786767271;-2.4608471249;-2.0506918915;-1.6050931644;-2.5856543403;0.1419513032;0.1399686661;0.1246210206;0.0908164652;0.1487763529
23.9000250313;-2.4965063293;-2.4609512177;-2.0330110243;-1.6228558219;-2.5856543403;0.1419513032;0.1399661645;0.1246210206;0.0908164652;0.1487763529
23.9100250209;-2.4964171441;-2.4608471249;-2.0330109933;-1.6228558219;-2.5856543403;0.1419538033;0.1389688899;0.1246210206;0.0908164652;0.1487763529
23.9200250104;-2.4965063293;-2.4608471249;-2.0329366723;-1.6050930807;-2.5856543403;0.1429509602;0.1389688899;0.1246210206;0.0908164652;0.1487763529
23.9300250000;-2.4964172184;-2.4608471249;-2.0507662745;-1.6228558219;-2.5856543403;0.1429509602;0.1389688899;0.1246210206;0.0908160494;0.1487763529
23.9400249896;-2.4964172555;-2.4608471249;-2.0507662745;-1.6228558219;-2.5856543403;0.1429509602;0.1389688899;0.1246210206;0.0898160199;0.1487763529
23.9500249792;-2.4965063293;-2.4608471249;-2.0330108696;-1.6228558219;-2.5856543403;0.1429509602;0.1389688899;0.1246210206;0.0898160199;0.1487763529
23.9600249688;-2.4965063293;-2.4607432920;-2.0507662745;-1.6227890721;-2.5857210900;0.1429509602;0.1389688899;0.1246210206;0.0898160199;0.1487763529
23.9700249584;-2.4964173666;-2.4608471249;-2.0507662745;-1.6050262197;-2.5856543403;0.1429509602;0.1389688899;0.1246210206;0.0898160199;0.1487763529
23.9800249480;-2.4965063293;-2.4607433783;-2.0507662745;-1.6227891276;-2.5856543403;0.1429509602;0.1389688899;0.1246210206;0.0898160199;0.1487763529
23.9900249377;-2.4965063293;-2.4608471249;-2.0507662745;-1.6050262197;-2.5856543403;0.1429509602;0.1389688899;0.1246210206;0.0898160199;0.1487763529
24.0000249273;-2.4965063293;-2.4431211832;-2.0507662745;-1.6050262197;-2.5856543403;0.1429509602;0.1389688899;0.1246210206;0.0898160199;0.1487763529
24.0100249169;-2.4965063293;-2.4608471249;-2.0507662745;-1.6050928309;-2.5856543403;0.1429509602;0.1389688899;0.1246210206;0.0898160199;0.1487767675
24.0200249066;-2.4965063293;-2.4607435505;-2.0507662745;-1.6227892383;-2.5856543403;0.1429509602;0.1389688899;0.1246210206;0.0898156056;0.1497772496
24.0300248963;-2.4965063293;-2.4430175227;-2.0507662745;-1.6049596637;-2.5856543403;0.1429509602;0.1389688899;0.1246210206;0.0888155823;0.1497772496
24.0400248859;-2.4965063293;-2.4430175227;-2.0507662745;-1.6050262197;-2.5856543403;0.1429509602;0.1389688899;0.1246210206;0.0888155823;0.1497772496
24.0500248756;-2.4965063293;-2.4431209684;-2.0507662745;-1.6050262197;-2.6034174417;0.1429509602;0.1389688899;0.1246210206;0.0888155823;0.1497772496
24.0600248653;-2.4965063293;-2.4608471249;-2.0507662745;-1.6050262197;-2.5856543403;0.1429509602;0.1389688899;0.1246210206;0.0888155823;0.1497772496
24.0700248550;-2.4965063293;-2.4608471249;-2.0507662745;-1.6050262197;-2.6034839425;0.1429509602;0.1389688899;0.1246210206;0.0888155823;0.1497772496
24.0800248447;-2.5142473739;-2.4607438077;-2.0507662745;-1.6050262197;-2.5856543403;0.1429509602;0.1389688899;0.1256226774;0.0888155823;0.1497772496
24.0900248344;-2.4965063293;-2.4607438504;-2.0507662745;-1.6050262197;-2.5857207310;0.1429509602;0.1389688899;0.1256226774;0.0888155823;0.1497772496
24.1000248242;-2.4965063293;-2.4608471249;-2.0507662745;-1.6050262197;-2.6034175792;0.1429509602;0.1389688899;0.1256226774;0.0888155823;0.1497772496
24.1100248139;-2.4965063293;-2.4607439358;-2.0508399810;-1.6050262197;-2.5856543403;0.1429509602;0.1389688899;0.1256226774;0.0888155823;0.1497772496
24.1200248036;-2.4965063293;-2.4431206692;-2.0685958767;-1.6049599112;-2.6034176340;0.1429509602;0.1389688899;0.1256226774;0.0888155823;0.1497772496
24.1300247934;-2.4965063293;-2.4431206266;-2.0685958767;-1.6049599386;-2.6034839425;0.1429509602;0.1389688899;0.1256226774;0.0888155823;0.1497772496
24.1400247831;-2.4965063293;-2.4430175227;-2.0685958767;-1.5871966175;-2.5857205939;0.1429509602;0.1389688899;0.1256226774;0.0888155823;0.1497772496
24.1500247729;-2.4965063293;-2.4608471249;-2.0685222919;-1.6050262197;-2.5857205666;0.1429509602;0.1389688899;0.1256226774;0.0888155823;0.1497772496
24.1600247627;-2.5142476661;-2.4608471249;-2.0685958767;-1.6049600207;-2.5857205393;0.1429509602;0.1389688899;0.1256226774;0.0888155823;0.1497772496
24.1700247525;-2.4965063293;-2.4430175227;-2.0508397986;-1.6049600480;-2.6034177707;0.1429509602;0.1389688899;0.1256226774;0.0888155823;0.1497772496
24.1800247423;-2.4965945219;-2.4430175227;-2.0685958767;-1.6050262197;-2.5857204847;0.1429509602;0.1389688899;0.1256226774;0.0888155823;0.1497772496
24.1900247321;-2.4965063293;-2.4607442760;-2.0685958767;-1.6050262197;-2.5856543403;0.1429509602;0.1389688899;0.1256226774;0.0888155823;0.1497772496
24.2000247219;-2.5142478115;-2.4607443183;-2.0508397078;-1.5871966175;-2.6034839425;0.1429509602;0.1389688899;0.1256226774;0.0888151712;0.1497772496
24.2100247117;-2.4965063293;-2.4430175227;-2.0685224736;-1.6050262197;-2.6034178797;0.1429509602;0.1389688899;0.1256226774;0.0878151602;0.1497772496
24.2200247015;-2.4965063293;-2.4430175227;-2.0685958767;-1.5872626531;-2.5857203758;0.1429509602;0.1389664213;0.1256226774;0.0878151602;0.1497772496
24.2300246914;-2.4965943405;-2.4430175227;-2.0685958767;-1.6050262197;-2.6034179341;0.1429509602;0.1379691137;0.1256226774;0.0878151602;0.1497772496
24.2400246812;-2.4965063293;-2.4430175227;-2.0685958767;-1.6049602384;-2.6034179612;0.1429509602;0.1379691137;0.1256226774;0.0878151602;0.1497772496
24.2500246711;-2.4965063293;-2.4430175227;-2.0685958767;-1.5871966175;-2.6034179883;0.1429509602;0.1379691137;0.1256226774;0.0878147499;0.1497772496
24.2600246609;-2.4965942320;-2.4430175227;-2.0685958767;-1.5871966175;-2.6034839425;0.1429509602;0.1379691137;0.1256226774;0.0868147424;0.1497772496
24.2700246508;-2.4965941959;-2.4252904316;-2.0685958767;-1.5871966175;-2.6034839425;0.1429509602;0.1379691137;0.1256226774;0.0868147424;0.1497772496
24.2800246407;-2.5142481009;-2.4251879205;-2.0685958767;-1.5871966175;-2.5856543403;0.1429509602;0.1379691137;0.1256226774;0.0868147424;0.1497772496
24.2900246305;-2.5143359315;-2.4252903475;-2.0685958767;-1.5871966175;-2.6034839425;0.1429509602;0.1379691137;0.1256226774;0.0868147424;0.1497772496
24.3000246204;-2.4965940878;-2.4251879205;-2.0685958767;-1.5871966175;-2.6034839425;0.1429509602;0.1379691137;0.1256226774;0.0868147424;0.1497772496
24.3100246103;-2.4965940518;-2.4251879205;-2.0685958767;-1.5871966175;-2.6034839425;0.1429509602;0.1379691137;0.1256226774;0.0868147424;0.1497772496
24.3200246002;-2.4965063293;-2.4251879205;-2.0686689488;-1.5871966175;-2.6034839425;0.1429509602;0.1379691137;0.1256226774;0.0868147424;0.1497772496
24.3300245902;-2.5142482808;-2.4251879205;-2.0685958767;-1.5871966175;-2.6034839425;0.1429509602;0.1379666562;0.1256226774;0.0868147424;0.1497772496
24.3400245801;-2.5143359315;-2.4251879205;-2.0864254789;-1.5871966175;-2.6034839425;0.1429509602;0.1369693375;0.1256226774;0.0868147424;0.1497776586
24.3500245700;-2.4965939082;-2.4251879205;-2.0863524965;-1.5871966175;-2.6034839425;0.1429509602;0.1369693375;0.1256226774;0.0868147424;0.1507781182
24.3600245600;-2.5143359315;-2.4251879205;-2.0685958767;-1.5871966175;-2.6034839425;0.1429534144;0.1369693375;0.1256226774;0.0868147424;0.1507781182
24.3700245499;-2.5143359315;-2.4251879205;-2.0685958767;-1.5871309871;-2.6034839425;0.1439506173;0.1369693375;0.1256226774;0.0868147424;0.1507781182
24.3800245399;-2.5142484600;-2.4250858705;-2.0863525860;-1.5693670153;-2.6034839425;0.1439506173;0.1369693375;0.1256226774;0.0868147424;0.1507781182
24.3900245298;-2.5142484958;-2.4251879205;-2.0863526158;-1.5694325921;-2.6213135446;0.1439506173;0.1369693375;0.1256226774;0.0868147424;0.1507781182
24.4000245198;-2.5143359315;-2.4251879205;-2.0686687100;-1.5871310675;-2.6213135446;0.1439506173;0.1369693375;0.1256226774;0.0868147424;0.1507781182
24.4100245098;-2.5143359315;-2.4250859955;-2.0863526753;-1.5871966175;-2.6212480214;0.1439506173;0.1369668881;0.1256226774;0.0868147424;0.1507781182
24.4200244998;-2.5143359315;-2.4251879205;-2.0686686506;-1.5693670153;-2.6034839425;0.1439506173;0.1359695613;0.1256226774;0.0868147424;0.1507781182
24.4300244898;-2.5143359315;-2.4074601602;-2.0863527347;-1.5694324851;-2.6034839425;0.1439506173;0.1359695613;0.1256226774;0.0868147424;0.1507781182
24.4400244798;-2.5143359315;-2.4250861202;-2.0863527643;-1.5871311744;-2.6035493855;0.1439506173;0.1359695613;0.1266242975;0.0868147424;0.1507781182
24.4500244698;-2.5143359315;-2.4250861617;-2.0864254789;-1.5693670153;-2.6034839425;0.1439506173;0.1359695613;0.1266242975;0.0868143354;0.1507781182
24.4600244598;-2.5143359315;-2.4073583183;-2.0864254789;-1.5693670153;-2.6212481549;0.1439506173;0.1359695613;0.1266242975;0.0858143413;0.1507781182
24.4700244499;-2.5144230823;-2.4073583183;-2.0863528532;-1.5693670153;-2.6034839425;0.1439506173;0.1359695613;0.1266242975;0.0858143413;0.1507781182
24.4800244399;-2.5143359315;-2.4251879205;-2.0864254789;-1.5693016788;-2.6035492789;0.1439506173;0.1359695613;0.1266242975;0.0858143413;0.1507781182
24.4900244300;-2.5143359315;-2.4073583183;-2.0864254789;-1.5693670153;-2.6034839425;0.1439506173;0.1359695613;0.1266242975;0.0858143413;0.1507781182
24.5000244200;-2.5143359315;-2.4073583183;-2.0863529418;-1.5694322986;-2.6035492258;0.1439506173;0.1359695613;0.1266242975;0.0858143413;0.1507781182
24.5100244101;-2.5143359315;-2.4073583183;-2.0864254789;-1.5693670153;-2.6034839425;0.1439530565;0.1359695613;0.1266242975;0.0858143413;0.1507781182
24.5200244002;-2.5144229052;-2.4073583183;-2.0864254789;-1.5515374131;-2.6034839425;0.1449502743;0.1359695613;0.1266242975;0.0858143413;0.1507781182
24.5300243902;-2.5144228698;-2.4073583183;-2.0864254789;-1.5516026169;-2.6212483409;0.1449502743;0.1359695613;0.1266242975;0.0858139356;0.1507781182
24.5400243803;-2.5320786307;-2.3896301030;-2.0864254789;-1.5515374131;-2.6034839425;0.1449502743;0.1359671248;0.1266242975;0.0848139469;0.1507781182
24.5500243704;-2.5144227992;-2.4072569726;-2.0864254789;-1.5515374131;-2.6034839425;0.1449502743;0.1349697851;0.1266242975;0.0848139469;0.1507781182
24.5600243605;-2.5321655337;-2.4072570138;-2.0864254789;-1.5515374131;-2.6035490668;0.1449502743;0.1349697851;0.1266242975;0.0848139469;0.1507781182
24.5700243506;-2.5321655337;-2.4072570549;-2.0864254789;-1.5515374131;-2.6034839425;0.1449502743;0.1349697851;0.1266242975;0.0848139469;0.1507781182
24.5800243408;-2.5322522957;-2.3896299385;-2.0864254789;-1.5515374131;-2.6034839425;0.1449502743;0.1349697851;0.1266242975;0.0848139469;0.1507781182
24.5900243309;-2.5321655337;-2.4072571370;-2.0864254789;-1.5515374131;-2.6035489876;0.1449502743;0.1349697851;0.1266242975;0.0848135422;0.1507781182
24.6000243210;-2.5321655337;-2.4072571780;-2.0864254789;-1.5515374131;-2.6035489613;0.1449502743;0.1349697851;0.1266242975;0.0838135574;0.1507781182
24.6100243112;-2.5321655337;-2.3896298156;-2.0864254789;-1.5515374131;-2.6034839425;0.1449502743;0.1349697851;0.1266242975;0.0838135574;0.1507781182
24.6200243013;-2.5499085143;-2.4072572599;-2.0864254789;-1.5337727771;-2.6212485785;0.1449502743;0.1349697851;0.1266242975;0.0838135574;0.1507781182
24.6300242915;-2.5499085494;-2.3895287161;-2.0864254789;-1.5514724732;-2.6213135446;0.1449502743;0.1349697851;0.1266242975;0.0838135574;0.1507781182
24.6400242817;-2.5321655337;-2.4072573416;-2.0864254789;-1.5337078109;-2.6212486310;0.1449502743;0.1349697851;0.1266242975;0.0838131536;0.1507781182
24.6500242718;-2.5321655337;-2.4072573825;-2.0864254789;-1.5337078109;-2.6034839425;0.1449502743;0.1349697851;0.1266242975;0.0828131721;0.1507781182
24.6600242620;-2.5499086544;-2.4072574233;-2.0864254789;-1.5337078109;-2.6034839425;0.1449502743;0.1349697851;0.1266242975;0.0828131721;0.1507781182
24.6700242522;-2.5321655337;-2.4073583183;-2.0864254789;-1.5337078109;-2.6035487774;0.1449502743;0.1349697851;0.1266242975;0.0828131721;0.1507781182
24.6800242424;-2.5499087242;-2.3895287161;-2.0864254789;-1.5337078109;-2.6034839425;0.1449502743;0.1349697851;0.1266242975;0.0828131721;0.1507781182
24.6900242326;-2.5321655337;-2.4073583183;-2.0686678573;-1.5337078109;-2.6034839425;0.1449502743;0.1349697851;0.1266242975;0.0828131721;0.1507781182
24.7000242229;-2.5322518756;-2.4072575861;-2.0864254789;-1.5337078109;-2.6213135446;0.1449526948;0.1349697851;0.1266242975;0.0828131721;0.1507781182
24.7100242131;-2.5321655337;-2.3895287161;-2.0864254789;-1.5337078109;-2.6034839425;0.1459499314;0.1349697851;0.1266242975;0.0828131721;0.1507781182
24.7200242033;-2.5322518060;-2.3896293671;-2.0864254789;-1.5337078109;-2.6213135446;0.1459499314;0.1349697851;0.1266242975;0.0828131721;0.1507781182
24.7300241935;-2.5322517712;-2.3895287161;-2.0864254789;-1.5337078109;-2.6034839425;0.1459499314;0.1349697851;0.1266242975;0.0828131721;0.1507781182
24.7400241838;-2.5499951359;-2.3895287161;-2.0864254789;-1.5337078109;-2.6034839425;0.1459499314;0.1349697851;0.1266242975;0.0828131721;0.1507781182
24.7500241741;-2.5321655337;-2.3895287161;-2.0864254789;-1.5159428347;-2.6034839425;0.1459499314;0.1349697851;0.1266242975;0.0828131721;0.1507781182
24.7600241643;-2.5322516670;-2.3895287161;-2.0864254789;-1.5158782087;-2.6034839425;0.1459499314;0.1349697851;0.1266242975;0.0828131721;0.1507781182
24.7700241546;-2.5322516324;-2.3895287161;-2.0864254789;-1.5336432369;-2.6212489706;0.1459499314;0.1349697851;0.1266242975;0.0828131721;0.1507781182
24.7800241449;-2.5499951359;-2.3895287161;-2.0864254789;-1.5158782087;-2.6212489966;0.1459499314;0.1349697851;0.1266242975;0.0828131721;0.1507781182
24.7900241352;-2.5321655337;-2.3716991140;-2.0864254789;-1.5158782087;-2.6034839425;0.1459499314;0.1349697851;0.1266242975;0.0828127706;0.1507781182
24.8000241255;-2.5499091410;-2.3717994413;-2.0864254789;-1.5158782087;-2.6213135446;0.1459499314;0.1349673741;0.1266242975;0.0818127990;0.1507781182
24.8100241158;-2.5499951359;-2.3894284291;-2.0864254789;-1.5158782087;-2.6034839425;0.1459499314;0.1339700090;0.1266242975;0.0818127990;0.1507781182
24.8200241061;-2.5499951359;-2.3894284694;-2.0864254789;-1.5158782087;-2.6212491003;0.1459499314;0.1339700090;0.1266242975;0.0818127990;0.1507781182
24.8300240964;-2.5499092446;-2.3716991140;-2.0864254789;-1.5158782087;-2.6213135446;0.1459499314;0.1339700090;0.1266242975;0.0818127990;0.1507781182
24.8400240867;-2.5499951359;-2.3717992803;-2.0864254789;-1.5158782087;-2.6213135446;0.1459499314;0.1339700090;0.1266242975;0.0818127990;0.1507781182
24.8500240770;-2.5499951359;-2.3716991140;-2.0864254789;-1.5158782087;-2.6034839425;0.1459523373;0.1339700090;0.1266242975;0.0818127990;0.1507781182
24.8600240674;-2.5499951359;-2.3716991140;-2.0864254789;-1.4981129475;-2.6034839425;0.1469495885;0.1339676037;0.1266242975;0.0818123986;0.1507781182
24.8700240577;-2.5499951359;-2.3716991140;-2.0864254789;-1.5158782087;-2.6035482577;0.1469495885;0.1329702328;0.1266242975;0.0808124315;0.1507781182
24.8800240481;-2.5499951359;-2.3539695175;-2.0864969116;-1.4981128960;-2.6034839425;0.1469495885;0.1329702328;0.1266242975;0.0808124315;0.1507781182
24.8900240385;-2.5499951359;-2.3716991140;-2.0864254789;-1.4980486065;-2.6212492810;0.1469495885;0.1329702328;0.1266242975;0.0808124315;0.1507781182
24.9000240288;-2.5499951359;-2.3716991140;-2.0864968544;-1.4980486065;-2.6034839425;0.1469495885;0.1329702328;0.1266242975;0.0808124315;0.1507781182
24.9100240192;-2.5500807522;-2.3716991140;-2.1042550811;-1.4980486065;-2.6034839425;0.1469495885;0.1329702328;0.1276258714;0.0808124315;0.1507781182
24.9200240096;-2.5678247381;-2.3538695118;-2.0864254789;-1.4981127931;-2.6035481290;0.1469495885;0.1329702328;0.1276258714;0.0808120321;0.1507781182
24.9300240000;-2.5500806837;-2.3539693176;-2.0864254789;-1.4980486065;-2.6034839425;0.1469495885;0.1329702328;0.1276258714;0.0798120688;0.1507781182
24.9400239904;-2.5499951359;-2.3716991140;-2.0864254789;-1.4980486065;-2.6034839425;0.1469495885;0.1329702328;0.1276258714;0.0798120688;0.1507781182
24.9500239808;-2.5500806154;-2.3715993879;-2.0864967118;-1.4980486065;-2.6034839425;0.1469495885;0.1329678362;0.1276258714;0.0798120688;0.1507781182
24.9600239712;-2.5499951359;-2.3538695118;-2.0864254789;-1.4980486065;-2.6212494606;0.1469495885;0.1319704566;0.1276258714;0.0798120688;0.1507781182
24.9700239617;-2.5678247381;-2.3538695118;-2.0864254789;-1.4980486065;-2.6212494862;0.1469495885;0.1319704566;0.1276258714;0.0798120688;0.1507781182
24.9800239521;-2.5499951359;-2.3538695118;-2.0864966265;-1.4980486065;-2.6034839425;0.1469495885;0.1319704566;0.1276258714;0.0798120688;0.1507781182
24.9900239425;-2.5677393949;-2.3538695118;-2.0864254789;-1.4980486065;-2.6034839425;0.1469495885;0.1319704566;0.1276258714;0.0798116706;0.1507781182
25.0000239330;-2.5678247381;-2.3538695118;-2.0864965698;-1.4980486065;-2.6034839425;0.1469495885;0.1319704566;0.1276258714;0.0788117118;0.1507781182
25.0100239234;-2.5678247381;-2.3538695118;-2.0864254789;-1.4980486065;-2.6034839425;0.1469495885;0.1319704566;0.1276258714;0.0788117118;0.1507781182
25.0200239139;-2.5500803770;-2.3538695118;-2.1042550811;-1.4980486065;-2.6212496138;0.1469495885;0.1319704566;0.1276258714;0.0788117118;0.1507781182
25.0300239044;-2.5500803431;-2.3538695118;-2.0864964849;-1.4980486065;-2.6034839425;0.1469495885;0.1319704566;0.1276258714;0.0788117118;0.1507781182
25.0400238949;-2.5678247381;-2.3538695118;-2.1041841034;-1.4802190043;-2.6034839425;0.1469495885;0.1319704566;0.1276258714;0.0788117118;0.1507781182
25.0500238854;-2.5678247381;-2.3538695118;-2.1041841316;-1.4979847520;-2.6034839425;0.1469495885;0.1319704566;0.1276258714;0.0788117118;0.1507781182
25.0600238758;-2.5678247381;-2.3538695118;-2.1042550811;-1.4802190043;-2.6034839425;0.1469495885;0.1319704566;0.1276258714;0.0788117118;0.1507781182
25.0700238663;-2.5678247381;-2.3538695118;-2.1042550811;-1.4802190043;-2.6034839425;0.1469495885;0.1319704566;0.1276258714;0.0788117118;0.1507781182
25.0800238569;-2.5678247381;-2.3538695118;-2.1220138184;-1.4802190043;-2.6034839425;0.1469495885;0.1319704566;0.1276258714;0.0788117118;0.1507781182
25.0900238474;-2.5679097421;-2.3538695118;-2.1042550811;-1.4980486065;-2.5857180933;0.1469495885;0.1319704566;0.1276258714;0.0788117118;0.1507781182
25.1000238379;-2.5678247381;-2.3538695118;-2.1042550811;-1.4802190043;-2.6034839425;0.1469495885;0.1319704566;0.1276258714;0.0788117118;0.1507781182
25.1100238284;-2.5500800724;-2.3538695118;-2.1042550811;-1.4624531046;-2.6212498422;0.1469495885;0.1319704566;0.1276258714;0.0788117118;0.1507781182
25.1200238190;-2.5678247381;-2.3360399096;-2.0864254789;-1.4802190043;-2.6034839425;0.1469495885;0.1319704566;0.1276258714;0.0788117118;0.1507781182
25.1300238095;-2.5855694711;-2.3537704977;-2.1042550811;-1.4802190043;-2.6034839425;0.1469495885;0.1319704566;0.1276258714;0.0788117118;0.1507781182
25.1400238001;-2.5678247381;-2.3538695118;-2.1042550811;-1.4802190043;-2.6034839425;0.1469495885;0.1319704566;0.1276258714;0.0788117118;0.1507781182
25.1500237906;-2.5677399362;-2.3361388451;-2.1042550811;-1.4802190043;-2.6034839425;0.1469495885;0.1319680790;0.1286274224;0.0788117118;0.1507781182
25.1600237812;-2.5500799042;-2.3360399096;-2.1042550811;-1.4801554281;-2.6034839425;0.1469495885;0.1309706804;0.1286274224;0.0788117118;0.1507781182
25.1700237718;-2.5678247381;-2.3537706546;-2.1041844688;-1.4802190043;-2.6034839425;0.1469495885;0.1309706804;0.1286274224;0.0788117118;0.1507781182
25.1800237624;-2.5678247381;-2.3538695118;-2.0864960632;-1.4802190043;-2.6034839425;0.1469495885;0.1309706804;0.1286274224;0.0788117118;0.1507781182
25.1900237530;-2.5678247381;-2.3361386885;-2.1042550811;-1.4802190043;-2.6034839425;0.1469495885;0.1309706804;0.1286274224;0.0788117118;0.1507781182
25.2000237436;-2.5678247381;-2.3361386495;-2.1220141548;-1.4801555287;-2.6034204668;0.1469495885;0.1309706804;0.1286274224;0.0788113169;0.1507781182
25.2100237342;-2.5678247381;-2.3361386104;-2.1042550811;-1.4801555538;-2.5856543403;0.1469495885;0.1309706804;0.1286274224;0.0778113713;0.1507781182
25.2200237248;-2.5678247381;-2.3537708499;-2.1043255538;-1.4623894021;-2.5856543403;0.1469519592;0.1309706804;0.1286274224;0.0778113713;0.1507781182
25.2300237154;-2.5678247381;-2.3360399096;-2.1220846833;-1.4624528025;-2.6034839425;0.1479492455;0.1309706804;0.1286274224;0.0778113713;0.1507781182
25.2400237060;-2.5500796364;-2.3537709279;-2.1042550811;-1.4623894021;-2.5857177156;0.1479492455;0.1309706804;0.1286274224;0.0778113713;0.1507781182
25.2500236967;-2.5678247381;-2.3361384545;-2.1042550811;-1.4623894021;-2.6034839425;0.1479492455;0.1309706804;0.1286274224;0.0778109772;0.1507781182
25.2600236873;-2.5679091719;-2.3537710057;-2.1042550811;-1.4623894021;-2.5857176656;0.1479492455;0.1309706804;0.1286274224;0.0768110348;0.1507777240
25.2700236780;-2.5855699398;-2.3361383768;-2.1043254148;-1.4445598000;-2.6034839425;0.1479492455;0.1309706804;0.1286274224;0.0768110348;0.1497773242
25.2800236686;-2.5855699731;-2.3360399096;-2.1043253871;-1.4623894021;-2.6034206671;0.1479492455;0.1309706804;0.1286274224;0.0768110348;0.1497773242
25.2900236593;-2.5678247381;-2.3361382992;-2.1220846833;-1.4623261517;-2.6034206920;0.1479492455;0.1309706804;0.1286274224;0.0768110348;0.1497773242
25.3000236500;-2.5855700395;-2.3360399096;-2.1043253317;-1.4445598000;-2.5857175658;0.1479492455;0.1309706804;0.1286274224;0.0768110348;0.1497773242
25.3100236407;-2.5678247381;-2.3360399096;-2.1043253040;-1.4445598000;-2.5856543403;0.1479492455;0.1309706804;0.1286274224;0.0768110348;0.1497773242
25.3200236314;-2.5678247381;-2.3361381830;-2.1220846833;-1.4445598000;-2.5857175160;0.1479492455;0.1309706804;0.1286274224;0.0768110348;0.1497773242
25.3300236220;-2.5855701391;-2.3360399096;-2.1220145156;-1.4445598000;-2.5856543403;0.1479492455;0.1309706804;0.1286274224;0.0768110348;0.1497773242
25.3400236128;-2.5678247381;-2.3360399096;-2.1220846833;-1.4445598000;-2.5856543403;0.1479492455;0.1309706804;0.1286274224;0.0768106421;0.1497773242
25.3500236035;-2.5856543403;-2.3360399096;-2.1220846833;-1.4445598000;-2.5856543403;0.1479492455;0.1309706804;0.1286274224;0.0758107053;0.1497773242
25.3600235942;-2.5856543403;-2.3537713929;-2.1220846833;-1.4445598000;-2.5856543403;0.1479492455;0.1309706804;0.1286274224;0.0758107053;0.1497773242
25.3700235849;-2.5855702714;-2.3360399096;-2.1043251384;-1.4445598000;-2.6034208908;0.1479492455;0.1309706804;0.1286274224;0.0758107053;0.1497773242
25.3800235756;-2.5678247381;-2.3360399096;-2.1220846833;-1.4445598000;-2.6034209156;0.1479492455;0.1309706804;0.1286274224;0.0758107053;0.1497773242
25.3900235664;-2.5679087409;-2.3360399096;-2.1220846833;-1.4445598000;-2.6034839425;0.1479516004;0.1309706804;0.1296289509;0.0758107053;0.1497773242
25.4000235571;-2.5856543403;-2.3360399096;-2.1220846833;-1.4445598000;-2.5857173177;0.1489489026;0.1309706804;0.1296289509;0.0758107053;0.1497773242
25.4100235479;-2.5856543403;-2.3360399096;-2.1220846833;-1.4445598000;-2.5857172930;0.1489489026;0.1309706804;0.1296289509;0.0758107053;0.1497773242
25.4200235386;-2.5679086421;-2.3360399096;-2.1220846833;-1.4445598000;-2.5857172683;0.1489489026;0.1309706804;0.1296289509;0.0758107053;0.1497773242
25.4300235294;-2.5856543403;-2.3360399096;-2.1220846833;-1.4445598000;-2.6034210391;0.1489489026;0.1309706804;0.1296289509;0.0758107053;0.1497773242
25.4400235202;-2.5856543403;-2.3360399096;-2.1220846833;-1.4267301978;-2.5856543403;0.1489489026;0.1309706804;0.1296289509;0.0758107053;0.1497773242
25.4500235110;-2.5856543403;-2.3537717388;-2.1220846833;-1.4267930518;-2.6034210884;0.1489489026;0.1309706804;0.1296289509;0.0758107053;0.1497773242
25.4600235018;-2.5856543403;-2.3360399096;-2.1220846833;-1.4267930272;-2.6034211130;0.1489489026;0.1309706804;0.1296289509;0.0758103144;0.1497773242
25.4700234926;-2.5856543403;-2.3360399096;-2.1220846833;-1.4444969951;-2.5856543403;0.1489489026;0.1309706804;0.1306304720;0.0748103850;0.1497773242
25.4800234834;-2.5856543403;-2.3360399096;-2.1220846833;-1.4444970197;-2.6034211622;0.1489489026;0.1309706804;0.1306304720;0.0748103850;0.1497773242
25.4900234742;-2.5856543403;-2.3360399096;-2.1221544119;-1.4267301978;-2.5857170960;0.1489489026;0.1309706804;0.1306304720;0.0748103850;0.1497773242
25.5000234650;-2.5857379819;-2.3360399096;-2.1398445841;-1.4267301978;-2.5856543403;0.1489489026;0.1309706804;0.1306304720;0.0748103850;0.1497773242
25.5100234558;-2.6034003335;-2.3360399096;-2.1220846833;-1.4267301978;-2.5857170470;0.1489489026;0.1309706804;0.1306304720;0.0748103850;0.1497773242
25.5200234467;-2.5856543403;-2.3360399096;-2.1220846833;-1.4267301978;-2.5856543403;0.1489489026;0.1309706804;0.1306304720;0.0748103850;0.1497773242
25.5300234375;-2.5856543403;-2.3360399096;-2.1221543029;-1.4267301978;-2.5856543403;0.1489489026;0.1309706804;0.1306304720;0.0748103850;0.1497773242
25.5400234283;-2.5856543403;-2.3360399096;-2.1220846833;-1.4267301978;-2.5855917070;0.1489489026;0.1309706804;0.1306304720;0.0748103850;0.1497773242
25.5500234192;-2.6034839425;-2.3360399096;-2.1221542486;-1.4267301978;-2.5856543403;0.1489489026;0.1309706804;0.1306304720;0.0748103850;0.1497773242
25.5600234101;-2.6034004966;-2.3360399096;-2.1221542215;-1.4267301978;-2.5856543403;0.1489489026;0.1309706804;0.1306304720;0.0748103850;0.1497773242
25.5700234009;-2.5856543403;-2.3360399096;-2.1398447743;-1.4267301978;-2.5856543403;0.1489489026;0.1309706804;0.1306304720;0.0748103850;0.1497773242
25.5800233918;-2.5857377211;-2.3360399096;-2.1398448014;-1.4267301978;-2.5856543403;0.1489489026;0.1309706804;0.1306304720;0.0748103850;0.1497773242
25.5900233827;-2.5856543403;-2.3361371493;-2.1398448285;-1.4267301978;-2.5856543403;0.1489489026;0.1309706804;0.1306304720;0.0748103850;0.1497773242
25.6000233736;-2.6034006266;-2.3360399096;-2.1398448555;-1.4266677108;-2.5856543403;0.1489489026;0.1309706804;0.1306304720;0.0748103850;0.1497773242
25.6100233645;-2.5856543403;-2.3359427455;-2.1399142855;-1.4267301978;-2.5856543403;0.1489489026;0.1309706804;0.1306304720;0.0748099964;0.1497773242
25.6200233554;-2.5857375913;-2.3360399096;-2.1399142855;-1.4089005956;-2.5855919020;0.1489489026;0.1309706804;0.1306304720;0.0738100762;0.1497773242
25.6300233463;-2.5856543403;-2.3360399096;-2.1221540322;-1.4266677838;-2.5856543403;0.1489489026;0.1309706804;0.1306304720;0.0738100762;0.1497773242
25.6400233372;-2.6034007561;-2.3360399096;-2.1399142855;-1.4089005956;-2.5855919505;0.1489489026;0.1309706804;0.1306304720;0.0738100762;0.1497773242
25.6500233281;-2.6034839425;-2.3361369226;-2.1399142855;-1.4089005956;-2.5678247381;0.1489489026;0.1309706804;0.1306304720;0.0738100762;0.1497773242
25.6600233191;-2.6034839425;-2.3360399096;-2.1399142855;-1.4089005956;-2.5678247381;0.1489489026;0.1309706804;0.1306304720;0.0738096883;0.1497773242
25.6700233100;-2.5856543403;-2.3183072450;-2.1399142855;-1.4089005956;-2.5678870551;0.1489489026;0.1309706804;0.1306304720;0.0728097712;0.1497773242
25.6800233010;-2.6034839425;-2.3361368096;-2.1399142855;-1.4089005956;-2.5856543403;0.1489489026;0.1309706804;0.1306304720;0.0728097712;0.1497773242
25.6900232919;-2.6034839425;-2.3360399096;-2.1399142855;-1.4089005956;-2.5856543403;0.1489489026;0.1309706804;0.1306304720;0.0728097712;0.1497773242
25.7000232829;-2.5856543403;-2.3359430847;-2.1399142855;-1.4089005956;-2.5855920957;0.1489489026;0.1309706804;0.1306304720;0.0728097712;0.1497773242
25.7100232739;-2.6034839425;-2.3360399096;-2.1399142855;-1.4089005956;-2.5678869585;0.1489489026;0.1309683544;0.1306304720;0.0728097712;0.1497773242
25.7200232648;-2.6034839425;-2.3359431598;-2.1399142855;-1.4088383993;-2.5678869344;0.1489489026;0.1299709042;0.1306304720;0.0728093842;0.1497773242
25.7300232558;-2.6034010462;-2.3183070197;-2.1399142855;-1.4089005956;-2.5678247381;0.1489512265;0.1299709042;0.1306304720;0.0718094707;0.1497773242
25.7400232468;-2.6034839425;-2.3359432347;-2.1399833389;-1.4089005956;-2.5678247381;0.1499485597;0.1299709042;0.1306304720;0.0718094707;0.1497773242
25.7500232378;-2.6034839425;-2.3359432722;-2.1399142855;-1.3910709934;-2.5678868621;0.1499485597;0.1299709042;0.1306304720;0.0718094707;0.1497769375
25.7600232288;-2.6034839425;-2.3183069074;-2.1399832855;-1.4088384956;-2.5855922403;0.1499485597;0.1299709042;0.1306304720;0.0718094707;0.1487765676
25.7700232198;-2.6034839425;-2.3182103074;-2.1399142855;-1.3910709934;-2.5855922643;0.1499485597;0.1299709042;0.1306304720;0.0718090845;0.1487765676
25.7800232108;-2.6034839425;-2.3182103074;-2.1577438876;-1.3910089414;-2.5678247381;0.1499485597;0.1299709042;0.1306304720;0.0708091740;0.1487765676
25.7900232019;-2.6035666464;-2.3182103074;-2.1399142855;-1.3910709934;-2.5678247381;0.1499485597;0.1299709042;0.1306304720;0.0708091740;0.1487765676
25.8000231929;-2.6034839425;-2.3181138567;-2.1399142855;-1.3910709934;-2.5678247381;0.1499485597;0.1299685863;0.1306304720;0.0708091740;0.1487765676
25.8100231839;-2.6212309045;-2.3182103074;-2.1399142855;-1.3910709934;-2.5678247381;0.1499485597;0.1289711280;0.1316319621;0.0708091740;0.1487765676
25.8200231750;-2.6034839425;-2.3182103074;-2.1576750475;-1.3910709934;-2.5678247381;0.1499485597;0.1289711280;0.1316319621;0.0708091740;0.1487765676
25.8300231660;-2.6034839425;-2.3182103074;-2.1399142855;-1.3910709934;-2.5678247381;0.1499485597;0.1289711280;0.1316319621;0.0708091740;0.1487765676
25.8400231571;-2.6034839425;-2.3181140055;-2.1577438876;-1.3733032995;-2.5855924319;0.1499485597;0.1289711280;0.1316319621;0.0708091740;0.1487765676
25.8500231481;-2.6034839425;-2.3003807052;-2.1399142855;-1.3733032757;-2.5678247381;0.1499485597;0.1289711280;0.1316319621;0.0708091740;0.1487765676
25.8600231392;-2.6034839425;-2.3003807052;-2.1576751536;-1.3733032518;-2.5678247381;0.1499485597;0.1289711280;0.1316319621;0.0708091740;0.1487761826
25.8700231303;-2.6034839425;-2.3003807052;-2.1576751801;-1.3733032280;-2.5678247381;0.1499485597;0.1289711280;0.1316319621;0.0708091740;0.1477758193
25.8800231214;-2.6212311274;-2.3004768587;-2.1577438876;-1.3910091804;-2.5678247381;0.1499485597;0.1289688173;0.1316319621;0.0708091740;0.1477758193
25.8900231125;-2.6034839425;-2.3003807052;-2.1577438876;-1.3910709934;-2.5678247381;0.1499485597;0.1279713518;0.1316319621;0.0708091740;0.1477758193
25.9000231036;-2.6035662963;-2.3003807052;-2.1399142855;-1.3910092280;-2.5500569012;0.1499485597;0.1279713518;0.1316319621;0.0708091740;0.1477758193
25.9100230947;-2.6212312225;-2.3003807052;-2.1576752859;-1.3732413912;-2.5500568775;0.1499485597;0.1279713518;0.1316319621;0.0708091740;0.1477758193
25.9200230858;-2.6034839425;-2.3002846996;-2.1399828608;-1.3733031090;-2.5678247381;0.1499485597;0.1279713518;0.1316319621;0.0708091740;0.1477758193
25.9300230769;-2.6213135446;-2.3003807052;-2.1576753386;-1.3733030853;-2.5500568300;0.1499485597;0.1279690455;0.1316319621;0.0708091740;0.1477758193
25.9400230681;-2.6034839425;-2.2825511030;-2.1399828081;-1.3732413912;-2.5499951359;0.1499485597;0.1269715756;0.1316319621;0.0708091740;0.1477758193
25.9500230592;-2.6034839425;-2.3002848103;-2.1577438876;-1.3732413912;-2.5500567826;0.1499508639;0.1269715756;0.1316319621;0.0708091740;0.1477758193
25.9600230503;-2.6035661065;-2.2826469611;-2.1399142855;-1.3732413912;-2.5678247381;0.1509482167;0.1269715756;0.1316319621;0.0708091740;0.1477758193
25.9700230415;-2.6035660750;-2.3002848839;-2.1576754439;-1.3732413912;-2.5499951359;0.1509482167;0.1269715756;0.1316319621;0.0708091740;0.1477758193
25.9800230326;-2.6213135446;-2.2826468875;-2.1576754701;-1.3732413912;-2.5677631623;0.1509482167;0.1269715756;0.1316319621;0.0708091740;0.1477758193
25.9900230238;-2.6213135446;-2.2825511030;-2.1577438876;-1.3732413912;-2.5499951359;0.1509482167;0.1269715756;0.1316319621;0.0708091740;0.1477758193
26.0000230150;-2.6213135446;-2.2825511030;-2.1577438876;-1.3732413912;-2.5500566644;0.1509482167;0.1269715756;0.1316319621;0.0708091740;0.1477758193
26.0100230061;-2.6213135446;-2.2825511030;-2.1577438876;-1.3554732939;-2.5677632331;0.1509482167;0.1269715756;0.1316319621;0.0708091740;0.1477758193
26.0200229973;-2.6213135446;-2.2825511030;-2.1577438876;-1.3732413912;-2.5499951359;0.1509482167;0.1269715756;0.1316319621;0.0708087914;0.1477758193
26.0300229885;-2.6213135446;-2.2825511030;-2.1577438876;-1.3732413912;-2.5678247381;0.1509482167;0.1269715756;0.1316319621;0.0698088958;0.1477758193
26.0400229797;-2.6213135446;-2.2825511030;-2.1399142855;-1.3732413912;-2.5677633038;0.1509482167;0.1269715756;0.1316319621;0.0698088958;0.1477758193
26.0500229709;-2.6213135446;-2.2825511030;-2.1577438876;-1.3732413912;-2.5499951359;0.1509482167;0.1269715756;0.1316319621;0.0698088958;0.1477758193
26.0600229621;-2.6213135446;-2.2648169922;-2.1577438876;-1.3554731763;-2.5499951359;0.1509482167;0.1269715756;0.1316319621;0.0698088958;0.1477758193
26.0700229533;-2.6213135446;-2.2825511030;-2.1577438876;-1.3554117890;-2.5499951359;0.1509482167;0.1269715756;0.1326334291;0.0698088958;0.1477758193
26.0800229446;-2.6213953318;-2.2825511030;-2.1576757317;-1.3554117890;-2.5499951359;0.1509482167;0.1269715756;0.1326334291;0.0698088958;0.1477754375
26.0900229358;-2.6391431468;-2.2825511030;-2.1577438876;-1.3554117890;-2.5499951359;0.1509505087;0.1269715756;0.1326334291;0.0698085143;0.1467750873
26.1000229270;-2.6391431468;-2.2825511030;-2.1577438876;-1.3554117890;-2.5499951359;0.1519478738;0.1269715756;0.1326334291;0.0688086228;0.1467750873
26.1100229183;-2.6391431468;-2.2825511030;-2.1578119655;-1.3554117890;-2.5499951359;0.1519478738;0.1269715756;0.1326334291;0.0688086228;0.1467750873
26.1200229095;-2.6213952069;-2.2648167735;-2.1577438876;-1.3554117890;-2.5499951359;0.1519478738;0.1269715756;0.1326334291;0.0688086228;0.1467750873
26.1300229008;-2.6391431468;-2.2648167371;-2.1577438876;-1.3554117890;-2.5499339125;0.1519478738;0.1269715756;0.1326334291;0.0688086228;0.1467750873
26.1400228920;-2.6391431468;-2.2824559030;-2.1577438876;-1.3554117890;-2.5499951359;0.1519478738;0.1269715756;0.1326334291;0.0688086228;0.1467750873
26.1500228833;-2.6213951135;-2.2824559393;-2.1577438876;-1.3554117890;-2.5322267104;0.1519478738;0.1269715756;0.1326334291;0.0688086228;0.1467750873
26.1600228746;-2.6391431468;-2.2824559755;-2.1578118358;-1.3554117890;-2.5499951359;0.1519478738;0.1269715756;0.1326334291;0.0688086228;0.1467750873
26.1700228659;-2.6213135446;-2.2825511030;-2.1578118099;-1.3376433169;-2.5499951359;0.1519478738;0.1269715756;0.1326334291;0.0688086228;0.1467750873
26.1800228571;-2.6391431468;-2.2647215008;-2.1755055934;-1.3554117890;-2.5499951359;0.1519478738;0.1269715756;0.1326334291;0.0688082426;0.1467750873
26.1900228484;-2.6391431468;-2.2648165196;-2.1577438876;-1.3554117890;-2.5499951359;0.1519478738;0.1269715756;0.1326334291;0.0678083563;0.1467750873
26.2000228397;-2.6391431468;-2.2824561203;-2.1577438876;-1.3375821868;-2.5499951359;0.1519478738;0.1269715756;0.1326334291;0.0678083563;0.1467750873
26.2100228311;-2.6391431468;-2.2648164473;-2.1577438876;-1.3553507519;-2.5499951359;0.1519478738;0.1269715756;0.1326334291;0.0678083563;0.1467750873
26.2200228224;-2.6391431468;-2.2648164112;-2.1577438876;-1.3376432006;-2.5499951359;0.1519478738;0.1269692948;0.1326334291;0.0678083563;0.1467750873
26.2300228137;-2.6392244677;-2.2648163752;-2.1578116550;-1.3554117890;-2.5499341452;0.1519478738;0.1259717995;0.1326334291;0.0678083563;0.1467750873
26.2400228050;-2.6391431468;-2.2647215008;-2.1577438876;-1.3375821868;-2.5322265012;0.1519478738;0.1259717995;0.1326334291;0.0678083563;0.1467750873
26.2500227964;-2.6391431468;-2.2824563007;-2.1577438876;-1.3375821868;-2.5321655337;0.1519478738;0.1259717995;0.1326334291;0.0678083563;0.1467750873
26.2600227877;-2.6568915208;-2.2825511030;-2.1577438876;-1.3375821868;-2.5321655337;0.1519478738;0.1259717995;0.1326334291;0.0678083563;0.1467750873
26.2700227790;-2.6568915516;-2.2647215008;-2.1577438876;-1.3375821868;-2.5499342378;0.1519478738;0.1259717995;0.1326334291;0.0678083563;0.1467750873
26.2800227704;-2.6391431468;-2.2647215008;-2.1577438876;-1.3376430618;-2.5499342609;0.1519478738;0.1259717995;0.1326334291;0.0678079776;0.1467747084
26.2900227618;-2.6391431468;-2.2647215008;-2.1577438876;-1.3375821868;-2.5499342840;0.1519478738;0.1259717995;0.1326334291;0.0668080971;0.1457743698
26.3000227531;-2.6391431468;-2.2646268782;-2.1577438876;-1.3375821868;-2.5499343071;0.1519478738;0.1259695255;0.1336348761;0.0668080971;0.1457743698
26.3100227445;-2.6392242212;-2.2647215008;-2.1755734898;-1.3375213810;-2.5499343301;0.1519478738;0.1249720233;0.1336348761;0.0668080971;0.1457743698
26.3200227359;-2.6391431468;-2.2647215008;-2.1755734898;-1.3375821868;-2.5499951359;0.1519478738;0.1249720233;0.1336348761;0.0668080971;0.1457743698
26.3300227273;-2.6392241598;-2.2647215008;-2.1755734898;-1.3375214271;-2.5499343762;0.1519478738;0.1249720233;0.1336348761;0.0668080971;0.1457743698
26.3400227187;-2.6391431468;-2.2646270215;-2.1755060046;-1.3375214501;-2.5322262704;0.1519478738;0.1249720233;0.1336348761;0.0668080971;0.1457743698
26.3500227101;-2.6391431468;-2.2468918986;-2.1755060301;-1.3375214731;-2.5321655337;0.1519478738;0.1249697536;0.1336348761;0.0668080971;0.1457743698
26.3600227015;-2.6569727490;-2.2468918986;-2.1755734898;-1.3198132754;-2.5322262245;0.1519478738;0.1239722471;0.1336348761;0.0668080971;0.1457743698
26.3700226929;-2.6391431468;-2.2468918986;-2.1755734898;-1.3375821868;-2.5321655337;0.1519478738;0.1239722471;0.1336348761;0.0668080971;0.1457743698
26.3800226843;-2.6391431468;-2.2467975621;-2.1755734898;-1.3197525846;-2.5321655337;0.1519478738;0.1239722471;0.1336348761;0.0668080971;0.1457743698
26.3900226757;-2.6568919197;-2.2467975977;-2.1755734898;-1.3375215648;-2.5321655337;0.1519478738;0.1239699809;0.1336348761;0.0668080971;0.1457743698
26.4000226672;-2.6391431468;-2.2467976333;-2.1755734898;-1.3197525846;-2.5321655337;0.1519478738;0.1229724709;0.1336348761;0.0668080971;0.1457743698
26.4100226586;-2.6213943129;-2.2291565261;-2.1755734898;-1.3197525846;-2.5321655337;0.1519478738;0.1229724709;0.1336348761;0.0668080971;0.1457743698
26.4200226501;-2.6392238847;-2.2291564905;-2.1755734898;-1.3197525846;-2.5321655337;0.1519478738;0.1229724709;0.1336348761;0.0668080971;0.1457743698
26.4300226415;-2.6391431468;-2.2467977400;-2.1578111438;-1.3197525846;-2.5321655337;0.1519478738;0.1229724709;0.1336348761;0.0668080971;0.1457743698
26.4400226330;-2.6392238238;-2.2290622964;-2.1933358613;-1.3197525846;-2.5321655337;0.1519478738;0.1229724709;0.1336348761;0.0668077206;0.1457743698
26.4500226244;-2.6568921025;-2.2290622964;-2.1933358866;-1.3197525846;-2.5499346510;0.1519478738;0.1229724709;0.1336348761;0.0658078493;0.1457743698
26.4600226159;-2.6391431468;-2.2290622964;-2.1756406700;-1.3197525846;-2.5322259958;0.1519478738;0.1229724709;0.1346363092;0.0658078493;0.1457743698
26.4700226074;-2.6391431468;-2.2290622964;-2.1755734898;-1.3019834217;-2.5321655337;0.1519478738;0.1229724709;0.1346363092;0.0658078493;0.1457743698
26.4800225989;-2.6391431468;-2.2289683151;-2.1933359625;-1.3019229824;-2.5321655337;0.1519478738;0.1229702124;0.1346363092;0.0658078493;0.1457743698
26.4900225904;-2.6391431468;-2.2290622964;-2.1756405941;-1.3196921908;-2.5499347420;0.1519478738;0.1219726947;0.1346363092;0.0658078493;0.1457743698
26.5000225819;-2.6391431468;-2.2289683858;-2.1933360130;-1.3019229824;-2.5499347648;0.1519478738;0.1219726947;0.1346363092;0.0658078493;0.1457743698
26.5100225734;-2.6392236114;-2.2290622964;-2.1756405436;-1.3019229824;-2.5321655337;0.1519478738;0.1219726947;0.1346363092;0.0658078493;0.1457743698
26.5200225649;-2.6391431468;-2.2112326942;-2.1755734898;-1.3019229824;-2.5321655337;0.1519478738;0.1219726947;0.1346363092;0.0658078493;0.1457743698
26.5300225564;-2.6391431468;-2.2112326942;-2.1755734898;-1.3019229824;-2.5499348328;0.1519478738;0.1219726947;0.1346363092;0.0658074741;0.1457743698
26.5400225479;-2.6391431468;-2.2112326942;-2.1756404681;-1.3019229824;-2.5321655337;0.1519478738;0.1219726947;0.1346363092;0.0648076079;0.1457743698
26.5500225394;-2.6391431468;-2.2112326942;-2.1934030920;-1.3019229824;-2.5321655337;0.1519478738;0.1219726947;0.1346363092;0.0648076079;0.1457743698
26.5600225310;-2.6391431468;-2.2112326942;-2.1933361641;-1.3019229824;-2.5321655337;0.1519478738;0.1219726947;0.1346363092;0.0648076079;0.1457743698
26.5700225225;-2.6568924656;-2.2112326942;-2.1756403927;-1.3019229824;-2.5321655337;0.1519478738;0.1219726947;0.1346363092;0.0648076079;0.1457743698
26.5800225141;-2.6391431468;-2.2112326942;-2.1756403676;-1.3019229824;-2.5321655337;0.1519478738;0.1219726947;0.1346363092;0.0648076079;0.1457743698
26.5900225056;-2.6391431468;-2.2112326942;-2.1756403425;-1.2841535476;-2.5321655337;0.1519478738;0.1219726947;0.1346363092;0.0648076079;0.1457743698
26.6000224972;-2.6391431468;-2.2112326942;-2.1934030920;-1.3019229824;-2.5321655337;0.1519478738;0.1219726947;0.1346363092;0.0648076079;0.1457743698
26.6100224888;-2.6391431468;-2.2112326942;-2.1934030920;-1.3019229824;-2.5321655337;0.1519478738;0.1219726947;0.1346363092;0.0648072339;0.1457743698
26.6200224803;-2.6391431468;-2.2289688079;-2.1934030920;-1.3019229824;-2.5143960313;0.1519478738;0.1219726947;0.1346363092;0.0638073722;0.1457743698
26.6300224719;-2.6391431468;-2.2289688429;-2.1934030920;-1.3018629051;-2.5321655337;0.1519478738;0.1219726947;0.1346363092;0.0638073722;0.1457743698
26.6400224635;-2.6391431468;-2.2112326942;-2.1934030920;-1.2841534350;-2.5143959863;0.1519478738;0.1219726947;0.1346363092;0.0638073722;0.1457743698
26.6500224551;-2.6390631037;-2.2112326942;-2.1934030920;-1.3018629501;-2.5143959638;0.1519478738;0.1219726947;0.1346363092;0.0638073722;0.1457743698
26.6600224467;-2.6391431468;-2.2112326942;-2.1934030920;-1.2840933802;-2.5321655337;0.1519478738;0.1219726947;0.1346363092;0.0638069988;0.1457743698
26.6700224383;-2.6390631636;-2.2112326942;-2.1933364393;-1.2840933802;-2.5321055462;0.1519478738;0.1219726947;0.1346363092;0.0628071400;0.1457743698
26.6800224299;-2.6390631935;-2.2112326942;-2.1934030920;-1.2663237431;-2.5321055687;0.1519478738;0.1219726947;0.1346363092;0.0628071400;0.1457743698
26.6900224215;-2.6390632233;-2.2112326942;-2.1934030920;-1.2840933802;-2.5321055911;0.1519478738;0.1219726947;0.1346363092;0.0628071400;0.1457743698
26.7000224131;-2.6391431468;-2.2289690871;-2.1934030920;-1.2840933802;-2.5143958517;0.1519478738;0.1219726947;0.1346363092;0.0628071400;0.1457743698
26.7100224048;-2.6213135446;-2.2112326942;-2.1934030920;-1.2662637780;-2.5321655337;0.1519478738;0.1219726947;0.1346363092;0.0628071400;0.1457739970
26.7200223964;-2.6213135446;-2.2112326942;-2.1934030920;-1.2840933802;-2.5143359315;0.1519478738;0.1219726947;0.1346363092;0.0628071400;0.1447736828
26.7300223881;-2.6213135446;-2.2112326942;-2.1934030920;-1.2840335270;-2.5143359315;0.1519478738;0.1219726947;0.1356377196;0.0628071400;0.1447736828
26.7400223797;-2.6213135446;-2.2112326942;-2.1934030920;-1.2840335493;-2.5143359315;0.1519478738;0.1219704581;0.1356377196;0.0628071400;0.1447736828
26.7500223714;-2.6213135446;-2.2112326942;-2.1934030920;-1.2840933802;-2.5143359315;0.1519478738;0.1209729185;0.1356377196;0.0628071400;0.1447736828
26.7600223630;-2.6213135446;-2.2112326942;-2.1934695212;-1.2662637780;-2.5143359315;0.1519478738;0.1209729185;0.1356377196;0.0628071400;0.1447736828
26.7700223547;-2.6213135446;-2.2112326942;-2.1934030920;-1.2662637780;-2.5143359315;0.1519478738;0.1209729185;0.1356377196;0.0628071400;0.1447736828
26.7800223464;-2.6213135446;-2.2112326942;-2.1934694718;-1.2662637780;-2.5321057919;0.1519478738;0.1209729185;0.1356377196;0.0628071400;0.1447733110
26.7900223380;-2.6213135446;-2.2111397972;-2.2112326942;-1.2662637780;-2.5143359315;0.1519478738;0.1209729185;0.1356377196;0.0628071400;0.1437730007
26.8000223297;-2.6213931411;-2.1934959545;-2.2111663639;-1.2662637780;-2.5143359315;0.1519478738;0.1209729185;0.1356377196;0.0628071400;0.1437730007
26.8100223214;-2.6390635800;-2.1934959200;-2.2111663885;-1.2662637780;-2.5142762564;0.1519478738;0.1209729185;0.1356377196;0.0628071400;0.1437730007
26.8200223131;-2.6213930819;-2.2112326942;-2.2111664132;-1.2840337273;-2.5143359315;0.1519478738;0.1209729185;0.1356377196;0.0628071400;0.1437730007
26.8300223048;-2.6213135446;-2.1934958510;-2.1934693484;-1.2840337494;-2.5143359315;0.1519478738;0.1209729185;0.1356377196;0.0628071400;0.1437730007
26.8400222965;-2.6213930228;-2.1934030920;-2.2111664624;-1.2662637780;-2.5143359315;0.1519478738;0.1209729185;0.1356377196;0.0628071400;0.1437730007
26.8500222883;-2.6213929933;-2.1934957821;-2.2112326942;-1.2663233645;-2.4965659158;0.1519478738;0.1209729185;0.1356377196;0.0628071400;0.1437730007
26.8600222800;-2.6213135446;-2.1934957477;-2.1934030920;-1.2662637780;-2.4965063293;0.1519478738;0.1209706919;0.1356377196;0.0628067694;0.1437730007
26.8700222717;-2.6213135446;-2.1934957133;-2.2112326942;-1.2662637780;-2.4965658716;0.1519478738;0.1199731423;0.1356377196;0.0618069217;0.1437730007
26.8800222635;-2.6213135446;-2.1934030920;-2.2112326942;-1.2662637780;-2.4965063293;0.1519478738;0.1199731423;0.1356377196;0.0618069217;0.1437730007
26.8900222552;-2.6213135446;-2.1934030920;-2.2112326942;-1.2662637780;-2.4965063293;0.1519456499;0.1199731423;0.1356377196;0.0618069217;0.1437730007
26.9000222469;-2.6213135446;-2.1934030920;-2.1934691765;-1.2484341758;-2.4965063293;0.1509482167;0.1199731423;0.1356377196;0.0618069217;0.1437730007
26.9100222387;-2.6213135446;-2.2111402102;-2.2111666342;-1.2484341758;-2.4965063293;0.1509482167;0.1199731423;0.1366391149;0.0618065518;0.1437730007
26.9200222305;-2.6213135446;-2.1934030920;-2.2111666587;-1.2484341758;-2.4965063293;0.1509459953;0.1199731423;0.1366391149;0.0608067068;0.1437726308
26.9300222222;-2.6035631558;-2.1934030920;-2.2112326942;-1.2484935858;-2.4965063293;0.1499485597;0.1199731423;0.1366391149;0.0608067068;0.1427723283
26.9400222140;-2.6034839425;-2.1934030920;-2.2112326942;-1.2662043900;-2.4965063293;0.1499485597;0.1199731423;0.1366391149;0.0608067068;0.1427723283
26.9500222058;-2.6034839425;-2.1934030920;-2.2112326942;-1.2484341758;-2.4965063293;0.1499485597;0.1199731423;0.1366391149;0.0608067068;0.1427723283
26.9600221976;-2.6034839425;-2.1934030920;-2.2112326942;-1.2484341758;-2.4965063293;0.1499485597;0.1199731423;0.1366391149;0.0608067068;0.1427723283
26.9700221893;-2.6034839425;-2.1934030920;-2.2112326942;-1.2484341758;-2.4965063293;0.1499463423;0.1199709247;0.1366391149;0.0608063377;0.1427723283
26.9800221811;-2.5856543403;-2.1933108472;-2.2112326942;-1.2484341758;-2.4965063293;0.1489489026;0.1189733662;0.1366391149;0.0598064961;0.1427723283
26.9900221729;-2.5857333780;-2.1933108813;-2.2112326942;-1.2306638520;-2.4965063293;0.1489489026;0.1189733662;0.1366391149;0.0598064961;0.1427723283
27.0000221648;-2.6034049339;-2.1755734898;-2.2112326942;-1.2483749194;-2.4965063293;0.1489489026;0.1189733662;0.1366391149;0.0598064961;0.1427723283
27.0100221566;-2.5856543403;-2.1755734898;-2.2112326942;-1.2306638082;-2.4965063293;0.1489466885;0.1189733662;0.1366391149;0.0598064961;0.1427723283
27.0200221484;-2.5856543403;-2.1755734898;-2.2112984861;-1.2306045736;-2.4965063293;0.1479492455;0.1189733662;0.1366391149;0.0598061277;0.1427723283
27.0300221402;-2.5856543403;-2.1756655645;-2.2289965288;-1.2306045736;-2.4965063293;0.1479492455;0.1189733662;0.1366391149;0.0588062888;0.1427723283
27.0400221321;-2.5856543403;-2.1933110513;-2.2112326942;-1.2306045736;-2.4965063293;0.1479492455;0.1189733662;0.1366391149;0.0588062888;0.1427723283
27.0500221239;-2.5856543403;-2.1933110852;-2.2112984134;-1.2306045736;-2.4787358743;0.1479492455;0.1189733662;0.1366391149;0.0588062888;0.1427723283
27.0600221157;-2.5679035720;-2.1755734898;-2.2289966015;-1.2305454482;-2.4965654547;0.1479492455;0.1189733662;0.1366391149;0.0588062888;0.1427723283
27.0700221076;-2.5679035429;-2.1756654289;-2.2289966257;-1.2306045736;-2.4965063293;0.1479492455;0.1189733662;0.1366391149;0.0588062888;0.1427723283
27.0800220994;-2.5678247381;-2.1755734898;-2.2112326942;-1.2306045736;-2.4965063293;0.1479470372;0.1189733662;0.1366391149;0.0588062888;0.1427723283
27.0900220913;-2.5678247381;-2.1755734898;-2.2112983166;-1.2306045736;-2.4965063293;0.1469495885;0.1189733662;0.1376404954;0.0588062888;0.1427723283
27.1000220832;-2.5678247381;-2.1755734898;-2.2290622964;-1.2306045736;-2.4965063293;0.1469495885;0.1189733662;0.1376404954;0.0588062888;0.1427723283
27.1100220751;-2.5677460491;-2.1755734898;-2.2112982683;-1.2128339882;-2.4964473126;0.1469495885;0.1189733662;0.1376404954;0.0588062888;0.1427723283
27.1200220669;-2.5678247381;-2.1755734898;-2.2112326942;-1.2306045736;-2.4965063293;0.1469495885;0.1189733662;0.1376404954;0.0588062888;0.1427723283
27.1300220588;-2.5500737670;-2.1755734898;-2.2289967705;-1.2306045736;-2.4965063293;0.1469473842;0.1189733662;0.1376404954;0.0588062888;0.1427723283
27.1400220507;-2.5500737381;-2.1755734898;-2.2290622964;-1.2305456220;-2.4965063293;0.1459499314;0.1189733662;0.1376404954;0.0588062888;0.1427723283
27.1500220426;-2.5499951359;-2.1755734898;-2.2290622964;-1.2127749715;-2.4965063293;0.1459499314;0.1189733662;0.1376404954;0.0588062888;0.1427723283
27.1600220345;-2.5499951359;-2.1755734898;-2.2289968427;-1.2128338798;-2.4965063293;0.1459499314;0.1189733662;0.1376404954;0.0588062888;0.1427723283
27.1700220264;-2.5499951359;-2.1755734898;-2.2290622964;-1.2127749715;-2.4965063293;0.1459499314;0.1189733662;0.1376404954;0.0588062888;0.1427723283
27.1800220183;-2.5499951359;-2.1754819218;-2.2290622964;-1.2127749715;-2.4787355923;0.1459499314;0.1189733662;0.1376404954;0.0588062888;0.1427723283
27.1900220103;-2.5499951359;-2.1755734898;-2.2290622964;-1.2127749715;-2.4964474857;0.1459499314;0.1189733662;0.1376404954;0.0588059227;0.1427723283
27.2000220022;-2.5499951359;-2.1755734898;-2.2289969386;-1.2127749715;-2.4787355491;0.1459499314;0.1189733662;0.1376404954;0.0578060930;0.1427723283
27.2100219941;-2.5499167353;-2.1755734898;-2.2290622964;-1.2127749715;-2.4965063293;0.1459477336;0.1189733662;0.1376404954;0.0578060930;0.1427723283
27.2200219861;-2.5499167640;-2.1755734898;-2.2290622964;-1.2127161925;-2.4787355060;0.1449502743;0.1189733662;0.1376404954;0.0578060930;0.1427723283
27.2300219780;-2.5321655337;-2.1577438876;-2.2291275824;-1.1949453693;-2.4965063293;0.1449502743;0.1189733662;0.1376404954;0.0578057274;0.1427723283
27.2400219700;-2.5321655337;-2.1578352546;-2.2291275585;-1.2127162356;-2.4964475934;0.1449480789;0.1189733662;0.1376404954;0.0568058999;0.1427723283
27.2500219619;-2.5321655337;-2.1578352211;-2.2290622964;-1.2127162571;-2.4965063293;0.1439506173;0.1189733662;0.1376404954;0.0568058999;0.1427723283
27.2600219539;-2.5143359315;-2.1754821898;-2.2468266843;-1.1949453693;-2.4786767271;0.1439506173;0.1189733662;0.1376404954;0.0568058999;0.1427723283
27.2700219459;-2.5144141601;-2.1755734898;-2.2290622964;-1.1949453693;-2.4965063293;0.1439506173;0.1189733662;0.1376404954;0.0568058999;0.1427723283
27.2800219378;-2.5320873337;-2.1577438876;-2.2290622964;-1.1949453693;-2.4787353771;0.1439506173;0.1189733662;0.1376404954;0.0568055350;0.1427723283
27.2900219298;-2.5320873622;-2.1577438876;-2.2290622964;-1.1949453693;-2.4964477007;0.1439506173;0.1189733662;0.1376404954;0.0558057101;0.1427723283
27.3000219218;-2.5143359315;-2.1755734898;-2.2290622964;-1.1771743742;-2.4964477221;0.1439506173;0.1189733662;0.1376404954;0.0558057101;0.1427723283
27.3100219138;-2.5320874193;-2.1754823564;-2.2290622964;-1.1771157671;-2.4964477435;0.1439506173;0.1189711761;0.1376404954;0.0558057101;0.1427723283
27.3200219058;-2.5143359315;-2.1754823897;-2.2290622964;-1.1771157671;-2.4787352915;0.1439506173;0.1179735900;0.1376404954;0.0558053457;0.1427723283
27.3300218978;-2.5144139889;-2.1577438876;-2.2290622964;-1.1948868262;-2.4965063293;0.1439506173;0.1179735900;0.1376404954;0.0548055230;0.1427723283
27.3400218898;-2.5143359315;-2.1577438876;-2.2290622964;-1.1771157671;-2.4964478076;0.1439506173;0.1179735900;0.1386418558;0.0548055230;0.1427723283
27.3500218818;-2.5143359315;-2.1754824893;-2.2468268982;-1.1771157671;-2.4786767271;0.1439484306;0.1179735900;0.1386418558;0.0548055230;0.1427723283
27.3600218739;-2.4965063293;-2.1577438876;-2.2290622964;-1.1771157671;-2.4786767271;0.1429509602;0.1179735900;0.1386418558;0.0548055230;0.1427723283
27.3700218659;-2.5143359315;-2.1578348219;-2.2291272494;-1.1771157671;-2.4964478716;0.1429509602;0.1179735900;0.1386418558;0.0548055230;0.1427723283
27.3800218579;-2.5143359315;-2.1577438876;-2.2291272258;-1.1771157671;-2.4786767271;0.1429509602;0.1179735900;0.1386418558;0.0548055230;0.1427723283
27.3900218500;-2.4965842162;-2.1577438876;-2.2468269929;-1.1771157671;-2.4964479141;0.1429509602;0.1179735900;0.1386418558;0.0548055230;0.1427723283
27.4000218420;-2.5143359315;-2.1576530527;-2.2468918986;-1.1593445588;-2.4786767271;0.1429509602;0.1179735900;0.1386418558;0.0548055230;0.1427723283
27.4100218341;-2.5143359315;-2.1577438876;-2.2468918986;-1.1593445375;-2.4964479566;0.1429509602;0.1179714078;0.1386418558;0.0548051598;0.1427723283
27.4200218261;-2.4965063293;-2.1577438876;-2.2468918986;-1.1770574156;-2.4786767271;0.1429509602;0.1169738138;0.1386418558;0.0538053419;0.1427723283
27.4300218182;-2.5143359315;-2.1577438876;-2.2468918986;-1.1770574369;-2.4964479991;0.1429509602;0.1169738138;0.1386418558;0.0538053419;0.1427723283
27.4400218103;-2.5143359315;-2.1576531847;-2.2468271108;-1.1592861649;-2.4965063293;0.1429509602;0.1169738138;0.1386418558;0.0538053419;0.1427723283
27.4500218023;-2.5143359315;-2.1576532177;-2.2290622964;-1.1593444527;-2.4786767271;0.1429509602;0.1169738138;0.1386418558;0.0538053419;0.1427723283
27.4600217944;-2.4965840182;-2.1399142855;-2.2468271579;-1.1592861649;-2.4786767271;0.1429509602;0.1169738138;0.1386418558;0.0538053419;0.1427723283
27.4700217865;-2.4965839900;-2.1577438876;-2.2468918986;-1.1592861649;-2.4787349726;0.1429509602;0.1169738138;0.1386418558;0.0538053419;0.1427723283
27.4800217786;-2.5142582990;-2.1577438876;-2.2468918986;-1.1592861649;-2.4787349515;0.1429509602;0.1169738138;0.1386418558;0.0538053419;0.1427723283
27.4900217707;-2.4965063293;-2.1576533492;-2.2468272283;-1.1592861649;-2.4964481260;0.1429509602;0.1169738138;0.1386418558;0.0538053419;0.1427723283
27.5000217628;-2.4965063293;-2.1399142855;-2.2468918986;-1.1592861649;-2.4786767271;0.1429509602;0.1169738138;0.1386418558;0.0538053419;0.1427719662
27.5100217549;-2.4965838774;-2.1399142855;-2.2469565220;-1.1592861649;-2.4787348882;0.1429509602;0.1169738138;0.1386418558;0.0538053419;0.1417716949
27.5200217470;-2.4965838493;-2.1576534476;-2.2468918986;-1.1770576271;-2.4786767271;0.1429509602;0.1169738138;0.1386418558;0.0538053419;0.1417716949
27.5300217391;-2.5142584396;-2.1399142855;-2.2468918986;-1.1592861649;-2.4609052439;0.1429509602;0.1169716411;0.1386418558;0.0538053419;0.1417716949
27.5400217313;-2.4965063293;-2.1399142855;-2.2468918986;-1.1592861649;-2.4787348250;0.1429509602;0.1159740376;0.1386418558;0.0538053419;0.1417716949
27.5500217234;-2.5143359315;-2.1399142855;-2.2468918986;-1.1592861649;-2.4964482524;0.1429509602;0.1159740376;0.1386418558;0.0538053419;0.1417716949
27.5600217155;-2.4965063293;-2.1399142855;-2.2646569943;-1.1592861649;-2.4787347830;0.1429509602;0.1159740376;0.1386418558;0.0538053419;0.1417716949
27.5700217077;-2.5142585517;-2.1577438876;-2.2646570176;-1.1592281300;-2.4786767271;0.1429509602;0.1159740376;0.1386418558;0.0538053419;0.1417716949
27.5800216998;-2.4965063293;-2.1576536438;-2.2468918986;-1.1592861649;-2.4786767271;0.1429509602;0.1159740376;0.1386418558;0.0538053419;0.1417716949
27.5900216920;-2.4965063293;-2.1399142855;-2.2468918986;-1.1415145556;-2.4787347200;0.1429509602;0.1159740376;0.1386418558;0.0538053419;0.1417716949
27.6000216841;-2.4965063293;-2.1399142855;-2.2468918986;-1.1414565627;-2.4786767271;0.1429509602;0.1159740376;0.1386418558;0.0538053419;0.1417716949
27.6100216763;-2.5143359315;-2.1221748293;-2.2468918986;-1.1414565627;-2.4786767271;0.1429509602;0.1159740376;0.1396431947;0.0538049814;0.1417716949
27.6200216685;-2.5142586913;-2.1398241719;-2.2468918986;-1.1415144928;-2.4786767271;0.1429509602;0.1159740376;0.1396431947;0.0528051740;0.1417716949
27.6300216606;-2.5143359315;-2.1399142855;-2.2469562422;-1.1415144719;-2.4786767271;0.1429509602;0.1159740376;0.1396431947;0.0528051740;0.1417716949
27.6400216528;-2.5143359315;-2.1220846833;-2.2469562190;-1.1414565627;-2.4786767271;0.1429509602;0.1159740376;0.1396431947;0.0528051740;0.1417716949
27.6500216450;-2.4965063293;-2.1399142855;-2.2468918986;-1.1592282974;-2.4786767271;0.1429509602;0.1159740376;0.1396431947;0.0528051740;0.1417716949
27.6600216372;-2.4965834581;-2.1399142855;-2.2646572268;-1.1414565627;-2.4786767271;0.1429509602;0.1159740376;0.1396431947;0.0528051740;0.1417716949
27.6700216294;-2.5142588305;-2.1221746344;-2.2468918986;-1.1414565627;-2.4786189014;0.1429509602;0.1159718759;0.1396431947;0.0528048142;0.1417716949
27.6800216216;-2.4965834025;-2.1221746020;-2.2646572731;-1.1413987578;-2.4786767271;0.1429509602;0.1149742614;0.1396431947;0.0518050100;0.1417716949
27.6900216138;-2.5143359315;-2.1399142855;-2.2647215008;-1.1413987786;-2.4786767271;0.1429509602;0.1149742614;0.1406445274;0.0518050100;0.1417716949
27.7000216060;-2.4965833470;-2.1399142855;-2.2646573194;-1.1236269605;-2.4786767271;0.1429509602;0.1149742614;0.1406445274;0.0518050100;0.1417716949
27.7100215983;-2.5143359315;-2.1220846833;-2.2646573425;-1.1236269605;-2.4786189846;0.1429509602;0.1149742614;0.1406445274;0.0518050100;0.1417716949
27.7200215905;-2.5143359315;-2.1220846833;-2.2647215008;-1.1236846822;-2.4609048466;0.1429509602;0.1149742614;0.1406445274;0.0518050100;0.1417716949
27.7300215827;-2.5143359315;-2.1220846833;-2.2647215008;-1.1236846615;-2.4786767271;0.1429509602;0.1149742614;0.1406445274;0.0518050100;0.1417716949
27.7400215750;-2.5143359315;-2.1220846833;-2.2647215008;-1.1236269605;-2.4786767271;0.1429509602;0.1149742614;0.1406445274;0.0518046511;0.1417716949
27.7500215672;-2.5143359315;-2.1220846833;-2.2647215008;-1.1236269605;-2.4786767271;0.1429509602;0.1149742614;0.1406445274;0.0508048505;0.1417716949
27.7600215595;-2.5143359315;-2.1220846833;-2.2647215008;-1.1236269605;-2.4609047637;0.1429509602;0.1149742614;0.1406445274;0.0508048505;0.1417716949
27.7700215517;-2.5143359315;-2.1220846833;-2.2469559187;-1.1236845786;-2.4786767271;0.1429509602;0.1149742614;0.1406445274;0.0508048505;0.1417716949
27.7800215440;-2.5143359315;-2.1220846833;-2.2647215008;-1.1236269605;-2.4608471249;0.1429509602;0.1149742614;0.1406445274;0.0508048505;0.1417716949
27.7900215363;-2.5143359315;-2.1219951194;-2.2647215008;-1.1058549351;-2.4786767271;0.1429509602;0.1149742614;0.1406445274;0.0508048505;0.1417716949
27.8000215285;-2.5142591900;-2.1219951515;-2.2647215008;-1.1236269605;-2.4609046810;0.1429509602;0.1149742614;0.1406445274;0.0508048505;0.1417716949
27.8100215208;-2.5143359315;-2.1220846833;-2.2824871747;-1.1236269605;-2.4609046604;0.1429509602;0.1149742614;0.1406445274;0.0508048505;0.1417716949
27.8200215131;-2.5142592450;-2.1220846833;-2.2647215008;-1.1236269605;-2.4609046398;0.1429509602;0.1149742614;0.1406445274;0.0508048505;0.1417716949
27.8300215054;-2.4965829883;-2.1220846833;-2.2824872205;-1.1236269605;-2.4608471249;0.1429509602;0.1149742614;0.1406445274;0.0508048505;0.1417716949
27.8400214977;-2.5143359315;-2.1220846833;-2.2647215008;-1.1058548319;-2.4609045986;0.1429509602;0.1149742614;0.1406445274;0.0508048505;0.1417716949
27.8500214900;-2.5143359315;-2.1220846833;-2.2824872662;-1.1058548114;-2.4608471249;0.1429509602;0.1149742614;0.1406445274;0.0508048505;0.1417713373
27.8600214823;-2.5143359315;-2.1220846833;-2.2647215008;-1.1235695280;-2.4609045574;0.1429509602;0.1149742614;0.1406445274;0.0508048505;0.1407710843
27.8700214746;-2.5143359315;-2.1220846833;-2.2647852919;-1.1235695485;-2.4786193151;0.1429509602;0.1149742614;0.1406445274;0.0508048505;0.1407710843
27.8800214669;-2.5143359315;-2.1220846833;-2.2647215008;-1.1235695691;-2.4608471249;0.1429509602;0.1149742614;0.1406445274;0.0508048505;0.1407710843
27.8900214592;-2.5143359315;-2.1043443247;-2.2647215008;-1.1236269605;-2.4608471249;0.1429509602;0.1149742614;0.1406445274;0.0508048505;0.1407710843
27.9000214516;-2.5143359315;-2.1219954715;-2.2647215008;-1.1058547087;-2.4608471249;0.1429509602;0.1149742614;0.1406445274;0.0508048505;0.1407710843
27.9100214439;-2.5143359315;-2.1219955034;-2.2825511030;-1.1235696306;-2.4608471249;0.1429509602;0.1149742614;0.1406445274;0.0508048505;0.1407710843
27.9200214362;-2.5143359315;-2.1220846833;-2.2647215008;-1.1058546677;-2.4609044343;0.1429509602;0.1149742614;0.1416458423;0.0508048505;0.1407710843
27.9300214286;-2.5143359315;-2.1042550811;-2.2647851552;-1.1057973583;-2.4608471249;0.1429509602;0.1149721198;0.1416458423;0.0508048505;0.1407710843
27.9400214209;-2.5143359315;-2.1219955989;-2.2825511030;-1.1057973583;-2.4609043934;0.1429509602;0.1139744852;0.1416458423;0.0508048505;0.1407710843
27.9500214133;-2.5143359315;-2.1042550811;-2.2825511030;-1.1058546064;-2.4430747708;0.1429509602;0.1139744852;0.1416458423;0.0508048505;0.1407707280
27.9600214056;-2.5143359315;-2.1042550811;-2.2825511030;-1.1057973583;-2.4430747504;0.1429509602;0.1139744852;0.1416458423;0.0508044944;0.1397704801
27.9700213980;-2.5143359315;-2.1042550811;-2.2825511030;-1.1057973583;-2.4430175227;0.1429509602;0.1139744852;0.1416458423;0.0498047051;0.1397704801
27.9800213904;-2.5143359315;-2.1042550811;-2.2825511030;-1.1057973583;-2.4430747096;0.1429509602;0.1139744852;0.1416458423;0.0498047051;0.1397704801
27.9900213828;-2.5143359315;-2.1042550811;-2.2825511030;-1.1057973583;-2.4430746892;0.1429509602;0.1139744852;0.1416458423;0.0498047051;0.1397704801
28.0000213751;-2.5143359315;-2.1041661870;-2.3003172094;-1.1057973583;-2.4430175227;0.1429509602;0.1139744852;0.1416458423;0.0498047051;0.1397704801
28.0100213675;-2.5143359315;-2.0864254789;-2.2825511030;-1.1057973583;-2.4430175227;0.1429509602;0.1139744852;0.1416458423;0.0498047051;0.1397704801
28.0200213599;-2.5143359315;-2.1042550811;-2.3003172546;-1.1057973583;-2.4430175227;0.1429509602;0.1139744852;0.1416458423;0.0498047051;0.1397704801
28.0300213523;-2.4965824429;-2.0865142780;-2.2825511030;-1.1058544435;-2.4430175227;0.1429509602;0.1139744852;0.1416458423;0.0498047051;0.1397704801
28.0400213447;-2.5143359315;-2.0864254789;-2.2825511030;-1.1235698956;-2.4430175227;0.1429509602;0.1139744852;0.1426471479;0.0498047051;0.1397701249
28.0500213371;-2.5320894742;-2.1042550811;-2.2825511030;-1.0880248007;-2.4430175227;0.1429509602;0.1139723528;0.1426471479;0.0498043502;0.1387698816
28.0600213295;-2.5143359315;-2.1042550811;-2.2825511030;-1.1057973583;-2.4429604984;0.1429509602;0.1129747090;0.1426471479;0.0488045655;0.1387698816
28.0700213220;-2.5143359315;-2.1041664081;-2.3003173673;-1.1057973583;-2.4252449246;0.1429509602;0.1129747090;0.1426471479;0.0488045655;0.1387698816
28.0800213144;-2.5143359315;-2.1041664396;-2.3003807052;-1.1057403745;-2.4251879205;0.1429509602;0.1129747090;0.1426471479;0.0488045655;0.1387698816
28.0900213068;-2.5143359315;-2.0864254789;-2.3003807052;-1.0879677561;-2.4252448841;0.1429509602;0.1129747090;0.1426471479;0.0488045655;0.1387698816
28.1000212993;-2.5143359315;-2.0864254789;-2.2826143734;-1.0880246995;-2.4251879205;0.1429509602;0.1129747090;0.1426471479;0.0488045655;0.1387698816
28.1100212917;-2.5143359315;-2.0864254789;-2.3003807052;-1.1057404351;-2.4251879205;0.1429509602;0.1129747090;0.1426471479;0.0488045655;0.1387698816
28.1200212841;-2.5143359315;-2.0864254789;-2.3003807052;-1.0879677561;-2.4251879205;0.1429509602;0.1129747090;0.1426471479;0.0488045655;0.1387698816
28.1300212766;-2.5143359315;-2.0864254789;-2.3003807052;-1.0879677561;-2.4251879205;0.1429509602;0.1129747090;0.1426471479;0.0488045655;0.1387695276
28.1400212691;-2.5143359315;-2.0864254789;-2.2826142837;-1.0879677561;-2.4251879205;0.1429509602;0.1129747090;0.1426471479;0.0488045655;0.1377692889
28.1500212615;-2.5143359315;-2.0864254789;-2.3003807052;-1.0880245986;-2.4252447630;0.1429509602;0.1129725841;0.1426471479;0.0488042118;0.1377692889
28.1600212540;-2.5143359315;-2.0864254789;-2.3003807052;-1.1057405359;-2.4251879205;0.1429509602;0.1119749329;0.1426471479;0.0478044322;0.1377692889
28.1700212465;-2.5142601951;-2.0686842358;-2.3004438188;-1.1057405560;-2.4251879205;0.1429509602;0.1119749329;0.1426471479;0.0478044322;0.1377692889
28.1800212389;-2.5143359315;-2.0685958767;-2.2826141943;-1.0879677561;-2.4251879205;0.1429509602;0.1119749329;0.1426471479;0.0478044322;0.1377692889
28.1900212314;-2.5143359315;-2.0864254789;-2.3003807052;-1.0879677561;-2.4074150804;0.1429509602;0.1119749329;0.1426471479;0.0478044322;0.1377692889
28.2000212239;-2.5143359315;-2.0863372135;-2.3003807052;-1.0879677561;-2.4251879205;0.1429509602;0.1119749329;0.1426471479;0.0478044322;0.1377692889
28.2100212164;-2.5143359315;-2.0863372447;-2.3003807052;-1.0879677561;-2.4074150403;0.1429509602;0.1119749329;0.1426471479;0.0478044322;0.1377692889
28.2200212089;-2.5143359315;-2.0863372759;-2.3003807052;-1.0879677561;-2.4074150203;0.1429509602;0.1119749329;0.1426471479;0.0478044322;0.1377692889
28.2300212014;-2.5143359315;-2.0685958767;-2.3003807052;-1.0879677561;-2.4251312386;0.1429509602;0.1119749329;0.1426471479;0.0478044322;0.1377692889
28.2400211939;-2.5143359315;-2.0685958767;-2.3003807052;-1.0701381539;-2.4251312587;0.1429509602;0.1119749329;0.1426471479;0.0478044322;0.1377692889
28.2500211864;-2.5143359315;-2.0685958767;-2.3003807052;-1.0701381539;-2.4073583183;0.1429509602;0.1119749329;0.1426471479;0.0478044322;0.1377692889
28.2600211790;-2.5143359315;-2.0685958767;-2.3003807052;-1.0701381539;-2.4251312986;0.1429509602;0.1119749329;0.1426471479;0.0478044322;0.1377692889
28.2700211715;-2.5143359315;-2.0685958767;-2.3003807052;-1.0701947558;-2.4251879205;0.1429509602;0.1119749329;0.1436484362;0.0478044322;0.1377692889
28.2800211640;-2.5142604889;-2.0686838931;-2.3003807052;-1.0701947359;-2.4251879205;0.1429509602;0.1119749329;0.1436484362;0.0478044322;0.1377692889
28.2900211566;-2.5143359315;-2.0864254789;-2.3003807052;-1.0879111941;-2.4251313585;0.1429509602;0.1119749329;0.1436484362;0.0478040803;0.1377692889
28.3000211491;-2.5143359315;-2.0685958767;-2.3004435297;-1.0701946960;-2.4251313785;0.1429509602;0.1119749329;0.1436484362;0.0468043076;0.1377692889
28.3100211416;-2.4965816922;-2.0863375555;-2.3181475050;-1.0701381539;-2.4074148405;0.1429509602;0.1119749329;0.1436484362;0.0468043076;0.1377692889
28.3200211342;-2.5143359315;-2.0685958767;-2.3003807052;-1.0879112538;-2.4251314183;0.1429509602;0.1119749329;0.1436484362;0.0468043076;0.1377692889
28.3300211268;-2.5143359315;-2.0685958767;-2.3003807052;-1.0879677561;-2.4073583183;0.1429509602;0.1119749329;0.1436484362;0.0468043076;0.1377692889
28.3400211193;-2.5143359315;-2.0685958767;-2.3003807052;-1.0701946164;-2.4073583183;0.1429509602;0.1119749329;0.1436484362;0.0468043076;0.1377692889
28.3500211119;-2.5143359315;-2.0685958767;-2.3003807052;-1.0701945966;-2.4073583183;0.1429509602;0.1119749329;0.1436484362;0.0468043076;0.1377692889
28.3600211045;-2.5143359315;-2.0685958767;-2.3181476154;-1.0701381539;-2.4073583183;0.1429509602;0.1119749329;0.1436484362;0.0468043076;0.1377692889
28.3700210970;-2.5143359315;-2.0685958767;-2.3182103074;-1.0701945569;-2.4073583183;0.1429509602;0.1119728244;0.1436484362;0.0468043076;0.1377692889
28.3800210896;-2.5143359315;-2.0685958767;-2.3003807052;-1.0701381539;-2.4073583183;0.1429509602;0.1109751567;0.1436484362;0.0468043076;0.1377692889
28.3900210822;-2.5144110826;-2.0685958767;-2.3182103074;-1.0701381539;-2.4073583183;0.1429509602;0.1109751567;0.1436484362;0.0468043076;0.1377692889
28.4000210748;-2.5320904090;-2.0685958767;-2.3003807052;-1.0701381539;-2.4251315770;0.1429509602;0.1109751567;0.1436484362;0.0468043076;0.1377692889
28.4100210674;-2.5143359315;-2.0685958767;-2.3003807052;-1.0700818301;-2.4073583183;0.1429509602;0.1109751567;0.1446497141;0.0468043076;0.1377692889
28.4200210600;-2.5142608595;-2.0685082927;-2.3003807052;-1.0879114521;-2.4073583183;0.1429509602;0.1109751567;0.1446497141;0.0468043076;0.1377689384
28.4300210526;-2.5143359315;-2.0685958767;-2.3182103074;-1.0701381539;-2.4073583183;0.1429509602;0.1109751567;0.1446497141;0.0468043076;0.1367687141
28.4400210452;-2.5143359315;-2.0508537971;-2.3003807052;-1.0700818894;-2.4073583183;0.1429509602;0.1109751567;0.1446497141;0.0468043076;0.1367687141
28.4500210379;-2.5143359315;-2.0685958767;-2.3181478132;-1.0701381539;-2.4073020735;0.1429509602;0.1109751567;0.1446497141;0.0468043076;0.1367687141
28.4600210305;-2.5143359315;-2.0685958767;-2.3182103074;-1.0701381539;-2.4073583183;0.1429509602;0.1109751567;0.1446497141;0.0468043076;0.1367687141
28.4700210231;-2.5143359315;-2.0685958767;-2.3182103074;-1.0701381539;-2.4073021129;0.1429509602;0.1109751567;0.1446497141;0.0468043076;0.1367687141
28.4800210158;-2.5142610172;-2.0685958767;-2.3182103074;-1.0700819682;-2.4073021326;0.1429509602;0.1109751567;0.1446497141;0.0468043076;0.1367687141
28.4900210084;-2.5143359315;-2.0685958767;-2.3359775028;-1.0523085517;-2.4073583183;0.1429509602;0.1109751567;0.1446497141;0.0468043076;0.1367687141
28.5000210011;-2.5143359315;-2.0508536133;-2.3182726923;-1.0523085517;-2.4073021719;0.1429509602;0.1109751567;0.1446497141;0.0468043076;0.1367687141
28.5100209937;-2.5143359315;-2.0507662745;-2.3182103074;-1.0523085517;-2.3895287161;0.1429509602;0.1109751567;0.1446497141;0.0468043076;0.1367687141
28.5200209864;-2.4965811388;-2.0508535523;-2.3182103074;-1.0523085517;-2.4073022112;0.1429509602;0.1109751567;0.1446497141;0.0468043076;0.1367687141
28.5300209790;-2.5143359315;-2.0685958767;-2.3182103074;-1.0523085517;-2.4073583183;0.1429509602;0.1109751567;0.1446497141;0.0468043076;0.1367687141
28.5400209717;-2.5143359315;-2.0507662745;-2.3182103074;-1.0523646197;-2.4073583183;0.1429509602;0.1109751567;0.1446497141;0.0468039588;0.1367683651
28.5500209644;-2.5143359315;-2.0508534608;-2.3360399096;-1.0523085517;-2.3895847645;0.1429509602;0.1109751567;0.1456509817;0.0458041985;0.1357681468
28.5600209570;-2.5143359315;-2.0507662745;-2.3182103074;-1.0523085517;-2.3895287161;0.1429509602;0.1109751567;0.1456509817;0.0458041985;0.1357681468
28.5700209497;-2.5144106105;-2.0507662745;-2.3182725398;-1.0523085517;-2.3895287161;0.1429509602;0.1109751567;0.1456509817;0.0458041985;0.1357681468
28.5800209424;-2.5143359315;-2.0507662745;-2.3359776988;-1.0700821642;-2.3895847058;0.1429509602;0.1109751567;0.1456509817;0.0458041985;0.1357681468
28.5900209351;-2.5143359315;-2.0685088120;-2.3360399096;-1.0523085517;-2.3895846863;0.1429509602;0.1109751567;0.1456509817;0.0458041985;0.1357681468
28.6000209278;-2.5143359315;-2.0507662745;-2.3360399096;-1.0523085517;-2.3895287161;0.1429509602;0.1109751567;0.1456509817;0.0458041985;0.1357681468
28.6100209205;-2.5144105063;-2.0507662745;-2.3360399096;-1.0523085517;-2.3895287161;0.1429530508;0.1109751567;0.1456509817;0.0458041985;0.1357681468
28.6200209132;-2.5144104804;-2.0507662745;-2.3360399096;-1.0523085517;-2.3895287161;0.1439506173;0.1109730665;0.1456509817;0.0458038506;0.1357681468
28.6300209059;-2.5144104544;-2.0507662745;-2.3361020120;-1.0345348417;-2.3895287161;0.1439506173;0.1099753805;0.1456509817;0.0448040942;0.1357681468
28.6400208986;-2.5320910367;-2.0507662745;-2.3360399096;-1.0345348222;-2.3717549867;0.1439506173;0.1099753805;0.1466522426;0.0448040942;0.1357681468
28.6500208914;-2.5144104025;-2.0507662745;-2.3360399096;-1.0522526985;-2.3895287161;0.1439506173;0.1099753805;0.1466522426;0.0448040942;0.1357681468
28.6600208841;-2.5321655337;-2.0507662745;-2.3538074742;-1.0522527179;-2.3895287161;0.1439506173;0.1099753805;0.1466522426;0.0448040942;0.1357681468
28.6700208768;-2.5321655337;-2.0330234947;-2.3361019256;-1.0345347639;-2.3895287161;0.1439506173;0.1099753805;0.1466522426;0.0448040942;0.1357681468
28.6800208696;-2.5321655337;-2.0506794823;-2.3360399096;-1.0345347445;-2.3895287161;0.1439506173;0.1099753805;0.1466522426;0.0448040942;0.1357681468
28.6900208623;-2.5321655337;-2.0506795124;-2.3359779367;-1.0345347251;-2.3894729405;0.1439506173;0.1099732954;0.1466522426;0.0448040942;0.1357681468
28.7000208551;-2.5321655337;-2.0507662745;-2.3360399096;-1.0344789495;-2.3895287161;0.1439506173;0.1089756043;0.1466522426;0.0448040942;0.1357681468
28.7100208478;-2.5321655337;-2.0507662745;-2.3360399096;-1.0345346864;-2.3894729793;0.1439506173;0.1089756043;0.1466522426;0.0448040942;0.1357681468
28.7200208406;-2.5321655337;-2.0507662745;-2.3360399096;-1.0344789495;-2.3895287161;0.1439506173;0.1089756043;0.1466522426;0.0448040942;0.1357681468
28.7300208333;-2.5321655337;-2.0329366723;-2.3360399096;-1.0344789495;-2.3895287161;0.1439506173;0.1089756043;0.1466522426;0.0448037477;0.1357678001
28.7400208261;-2.5321655337;-2.0329366723;-2.3360399096;-1.0344789495;-2.3895287161;0.1439506173;0.1089756043;0.1466522426;0.0438039966;0.1347675910
28.7500208189;-2.5321655337;-2.0329366723;-2.3360399096;-1.0344789495;-2.3716991140;0.1439506173;0.1089756043;0.1466522426;0.0438039966;0.1347675910
28.7600208117;-2.5321655337;-2.0329366723;-2.3538076893;-1.0166493473;-2.3895287161;0.1439506173;0.1089735243;0.1466522426;0.0438039966;0.1347675910
28.7700208044;-2.5321655337;-2.0329366723;-2.3538695118;-1.0344789495;-2.3895287161;0.1439506173;0.1079758281;0.1466522426;0.0438039966;0.1347675910
28.7800207972;-2.5321655337;-2.0330231638;-2.3538077321;-1.0344789495;-2.3717547156;0.1439506173;0.1079758281;0.1466522426;0.0438039966;0.1347675910
28.7900207900;-2.5321655337;-2.0329366723;-2.3538695118;-1.0344789495;-2.3717546964;0.1439506173;0.1079758281;0.1466522426;0.0438039966;0.1347675910
28.8000207828;-2.5321655337;-2.0328502407;-2.3538077749;-1.0344789495;-2.3895287161;0.1439506173;0.1079758281;0.1466522426;0.0438039966;0.1347675910
28.8100207756;-2.5321655337;-2.0151070701;-2.3538695118;-1.0166493473;-2.3716991140;0.1439506173;0.1079758281;0.1466522426;0.0438039966;0.1347675910
28.8200207684;-2.5321655337;-2.0329366723;-2.3538695118;-1.0166493473;-2.3717546387;0.1439506173;0.1079758281;0.1466522426;0.0438036511;0.1347675910
28.8300207612;-2.5499211285;-2.0151070701;-2.3538695118;-1.0167048528;-2.3895287161;0.1439506173;0.1079758281;0.1466522426;0.0428039044;0.1347675910
28.8400207541;-2.5321655337;-2.0151070701;-2.3538695118;-1.0167048337;-2.3717546003;0.1439506173;0.1079737539;0.1466522426;0.0428039044;0.1347675910
28.8500207469;-2.5499211797;-2.0151070701;-2.3538695118;-1.0166493473;-2.3895287161;0.1439506173;0.1069760519;0.1466522426;0.0428039044;0.1347675910
28.8600207397;-2.5321655337;-2.0151070701;-2.3538695118;-1.0166493473;-2.3716991140;0.1439506173;0.1069760519;0.1466522426;0.0428039044;0.1347675910
28.8700207326;-2.5321655337;-2.0151070701;-2.3361014971;-1.0166493473;-2.3894732873;0.1439526891;0.1069760519;0.1466522426;0.0428039044;0.1347675910
28.8800207254;-2.5321655337;-2.0151070701;-2.3538695118;-1.0166493473;-2.3717545236;0.1449502743;0.1069760519;0.1466522426;0.0428039044;0.1347675910
28.8900207182;-2.5321655337;-2.0151070701;-2.3538695118;-1.0167047379;-2.3895287161;0.1449502743;0.1069760519;0.1476534855;0.0428039044;0.1347675910
28.9000207111;-2.5499213073;-2.0151070701;-2.3538695118;-1.0166493473;-2.3894733447;0.1449502743;0.1069760519;0.1476534855;0.0428039044;0.1347675910
28.9100207039;-2.5321655337;-2.0151070701;-2.3539310144;-1.0344235972;-2.3716991140;0.1449502743;0.1069760519;0.1476534855;0.0428039044;0.1347675910
28.9200206968;-2.5499213582;-2.0150209962;-2.3539309931;-1.0166493473;-2.3716991140;0.1449502743;0.1069760519;0.1476534855;0.0428039044;0.1347675910
28.9300206897;-2.5321655337;-2.0151070701;-2.3716991140;-1.0166493473;-2.3894734020;0.1449502743;0.1069760519;0.1476534855;0.0428039044;0.1347675910
28.9400206825;-2.5321655337;-1.9972774679;-2.3539309508;-1.0166493473;-2.3716991140;0.1449502743;0.1069760519;0.1476534855;0.0428039044;0.1347675910
28.9500206754;-2.5499214345;-1.9973634529;-2.3539309296;-0.9988197451;-2.3716991140;0.1449502743;0.1069760519;0.1476534855;0.0428039044;0.1347675910
28.9600206683;-2.5321655337;-1.9972774679;-2.3716991140;-1.0165940903;-2.3716991140;0.1449502743;0.1069760519;0.1476534855;0.0428039044;0.1347675910
28.9700206612;-2.5499951359;-1.9973633937;-2.3716991140;-1.0165941093;-2.3716991140;0.1449502743;0.1069760519;0.1476534855;0.0428039044;0.1347675910
28.9800206540;-2.5499215105;-1.9972774679;-2.3538695118;-0.9988197451;-2.3716991140;0.1449502743;0.1069760519;0.1476534855;0.0428035609;0.1347675910
28.9900206469;-2.5321655337;-2.0150212034;-2.3716991140;-0.9988197451;-2.3716991140;0.1449502743;0.1069760519;0.1476534855;0.0418038218;0.1347675910
29.0000206398;-2.5321655337;-2.0151070701;-2.3716991140;-0.9988197451;-2.3716991140;0.1449502743;0.1069760519;0.1476534855;0.0418038218;0.1347675910
29.0100206327;-2.5321655337;-1.9971916603;-2.3716991140;-0.9988197451;-2.3716991140;0.1449502743;0.1069760519;0.1476534855;0.0418038218;0.1347675910
29.0200206256;-2.5321655337;-1.9972774679;-2.3538695118;-0.9988197451;-2.3716991140;0.1449502743;0.1069760519;0.1476534855;0.0418038218;0.1347675910
29.0300206186;-2.5321655337;-1.9972774679;-2.3716378649;-0.9988197451;-2.3716991140;0.1449502743;0.1069760519;0.1476534855;0.0418038218;0.1347675910
29.0400206115;-2.5321655337;-1.9972774679;-2.3538695118;-0.9987646399;-2.3716991140;0.1449502743;0.1069760519;0.1476534855;0.0418034789;0.1347675910
29.0500206044;-2.5322389821;-1.9972774679;-2.3538695118;-0.9988197451;-2.3716991140;0.1449502743;0.1069760519;0.1476534855;0.0408037427;0.1347675910
29.0600205973;-2.5499217127;-1.9972774679;-2.3716991140;-0.9987646777;-2.3716991140;0.1449502743;0.1069739934;0.1476534855;0.0408037427;0.1347675910
29.0700205903;-2.5499217379;-1.9972774679;-2.3539306768;-0.9809901430;-2.3716991140;0.1449502743;0.1059762757;0.1476534855;0.0408037427;0.1347675910
29.0800205832;-2.5499217630;-1.9972774679;-2.3716991140;-0.9809901430;-2.3716991140;0.1449502743;0.1059762757;0.1476534855;0.0408037427;0.1347675910
29.0900205761;-2.5321655337;-1.9795334380;-2.3716991140;-0.9809901430;-2.3716991140;0.1449502743;0.1059762757;0.1476534855;0.0408037427;0.1347675910
29.1000205691;-2.5321655337;-1.9972774679;-2.3716991140;-0.9809901430;-2.3716991140;0.1449502743;0.1059762757;0.1486547134;0.0408037427;0.1347675910
29.1100205620;-2.5499218384;-1.9972774679;-2.3539305930;-0.9810451160;-2.3716991140;0.1449502743;0.1059762757;0.1486547134;0.0408034006;0.1347675910
29.1200205550;-2.5321655337;-1.9971919835;-2.3716380537;-0.9809901430;-2.3716991140;0.1449502743;0.1059762757;0.1486547134;0.0398036677;0.1347672489
29.1300205479;-2.5321655337;-1.9972774679;-2.3716991140;-0.9809901430;-2.3716991140;0.1449502743;0.1059762757;0.1486547134;0.0398036677;0.1337670584
29.1400205409;-2.5322387559;-1.9972774679;-2.3716380955;-0.9809901430;-2.3716991140;NaN;0.1059762757;0.1486547134;0.0398036677;0.1337670584
29.1500205339;NaN;-1.9971920713;-2.3716991140;-0.9809901430;-2.3716991140;NaN;0.1059762757;0.1486547134;0.0398036677;0.1337670584
29.1600205269;NaN;-1.9795332332;-2.3716991140;-0.9631605408;-2.3716991140;NaN;0.1059742242;0.1486547134;0.0398036677;0.1337670584
29.1700205198;NaN;-1.9795332040;-2.3716991140;-0.9809901430;-2.3716991140;NaN;0.1049764996;0.1486547134;0.0398036677;0.1337670584
29.1800205128;NaN;-1.9794478657;-2.3716991140;-0.9809901430;-2.3716991140;NaN;0.1049764996;0.1486547134;0.0398036677;0.1337670584
29.1900205058;NaN;-1.9794478657;-2.3716991140;-0.9809901430;-2.3716991140;NaN;0.1049764996;0.1486547134;0.0398036677;0.1337670584
29.2000204988;NaN;-1.9795331166;-2.3716991140;-0.9632153449;-2.3716991140;NaN;0.1049764996;0.1486547134;0.0398033267;0.1337670584
29.2100204918;NaN;-1.9794478657;-2.3716991140;-0.9809901430;-2.3716991140;NaN;0.1049764996;0.1486547134;0.0388035980;0.1337670584
29.2200204848;NaN;-1.9794478657;-2.3716991140;-0.9809901430;-2.3716443473;NaN;0.1049764996;0.1486547134;0.0388035980;0.1337670584
29.2300204778;NaN;-1.9794478657;-2.3894678850;-0.9632152888;-2.3717538620;NaN;0.1049764996;0.1496559322;0.0388035980;0.1337670584
29.2400204708;NaN;-1.9971923334;-2.3716991140;-0.9809354136;-2.3716991140;NaN;0.1049764996;0.1496559322;0.0388035980;0.1337670584
29.2500204638;NaN;-1.9794478657;-2.3716991140;-0.9809901430;-2.3716444033;NaN;0.1049764996;0.1496559322;0.0388035980;0.1337670584
29.2600204569;NaN;-1.9794478657;-2.3716991140;-0.9809901430;-2.3716991140;NaN;0.1049764996;0.1496559322;0.0388035980;0.1337670584
29.2700204499;NaN;-1.9794478657;-2.3717598622;-0.9809901430;-2.3716991140;NaN;0.1049744557;0.1496559322;0.0388035980;0.1337670584
29.2800204429;NaN;-1.9794478657;-2.3895287161;-0.9631605408;-2.3716991140;NaN;0.1039767234;0.1496559322;0.0388035980;0.1337670584
29.2900204360;NaN;-1.9794478657;-2.3894680093;-0.9632151769;-2.3716991140;NaN;0.1039767234;0.1496559322;0.0388035980;0.1337670584
29.3000204290;NaN;-1.9794478657;-2.3717598001;-0.9631605408;-2.3538695118;NaN;0.1039767234;0.1496559322;0.0388035980;0.1337670584
29.3100204221;NaN;-1.9794478657;-2.3716991140;-0.9631605408;-2.3539241107;NaN;0.1039767234;0.1496559322;0.0388035980;0.1337670584
29.3200204151;NaN;-1.9794478657;-2.3894680712;-0.9631605408;-2.3716991140;NaN;0.1039767234;0.1496559322;0.0388035980;0.1337670584
29.3300204082;NaN;-1.9794478657;-2.3895287161;-0.9631605408;-2.3716445521;NaN;0.1039767234;0.1496559322;0.0388035980;0.1337670584
29.3400204012;NaN;-1.9793630206;-2.3895287161;-0.9631605408;-2.3538695118;NaN;0.1039767234;0.1496559322;0.0388035980;0.1337670584
29.3500203943;NaN;-1.9793630494;-2.3895287161;-0.9631605408;-2.3538695118;NaN;0.1039767234;0.1496559322;0.0388035980;0.1337670584
29.3600203874;NaN;-1.9616182635;-2.3895287161;-0.9631060345;-2.3716446077;NaN;0.1039767234;0.1506571419;0.0388035980;0.1337670584
29.3700203804;NaN;-1.9793631070;-2.3895287161;-0.9631060530;-2.3716446262;NaN;0.1039746865;0.1506571419;0.0388035980;0.1337670584
29.3800203735;NaN;-1.9616182635;-2.3717596353;-0.9631060715;-2.3538695118;NaN;0.1029769472;0.1506571419;0.0388035980;0.1337670584
29.3900203666;NaN;-1.9616182635;-2.4073583183;-0.9631060900;-2.3539239625;NaN;0.1029769472;0.1506571419;0.0388032592;0.1337670584
29.4000203597;NaN;-1.9617029360;-2.3895891965;-0.9453309386;-2.3538695118;NaN;0.1029769472;0.1506571419;0.0378035393;0.1337670584
29.4100203528;NaN;-1.9793632220;-2.3895891760;-0.9453853524;-2.3538695118;NaN;0.1029769472;0.1506571419;0.0378035393;0.1337670584
29.4200203459;NaN;-1.9616182635;-2.4072978790;-0.9453853340;-2.3538695118;NaN;0.1029769472;0.1506571419;0.0378035393;0.1337670584
29.4300203390;NaN;-1.9615336771;-2.3895891350;-0.9453853155;-2.3538695118;NaN;0.1029769472;0.1506571419;0.0378035393;0.1337670584
29.4400203321;NaN;-1.9615337058;-2.4073583183;-0.9453309386;-2.3538695118;NaN;0.1029769472;0.1506571419;0.0378035393;0.1337670584
29.4500203252;NaN;-1.9616182635;-2.4072979404;-0.9631062006;-2.3716447738;NaN;0.1029769472;0.1506571419;0.0378035393;0.1337670584
29.4600203183;NaN;-1.9616182635;-2.4073583183;-0.9453309386;-2.3538695118;NaN;0.1029769472;0.1506571419;0.0378035393;0.1337670584
29.4700203114;NaN;-1.9616182635;-2.4073583183;-0.9453309386;-2.3538695118;NaN;0.1029769472;0.1506571419;0.0378032015;0.1337670584
29.4800203046;NaN;-1.9616182635;-2.3895287161;-0.9453309386;-2.3539237967;NaN;0.1029769472;0.1506571419;0.0368034853;0.1337670584
29.4900202977;NaN;-1.9616182635;-2.4073583183;-0.9631062741;-2.3538695118;NaN;0.1029769472;0.1506571419;0.0368034853;0.1337670584
29.5000202908;NaN;-1.9616182635;-2.4073583183;-0.9275555847;-2.3538695118;NaN;0.1029769472;0.1506571419;0.0368034853;0.1337670584
29.5100202840;NaN;-1.9438730190;-2.4072980628;-0.9452767086;-2.3538695118;NaN;0.1029769472;0.1506571419;0.0368034853;0.1337670584
29.5200202771;NaN;-1.9616182635;-2.4073583183;-0.9453309386;-2.3360941212;NaN;0.1029769472;0.1506571419;0.0368034853;0.1337670584
29.5300202703;NaN;-1.9437886613;-2.3895889309;-0.9453309386;-2.3716449206;NaN;0.1029769472;0.1506571419;0.0368034853;0.1337670584
29.5400202634;NaN;-1.9616182635;-2.3895287161;-0.9453309386;-2.3360940846;NaN;0.1029769472;0.1506571419;0.0368034853;0.1337670584
29.5500202566;NaN;-1.9616182635;-2.4073583183;-0.9452767818;-2.3538695118;NaN;0.1029769472;0.1506571419;0.0368034853;0.1337670584
29.5600202497;NaN;-1.9616182635;-2.4072981645;-0.9453309386;-2.3538695118;NaN;0.1029769472;0.1506571419;0.0368031485;0.1337670584
29.5700202429;NaN;-1.9438728483;-2.4073583183;-0.9275554566;-2.3538695118;NaN;0.1029769472;0.1506571419;0.0358034364;0.1337670584
29.5800202361;NaN;-1.9437886613;-2.4073583183;-0.9275013364;-2.3538695118;NaN;0.1029769472;0.1506571419;0.0358034364;0.1337670584
29.5900202293;NaN;-1.9616182635;-2.3895888092;-0.9275013364;-2.3538695118;NaN;0.1029769472;0.1506571419;0.0358034364;0.1337670584
29.6000202224;NaN;-1.9616182635;-2.4072982456;-0.9274472709;-2.3538695118;NaN;0.1029769472;0.1506571419;0.0358034364;0.1337670584
29.6100202156;NaN;-1.9616182635;-2.4073583183;-0.9275013364;-2.3538695118;NaN;0.1029769472;0.1506571419;0.0358034364;0.1337670584
29.6200202088;NaN;-1.9616182635;-2.4073583183;-0.9275013364;-2.3538695118;NaN;0.1029769472;0.1516583337;0.0358034364;0.1337670584
29.6300202020;NaN;-1.9438726783;-2.4073583183;-0.9275013364;-2.3538695118;NaN;0.1029769472;0.1516583337;0.0358034364;0.1337670584
29.6400201952;NaN;-1.9615342748;-2.4073583183;-0.9275013364;-2.3716451212;NaN;0.1029769472;0.1516583337;0.0358034364;0.1337670584
29.6500201884;NaN;-1.9615343031;-2.4073583183;-0.9275013364;-2.3538695118;NaN;0.1029769472;0.1516583337;0.0358031006;0.1337670584
29.6600201816;NaN;-1.9437886613;-2.4073583183;-0.9274473799;-2.3538695118;NaN;0.1029769472;0.1516583337;0.0348033926;0.1337670584
29.6700201748;NaN;-1.9616182635;-2.4073583183;-0.9275013364;-2.3538695118;NaN;0.1029769472;0.1516583337;0.0348033926;0.1337670584
29.6800201681;NaN;-1.9437886613;-2.4073583183;-0.9275013364;-2.3538695118;NaN;0.1029769472;0.1516583337;0.0348033926;0.1337670584
29.6900201613;NaN;-1.9615344159;-2.4073583183;-0.9275013364;-2.3538695118;NaN;0.1029769472;0.1516583337;0.0348033926;0.1337670584
29.7000201545;NaN;-1.9437886613;-2.4074181894;-0.9274474524;-2.3360937935;NaN;0.1029769472;0.1516583337;0.0348033926;0.1337670584
29.7100201478;NaN;-1.9438724527;-2.4251280696;-0.9274474705;-2.3360937754;NaN;0.1029769472;0.1516583337;0.0348033926;0.1337670584
29.7200201410;NaN;-1.9616182635;-2.4073583183;-0.9096717342;-2.3538695118;NaN;0.1029769472;0.1516583337;0.0348033926;0.1337667233
29.7300201342;NaN;-1.9437886613;-2.4073583183;-0.9096717342;-2.3538156820;NaN;0.1029769472;0.1516583337;0.0348033926;0.1327665604
29.7400201275;NaN;-1.9615345565;-2.4073583183;-0.9096717342;-2.3538695118;NaN;0.1029769472;0.1516583337;0.0348033926;0.1327665604
29.7500201207;NaN;-1.9437886613;-2.4073583183;-0.9096717342;-2.3538695118;NaN;0.1029769472;0.1516583337;0.0348033926;0.1327665604
29.7600201140;NaN;-1.9437886613;-2.4251281699;-0.9096717342;-2.3538695118;NaN;0.1029769472;0.1526595160;0.0348033926;0.1327665604
29.7700201072;NaN;-1.9437886613;-2.4251879205;-0.9096717342;-2.3360936672;NaN;0.1029769472;0.1526595160;0.0348033926;0.1327665604
29.7800201005;NaN;-1.9437886613;-2.4251282099;-0.9096717342;-2.3538157722;NaN;0.1029769472;0.1526595160;0.0348033926;0.1327665604
29.7900200938;NaN;-1.9437886613;-2.4251879205;-0.8918958536;-2.3360936312;NaN;0.1029749389;0.1526595160;0.0348033926;0.1327665604
29.8000200870;NaN;-1.9437886613;-2.4251879205;-0.9096717342;-2.3360399096;NaN;0.1019771710;0.1526595160;0.0348033926;0.1327665604
29.8100200803;NaN;-1.9437886613;-2.4251282698;-0.9096717342;-2.3360399096;NaN;0.1019771710;0.1526595160;0.0348033926;0.1327665604
29.8200200736;NaN;-1.9437886613;-2.4251879205;-0.9096717342;-2.3360399096;NaN;0.1019771710;0.1526595160;0.0348033926;0.1327665604
29.8300200669;NaN;-1.9437886613;-2.4251879205;-0.9096717342;-2.3360399096;NaN;0.1019771710;0.1526595160;0.0348033926;0.1327665604
29.8400200602;NaN;-1.9437886613;-2.4251879205;-0.9096181024;-2.3360399096;NaN;0.1019771710;0.1526595160;0.0348033926;0.1327665604
29.8500200535;NaN;-1.9437886613;-2.4251879205;-0.9096717342;-2.3360399096;NaN;0.1019771710;0.1526595160;0.0348030590;0.1327665604
29.8600200468;NaN;-1.9260424307;-2.4251879205;-0.9096717342;-2.3360399096;NaN;0.1019771710;0.1526595160;0.0338033600;0.1327665604
29.8700200401;NaN;-1.9437886613;-2.4251879205;-0.8918421320;-2.3360399096;NaN;0.1019771710;0.1526595160;0.0338033600;0.1327665604
29.8800200334;NaN;-1.9437053454;-2.4251879205;-0.9096181740;-2.3360399096;NaN;0.1019751688;0.1526595160;0.0338033600;0.1327665604
29.8900200267;NaN;-1.9437886613;-2.4074178098;-0.9096181918;-2.3360934519;NaN;0.1009773948;0.1526595160;0.0338033600;0.1327665604
29.9000200200;NaN;-1.9437054010;-2.4074177900;-0.8918421320;-2.3538159873;NaN;0.1009773948;0.1526595160;0.0338033600;0.1327665604
29.9100200133;NaN;-1.9259590591;-2.4074177702;-0.8918421320;-2.3360399096;NaN;0.1009773948;0.1526595160;0.0338030271;0.1327665604
29.9200200067;NaN;-1.9260422640;-2.4251879205;-0.8918421320;-2.3360399096;NaN;0.1009773948;0.1526595160;0.0328033308;0.1327665604
29.9300200000;NaN;-1.9260422362;-2.4251879205;-0.8918421320;-2.3360399096;NaN;0.1009773948;0.1526595160;0.0328033308;0.1327665604
29.9400199933;NaN;-1.9259590591;-2.4251879205;-0.8918421320;-2.3360399096;NaN;0.1009773948;0.1536606861;0.0328033308;0.1327665604
29.9500199867;NaN;-1.9259590591;-2.4251879205;-0.8918421320;-2.3360399096;NaN;0.1009773948;0.1536606861;0.0328033308;0.1327665604
29.9600199800;NaN;-1.9259590591;-2.4252472734;-0.8918421320;-2.3360399096;NaN;0.1009773948;0.1536606861;0.0328033308;0.1327665604
29.9700199734;NaN;-1.9259590591;-2.4429581896;-0.8740125298;-2.3360399096;NaN;0.1009773948;0.1536606861;0.0328033308;0.1327665604
29.9800199667;NaN;-1.9259590591;-2.4252472339;-0.8740125298;-2.3360932916;NaN;0.1009773948;0.1536606861;0.0328033308;0.1327665604
29.9900199601;NaN;-1.9082124681;-2.4429582291;-0.8917887677;-2.3360399096;NaN;0.1009773948;0.1536606861;0.0328033308;0.1327665604
30.0000199534;NaN;-1.9259590591;-2.4430175227;-0.8917887854;-2.3360399096;NaN;0.1009754006;0.1536606861;0.0328029989;0.1327665604
30.0100199468;NaN;-1.9259590591;-2.4430175227;-0.8740125298;-2.3360399096;NaN;0.0999776186;0.1536606861;0.0318033066;0.1327665604
30.0200199402;NaN;-1.9259590591;-2.4430175227;-0.8740125298;-2.3182636185;NaN;0.0999776186;0.1536606861;0.0318033066;0.1327665604
30.0300199336;NaN;-1.9258761583;-2.4252471354;-0.8740125298;-2.3360399096;NaN;0.0999776186;0.1536606861;0.0318033066;0.1327665604
30.0400199269;NaN;-1.9081294570;-2.4430175227;-0.8740125298;-2.3360399096;NaN;0.0999776186;0.1536606861;0.0318033066;0.1327665604
30.0500199203;NaN;-1.9082123028;-2.4430175227;-0.8740125298;-2.3360399096;NaN;0.0999776186;0.1536606861;0.0318033066;0.1327665604
30.0600199137;NaN;-1.9081294570;-2.4429583668;-0.8740125298;-2.3360399096;NaN;0.0999756284;0.1536606861;0.0318033066;0.1327665604
30.0700199071;NaN;-1.9081294570;-2.4430175227;-0.8740125298;-2.3360399096;NaN;0.0989778424;0.1546618477;0.0318033066;0.1327665604
30.0800199005;NaN;-1.9081294570;-2.4430175227;-0.8740125298;-2.3360399096;NaN;0.0989778424;0.1546618477;0.0318033066;0.1327665604
30.0900198939;NaN;-1.9081294570;-2.4430175227;-0.8740125298;-2.3360399096;NaN;0.0989778424;0.1546618477;0.0318033066;0.1327665604
30.1000198873;NaN;-1.9081294570;-2.4430175227;-0.8740125298;-2.3360399096;NaN;0.0989778424;0.1546618477;0.0318029758;0.1327665604
30.1100198807;NaN;-1.9081294570;-2.4430175227;-0.8740125298;-2.3360399096;NaN;0.0989778424;0.1546618477;0.0308032879;0.1327665604
30.1200198741;NaN;-1.9081294570;-2.4430175227;-0.8739593952;-2.3360399096;NaN;0.0989778424;0.1546618477;0.0308032879;0.1327665604
30.1300198675;NaN;-1.8902998548;-2.4607881060;-0.8562360446;-2.3360399096;NaN;0.0989778424;0.1546618477;0.0308032879;0.1327665604
30.1400198610;NaN;-1.9080468579;-2.4430175227;-0.8740125298;-2.3360399096;NaN;0.0989778424;0.1546618477;0.0308032879;0.1327665604
30.1500198544;NaN;-1.8902998548;-2.4430175227;-0.8561829276;-2.3360399096;NaN;0.0989778424;0.1546618477;0.0308032879;0.1327665604
30.1600198478;NaN;-1.8902998548;-2.4430175227;-0.8561829276;-2.3538164475;NaN;0.0989778424;0.1546618477;0.0308032879;0.1327665604
30.1700198413;NaN;-1.9081294570;-2.4430175227;-0.8740125298;-2.3538164650;NaN;0.0989778424;0.1546618477;0.0308032879;0.1327665604
30.1800198347;NaN;-1.8902998548;-2.4430175227;-0.8561829276;-2.3360399096;NaN;0.0989778424;0.1546618477;0.0308032879;0.1327665604
30.1900198282;NaN;-1.8902998548;-2.4607882230;-0.8562359393;-2.3360399096;NaN;0.0989778424;0.1546618477;0.0308032879;0.1327665604
30.2000198216;NaN;-1.8903822902;-2.4430764052;-0.8561829276;-2.3360399096;NaN;0.0989778424;0.1546618477;0.0308032879;0.1327665604
30.2100198151;NaN;-1.9081294570;-2.4607882619;-0.8561829276;-2.3360928863;NaN;0.0989778424;0.1546618477;0.0308032879;0.1327665604
30.2200198085;NaN;-1.8903822358;-2.4430763663;-0.8561829276;-2.3360399096;NaN;0.0989778424;0.1546618477;0.0308032879;0.1327665604
30.2300198020;NaN;-1.9080471031;-2.4430763469;-0.8384062672;-2.3360399096;NaN;0.0989778424;0.1546618477;0.0308032879;0.1327665604
30.2400197954;NaN;-1.8902998548;-2.4430175227;-0.8561829276;-2.3360928338;NaN;0.0989778424;0.1546618477;0.0308032879;0.1327665604
30.2500197889;NaN;-1.8902998548;-2.4608471249;-0.8561829276;-2.3360928164;NaN;0.0989778424;0.1546618477;0.0308032879;0.1327665604
30.2600197824;NaN;-1.8902998548;-2.4430762887;-0.8561300382;-2.3538695118;NaN;0.0989778424;0.1546618477;0.0308032879;0.1327665604
30.2700197759;NaN;-1.8902998548;-2.4608471249;-0.8561829276;-2.3360399096;NaN;0.0989778424;0.1556629961;0.0308029590;0.1327665604
30.2800197694;NaN;-1.8902176366;-2.4608471249;-0.8384061800;-2.3538166572;NaN;0.0989778424;0.1556629961;0.0298032786;0.1327665604
30.2900197628;NaN;-1.8902998548;-2.4608471249;-0.8561829276;-2.3360927467;NaN;0.0989778424;0.1556629961;0.0298032786;0.1327665604
30.3000197563;NaN;-1.8725524166;-2.4430762113;-0.8383533254;-2.3360927293;NaN;0.0989778424;0.1556629961;0.0298032786;0.1327665604
30.3100197498;NaN;-1.8725523896;-2.4608471249;-0.8561829276;-2.3538695118;NaN;0.0989778424;0.1556629961;0.0298032786;0.1327665604
30.3200197433;NaN;-1.8902998548;-2.4609057749;-0.8561829276;-2.3360399096;NaN;0.0989778424;0.1556629961;0.0298032786;0.1327665604
30.3300197368;NaN;-1.8902998548;-2.4608471249;-0.8384060931;-2.3538167441;NaN;0.0989778424;0.1556629961;0.0298032786;0.1327662320
30.3400197304;NaN;-1.8902177987;-2.4608471249;-0.8384060757;-2.3360399096;NaN;0.0989778424;0.1556629961;0.0298032786;0.1317660961
30.3500197239;NaN;-1.8902178257;-2.4608471249;-0.8561301946;-2.3360399096;NaN;0.0989778424;0.1556629961;0.0298032786;0.1317660961
30.3600197174;NaN;-1.8902178526;-2.4786181542;-0.8383533254;-2.3359871939;NaN;0.0989778424;0.1556629961;0.0298032786;0.1317660961
30.3700197109;NaN;-1.8902178796;-2.4608471249;-0.8383533254;-2.3360399096;NaN;0.0989778424;0.1556629961;0.0298029507;0.1317660961
30.3800197044;NaN;-1.8902998548;-2.4608471249;-0.8383533254;-2.3360399096;NaN;0.0989778424;0.1556629961;0.0288032746;0.1317660961
30.3900196980;NaN;-1.8902179334;-2.4608471249;-0.8383533254;-2.3360399096;NaN;0.0989758737;0.1556629961;0.0288032746;0.1317660961
30.4000196915;NaN;-1.8902179603;-2.4608471249;-0.8383533254;-2.3538168653;NaN;0.0979780662;0.1556629961;0.0288032746;0.1317660961
30.4100196850;NaN;-1.8724702526;-2.4609640787;-0.8383533254;-2.3360399096;NaN;0.0979780662;0.1556629961;0.0288032746;0.1317660961
30.4200196786;NaN;-1.8724702526;-2.4786182694;-0.8383533254;-2.3360399096;NaN;0.0979780662;0.1556629961;0.0288032746;0.1317660961
30.4300196721;NaN;-1.8725520665;-2.4786182886;-0.8383533254;-2.3182629021;NaN;0.0979780662;0.1556629961;0.0288032746;0.1317660961
30.4400196657;NaN;-1.8902998548;-2.4786183077;-0.8205763007;-2.3360399096;NaN;0.0979780662;0.1556629961;0.0288032746;0.1317660961
30.4500196592;NaN;-1.8902998548;-2.4609055252;-0.8205762835;-2.3182103074;NaN;0.0979780662;0.1556629961;0.0288032746;0.1317660961
30.4600196528;NaN;-1.8902181212;-2.4786767271;-0.8383533254;-2.3359873665;NaN;0.0979780662;0.1556629961;0.0288032746;0.1317660961
30.4700196464;NaN;-1.8724702526;-2.4609054870;-0.8383533254;-2.3359873837;NaN;0.0979780662;0.1556629961;0.0288032746;0.1317660961
30.4800196399;NaN;-1.8724702526;-2.4786767271;-0.8383533254;-2.3182103074;NaN;0.0979780662;0.1556629961;0.0288029479;0.1317657693
30.4900196335;NaN;-1.8724702526;-2.4786767271;-0.8383533254;-2.3182103074;NaN;0.0979780662;0.1556629961;0.0278032765;0.1307656399
30.5000196271;NaN;-1.8725518793;-2.4609054297;-0.8383008511;-2.3182103074;NaN;0.0979780662;0.1566641296;0.0278032765;0.1307656399
30.5100196207;NaN;-1.8724702526;-2.4786767271;-0.8205761804;-2.3182103074;NaN;0.0979761053;0.1566641296;0.0278032765;0.1307656399
30.5200196143;NaN;-1.8724702526;-2.4786767271;-0.8383533254;-2.3182103074;NaN;0.0969782901;0.1566641296;0.0278032765;0.1307653135
30.5300196078;NaN;-1.8724702526;-2.4786767271;-0.8383009025;-2.3182103074;NaN;0.0969782901;0.1566641296;0.0278032765;0.1297651859
30.5400196014;NaN;-1.8724702526;-2.4786767271;-0.8383533254;-2.3182103074;NaN;0.0969782901;0.1566641296;0.0278032765;0.1297651859
30.5500195950;NaN;-1.8902998548;-2.4786185175;-0.8383009368;-2.3182103074;NaN;0.0969782901;0.1566641296;0.0278032765;0.1297651859
30.5600195886;NaN;-1.8724702526;-2.4786767271;-0.8205237232;-2.3003807052;NaN;0.0969782901;0.1566641296;0.0278029507;0.1297651859
30.5700195822;NaN;-1.8724702526;-2.4786767271;-0.8205237232;-2.3182103074;NaN;0.0969782901;0.1566641296;0.0268032828;0.1297651859
30.5800195759;NaN;-1.8724702526;-2.4786767271;-0.8205237232;-2.3003807052;NaN;0.0969782901;0.1566641296;0.0268032828;0.1297651859
30.5900195695;NaN;-1.8724702526;-2.4786767271;-0.8205237232;-2.3003807052;NaN;0.0969782901;0.1566641296;0.0268032828;0.1297651859
30.6000195631;NaN;-1.8546406504;-2.4786767271;-0.8205237232;-2.3003807052;NaN;0.0969782901;0.1566641296;0.0268032828;0.1297651859
30.6100195567;NaN;-1.8724702526;-2.4786767271;-0.8205237232;-2.3003807052;NaN;0.0969782901;0.1566641296;0.0268032828;0.1297651859
30.6200195503;NaN;-1.8547219580;-2.4786767271;-0.8027463902;-2.3003807052;NaN;0.0969763361;0.1566641296;0.0268032828;0.1297651859
30.6300195440;NaN;-1.8546406504;-2.4786767271;-0.8205237232;-2.2826033552;NaN;0.0959785139;0.1566641296;0.0268032828;0.1297651859
30.6400195376;NaN;-1.8546406504;-2.4786767271;-0.8204714881;-2.3003807052;NaN;0.0959785139;0.1566641296;0.0268032828;0.1297651859
30.6500195313;NaN;-1.8547218786;-2.4786767271;-0.8026941210;-2.3003807052;NaN;0.0959785139;0.1566641296;0.0268032828;0.1297651859
30.6600195249;NaN;-1.8723890507;-2.4786767271;-0.8204715220;-2.3003807052;NaN;0.0959785139;0.1566641296;0.0268032828;0.1297651859
30.6700195185;NaN;-1.8546406504;-2.4787347096;-0.8205237232;-2.3003807052;NaN;0.0959785139;0.1566641296;0.0268032828;0.1297651859
30.6800195122;NaN;-1.8723891035;-2.4786767271;-0.8027462883;-2.3003285379;NaN;0.0959785139;0.1566641296;0.0268032828;0.1297651859
30.6900195059;NaN;-1.8546406504;-2.4964483845;-0.8026941210;-2.2825511030;NaN;0.0959785139;0.1566641296;0.0268032828;0.1297651859
30.7000194995;NaN;-1.8546406504;-2.4786767271;-0.8026941210;-2.3003285718;NaN;0.0959785139;0.1566641296;0.0268032828;0.1297651859
30.7100194932;NaN;-1.8368921182;-2.4786767271;-0.8026941210;-2.2825511030;NaN;0.0959785139;0.1566641296;0.0268032828;0.1297651859
30.7200194868;NaN;-1.8546406504;-2.4786767271;-0.8026941210;-2.3003286057;NaN;0.0959765663;0.1566641296;0.0268032828;0.1297651859
30.7300194805;NaN;-1.8368920655;-2.4964484598;-0.8026941210;-2.3003286226;NaN;0.0949787377;0.1566641296;0.0268029587;0.1297651859
30.7400194742;NaN;-1.8368920392;-2.4965063293;-0.7848645188;-2.2825511030;NaN;0.0949787377;0.1566641296;0.0258032980;0.1297651859
30.7500194679;NaN;-1.8546406504;-2.4786767271;-0.8026941210;-2.3003286564;NaN;0.0949787377;0.1566641296;0.0258032980;0.1297651859
30.7600194616;NaN;-1.8545597118;-2.4786767271;-0.8026941210;-2.2825511030;NaN;0.0949787377;0.1566641296;0.0258032980;0.1297651859
30.7700194553;NaN;-1.8545597381;-2.4786767271;-0.7848645188;-2.2826031180;NaN;0.0949787377;0.1566641296;0.0258032980;0.1297651859
30.7800194489;NaN;-1.8545597643;-2.4786767271;-0.7848645188;-2.2825511030;NaN;0.0949787377;0.1566641296;0.0258032980;0.1297648622
30.7900194426;NaN;-1.8368919081;-2.4787344842;-0.7848645188;-2.2825511030;NaN;0.0949787377;0.1566641296;0.0258029746;0.1287647456
30.8000194363;NaN;-1.8368918819;-2.4786767271;-0.8026421565;-2.2825511030;NaN;0.0949787377;0.1566641296;0.0248033164;0.1287647456
30.8100194301;NaN;-1.8368110482;-2.4786767271;-0.7848645188;-2.2825511030;NaN;0.0949787377;0.1566641296;0.0248033164;0.1287647456
30.8200194238;NaN;-1.8368110482;-2.4964486283;-0.7848645188;-2.3003287743;NaN;0.0949787377;0.1566641296;0.0248033164;0.1287647456
30.8300194175;NaN;-1.8368110482;-2.4787344094;-0.7848645188;-2.2825511030;NaN;0.0949787377;0.1566641296;0.0248033164;0.1287647456
30.8400194112;NaN;-1.8368110482;-2.4786767271;-0.7848645188;-2.2825511030;NaN;0.0949787377;0.1566641296;0.0248033164;0.1287647456
30.8500194049;NaN;-1.8368110482;-2.4786767271;-0.7848645188;-2.2825511030;NaN;0.0949787377;0.1566641296;0.0248029937;0.1287647456
30.8600193986;NaN;-1.8368110482;-2.4786767271;-0.7848645188;-2.2825511030;NaN;0.0949787377;0.1566641296;0.0238033380;0.1287647456
30.8700193924;NaN;-1.8368110482;-2.4786767271;-0.7848645188;-2.2825511030;NaN;0.0949787377;0.1566641296;0.0238033380;0.1287647456
30.8800193861;NaN;-1.8368110482;-2.4786767271;-0.7670349166;-2.2825511030;NaN;0.0949787377;0.1566641296;0.0238033380;0.1287647456
30.8900193798;NaN;-1.8368110482;-2.4609622660;-0.7670867302;-2.2825511030;NaN;0.0949787377;0.1566641296;0.0238030156;0.1287644231
30.9000193736;NaN;-1.8368110482;-2.4609046769;-0.7670349166;-2.2825511030;NaN;0.0949787377;0.1566641296;0.0228033616;0.1277643111
30.9100193673;NaN;-1.8368110482;-2.4786767271;-0.7670349166;-2.2825511030;NaN;0.0949787377;0.1566641296;0.0228033616;0.1277643111
30.9200193611;NaN;-1.8368110482;-2.4786767271;-0.7492570778;-2.2647732642;NaN;0.0949787377;0.1566641296;0.0228033616;0.1277643111
30.9300193548;NaN;-1.8368110482;-2.4786767271;-0.7670349166;-2.2647732475;NaN;0.0949787377;0.1566641296;0.0228033616;0.1277643111
30.9400193486;NaN;-1.8368110482;-2.4786767271;-0.7492570444;-2.2824993730;NaN;0.0949787377;0.1566641296;0.0228033616;0.1277643111
30.9500193424;NaN;-1.8368110482;-2.4786767271;-0.7670349166;-2.2825511030;NaN;0.0949787377;0.1566641296;0.0228033616;0.1277643111
30.9600193361;NaN;-1.8368110482;-2.4965063293;-0.7492570111;-2.2824994063;NaN;0.0949787377;0.1566641296;0.0228033616;0.1277643111
30.9700193299;NaN;-1.8368914393;-2.4786767271;-0.7670349166;-2.2824994230;NaN;0.0949787377;0.1566641296;0.0228033616;0.1277639895
30.9800193237;NaN;-1.8368110482;-2.4964489256;-0.7669832533;-2.2824994396;NaN;0.0949787377;0.1566641296;0.0228033616;0.1267638808
30.9900193175;NaN;-1.8545603110;-2.4786767271;-0.7492053145;-2.2647215008;NaN;0.0949787377;0.1566641296;0.0228033616;0.1267638808
31.0000193112;NaN;-1.8368110482;-2.4786767271;-0.7492053145;-2.2647215008;NaN;0.0949787377;0.1566641296;0.0228030404;0.1267638808
31.0100193050;NaN;-1.8368110482;-2.4786767271;-0.7492053145;-2.2647215008;NaN;0.0949787377;0.1566641296;0.0218033910;0.1267638808
31.0200192988;NaN;-1.8368110482;-2.4786767271;-0.7492053145;-2.2647215008;NaN;0.0949787377;0.1566641296;0.0218033910;0.1267638808
31.0300192926;NaN;-1.8368110482;-2.4786767271;-0.7492053145;-2.2469434789;NaN;0.0949787377;0.1566641296;0.0218033910;0.1267638808
31.0400192864;NaN;-1.8368110482;-2.4786767271;-0.7492053145;-2.2647215008;NaN;0.0949787377;0.1566641296;0.0218033910;0.1267638808
31.0500192802;NaN;-1.8368110482;-2.4786767271;-0.7492053145;-2.2647215008;NaN;0.0949787377;0.1566641296;0.0218033910;0.1267638808
31.0600192740;NaN;-1.8368110482;-2.4786767271;-0.7492053145;-2.2646699702;NaN;0.0949768113;0.1566641296;0.0218033910;0.1267638808
31.0700192678;NaN;-1.8367309151;-2.4786767271;-0.7492053145;-2.2646699867;NaN;0.0939789615;0.1566641296;0.0218033910;0.1267638808
31.0800192616;NaN;-1.8367309409;-2.4786767271;-0.7492053145;-2.2468918986;NaN;0.0939789615;0.1566641296;0.0218033910;0.1267635603
31.0900192555;NaN;-1.8190615276;-2.4964491281;-0.7491538334;-2.2468918986;NaN;0.0939789615;0.1566641296;0.0218033910;0.1257634562
31.1000192493;NaN;-1.8189814460;-2.4787339099;-0.7492053145;-2.2468918986;NaN;0.0939789615;0.1566641296;0.0218033910;0.1257634562
31.1100192431;NaN;-1.8189814460;-2.4786767271;-0.7492053145;-2.2469433466;NaN;0.0939789615;0.1566641296;0.0218033910;0.1257634562
31.1200192369;NaN;-1.8189814460;-2.4786767271;-0.7313757123;-2.2468918986;NaN;0.0939789615;0.1566641296;0.0218033910;0.1257634562
31.1300192308;NaN;-1.8189814460;-2.4786767271;-0.7313757123;-2.2468918986;NaN;0.0939770395;0.1566641296;0.0218033910;0.1257634562
31.1400192246;NaN;-1.8189814460;-2.4786767271;-0.7491539159;-2.2468918986;NaN;0.0929791853;0.1566641296;0.0218030712;0.1257634562
31.1500192184;NaN;-1.8189015182;-2.4965063293;-0.7313757123;-2.2468918986;NaN;0.0929791853;0.1566641296;0.0208034276;0.1257634562
31.1600192123;NaN;-1.8189814460;-2.4965063293;-0.7313757123;-2.2469432643;NaN;0.0929791853;0.1566641296;0.0208034276;0.1257634562
31.1700192061;NaN;-1.8189015694;-2.4787337818;-0.7492053145;-2.2468405494;NaN;0.0929791853;0.1566641296;0.0208034276;0.1257634562
31.1800192000;NaN;-1.8189814460;-2.4786767271;-0.7313757123;-2.2468918986;NaN;0.0929791853;0.1566641296;0.0208034276;0.1257634562
31.1900191939;NaN;-1.8189814460;-2.4786767271;-0.7313243959;-2.2468918986;NaN;0.0929772670;0.1566641296;0.0208034276;0.1257634562
31.2000191877;NaN;-1.8011518438;-2.4786767271;-0.7313757123;-2.2468918986;NaN;0.0919794091;0.1566641296;0.0208034276;0.1257634562
31.2100191816;NaN;-1.8189814460;-2.4964493475;-0.7313757123;-2.2468406150;NaN;0.0919794091;0.1566641296;0.0208031085;0.1257634562
31.2200191755;NaN;-1.8011518438;-2.4786767271;-0.7313757123;-2.2468918986;NaN;0.0919794091;0.1566641296;0.0198034678;0.1257634562
31.2300191693;NaN;-1.8011518438;-2.4964493839;-0.7135973609;-2.2468406478;NaN;0.0919774932;0.1566641296;0.0198034678;0.1257634562
31.2400191632;NaN;-1.7834019397;-2.4964494021;-0.7313757123;-2.2468918986;NaN;0.0909796329;0.1566641296;0.0198034678;0.1257634562
31.2500191571;NaN;-1.7833222416;-2.4787336361;-0.7313244941;-2.2468918986;NaN;0.0909796329;0.1566641296;0.0198034678;0.1257634562
31.2600191510;NaN;-1.8010721966;-2.4787336180;-0.7135461101;-2.2468918986;NaN;0.0909796329;0.1566641296;0.0198034678;0.1257634562
31.2700191449;NaN;-1.7833222416;-2.4964494566;-0.7135461101;-2.2468918986;NaN;0.0909796329;0.1566641296;0.0198031493;0.1257634562
31.2800191388;NaN;-1.7833222416;-2.4786767271;-0.7135461101;-2.2468918986;NaN;0.0909796329;0.1566641296;0.0188035111;0.1257631377
31.2900191327;NaN;-1.7833222416;-2.4964494928;-0.7135461101;-2.2468407458;NaN;0.0909796329;0.1566641296;0.0188035111;0.1247630418
31.3000191266;NaN;-1.7655721851;-2.4786767271;-0.7135461101;-2.2290622964;NaN;0.0909777213;0.1566641296;0.0188035111;0.1247630418
31.3100191205;NaN;-1.7654926394;-2.4964495290;-0.7135972303;-2.2290622964;NaN;0.0899798568;0.1566641296;0.0188035111;0.1247630418
31.3200191144;NaN;-1.7655721345;-2.4964495471;-0.7135461101;-2.2290622964;NaN;0.0899798568;0.1566641296;0.0188035111;0.1247630418
31.3300191083;NaN;-1.7654926394;-2.4964495652;-0.7135461101;-2.2290622964;NaN;0.0899798568;0.1566641296;0.0188035111;0.1247630418
31.3400191022;NaN;-1.7654926394;-2.4786767271;-0.7135461101;-2.2290622964;NaN;0.0899798568;0.1566641296;0.0188035111;0.1247630418
31.3500190961;NaN;-1.7654926394;-2.4965063293;-0.7135461101;-2.2290622964;NaN;0.0899779482;0.1566641296;0.0188035111;0.1247630418
31.3600190900;NaN;-1.7654132455;-2.4964496194;-0.6957165079;-2.2112837332;NaN;0.0889800806;0.1566641296;0.0188035111;0.1247630418
31.3700190840;NaN;-1.7654926394;-2.4786767271;-0.7135461101;-2.2290112737;NaN;0.0889800806;0.1566641296;0.0188035111;0.1247630418
31.3800190779;NaN;-1.7654926394;-2.4786767271;-0.7134951036;-2.2290622964;NaN;0.0889800806;0.1566641296;0.0188035111;0.1247630418
31.3900190718;NaN;-1.7477423554;-2.4786767271;-0.7135461101;-2.2112836845;NaN;0.0889800806;0.1566641296;0.0188035111;0.1247627244
31.4000190658;NaN;-1.7654926394;-2.4786767271;-0.6957165079;-2.2290622964;NaN;0.0889800806;0.1566641296;0.0188035111;0.1237626330
31.4100190597;NaN;-1.7654926394;-2.4786767271;-0.6957165079;-2.2290622964;NaN;0.0889800806;0.1566641296;0.0188035111;0.1237626330
31.4200190537;NaN;-1.7654133967;-2.4786767271;-0.7134951684;-2.2112326942;NaN;0.0889781762;0.1566641296;0.0188035111;0.1237626330
31.4300190476;NaN;-1.7477422548;-2.4786767271;-0.6957165079;-2.2112326942;NaN;0.0879803044;0.1566641296;0.0188035111;0.1237626330
31.4400190416;NaN;-1.7476630372;-2.4787332931;-0.6957165079;-2.2112326942;NaN;0.0879803044;0.1566641296;0.0188031943;0.1237626330
31.4500190355;NaN;-1.7476630372;-2.4786767271;-0.6957165079;-2.2112326942;NaN;0.0879803044;0.1566641296;0.0178035629;0.1237626330
31.4600190295;NaN;-1.7476630372;-2.4786767271;-0.6957165079;-2.2112326942;NaN;0.0879803044;0.1566641296;0.0178035629;0.1237626330
31.4700190235;NaN;-1.7476630372;-2.4786767271;-0.6957165079;-2.2112326942;NaN;0.0879803044;0.1566641296;0.0178035629;0.1237626330
31.4800190174;NaN;-1.7476630372;-2.4787332214;-0.6957165079;-2.2290114515;NaN;0.0879803044;0.1566641296;0.0178035629;0.1237626330
31.4900190114;NaN;-1.7476630372;-2.4787332035;-0.6957165079;-2.1934539208;NaN;0.0879784043;0.1566641296;0.0178035629;0.1237623166
31.5000190054;NaN;-1.7476630372;-2.4786767271;-0.6957165079;-2.2112326942;NaN;0.0869805282;0.1566641296;0.0178035629;0.1227622293
31.5100189994;NaN;-1.7298334350;-2.4964498886;-0.6957165079;-2.2112326942;NaN;0.0869805282;0.1566641296;0.0178032469;0.1227622293
31.5200189934;NaN;-1.7299124269;-2.4787331499;-0.6956657274;-2.2112326942;NaN;0.0869805282;0.1566641296;0.0168036183;0.1227622293
31.5300189873;NaN;-1.7475840703;-2.4964499244;-0.6778869057;-2.2112326942;NaN;0.0869805282;0.1566641296;0.0168036183;0.1227622293
31.5400189813;NaN;-1.7475840953;-2.4964499422;-0.6956657595;-2.2111819458;NaN;0.0869805282;0.1566641296;0.0168036183;0.1227622293
31.5500189753;NaN;-1.7475841202;-2.4786767271;-0.6779376380;-2.2111819619;NaN;0.0869805282;0.1566641296;0.0168036183;0.1227619135
31.5600189693;NaN;-1.7298334350;-2.4786767271;-0.6778869057;-2.1934030920;NaN;0.0869805282;0.1566641296;0.0168036183;0.1217618285
31.5700189633;NaN;-1.7298334350;-2.4787330608;-0.6778869057;-2.1934030920;NaN;0.0869805282;0.1566641296;0.0168036183;0.1217618285
31.5800189573;NaN;-1.7298334350;-2.4787330430;-0.6778869057;-2.1934030920;NaN;0.0869805282;0.1566641296;0.0168033030;0.1217618285
31.5900189514;NaN;-1.7298334350;-2.4786767271;-0.6778869057;-2.1934537603;NaN;0.0869805282;0.1566641296;0.0158036772;0.1217618285
31.6000189454;NaN;-1.7298334350;-2.4964500490;-0.6778869057;-2.2111820419;NaN;0.0869805282;0.1566641296;0.0158036772;0.1217618285
31.6100189394;NaN;-1.7298334350;-2.4786767271;-0.6778362694;-2.1934030920;NaN;0.0869805282;0.1566641296;0.0158036772;0.1217618285
31.6200189334;NaN;-1.7298334350;-2.4965063293;-0.6778869057;-2.1934030920;NaN;0.0869805282;0.1566641296;0.0158036772;0.1217618285
31.6300189274;NaN;-1.7298334350;-2.4964501022;-0.6778363013;-2.1934030920;NaN;0.0869786365;0.1566641296;0.0158036772;0.1217618285
31.6400189215;NaN;-1.7120825259;-2.4786767271;-0.6601078919;-2.1934030920;NaN;0.0859807520;0.1566641296;0.0158033624;0.1217618285
31.6500189155;NaN;-1.7298334350;-2.4786767271;-0.6601078760;-2.1933525196;NaN;0.0859807520;0.1566641296;0.0148037391;0.1217618285
31.6600189095;NaN;-1.7120038328;-2.4964501554;-0.6600573035;-2.1934030920;NaN;0.0859807520;0.1566641296;0.0148037391;0.1217618285
31.6700189036;NaN;-1.7120038328;-2.4786767271;-0.6600573035;-2.1934030920;NaN;0.0859807520;0.1566641296;0.0148037391;0.1217618285
31.6800188976;NaN;-1.7120038328;-2.4964501908;-0.6600573035;-2.1933525673;NaN;0.0859807520;0.1566641296;0.0148037391;0.1217618285
31.6900188917;NaN;-1.7120038328;-2.4786767271;-0.6600067947;-2.1934030920;NaN;0.0859807520;0.1566641296;0.0148037391;0.1217618285
31.7000188857;NaN;-1.7120038328;-2.4964502261;-0.6600573035;-2.1933525991;NaN;0.0859788645;0.1566641296;0.0148037391;0.1217618285
31.7100188798;NaN;-1.7120038328;-2.4964502437;-0.6600573035;-2.1755734898;NaN;0.0849809758;0.1566641296;0.0148037391;0.1217618285
31.7200188739;NaN;-1.6942527258;-2.4786767271;-0.6600573035;-2.1933526309;NaN;0.0849809758;0.1566641296;0.0148037391;0.1217618285
31.7300188679;NaN;-1.7119253624;-2.4786767271;-0.6600573035;-2.1755734898;NaN;0.0849809758;0.1566641296;0.0148037391;0.1217618285
31.7400188620;NaN;-1.6941742306;-2.4964502966;-0.6600573035;-2.1755734898;NaN;0.0849809758;0.1566641296;0.0148037391;0.1217618285
31.7500188561;NaN;-1.6942526518;-2.4786767271;-0.6600573035;-2.1755734898;NaN;0.0849809758;0.1566641296;0.0148037391;0.1217618285
31.7600188501;NaN;-1.6942526271;-2.4786767271;-0.6600069057;-2.1755734898;NaN;0.0849809758;0.1566641296;0.0148037391;0.1217618285
31.7700188442;NaN;-1.6942526025;-2.4786767271;-0.6600069216;-2.1755734898;NaN;0.0849809758;0.1566641296;0.0148034256;0.1217618285
31.7800188383;NaN;-1.7119254856;-2.4786767271;-0.6600069374;-2.1755734898;NaN;0.0849809758;0.1566641296;0.0138038074;0.1217618285
31.7900188324;NaN;-1.6941742306;-2.4786767271;-0.6422277013;-2.1755734898;NaN;0.0849790936;0.1566641296;0.0138038074;0.1217618285
31.8000188265;NaN;-1.7119255347;-2.4786767271;-0.6422277013;-2.1755734898;NaN;0.0839811996;0.1566641296;0.0138038074;0.1217618285
31.8100188206;NaN;-1.6941742306;-2.4786767271;-0.6422277013;-2.1933527733;NaN;0.0839811996;0.1566641296;0.0138038074;0.1217618285
31.8200188147;NaN;-1.6941742306;-2.4786767271;-0.6422277013;-2.1934030920;NaN;0.0839811996;0.1566641296;0.0138038074;0.1217618285
31.8300188088;NaN;-1.6941742306;-2.4965063293;-0.6422277013;-2.1755734898;NaN;0.0839811996;0.1566641296;0.0138038074;0.1217618285
31.8400188029;NaN;-1.6940960306;-2.4786767271;-0.6421774299;-2.1755734898;NaN;0.0839811996;0.1566641296;0.0138034946;0.1217618285
31.8500187970;NaN;-1.6941742306;-2.4787325668;-0.6422277013;-2.1755734898;NaN;0.0839811996;0.1566641296;0.0128038792;0.1217618285
31.8600187911;NaN;-1.6941742306;-2.4787325493;-0.6243980991;-2.1755734898;NaN;0.0839811996;0.1566641296;0.0128038792;0.1217618285
31.8700187852;NaN;-1.6941742306;-2.4964505246;-0.6244483233;-2.1755734898;NaN;0.0839793221;0.1566641296;0.0128038792;0.1217618285
31.8800187793;NaN;-1.6763446285;-2.4965063293;-0.6422277013;-2.1755734898;NaN;0.0829814235;0.1566641296;0.0128038792;0.1217618285
31.8900187735;NaN;-1.6585931040;-2.4787324969;-0.6243980991;-2.1755734898;NaN;0.0829814235;0.1566641296;0.0128038792;0.1217618285
31.9000187676;NaN;-1.6763446285;-2.4964505769;-0.6243980991;-2.1755734898;NaN;0.0829814235;0.1566641296;0.0128038792;0.1217618285
31.9100187617;NaN;-1.6763446285;-2.4786767271;-0.6243980991;-2.1755734898;NaN;0.0829814235;0.1566641296;0.0128038792;0.1217618285
31.9200187559;NaN;-1.6763446285;-2.4964506118;-0.6243980991;-2.1755734898;NaN;0.0829814235;0.1566641296;0.0128038792;0.1217618285
31.9300187500;NaN;-1.6763446285;-2.4786767271;-0.6421775712;-2.1755734898;NaN;0.0829814235;0.1566641296;0.0128035673;0.1217618285
31.9400187441;NaN;-1.6763446285;-2.4786767271;-0.6243980991;-2.1755734898;NaN;0.0829814235;0.1566641296;0.0118039554;0.1217618285
31.9500187383;NaN;-1.6762666970;-2.4787323924;-0.6421275037;-2.1755734898;NaN;0.0829814235;0.1566641296;0.0118039554;0.1217618285
31.9600187324;NaN;-1.6763446285;-2.4786767271;-0.6243980991;-2.1755734898;NaN;0.0829814235;0.1566641296;0.0118039554;0.1217618285
31.9700187266;NaN;-1.6762667456;-2.4786767271;-0.6243480316;-2.1755734898;NaN;0.0829814235;0.1566641296;0.0118039554;0.1217618285
31.9800187207;NaN;-1.6762667699;-2.4786767271;-0.6243480472;-2.1755734898;NaN;0.0829814235;0.1566641296;0.0118039554;0.1217618285
31.9900187149;NaN;-1.6763446285;-2.4964507334;-0.6066185332;-2.1755734898;NaN;0.0829814235;0.1566641296;0.0118039554;0.1217615171
32.0000187091;NaN;-1.6585150263;-2.4786767271;-0.6243980991;-2.1755734898;NaN;0.0829795536;0.1566641296;0.0118039554;0.1207614495
32.0100187032;NaN;-1.6585150263;-2.4786767271;-0.6243480940;-2.1755734898;NaN;0.0819816473;0.1566641296;0.0118039554;0.1207614495
32.0200186974;NaN;-1.6585150263;-2.4786767271;-0.6243481096;-2.1755734898;NaN;0.0819816473;0.1566641296;0.0118039554;0.1207614495
32.0300186916;NaN;-1.6585150263;-2.4786212005;-0.6065684969;-2.1755734898;NaN;0.0819816473;0.1566641296;0.0118036444;0.1207614495
32.0400186858;NaN;-1.6585150263;-2.4786212178;-0.6066184553;-2.1755734898;NaN;0.0819816473;0.1566641296;0.0108040364;0.1207614495
32.0500186800;NaN;-1.6585150263;-2.4786767271;-0.5888387805;-2.1755235470;NaN;0.0819816473;0.1566641296;0.0108040364;0.1207614495
32.0600186741;NaN;-1.6585150263;-2.4787322019;-0.6065684969;-2.1755235625;NaN;0.0819816473;0.1566641296;0.0108040364;0.1207614495
32.0700186683;NaN;-1.6585150263;-2.4786767271;-0.6065684969;-2.1577937994;NaN;0.0819816473;0.1566641296;0.0108040364;0.1207614495
32.0800186625;NaN;-1.6585150263;-2.4786212868;-0.6065684969;-2.1755734898;NaN;0.0819797820;0.1566641296;0.0108040364;0.1207614495
32.0900186567;NaN;-1.6585150263;-2.4786767271;-0.6065684969;-2.1755734898;NaN;0.0809818711;0.1566641296;0.0108040364;0.1207614495
32.1000186509;NaN;-1.6407629923;-2.4786767271;-0.5887887600;-2.1577937529;NaN;0.0809818711;0.1566641296;0.0108040364;0.1207614495
32.1100186451;NaN;-1.6584374822;-2.4609025136;-0.6065186471;-2.1755734898;NaN;0.0809818711;0.1566641296;0.0108040364;0.1207614495
32.1200186393;NaN;-1.6585150263;-2.4786767271;-0.6065684969;-2.1755236555;NaN;0.0809818711;0.1566641296;0.0108040364;0.1207614495
32.1300186335;NaN;-1.6406854241;-2.4786767271;-0.6065186781;-2.1577438876;NaN;0.0809818711;0.1566641296;0.0108040364;0.1207614495
32.1400186278;NaN;-1.6406854241;-2.4609024620;-0.5887886981;-2.1577438876;NaN;0.0809818711;0.1566641296;0.0108040364;0.1207614495
32.1500186220;NaN;-1.6229332697;-2.4786767271;-0.5887886826;-2.1755237019;NaN;0.0809818711;0.1566641296;0.0108040364;0.1207614495
32.1600186162;NaN;-1.6406854241;-2.4609024277;-0.5887388947;-2.1577438876;NaN;0.0809818711;0.1566641296;0.0108040364;0.1207611397
32.1700186104;NaN;-1.6406854241;-2.4786767271;-0.5887388947;-2.1577438876;NaN;0.0809818711;0.1566641296;0.0108037268;0.1197610788
32.1800186047;NaN;-1.6406854241;-2.4786767271;-0.5887388947;-2.1577438876;NaN;0.0809818711;0.1566641296;0.0098041242;0.1197610788
32.1900185989;NaN;-1.6406854241;-2.4786214758;-0.5887388947;-2.1577438876;NaN;0.0809800122;0.1566641296;0.0098041242;0.1197610788
32.2000185931;NaN;-1.6406854241;-2.4786767271;-0.5887388947;-2.1755237791;NaN;0.0799820949;0.1566641296;0.0098041242;0.1197610788
32.2100185874;NaN;-1.6406854241;-2.4786767271;-0.5887388947;-2.1577438876;NaN;0.0799820949;0.1566641296;0.0098041242;0.1197610788
32.2200185816;NaN;-1.6228558219;-2.4608471249;-0.5709589725;-2.1577438876;NaN;0.0799820949;0.1566641296;0.0098041242;0.1197610788
32.2300185759;NaN;-1.6229330780;-2.4608471249;-0.5887388947;-2.1577438876;NaN;0.0799820949;0.1566641296;0.0098041242;0.1197610788
32.2400185701;NaN;-1.6228558219;-2.4608471249;-0.5887388947;-2.1577438876;NaN;0.0799820949;0.1566641296;0.0098038153;0.1197607697
32.2500185644;NaN;-1.6406082158;-2.4608471249;-0.5887388947;-2.1576942537;NaN;0.0799802395;0.1566641296;0.0088042154;0.1187607119
32.2600185586;NaN;-1.6228558219;-2.4608471249;-0.5887388947;-2.1399142855;NaN;0.0789823187;0.1566641296;0.0088042154;0.1187607119
32.2700185529;NaN;-1.6228558219;-2.4786216124;-0.5887388947;-2.1399638887;NaN;0.0789823187;0.1556631038;0.0088042154;0.1187607119
32.2800185471;NaN;-1.6228558219;-2.4786767271;-0.5886893068;-2.1399638733;NaN;0.0789823187;0.1556631038;0.0088042154;0.1187607119
32.2900185414;NaN;-1.6228558219;-2.4786767271;-0.5887388947;-2.1399142855;NaN;0.0789823187;0.1556631038;0.0088042154;0.1187604033
32.3000185357;NaN;-1.6228558219;-2.4786767271;-0.5886893375;-2.1399142855;NaN;0.0789823187;0.1556631038;0.0088042154;0.1177603473
32.3100185300;NaN;-1.6227787566;-2.4786767271;-0.5709588345;-2.1399142855;NaN;0.0789823187;0.1556631038;0.0088042154;0.1177603473
32.3200185242;NaN;-1.6228558219;-2.4786216975;-0.5886893681;-2.1399142855;NaN;0.0789823187;0.1556631038;0.0088042154;0.1177603473
32.3300185185;NaN;-1.6051032374;-2.4609021376;-0.5709092925;-2.1399142855;NaN;0.0789823187;0.1556631038;0.0088042154;0.1177603473
32.3400185128;NaN;-1.6227788279;-2.4786767271;-0.5709092925;-2.1221341794;NaN;0.0789823187;0.1556631038;0.0088042154;0.1177603473
32.3500185071;NaN;-1.6227788517;-2.4608471249;-0.5709092925;-2.1399142855;NaN;0.0789823187;0.1556631038;0.0088042154;0.1177603473
32.3600185014;NaN;-1.6227788754;-2.4608471249;-0.5709092925;-2.1220846833;NaN;0.0789823187;0.1556631038;0.0088042154;0.1177603473
32.3700184957;NaN;-1.6227788991;-2.4609020698;-0.5709092925;-2.1220846833;NaN;0.0789804701;0.1556631038;0.0088042154;0.1177603473
32.3800184900;NaN;-1.6050262197;-2.4786217992;-0.5709092925;-2.1220846833;NaN;0.0779825425;0.1556631038;0.0088039079;0.1177603473
32.3900184843;NaN;-1.6227789465;-2.4608471249;-0.5709587124;-2.1220846833;NaN;0.0779825425;0.1556631038;0.0078043133;0.1177603473
32.4000184786;NaN;-1.6227789701;-2.4608471249;-0.5709092925;-2.1220846833;NaN;0.0779825425;0.1556631038;0.0078043133;0.1177603473
32.4100184729;NaN;-1.6050262197;-2.4607922477;-0.5886895052;-2.1220846833;NaN;0.0779825425;0.1556631038;0.0078043133;0.1177603473
32.4200184672;NaN;-1.6050262197;-2.4609019852;-0.5709092925;-2.1220846833;NaN;0.0779825425;0.1556631038;0.0078043133;0.1177603473
32.4300184615;NaN;-1.6049494389;-2.4608471249;-0.5709092925;-2.1220846833;NaN;0.0779825425;0.1556631038;0.0078043133;0.1177603473
32.4400184559;NaN;-1.5871966175;-2.4608471249;-0.5709092925;-2.1220846833;NaN;0.0779825425;0.1556631038;0.0078043133;0.1177603473
32.4500184502;NaN;-1.6050262197;-2.4608471249;-0.5709092925;-2.1220846833;NaN;0.0779825425;0.1556631038;0.0078043133;0.1177603473
32.4600184445;NaN;-1.5872733275;-2.4607923320;-0.5708599789;-2.1220846833;NaN;0.0779825425;0.1556631038;0.0078040065;0.1177603473
32.4700184388;NaN;-1.5871966175;-2.4608471249;-0.5708599941;-2.1220846833;NaN;0.0779825425;0.1556631038;0.0068044149;0.1177603473
32.4800184332;NaN;-1.6049495568;-2.4608471249;-0.5530796903;-2.1220846833;NaN;0.0779825425;0.1556631038;0.0068044149;0.1177603473
32.4900184275;NaN;-1.5871966175;-2.4607923825;-0.5708600244;-2.1220846833;NaN;0.0779825425;0.1546620905;0.0068044149;0.1177603473
32.5000184219;NaN;-1.5871966175;-2.4607923993;-0.5530796903;-2.1220846833;NaN;0.0779825425;0.1546620905;0.0068044149;0.1177603473
32.5100184162;NaN;-1.5871966175;-2.4430175227;-0.5530796903;-2.1220846833;NaN;0.0779825425;0.1546620905;0.0068044149;0.1177603473
32.5200184106;NaN;-1.5871966175;-2.4607924329;-0.5530796903;-2.1220846833;NaN;0.0779807024;0.1546620905;0.0068044149;0.1177603473
32.5300184049;NaN;-1.5871966175;-2.4430175227;-0.5530796903;-2.1220846833;NaN;0.0769827663;0.1546620905;0.0068044149;0.1177603473
32.5400183993;NaN;-1.5871966175;-2.4430175227;-0.5530796903;-2.1220846833;NaN;0.0769827663;0.1546620905;0.0068044149;0.1177603473
32.5500183936;NaN;-1.5871966175;-2.4430721645;-0.5708109374;-2.1220846833;NaN;0.0769827663;0.1546620905;0.0068044149;0.1177600412
32.5600183880;NaN;-1.5871966175;-2.4430175227;-0.5530796903;-2.1220846833;NaN;0.0769827663;0.1546620905;0.0068044149;0.1167599951
32.5700183824;NaN;-1.5871966175;-2.4607925166;-0.5530796903;-2.1220846833;NaN;0.0769827663;0.1546620905;0.0068044149;0.1167599951
32.5800183767;NaN;-1.5871966175;-2.4430175227;-0.5530796903;-2.1043042135;NaN;0.0769827663;0.1536610824;0.0068044149;0.1167599951
32.5900183711;NaN;-1.5871966175;-2.4430175227;-0.5530305730;-2.1220846833;NaN;0.0769827663;0.1536610824;0.0068044149;0.1167599951
32.6000183655;NaN;-1.5871966175;-2.4430175227;-0.5530796903;-2.1220846833;NaN;0.0769827663;0.1536610824;0.0068044149;0.1167599951
32.6100183599;NaN;-1.5871966175;-2.4430175227;-0.5530796903;-2.1220846833;NaN;0.0769827663;0.1536610824;0.0068044149;0.1167599951
32.6200183542;NaN;-1.5871966175;-2.4430175227;-0.5530796903;-2.1220846833;NaN;0.0769827663;0.1536610824;0.0068044149;0.1167599951
32.6300183486;NaN;-1.5694433267;-2.4430175227;-0.5530796903;-2.1220846833;NaN;0.0769827663;0.1536610824;0.0068044149;0.1167599951
32.6400183430;NaN;-1.5694433033;-2.4430175227;-0.5352500881;-2.1220846833;NaN;0.0769827663;0.1536610824;0.0068044149;0.1167599951
32.6500183374;NaN;-1.5871966175;-2.4430175227;-0.5352500881;-2.1043041084;NaN;0.0769809336;0.1536610824;0.0068044149;0.1167599951
32.6600183318;NaN;-1.5871966175;-2.4429630646;-0.5352500881;-2.1220846833;NaN;0.0759829902;0.1536610824;0.0068044149;0.1167599951
32.6700183262;NaN;-1.5693670153;-2.4252423621;-0.5352500881;-2.1042550811;NaN;0.0759829902;0.1536610824;0.0068044149;0.1167599951
32.6800183206;NaN;-1.5694432102;-2.4430175227;-0.5352500881;-2.1220846833;NaN;0.0759829902;0.1536610824;0.0068041102;0.1167599951
32.6900183150;NaN;-1.5693670153;-2.4251879205;-0.5174694534;-2.1220846833;NaN;0.0759829902;0.1536610824;0.0058045269;0.1167599951
32.7000183094;NaN;-1.5693670153;-2.4429631310;-0.5352011356;-2.1042550811;NaN;0.0759829902;0.1536610824;0.0058045269;0.1167599951
32.7100183038;NaN;-1.5693670153;-2.4251879205;-0.5352500881;-2.1220846833;NaN;0.0759829902;0.1536610824;0.0058045269;0.1167599951
32.7200182983;NaN;-1.5693670153;-2.4251879205;-0.5352011655;-2.1042550811;NaN;0.0759811613;0.1536610824;0.0058045269;0.1167599951
32.7300182927;NaN;-1.5693670153;-2.4251879205;-0.5352500881;-2.1043039888;NaN;0.0749832140;0.1536610824;0.0058045269;0.1167599951
32.7400182871;NaN;-1.5692909597;-2.4430175227;-0.5174693788;-2.1220846833;NaN;0.0749832140;0.1536610824;0.0058045269;0.1167599951
32.7500182815;NaN;-1.5515374131;-2.4429632139;-0.5174693639;-2.1220846833;NaN;0.0749832140;0.1536610824;0.0058045269;0.1167599951
32.7600182760;NaN;-1.5516134224;-2.4430175227;-0.5352500881;-2.1220846833;NaN;0.0749832140;0.1536610824;0.0058042229;0.1167599951
32.7700182704;NaN;-1.5516133992;-2.4429632469;-0.5174693342;-2.1220358350;NaN;0.0749832140;0.1536610824;0.0048046427;0.1167599951
32.7800182648;NaN;-1.5516133761;-2.4252421798;-0.5352012548;-2.1220358499;NaN;0.0749832140;0.1536610824;0.0048046427;0.1167599951
32.7900182593;NaN;-1.5515374131;-2.4251879205;-0.5352500881;-2.1042550811;NaN;0.0749832140;0.1536610824;0.0048046427;0.1167599951
32.8000182537;NaN;-1.5515374131;-2.4251879205;-0.5174204860;-2.1042550811;NaN;0.0749832140;0.1536610824;0.0048046427;0.1167599951
32.8100182482;NaN;-1.5515374131;-2.4251879205;-0.5174692748;-2.1220846833;NaN;0.0749832140;0.1536610824;0.0048046427;0.1167599951
32.8200182426;NaN;-1.5515374131;-2.4251879205;-0.5174204860;-2.1220846833;NaN;0.0749832140;0.1536610824;0.0048046427;0.1167599951
32.8300182371;NaN;-1.5515374131;-2.4251879205;-0.5174204860;-2.1043038402;NaN;0.0749832140;0.1536610824;0.0048046427;0.1167599951
32.8400182315;NaN;-1.5515374131;-2.4430175227;-0.5174204860;-2.1042550811;NaN;0.0749813918;0.1536610824;0.0048046427;0.1167599951
32.8500182260;NaN;-1.5515374131;-2.4429633788;-0.5174204860;-2.1220359537;NaN;0.0739834378;0.1536610824;0.0048046427;0.1167599951
32.8600182205;NaN;-1.5515374131;-2.4252420480;-0.5174204860;-2.1042550811;NaN;0.0739834378;0.1536610824;0.0048046427;0.1167599951
32.8700182149;NaN;-1.5514616576;-2.4251879205;-0.5174204860;-2.1220846833;NaN;0.0739834378;0.1526600904;0.0048046427;0.1167596920
32.8800182094;NaN;-1.5337078109;-2.4251879205;-0.5174691712;-2.1043037663;NaN;0.0739834378;0.1526600904;0.0048046427;0.1157596578
32.8900182039;NaN;-1.5337078109;-2.4429634445;-0.5174204860;-2.1042550811;NaN;0.0739834378;0.1526600904;0.0048046427;0.1157596578
32.9000181984;NaN;-1.5337078109;-2.4251879205;-0.5174204860;-2.1220360276;NaN;0.0739816189;0.1526600904;0.0048046427;0.1157596578
32.9100181928;NaN;-1.5337078109;-2.4252419660;-0.5173718450;-2.1042550811;NaN;0.0729836616;0.1526600904;0.0048046427;0.1157596578
32.9200181873;NaN;-1.5337078109;-2.4251879205;-0.5174204860;-2.1042550811;NaN;0.0729836616;0.1526600904;0.0048046427;0.1157596578
32.9300181818;NaN;-1.5337078109;-2.4429635100;-0.5174204860;-2.1042550811;NaN;0.0729836616;0.1526600904;0.0048046427;0.1157596578
32.9400181763;NaN;-1.5336322160;-2.4251879205;-0.4995908838;-2.1042550811;NaN;0.0729836616;0.1526600904;0.0048046427;0.1157596578
32.9500181708;NaN;-1.5336322389;-2.4251879205;-0.4995908838;-2.1042550811;NaN;0.0729836616;0.1526600904;0.0048046427;0.1157596578
32.9600181653;NaN;-1.5337078109;-2.4251879205;-0.4995908838;-2.1042550811;NaN;0.0729836616;0.1526600904;0.0048046427;0.1157596578
32.9700181598;NaN;-1.5159537350;-2.4251879205;-0.5174204860;-2.1042550811;NaN;0.0729836616;0.1526600904;0.0048046427;0.1157596578
32.9800181543;NaN;-1.5158782087;-2.4251879205;-0.5174204860;-2.1042550811;NaN;0.0729836616;0.1526600904;0.0048043407;0.1157596578
32.9900181488;NaN;-1.5159536893;-2.4251879205;-0.5174204860;-2.1042550811;NaN;0.0729836616;0.1516591051;0.0038047685;0.1157596578
33.0000181433;NaN;-1.5158782087;-2.4251879205;-0.5174204860;-2.1042550811;NaN;0.0729818482;0.1516591051;0.0038047685;0.1157596578
33.0100181378;NaN;-1.5159536437;-2.4251879205;-0.5173719920;-2.1042550811;NaN;0.0719838854;0.1516591051;0.0038047685;0.1157593560
33.0200181324;NaN;-1.5159536209;-2.4073583183;-0.5174204860;-2.1042066018;NaN;0.0719838854;0.1516591051;0.0038047685;0.1147593270
33.0300181269;NaN;-1.5337078109;-2.4251879205;-0.5173720213;-2.1042550811;NaN;0.0719838854;0.1516591051;0.0038047685;0.1147593270
33.0400181214;NaN;-1.5336324442;-2.4251340872;-0.5174204860;-2.1042550811;NaN;0.0719838854;0.1516591051;0.0038047685;0.1147593270
33.0500181159;NaN;-1.5337078109;-2.4251879205;-0.5174204860;-2.0864739143;NaN;0.0719838854;0.1516591051;0.0038047685;0.1147593270
33.0600181105;NaN;-1.5158782087;-2.4251341197;-0.4996393045;-2.1042066603;NaN;0.0719838854;0.1516591051;0.0038047685;0.1147593270
33.0700181050;NaN;-1.5158782087;-2.4251341359;-0.4996392899;-2.0864738850;NaN;0.0719838854;0.1516591051;0.0038047685;0.1147593270
33.0800180995;NaN;-1.5158782087;-2.4251879205;-0.4996392753;-2.1042550811;NaN;0.0719820764;0.1516591051;0.0038047685;0.1147593270
33.0900180941;NaN;-1.5158782087;-2.4251879205;-0.4995908838;-2.0864254789;NaN;0.0709841092;0.1516591051;0.0038047685;0.1147593270
33.1000180886;NaN;-1.4980486065;-2.4251879205;-0.4995908838;-2.1042067187;NaN;0.0709841092;0.1516591051;0.0038047685;0.1147593270
33.1100180832;NaN;-1.5158782087;-2.4251342007;-0.4995908838;-2.1042067332;NaN;0.0709841092;0.1516591051;0.0038047685;0.1147593270
33.1200180777;NaN;-1.5158030237;-2.4251879205;-0.4995908838;-2.0864254789;NaN;0.0709841092;0.1516591051;0.0038044678;0.1147593270
33.1300180723;NaN;-1.4980486065;-2.4073583183;-0.4995908838;-2.0864254789;NaN;0.0709841092;0.1516591051;0.0028049008;0.1147593270
33.1400180668;NaN;-1.4980486065;-2.4073583183;-0.4817612816;-2.0864254789;NaN;0.0709841092;0.1516591051;0.0028049008;0.1147593270
33.1500180614;NaN;-1.4981237237;-2.4074119735;-0.4995908838;-2.0864737685;NaN;0.0709841092;0.1516591051;0.0028049008;0.1147593270
33.1600180560;NaN;-1.4980486065;-2.4074119573;-0.4995908838;-2.1042550811;NaN;0.0709841092;0.1516591051;0.0028049008;0.1147593270
33.1700180505;NaN;-1.4980486065;-2.4073583183;-0.4817612816;-2.1042550811;NaN;0.0709841092;0.1516591051;0.0028049008;0.1147593270
33.1800180451;NaN;-1.4980486065;-2.4073583183;-0.4995908838;-2.1042068350;NaN;0.0709841092;0.1516591051;0.0028049008;0.1147593270
33.1900180397;NaN;-1.4980486065;-2.4073583183;-0.4995908838;-2.0864254789;NaN;0.0709841092;0.1516591051;0.0028049008;0.1147593270
33.2000180343;NaN;-1.4980486065;-2.4073583183;-0.4818094986;-2.0864736959;NaN;0.0709841092;0.1516591051;0.0028049008;0.1147593270
33.2100180288;NaN;-1.4980486065;-2.4251879205;-0.4818094842;-2.0864736815;NaN;0.0709841092;0.1516591051;0.0028049008;0.1147593270
33.2200180234;NaN;-1.4980486065;-2.4251879205;-0.4995426956;-2.0864254789;NaN;0.0709841092;0.1516591051;0.0028049008;0.1147593270
33.2300180180;NaN;-1.4980486065;-2.4251879205;-0.4817612816;-2.1042069074;NaN;0.0709841092;0.1516591051;0.0028049008;0.1147593270
33.2400180126;NaN;-1.4802939186;-2.4074118285;-0.4995427246;-2.0864254789;NaN;0.0709841092;0.1516591051;0.0028049008;0.1147593270
33.2500180072;NaN;-1.4802938962;-2.4251344264;-0.4817612816;-2.1042550811;NaN;0.0709841092;0.1516591051;0.0028049008;0.1147593270
33.2600180018;NaN;-1.4802938737;-2.4074117964;-0.4817612816;-2.0864254789;NaN;0.0709841092;0.1516591051;0.0028049008;0.1147593270
33.2700179964;NaN;-1.4980486065;-2.4073583183;-0.4817612816;-2.1042069652;NaN;0.0709841092;0.1516591051;0.0028049008;0.1147593270
33.2800179910;NaN;-1.4980486065;-2.4073583183;-0.4817612816;-2.1042069796;NaN;0.0709841092;0.1516591051;0.0028049008;0.1147593270
33.2900179856;NaN;-1.4980486065;-2.4251344905;-0.4817612816;-2.0864254789;NaN;0.0709841092;0.1516591051;0.0028049008;0.1147593270
33.3000179802;NaN;-1.4980486065;-2.4073583183;-0.4817612816;-2.0864254789;NaN;0.0709841092;0.1516591051;0.0028049008;0.1147593270
33.3100179748;NaN;-1.4980486065;-2.4073583183;-0.4817612816;-2.1042070228;NaN;0.0709841092;0.1516591051;0.0028049008;0.1147593270
33.3200179695;NaN;-1.4980486065;-2.4073583183;-0.4817612816;-2.0864254789;NaN;0.0709841092;0.1516591051;0.0028049008;0.1147593270
33.3300179641;NaN;-1.4980486065;-2.4073583183;-0.4817612816;-2.0864254789;NaN;0.0709841092;0.1516591051;0.0028049008;0.1147593270
33.3400179587;NaN;-1.4980486065;-2.4073583183;-0.4817132665;-2.0864254789;NaN;0.0709841092;0.1516591051;0.0028049008;0.1147590281
33.3500179533;NaN;-1.4979739387;-2.4073583183;-0.4817612816;-2.0864254789;NaN;0.0709841092;0.1516591051;0.0028049008;0.1137590111
33.3600179480;NaN;-1.4980486065;-2.4073050001;-0.4639316794;-2.0864734652;NaN;0.0709841092;0.1516591051;0.0028049008;0.1137590111
33.3700179426;NaN;-1.4980486065;-2.4073583183;-0.4639316794;-2.0864254789;NaN;0.0709841092;0.1516591051;0.0028049008;0.1137590111
33.3800179372;NaN;-1.4979740057;-2.4073583183;-0.4639316794;-2.0864254789;NaN;0.0709841092;0.1516591051;0.0028049008;0.1137590111
33.3900179319;NaN;-1.4980486065;-2.4073583183;-0.4639316794;-2.0864254789;NaN;0.0709841092;0.1516591051;0.0028049008;0.1137590111
33.4000179265;NaN;-1.4802935606;-2.4073583183;-0.4639316794;-2.0864254789;NaN;0.0709841092;0.1516591051;0.0028046026;0.1137590111
33.4100179211;NaN;-1.4802190043;-2.4073583183;-0.4639316794;-2.0864254789;NaN;0.0709841092;0.1506581426;0.0018050456;0.1137590111
33.4200179158;NaN;-1.4980486065;-2.4073583183;-0.4639316794;-2.0864254789;NaN;0.0709841092;0.1506581426;0.0018050456;0.1137590111
33.4300179104;NaN;-1.4802934939;-2.4073583183;-0.4638837932;-2.0686437628;NaN;0.0709841092;0.1506581426;0.0018050456;0.1137590111
33.4400179051;NaN;-1.4979741392;-2.4073583183;-0.4461020772;-2.0864254789;NaN;0.0709841092;0.1506581426;0.0018050456;0.1137590111
33.4500178998;NaN;-1.4802190043;-2.4073583183;-0.4461020772;-2.0864254789;NaN;0.0709841092;0.1506581426;0.0018050456;0.1137590111
33.4600178944;NaN;-1.4802190043;-2.3895287161;-0.4461020772;-2.0863776356;NaN;0.0709841092;0.1506581426;0.0018050456;0.1137590111
33.4700178891;NaN;-1.4979742058;-2.3895818595;-0.4461020772;-2.0864254789;NaN;0.0709823212;0.1506581426;0.0018050456;0.1137590111
33.4800178838;NaN;-1.4979742280;-2.4073583183;-0.4460542624;-2.0686436915;NaN;0.0699843330;0.1506581426;0.0018050456;0.1137590111
33.4900178784;NaN;-1.4802190043;-2.3895287161;-0.4282246745;-2.0864254789;NaN;0.0699843330;0.1506581426;0.0018050456;0.1137590111
33.5000178731;NaN;-1.4802190043;-2.4073583183;-0.4281769024;-2.0686436630;NaN;0.0699843330;0.1506581426;0.0018050456;0.1137590111
33.5100178678;NaN;-1.4802190043;-2.3895817962;-0.4104428728;-2.0864254789;NaN;0.0699843330;0.1506581426;0.0018050456;0.1137590111
33.5200178625;NaN;-1.4802190043;-2.4073052540;-0.3926132706;-2.0864254789;NaN;0.0699843330;0.1506581426;0.0018050456;0.1137590111
33.5300178571;NaN;-1.4979743386;-2.4073583183;-0.3747836684;-2.0863777352;NaN;0.0699843330;0.1506581426;0.0018047486;0.1137590111
33.5400178518;NaN;-1.4802190043;-2.3895817489;-0.3569540662;-2.0863777494;NaN;0.0699825488;0.1506581426;0.0008051963;0.1137590111
33.5500178465;NaN;-1.4624636259;-2.4073053014;-0.3569540662;-2.0685958767;NaN;0.0689845568;0.1506581426;0.0008051963;0.1137590111
33.5600178412;NaN;-1.4801448027;-2.4073583183;-0.3390767630;-2.0685958767;NaN;0.0689845568;0.1506581426;0.0008051963;0.1137590111
33.5700178359;NaN;-1.4801448247;-2.3895287161;-0.3212471749;-2.0863777920;NaN;0.0689845568;0.1506581426;0.0008051963;0.1137590111
33.5800178306;NaN;-1.4623894021;-2.3895287161;-0.2855403120;-2.0686435494;NaN;0.0689845568;0.1506581426;0.0008051963;0.1137590111
33.5900178253;NaN;-1.4801448688;-2.4073583183;-0.2499287945;-2.0685958767;NaN;0.0689845568;0.1506581426;0.0008051963;0.1137590111
33.6000178200;NaN;-1.4623894021;-2.3895287161;-0.2321468509;-2.0863778345;NaN;0.0689845568;0.1506581426;0.0008051963;0.1137590111
33.6100178147;NaN;-1.4623894021;-2.3895816387;-0.2143172487;-2.0864254789;NaN;0.0689827763;0.1506581426;0.0008051963;0.1137590111
33.6200178094;NaN;-1.4623894021;-2.4073054115;-0.2143172487;-2.0686434928;NaN;0.0679847807;0.1506581426;0.0008051963;0.1137590111
33.6300178042;NaN;-1.4623894021;-2.4073583183;-0.2142696467;-2.0686434787;NaN;0.0679847807;0.1506581426;0.0008051963;0.1137590111
33.6400177989;NaN;-1.4623894021;-2.3895287161;-0.2142696608;-2.0685958767;NaN;0.0679847807;0.1506581426;0.0008051963;0.1137590111
33.6500177936;NaN;-1.4623894021;-2.3895815759;-0.1786104705;-2.0686434505;NaN;0.0679847807;0.1506581426;0.0008051963;0.1137590111
33.6600177883;NaN;-1.4446337817;-2.3895815603;-0.1608284421;-2.0863779192;NaN;0.0679847807;0.1506581426;0.0008051963;0.1137590111
33.6700177830;NaN;-1.4623154423;-2.3895815446;-0.1430463855;-2.0685958767;NaN;0.0679830033;0.1506581426;0.0008051963;0.1137590111
33.6800177778;NaN;-1.4623894021;-2.4073055055;-0.1608284421;-2.0685958767;NaN;0.0669850045;0.1506581426;0.0008051963;0.1137590111
33.6900177725;NaN;-1.4445598000;-2.3895815133;-0.1429988399;-2.0685958767;NaN;0.0669850045;0.1506581426;0.0008051963;0.1137590111
33.7000177672;NaN;-1.4446336941;-2.3895287161;-0.1429988399;-2.0685958767;NaN;0.0669850045;0.1506581426;0.0008051963;0.1137590111
33.7100177620;NaN;-1.4445598000;-2.3895287161;-0.1430463292;-2.0685958767;NaN;0.0669850045;0.1506581426;0.0008051963;0.1137590111
33.7200177567;NaN;-1.4445598000;-2.3895814664;-0.1607809668;-2.0685958767;NaN;0.0669850045;0.1506581426;0.0008051963;0.1137590111
33.7300177515;NaN;-1.4268040263;-2.3895287161;-0.1429988399;-2.0686433379;NaN;0.0669850045;0.1496571972;0.0008051963;0.1137590111
33.7400177462;NaN;-1.4268040045;-2.3895287161;-0.1429988399;-2.0685958767;NaN;0.0669850045;0.1496571972;0.0008051963;0.1137590111
33.7500177410;NaN;-1.4445598000;-2.4073056148;-0.1251692377;-2.0685958767;NaN;0.0669850045;0.1496571972;0.0008051963;0.1137590111
33.7600177357;NaN;-1.4267301978;-2.3895287161;-0.1073870547;-2.0685958767;NaN;0.0669850045;0.1496571972;0.0008051963;0.1137590111
33.7700177305;NaN;-1.4267301978;-2.3895287161;-0.1251692377;-2.0508136796;NaN;0.0669850045;0.1496571972;0.0008051963;0.1137590111
33.7800177253;NaN;-1.4267301978;-2.3895287161;-0.1073396355;-2.0686432678;NaN;0.0669850045;0.1496571972;0.0008051963;0.1137590111
33.7900177200;NaN;-1.4267301978;-2.3895287161;-0.1251692377;-2.0685958767;NaN;0.0669850045;0.1496571972;0.0008051963;0.1137590111
33.8000177148;NaN;-1.4267301978;-2.3895287161;-0.1073396355;-2.0685958767;NaN;0.0669850045;0.1486562553;0.0008051963;0.1137590111
33.8100177096;NaN;-1.4267301978;-2.3716991140;-0.1073396355;-2.0685958767;NaN;0.0669850045;0.1486562553;0.0008051963;0.1137590111
33.8200177043;NaN;-1.4267301978;-2.3716991140;-0.1073396355;-2.0685958767;NaN;0.0659852283;0.1486562553;0.0008051963;0.1137590111
33.8300176991;NaN;-1.4267301978;-2.3716991140;-0.1251219165;-2.0685958767;NaN;0.0659852283;0.1486562553;0.0008051963;0.1137590111
33.8400176939;NaN;-1.4267301978;-2.3716991140;-0.1073869429;-2.0508135818;NaN;0.0659852283;0.1486562553;0.0008051963;0.1137587166
33.8500176887;NaN;-1.4267301978;-2.3716991140;-0.1073396355;-2.0685958767;NaN;0.0659852283;0.1486562553;0.0008051963;0.1127587173
33.8600176835;NaN;-1.4267301978;-2.3716991140;-0.1073396355;-2.0508135539;NaN;0.0659852283;0.1486562553;0.0008051963;0.1127587173
33.8700176783;NaN;-1.4267301978;-2.3716991140;-0.1073869010;-2.0685958767;NaN;0.0659852283;0.1486562553;0.0008051963;0.1127587173
33.8800176730;NaN;-1.4089740981;-2.3716991140;-0.1251692377;-2.0685958767;NaN;0.0659852283;0.1486562553;0.0008051963;0.1127587173
33.8900176678;NaN;-1.4089740764;-2.3716991140;-0.1073868732;-2.0507662745;NaN;0.0659852283;0.1486562553;0.0008051963;0.1127587173
33.9000176626;NaN;-1.4089740548;-2.3716991140;-0.1251692377;-2.0685486529;NaN;0.0659852283;0.1486562553;0.0008051963;0.1127587173
33.9100176574;NaN;-1.4267301978;-2.3716991140;-0.1251692377;-2.0507662745;NaN;0.0659834635;0.1486562553;0.0008051963;0.1127587173
33.9200176523;NaN;-1.4266567818;-2.3538695118;-0.1251692377;-2.0507662745;NaN;0.0649854521;0.1486562553;0.0008051963;0.1127587173
33.9300176471;NaN;-1.4089005956;-2.3539219363;-0.1252164199;-2.0507662745;NaN;0.0649854521;0.1486562553;0.0008051963;0.1127587173
33.9400176419;NaN;-1.4089739684;-2.3538695118;-0.1430460082;-2.0507662745;NaN;0.0649854521;0.1486562553;0.0008051963;0.1127587173
33.9500176367;NaN;-1.4089005956;-2.3538695118;-0.1429988399;-2.0685487223;NaN;0.0649854521;0.1486562553;0.0008051963;0.1127587173
33.9600176315;NaN;-1.4089005956;-2.3538695118;-0.1786580443;-2.0507662745;NaN;0.0649854521;0.1486562553;0.0008051963;0.1127584238
33.9700176263;NaN;-1.4089005956;-2.3539218748;-0.1965347732;-2.0507662745;NaN;0.0649854521;0.1486562553;0.0008051963;0.1117584287
33.9800176211;NaN;-1.4088273089;-2.3716991140;-0.2321468509;-2.0507662745;NaN;0.0649854521;0.1486562553;0.0008051963;0.1117584287
33.9900176160;NaN;-1.3911442585;-2.3538695118;-0.2500235521;-2.0507662745;NaN;0.0649836914;0.1486562553;0.0008051963;0.1117584287
34.0000176108;NaN;-1.4088273519;-2.3716991140;-0.2500706235;-2.0685958767;NaN;0.0639856759;0.1486562553;0.0008051963;0.1117584287
34.0100176056;NaN;-1.3910709934;-2.3716468124;-0.2856827289;-2.0507662745;NaN;0.0639856759;0.1486562553;0.0008051963;0.1117584287
34.0200176005;NaN;-1.3910709934;-2.3538695118;-0.3034652596;-2.0507662745;NaN;0.0639856759;0.1486562553;0.0008051963;0.1117584287
34.0300175953;NaN;-1.3910709934;-2.3538695118;-0.3034652596;-2.0507662745;NaN;0.0639856759;0.1486562553;0.0008051963;0.1117584287
34.0400175901;NaN;-1.4089005956;-2.3716468584;-0.3035122897;-2.0507662745;NaN;0.0639856759;0.1486562553;0.0008051963;0.1117584287
34.0500175850;NaN;-1.4088274592;-2.3538695118;-0.3212948618;-2.0507662745;NaN;0.0639839183;0.1486562553;0.0008051963;0.1117584287
34.0600175798;NaN;-1.3910709934;-2.3538695118;-0.3213418643;-2.0507662745;NaN;0.0629858997;0.1486562553;0.0008051963;0.1117584287
34.0700175747;NaN;-1.3910709934;-2.3716469043;-0.3391244640;-2.0507192858;NaN;0.0629858997;0.1486562553;0.0008051963;0.1117584287
34.0800175695;NaN;-1.3733144633;-2.3538695118;-0.3212948618;-2.0329836472;NaN;0.0629858997;0.1486562553;0.0008051963;0.1117584287
34.0900175644;NaN;-1.3909979426;-2.3716469348;-0.3212948618;-2.0507662745;NaN;0.0629858997;0.1486562553;0.0008051963;0.1117584287
34.1000175593;NaN;-1.3910709934;-2.3716469501;-0.3212479144;-2.0507662745;NaN;0.0629858997;0.1486562553;0.0008051963;0.1117584287
34.1100175541;NaN;-1.3909979854;-2.3716469654;-0.2676652541;-2.0329366723;NaN;0.0629858997;0.1486562553;0.0008051963;0.1117584287
34.1200175490;NaN;-1.3732413912;-2.3538695118;-0.1785642043;-2.0329835923;NaN;0.0629858997;0.1486562553;0.0008051963;0.1117584287
34.1300175439;NaN;-1.3732413912;-2.3538695118;-0.1251692377;-2.0329366723;NaN;0.0629858997;0.1486562553;0.0008051963;0.1117584287
34.1400175387;NaN;-1.3733143352;-2.3538695118;-0.1251692377;-2.0329366723;NaN;0.0629858997;0.1486562553;0.0008051963;0.1117584287
34.1500175336;NaN;-1.3732413912;-2.3538695118;-0.1073865144;-2.0507193956;NaN;0.0629858997;0.1486562553;0.0008051963;0.1117584287
34.1600175285;NaN;-1.3732413912;-2.3538695118;-0.1073396355;-2.0151070701;NaN;0.0629841478;0.1486562553;0.0008051963;0.1117584287
34.1700175234;NaN;-1.3731685111;-2.3538695118;-0.1073396355;-2.0329366723;NaN;0.0619861235;0.1486562553;0.0008051963;0.1117584287
34.1800175182;NaN;-1.3731685323;-2.3539215538;-0.1073396355;-2.0329366723;NaN;0.0619861235;0.1486562553;0.0008049049;0.1117584287
34.1900175131;NaN;-1.3554846266;-2.3538695118;-0.1073396355;-2.0328898481;NaN;0.0619861235;0.1486562553;-0.0001946248;0.1117584287
34.2000175080;NaN;-1.3732413912;-2.3538695118;-0.1072928250;-2.0329366723;NaN;0.0619861235;0.1486562553;-0.0001946248;0.1117584287
34.2100175029;NaN;-1.3554117890;-2.3538695118;-0.0895568302;-2.0329366723;NaN;0.0619861235;0.1486562553;-0.0001946248;0.1117584287
34.2200174978;NaN;-1.3554117890;-2.3539214931;-0.0895568166;-2.0329366723;NaN;0.0619861235;0.1486562553;-0.0001946248;0.1117584287
34.2300174927;NaN;-1.3554845417;-2.3538695118;-0.1073396355;-2.0329366723;NaN;0.0619843752;0.1486562553;-0.0001946248;0.1117584287
34.2400174876;NaN;-1.3554117890;-2.3538695118;-0.1072928796;-2.0151538261;NaN;0.0609863474;0.1486562553;-0.0001946248;0.1117584287
34.2500174825;NaN;-1.3553390787;-2.3538695118;-0.1073396355;-2.0329366723;NaN;0.0609863474;0.1486562553;-0.0001946248;0.1117584287
34.2600174774;NaN;-1.3554117890;-2.3538695118;-0.1073396355;-2.0507195458;NaN;0.0609863474;0.1486562553;-0.0001946248;0.1117584287
34.2700174723;NaN;-1.3554117890;-2.3538695118;-0.1073863506;-2.0329366723;NaN;0.0609863474;0.1486562553;-0.0001946248;0.1117584287
34.2800174672;NaN;-1.3376548336;-2.3538695118;-0.1073863371;-2.0329366723;NaN;0.0609863474;0.1486562553;-0.0001946248;0.1117584287
34.2900174622;NaN;-1.3376548125;-2.3538695118;-0.1251692377;-2.0329366723;NaN;0.0609863474;0.1486562553;-0.0001946248;0.1117584287
34.3000174571;NaN;-1.3375821868;-2.3538695118;-0.1251692377;-2.0328899979;NaN;0.0609846025;0.1486562553;-0.0001946248;0.1117584287
34.3100174520;NaN;-1.3376547702;-2.3538695118;-0.1252158985;-2.0329366723;NaN;0.0599865712;0.1486562553;-0.0001946248;0.1117584287
34.3200174469;NaN;-1.3375821868;-2.3538695118;-0.1430921343;-2.0328900251;NaN;0.0599865712;0.1486562553;-0.0001946248;0.1117584287
34.3300174419;NaN;-1.3376547280;-2.3360917247;-0.2143638823;-2.0329366723;NaN;0.0599865712;0.1486562553;-0.0001946248;0.1117584287
34.3400174368;NaN;-1.3375821868;-2.3538695118;-0.2499298330;-2.0329366723;NaN;0.0599865712;0.1486562553;-0.0001946248;0.1117584287
34.3500174317;NaN;-1.3375821868;-2.3538695118;-0.2141308224;-2.0329366723;NaN;0.0599865712;0.1486562553;-0.0001946248;0.1117584287
34.3600174267;NaN;-1.3198250627;-2.3538695118;-0.1073396355;-2.0329366723;NaN;0.0599848294;0.1486562553;-0.0001946248;0.1117584287
34.3700174216;NaN;-1.3375097298;-2.3538695118;-0.1251226582;-2.0329366723;NaN;0.0589867950;0.1486562553;-0.0001946248;0.1117584287
34.3800174165;NaN;-1.3375097508;-2.3538695118;-0.0895565993;-2.0329366723;NaN;0.0589867950;0.1486562553;-0.0001946248;0.1117584287
34.3900174115;NaN;-1.3197525846;-2.3360916346;-0.0895100333;-2.0329366723;NaN;0.0589867950;0.1486562553;-0.0001946248;0.1117584287
34.4000174064;NaN;-1.3197525846;-2.3538695118;-0.0895100333;-2.0329832113;NaN;0.0589867950;0.1486562553;-0.0001946248;0.1117584287
34.4100174014;NaN;-1.3197525846;-2.3538695118;-0.1072931100;-2.0329366723;NaN;0.0589867950;0.1486562553;-0.0001946248;0.1117584287
34.4200173963;NaN;-1.3375098348;-2.3538695118;-0.0895565453;-2.0507197625;NaN;0.0589867950;0.1486562553;-0.0001946248;0.1117584287
34.4300173913;NaN;-1.3198249157;-2.3538178467;-0.0895100333;-2.0329366723;NaN;0.0589867950;0.1486562553;-0.0001946248;0.1117584287
34.4400173863;NaN;-1.3197525846;-2.3538695118;-0.0895100333;-2.0507197894;NaN;0.0589867950;0.1486562553;-0.0001946248;0.1117584287
34.4500173812;NaN;-1.3019952716;-2.3538695118;-0.0895565049;-2.0507198029;NaN;0.0589867950;0.1486562553;-0.0001946248;0.1117584287
34.4600173762;NaN;-1.3197525846;-2.3538178916;-0.0895100333;-2.0329366723;NaN;0.0589867950;0.1486562553;-0.0001946248;0.1117584287
34.4700173712;NaN;-1.3197525846;-2.3538695118;-0.0895564780;-2.0329366723;NaN;0.0589867950;0.1486562553;-0.0001946248;0.1117584287
34.4800173661;NaN;-1.3197525846;-2.3716475237;-0.1251228065;-2.0329366723;NaN;0.0589867950;0.1486562553;-0.0001946248;0.1117584287
34.4900173611;NaN;-1.3019951879;-2.3538695118;-0.1073396355;-2.0329366723;NaN;0.0589867950;0.1486562553;-0.0001946248;0.1117584287
34.5000173561;NaN;-1.3019951670;-2.3360399096;-0.1073396355;-2.0507198701;NaN;0.0589867950;0.1486562553;-0.0001946248;0.1117584287
34.5100173511;NaN;-1.3019951462;-2.3538695118;-0.0895100333;-2.0507198835;NaN;0.0589867950;0.1486562553;-0.0001946248;0.1117584287
34.5200173461;NaN;-1.3197525846;-2.3538695118;-0.0895100333;-2.0329830499;NaN;0.0589867950;0.1486562553;-0.0001946248;0.1117584287
34.5300173410;NaN;-1.3019229824;-2.3538695118;-0.0896182075;-2.0329366723;NaN;0.0589867950;0.1486562553;-0.0001946248;0.1117584287
34.5400346620;NaN;-1.3019229824;-2.3538695118;-0.0895563841;-2.0507199237;NaN;0.0589850623;0.1486562553;-0.0001946248;0.1117584287
34.5500173310;NaN;-1.3019229824;-2.3538180258;-0.1072932981;-2.0507199371;NaN;0.0579870188;0.1486562553;-0.0001946248;0.1117584287
34.5600173260;NaN;-1.3196805250;-2.3538695118;-0.0895563574;-2.0507662745;NaN;0.0579870188;0.1486562553;-0.0001946248;0.1117584287
34.5700173210;NaN;-1.3196805458;-2.3538695118;-0.0895100333;-2.0507662745;NaN;0.0579870188;0.1486562553;-0.0001946248;0.1117584287
34.5800173160;NaN;-1.3019229824;-2.3538695118;-0.0895100333;-2.0507662745;NaN;0.0579870188;0.1486562553;-0.0001946248;0.1117584287
34.5900173110;NaN;-1.3019229824;-2.3538695118;-0.1072933516;-2.0507662745;NaN;0.0579870188;0.1486562553;-0.0001946248;0.1117584287
34.6000173060;NaN;-1.3019229824;-2.3360913213;-0.0895100333;-2.0507662745;NaN;0.0579870188;0.1486562553;-0.0001946248;0.1117584287
34.6100173010;NaN;-1.3019229824;-2.3538695118;-0.1072933783;-2.0507662745;NaN;0.0579870188;0.1486562553;-0.0001946248;0.1117584287
34.6200172961;NaN;-1.3019229824;-2.3538695118;-0.0895562773;-2.0329829162;NaN;0.0579870188;0.1486562553;-0.0001946248;0.1117584287
34.6300172911;NaN;-1.3019229824;-2.3538695118;-0.0895562639;-2.0507662745;NaN;0.0579870188;0.1486562553;-0.0001946248;0.1117584287
34.6400172861;NaN;-1.3019229824;-2.3538695118;-0.0895100333;-2.0507662745;NaN;0.0579870188;0.1486562553;-0.0001946248;0.1117584287
34.6500172811;NaN;-1.3019229824;-2.3716477762;-0.0895100333;-2.0507662745;NaN;0.0579870188;0.1486562553;-0.0001946248;0.1117584287
34.6600172761;NaN;-1.2841652324;-2.3538695118;-0.0895100333;-2.0507662745;NaN;0.0579870188;0.1476553575;-0.0001946248;0.1117584287
34.6700172712;NaN;-1.3019229824;-2.3538182036;-0.0895100333;-2.0507662745;NaN;0.0579870188;0.1476553575;-0.0001946248;0.1117584287
34.6800172662;NaN;-1.3019229824;-2.3538695118;-0.0895100333;-2.0507662745;NaN;0.0579870188;0.1476553575;-0.0001946248;0.1117584287
34.6900172612;NaN;-1.2840933802;-2.3538182331;-0.0895100333;-2.0507662745;NaN;0.0579870188;0.1476553575;-0.0001946248;0.1117584287
34.7000172563;NaN;-1.3018512129;-2.3360911735;-0.0895100333;-2.0329366723;NaN;0.0579870188;0.1476553575;-0.0001946248;0.1117584287
34.7100172513;NaN;-1.3019229824;-2.3360399096;-0.0895100333;-2.0329827966;NaN;0.0579852946;0.1476553575;-0.0001946248;0.1117584287
34.7200172463;NaN;-1.2841651085;-2.3538182773;-0.0895100333;-2.0507662745;NaN;0.0569872426;0.1476553575;-0.0001946248;0.1117584287
34.7300172414;NaN;-1.3017795671;-2.3360399096;-0.1072935377;-2.0507201767;NaN;0.0569872426;0.1476553575;-0.0001946248;0.1117584287
34.7400172364;NaN;-1.2840933802;-2.3538183067;-0.0895100333;-2.0507662745;NaN;0.0569872426;0.1466544636;-0.0001946248;0.1117584287
34.7500172315;NaN;-1.2840933802;-2.3360399096;-0.0895100333;-2.0507662745;NaN;0.0569872426;0.1466544636;-0.0001946248;0.1117584287
34.7600172265;NaN;-1.2840933802;-2.3360399096;-0.0895100333;-2.0329827304;NaN;0.0569872426;0.1466544636;-0.0001946248;0.1117584287
34.7700172216;NaN;-1.2840217548;-2.3360399096;-0.0895100333;-2.0507662745;NaN;0.0569872426;0.1466544636;-0.0001946248;0.1117584287
34.7800172166;NaN;-1.2663353829;-2.3360399096;-0.0895100333;-2.0507662745;NaN;0.0569872426;0.1466544636;-0.0001946248;0.1117584287
34.7900172117;NaN;-1.2840217959;-2.3360399096;-0.0895100333;-2.0507662745;NaN;0.0569855223;0.1466544636;-0.0001946248;0.1117584287
34.8000172068;NaN;-1.2662637780;-2.3360399096;-0.0895100333;-2.0507662745;NaN;0.0559874664;0.1466544636;-0.0001946248;0.1117584287
34.8100172018;NaN;-1.2662637780;-2.3360399096;-0.0895100333;-2.0329826644;NaN;0.0559874664;0.1466544636;-0.0001946248;0.1117584287
34.8200171969;NaN;-1.2840218575;-2.3360399096;-0.0895100333;-2.0507662745;NaN;0.0559874664;0.1466544636;-0.0001946248;0.1117584287
34.8300171920;NaN;-1.2662637780;-2.3360399096;-0.0894640676;-2.0507662745;NaN;0.0559857481;0.1466544636;-0.0001946248;0.1117584287
34.8400171871;NaN;-1.2662637780;-2.3360399096;-0.0894640808;-2.0507662745;NaN;0.0549876902;0.1466544636;-0.0001946248;0.1117584287
34.8500171821;NaN;-1.2662637780;-2.3360399096;-0.1072936961;-2.0507662745;NaN;0.0549876902;0.1466544636;-0.0001946248;0.1117584287
34.8600171772;NaN;-1.2662637780;-2.3360399096;-0.0895100333;-2.0507662745;NaN;0.0549876902;0.1466544636;-0.0001946248;0.1117584287
34.8700171723;NaN;-1.2662637780;-2.3360399096;-0.0895100333;-2.0507662745;NaN;0.0549876902;0.1466544636;-0.0001946248;0.1117584287
34.8800171674;NaN;-1.2662637780;-2.3360399096;-0.0895100333;-2.0507662745;NaN;0.0549876902;0.1466544636;-0.0001946248;0.1117584287
34.8900171625;NaN;-1.2661923984;-2.3360399096;-0.0895100333;-2.0507662745;NaN;0.0549876902;0.1466544636;-0.0001946248;0.1117587143
34.9000171576;NaN;-1.2662637780;-2.3360399096;-0.0895100333;-2.0508121483;NaN;0.0549876902;0.1466544636;-0.0001946248;0.1127586781
34.9100171527;NaN;-1.2485055146;-2.3360399096;-0.0895100333;-2.0508121351;NaN;0.0549876902;0.1466544636;-0.0001946248;0.1127586781
34.9200171478;NaN;-1.2484341758;-2.3360399096;-0.0895100333;-2.0508121220;NaN;0.0549876902;0.1466544636;-0.0001946248;0.1127586781
34.9300171429;NaN;-1.2484341758;-2.3360399096;-0.0895558678;-2.0507662745;NaN;0.0549876902;0.1466544636;-0.0001946248;0.1127586781
34.9400171380;NaN;-1.2484341758;-2.3360399096;-0.0895100333;-2.0507662745;NaN;0.0549859773;0.1466544636;-0.0001946248;0.1127586781
34.9500171331;NaN;-1.2661925207;-2.3360399096;-0.0895100333;-2.0507662745;NaN;0.0539879141;0.1466544636;-0.0001946248;0.1127586781
34.9600171282;NaN;-1.2484341758;-2.3359890260;-0.0895100333;-2.0507662745;NaN;0.0539879141;0.1466544636;-0.0001946248;0.1127586781
34.9700171233;NaN;-1.2306045736;-2.3359890405;-0.1072938534;-2.0507662745;NaN;0.0539879141;0.1466544636;-0.0001946248;0.1127586781
34.9800171184;NaN;-1.2306757700;-2.3360399096;-0.0895100333;-2.0508120436;NaN;0.0539879141;0.1466544636;-0.0001946248;0.1127586781
34.9900171135;NaN;-1.2306757497;-2.3359890695;-0.0895100333;-2.0685958767;NaN;0.0539879141;0.1466544636;-0.0001946248;0.1127586781
35.0000171086;NaN;-1.2306757294;-2.3360399096;-0.0895100333;-2.0685958767;NaN;0.0539879141;0.1456535826;-0.0001946248;0.1127586781
35.0100171038;NaN;-1.2306045736;-2.3182611184;-0.0895100333;-2.0507662745;NaN;0.0539879141;0.1456535826;-0.0001946248;0.1127586781
35.0200170989;NaN;-1.2306045736;-2.3360399096;-0.0895100333;-2.0507662745;NaN;0.0539870597;0.1456535826;-0.0001946248;0.1127586781
35.0300170940;NaN;-1.2306045736;-2.3360399096;-0.0895100333;-2.0685501728;NaN;0.0534872431;0.1456535826;-0.0001946248;0.1127586781
35.0400170891;NaN;-1.2306045736;-2.3359891419;-0.0895100333;-2.0685501858;NaN;0.0529884230;0.1456535826;-0.0001946248;0.1127586781
35.0500170843;NaN;-1.2306045736;-2.3360399096;-0.0895100333;-2.0507662745;NaN;0.0529884230;0.1456535826;-0.0001946248;0.1127586781
35.0600170794;NaN;-1.2483631416;-2.3182103074;-0.0895100333;-2.0507662745;NaN;0.0529884230;0.1456535826;-0.0001946248;0.1127586781
35.0700170746;NaN;-1.2306045736;-2.3182103074;-0.0895100333;-2.0507662745;NaN;0.0529884230;0.1456535826;-0.0001946248;0.1127586781
35.0800170697;NaN;-1.2306045736;-2.3182610173;-0.0895100333;-2.0507662745;NaN;0.0529884230;0.1456535826;-0.0001946248;0.1127586781
35.0900170648;NaN;-1.2306045736;-2.3360399096;-0.0895100333;-2.0507206486;NaN;0.0529884230;0.1456535826;-0.0001946248;0.1127586781
35.1000170600;NaN;-1.2306045736;-2.3182103074;-0.0895556463;-2.0507662745;NaN;0.0529884230;0.1456535826;-0.0001946248;0.1127586781
35.1100170551;NaN;-1.2306045736;-2.3182103074;-0.0895100333;-2.0507206745;NaN;0.0529884230;0.1456535826;-0.0001946248;0.1127586781
35.1200170503;NaN;-1.2306045736;-2.3359892573;-0.0895100333;-2.0507662745;NaN;0.0529884230;0.1446527073;-0.0001946248;0.1127586781
35.1300170455;NaN;-1.2306045736;-2.3182103074;-0.0895100333;-2.0507662745;NaN;0.0529884230;0.1446527073;-0.0001946248;0.1127586781
35.1400170406;NaN;-1.2305337007;-2.3182103074;-0.0895100333;-2.0507662745;NaN;0.0529867198;0.1446527073;-0.0001946248;0.1127586781
35.1500170358;NaN;-1.2306045736;-2.3182103074;-0.0895100333;-2.0507662745;NaN;0.0519886468;0.1446527073;-0.0001946248;0.1127586781
35.1600340522;NaN;-1.2128458042;-2.3182103074;-0.0895100333;-2.0507207392;NaN;0.0519886468;0.1446527073;-0.0001946248;0.1127586781
35.1700170261;NaN;-1.2305337610;-2.3182103074;-0.0895100333;-2.0507207521;NaN;0.0519886468;0.1446527073;-0.0001946248;0.1127586781
35.1800170213;NaN;-1.2305337811;-2.3182103074;-0.0895100333;-2.0329366723;NaN;0.0519886468;0.1446527073;-0.0001946248;0.1127583949
35.1900170164;NaN;-1.2127749715;-2.3004312569;-0.0895100333;-2.0329821689;NaN;0.0519886468;0.1446527073;-0.0001946248;0.1117584404
35.2000170116;NaN;-1.2127749715;-2.3182103074;-0.0895100333;-2.0507207908;NaN;0.0519886468;0.1446527073;-0.0001946248;0.1117584404
35.2100170068;NaN;-1.2127749715;-2.3181597843;-0.0895100333;-2.0329366723;NaN;0.0519886468;0.1446527073;-0.0001946248;0.1117584404
35.2200170020;NaN;-1.2127749715;-2.3181597986;-0.0895554913;-2.0329366723;NaN;0.0519869475;0.1446527073;-0.0001946248;0.1117584404
35.2300169972;NaN;-1.2127749715;-2.3003807052;-0.0895100333;-2.0329366723;NaN;0.0509888707;0.1446527073;-0.0001946248;0.1117584404
35.2400169924;NaN;-1.2127749715;-2.3182103074;-0.0895100333;-2.0507208423;NaN;0.0509888707;0.1446527073;-0.0001946248;0.1117584404
35.2500169875;NaN;-1.2127749715;-2.3004311711;-0.0895100333;-2.0329366723;NaN;0.0509888707;0.1446527073;-0.0001946248;0.1117581577
35.2600169827;NaN;-1.1949453693;-2.3003807052;-0.0895100333;-2.0329366723;NaN;0.0509888707;0.1446527073;-0.0001946248;0.1107582056
35.2700169779;NaN;-1.1950159815;-2.2826015403;-0.0895100333;-2.0329366723;NaN;0.0509888707;0.1446527073;-0.0001946248;0.1107582056
35.2800169731;NaN;-1.1949453693;-2.3003807052;-0.0717258119;-2.0328912915;NaN;0.0509888707;0.1446527073;-0.0001946248;0.1107582056
35.2900169683;NaN;-1.1949453693;-2.3003807052;-0.0895100333;-2.0329366723;NaN;0.0509888707;0.1446527073;-0.0001946248;0.1107582056
35.3000169635;NaN;-1.1949453693;-2.3003807052;-0.0894646782;-2.0329366723;NaN;0.0509888707;0.1446527073;-0.0001946248;0.1107582056
35.3100169587;NaN;-1.1949453693;-2.3003807052;-0.0895100333;-2.0329366723;NaN;0.0509888707;0.1446527073;-0.0001946248;0.1107582056
35.3200169539;NaN;-1.1949453693;-2.3003807052;-0.0895100333;-2.0328913428;NaN;0.0509888707;0.1446527073;-0.0001946248;0.1107582056
35.3300169492;NaN;-1.1949453693;-2.3003807052;-0.0717257478;-2.0151523868;NaN;0.0509888707;0.1446527073;-0.0001946248;0.1107582056
35.3400169444;NaN;-1.1949453693;-2.3003807052;-0.0716804311;-2.0329366723;NaN;0.0509888707;0.1446527073;-0.0001946248;0.1107582056
35.3500169396;NaN;-1.1771157671;-2.3003807052;-0.0894647422;-2.0328913812;NaN;0.0509888707;0.1446527073;-0.0001946248;0.1107582056
35.3600169348;NaN;-1.1948749363;-2.3003807052;-0.0895100333;-2.0329366723;NaN;0.0509888707;0.1446527073;-0.0001946248;0.1107582056
35.3700169300;NaN;-1.1948749562;-2.3003807052;-0.0895100333;-2.0151070701;NaN;0.0509871785;0.1446527073;-0.0001946248;0.1107582056
35.3800169252;NaN;-1.1948749760;-2.3003807052;-0.0894647805;-2.0329366723;NaN;0.0499890945;0.1446527073;-0.0001946248;0.1107582056
35.3900169205;NaN;-1.1771861405;-2.3003807052;-0.0895100333;-2.0151070701;NaN;0.0499890945;0.1446527073;-0.0001946248;0.1107582056
35.4000169157;NaN;-1.1771861206;-2.3003807052;-0.0717256584;-2.0151070701;NaN;0.0499890945;0.1446527073;-0.0001946248;0.1107582056
35.4100169109;NaN;-1.1771157671;-2.3003807052;-0.0895100333;-2.0151522847;NaN;0.0499890945;0.1446527073;-0.0001946248;0.1107582056
35.4200169062;NaN;-1.1771157671;-2.3003807052;-0.0894648315;-2.0151070701;NaN;0.0499890945;0.1436518465;-0.0001946248;0.1107582056
35.4300169014;NaN;-1.1771157671;-2.3003807052;-0.0895100333;-2.0151070701;NaN;0.0499890945;0.1436518465;-0.0001946248;0.1107582056
35.4400168966;NaN;-1.1771157671;-2.3003807052;-0.0894648570;-2.0151070701;NaN;0.0499874057;0.1436518465;-0.0001946248;0.1107582056
35.4500168919;NaN;-1.1771157671;-2.3003807052;-0.0717255948;-2.0151070701;NaN;0.0489893183;0.1436518465;-0.0001946248;0.1107582056
35.4600168871;NaN;-1.1771157671;-2.3003807052;-0.0895100333;-2.0151070701;NaN;0.0489893183;0.1436518465;-0.0001946248;0.1107582056
35.4700168824;NaN;-1.1770455520;-2.3003807052;-0.0717255694;-2.0328915341;NaN;0.0489893183;0.1436518465;-0.0001946248;0.1107582056
35.4800168776;NaN;-1.1592861649;-2.3003807052;-0.0895100333;-2.0329366723;NaN;0.0489893183;0.1436518465;-0.0001946248;0.1107582056
35.4900168729;NaN;-1.1592861649;-2.3003807052;-0.0895100333;-2.0151070701;NaN;0.0489893183;0.1436518465;-0.0001946248;0.1107582056
35.5000168681;NaN;-1.1592861649;-2.3003807052;-0.0895100333;-2.0329366723;NaN;0.0489893183;0.1426509896;-0.0001946248;0.1107582056
35.5100168634;NaN;-1.1592861649;-2.2826012002;-0.0717255187;-2.0329366723;NaN;0.0489876328;0.1426509896;-0.0001946248;0.1107582056
35.5200168587;NaN;-1.1593562813;-2.3003306220;-0.0895100333;-2.0151070701;NaN;0.0479895421;0.1426509896;-0.0001946248;0.1107582056
35.5300168539;NaN;-1.1592861649;-2.3003807052;-0.0895100333;-2.0151070701;NaN;0.0479895421;0.1426509896;-0.0001946248;0.1107582056
35.5400168492;NaN;-1.1592861649;-2.3003807052;-0.0717254807;-2.0328916228;NaN;0.0479895421;0.1426509896;-0.0001946248;0.1107582056
35.5500168445;NaN;-1.1592861649;-2.3003807052;-0.0717254680;-2.0151070701;NaN;0.0479878585;0.1426509896;-0.0001946248;0.1107582056
35.5600168397;NaN;-1.1415266004;-2.3003807052;-0.0894650091;-2.0151070701;NaN;0.0469897659;0.1426509896;-0.0001946248;0.1107582056
35.5700168350;NaN;-1.1592161468;-2.2826011159;-0.0895100333;-2.0151070701;NaN;0.0469897659;0.1426509896;-0.0001946248;0.1107582056
35.5800168303;NaN;-1.1592161664;-2.2825511030;-0.0895100333;-2.0151070701;NaN;0.0469897659;0.1426509896;-0.0001946248;0.1107582056
35.5900168256;NaN;-1.1415265415;-2.3003807052;-0.0895100333;-2.0151070701;NaN;0.0469897659;0.1426509896;-0.0001946248;0.1107582056
35.6000168209;NaN;-1.1414565627;-2.2825511030;-0.0894650596;-2.0151070701;NaN;0.0469897659;0.1426509896;-0.0001946248;0.1107582056
35.6100168161;NaN;-1.1414565627;-2.2825511030;-0.0895100333;-2.0151070701;NaN;0.0469897659;0.1416501378;-0.0001946248;0.1107582056
35.6200168114;NaN;-1.1414565627;-2.3003307623;-0.0895100333;-2.0151070701;NaN;0.0469897659;0.1416501378;-0.0001946248;0.1107582056
35.6300168067;NaN;-1.1413866623;-2.2825511030;-0.0894650974;-2.0151070701;NaN;0.0469897659;0.1416501378;-0.0001946248;0.1107582056
35.6400168020;NaN;-1.1413866818;-2.2825511030;-0.0716804311;-2.0151070701;NaN;0.0469897659;0.1416501378;-0.0001946248;0.1107582056
35.6500167973;NaN;-1.1414565627;-2.2825511030;-0.0894651225;-1.9973223788;NaN;0.0469897659;0.1416501378;-0.0001946248;0.1107582056
35.6600167926;NaN;-1.1413867209;-2.2825511030;-0.0894651351;-2.0151070701;NaN;0.0469878078;0.1416501378;-0.0001946248;0.1107582056
35.6700167879;NaN;-1.1236269605;-2.2825511030;-0.0716804311;-2.0151070701;NaN;0.0459902699;0.1416501378;-0.0001946248;0.1107582056
35.6800167832;NaN;-1.1236269605;-2.2825511030;-0.0895100333;-2.0151070701;NaN;0.0459902699;0.1416501378;-0.0001946248;0.1107582056
35.6900167785;NaN;-1.1236269605;-2.2825012579;-0.0716804311;-2.0151070701;NaN;0.0459902699;0.1416501378;-0.0001946248;0.1107582056
35.7000167738;NaN;-1.1236269605;-2.2825511030;-0.0895100333;-1.9973223160;NaN;0.0459902699;0.1416501378;-0.0001946248;0.1107582056
35.7100167691;NaN;-1.1236269605;-2.2825511030;-0.0895100333;-2.0151070701;NaN;0.0459902699;0.1416501378;-0.0001946248;0.1107582056
35.7200167645;NaN;-1.1236269605;-2.2825511030;-0.0894652103;-2.0151070701;NaN;0.0459883150;0.1416501378;-0.0001946248;0.1107579266
35.7300167598;NaN;-1.1236269605;-2.2825013135;-0.0717252417;-2.0151070701;NaN;0.0449907733;0.1416501378;-0.0001946248;0.1097579893
35.7400167551;NaN;-1.1235572747;-2.2825013274;-0.0894652353;-2.0151070701;NaN;0.0449907733;0.1416501378;-0.0001946248;0.1097579893
35.7500167504;NaN;-1.1057973583;-2.2825511030;-0.0895100333;-2.0150622846;NaN;0.0449907733;0.1416501378;-0.0001946248;0.1097579893
35.7600167457;NaN;-1.1057973583;-2.2647612990;-0.0895100333;-2.0151070701;NaN;0.0449907733;0.1416501378;-0.0001946248;0.1097579893
35.7800139509;NaN;-1.1057973583;-2.2648308988;-0.0895100333;-2.0151070701;NaN;0.0449907733;0.1416501378;-0.0001946248;0.1097579893
35.7800334635;NaN;-1.1057973583;-2.2647215008;-0.0716804311;-2.0151070701;NaN;0.0449907733;0.1416501378;-0.0001946248;0.1097579893
35.7900167317;NaN;-1.1057973583;-2.2825511030;-0.0716804311;-1.9973222035;NaN;0.0449907733;0.1416501378;-0.0001946248;0.1097579893
35.8000167271;NaN;-1.1058669275;-2.2647711931;-0.0717251542;-1.9972774679;NaN;0.0449907733;0.1416501378;-0.0001946248;0.1097579893
35.8100167224;NaN;-1.1057973583;-2.2647711793;-0.0895100333;-1.9972774679;NaN;0.0449907733;0.1416501378;-0.0001946248;0.1097579893
35.8200167177;NaN;-1.1057973583;-2.2825511030;-0.0894653352;-1.9972774679;NaN;0.0449888239;0.1416501378;-0.0001946248;0.1097579893
35.8300167131;NaN;-1.0879677561;-2.2825511030;-0.0895100333;-1.9794925514;NaN;0.0439912760;0.1416501378;-0.0001946248;0.1097579893
35.8400167084;NaN;-1.0880372479;-2.2647215008;-0.0895100333;-1.9972774679;NaN;0.0439912760;0.1416501378;-0.0001946248;0.1097579893
35.8500167038;NaN;-1.0880372285;-2.2647215008;-0.0717250920;-1.9972774679;NaN;0.0439912760;0.1416501378;-0.0001946248;0.1097577113
35.8600166991;NaN;-1.1057973583;-2.2647215008;-0.0895100333;-1.9972774679;NaN;0.0439912760;0.1416501378;-0.0001946248;0.1087577781
35.8700166945;NaN;-1.0879677561;-2.2647215008;-0.0894653973;-1.9972774679;NaN;0.0439912760;0.1416501378;-0.0001946248;0.1087577781
35.8800166898;NaN;-1.1057279438;-2.2647215008;-0.0894654098;-1.9972774679;NaN;0.0439912760;0.1416501378;-0.0001946248;0.1087577781
35.8900166852;NaN;-1.0879677561;-2.2647215008;-0.0895100333;-1.9972774679;NaN;0.0439912760;0.1416501378;-0.0001946248;0.1087577781
35.9000166806;NaN;-1.0879677561;-2.2647215008;-0.0894654346;-1.9794924645;NaN;0.0439912760;0.1416501378;-0.0001946248;0.1087577781
35.9100166759;NaN;-1.1057280017;-2.2825015626;-0.0716804311;-1.9972328815;NaN;0.0439912760;0.1416501378;-0.0001946248;0.1087577781
35.9200166713;NaN;-1.0879677561;-2.2825511030;-0.0716804311;-1.9794924397;NaN;0.0439893320;0.1416501378;-0.0001946248;0.1087577781
35.9300166667;NaN;-1.0879677561;-2.2647215008;-0.0717249928;-1.9972774679;NaN;0.0429917779;0.1416501378;-0.0001946248;0.1087577781
35.9400166620;NaN;-1.0879677561;-2.2647710000;-0.0895100333;-1.9972329187;NaN;0.0429917779;0.1406493015;-0.0001946248;0.1087577781
35.9500166574;NaN;-1.0879677561;-2.2647215008;-0.0895100333;-1.9794478657;NaN;0.0429917779;0.1406493015;-0.0001946248;0.1087577781
35.9600166528;NaN;-1.0879677561;-2.2647215008;-0.0717249557;-1.9794478657;NaN;0.0429917779;0.1406493015;-0.0001946248;0.1087577781
35.9700166482;NaN;-1.0879677561;-2.2647215008;-0.0716804311;-1.9794923779;NaN;0.0429917779;0.1406493015;-0.0001946248;0.1087577781
35.9800166436;NaN;-1.0879677561;-2.2647215008;-0.0895100333;-1.9794923656;NaN;0.0429917779;0.1406493015;-0.0001946248;0.1087577781
35.9900166389;NaN;-1.0702073567;-2.2647709314;-0.0895100333;-1.9794923532;NaN;0.0429917779;0.1406493015;-0.0001946248;0.1087577781
36.0000166343;NaN;-1.0878985725;-2.2647215008;-0.0895100333;-1.9972774679;NaN;0.0429917779;0.1406493015;-0.0001946248;0.1087577781
36.0100166297;NaN;-1.0701381539;-2.2469413018;-0.0894655705;-1.9972774679;NaN;0.0429917779;0.1406493015;-0.0001946248;0.1087577781
36.0200166251;NaN;-1.0879677561;-2.2469412881;-0.0717248817;-1.9972330174;NaN;0.0429917779;0.1406493015;-0.0001946248;0.1087577781
36.0300166205;NaN;-1.0702072800;-2.2647215008;-0.0894655951;-1.9794478657;NaN;0.0429917779;0.1406493015;-0.0001946248;0.1087577781
36.0400166159;NaN;-1.0701381539;-2.2647215008;-0.0894656074;-1.9794478657;NaN;0.0429917779;0.1406493015;-0.0001946248;0.1087575015
36.0500166113;NaN;-1.0701381539;-2.2468918986;-0.0717248448;-1.9794478657;NaN;0.0429917779;0.1406493015;-0.0001946248;0.1077575742
36.0600166067;NaN;-1.0701381539;-2.2468918986;-0.0895100333;-1.9794478657;NaN;0.0429917779;0.1406493015;-0.0001946248;0.1077575742
36.0700166021;NaN;-1.0701381539;-2.2468918986;-0.0716804311;-1.9794478657;NaN;0.0429917779;0.1406493015;-0.0001946248;0.1077575742
36.0800165975;NaN;-1.0701381539;-2.2469412061;-0.0895100333;-1.9972330911;NaN;0.0429917779;0.1406493015;-0.0001946248;0.1077575742
36.0900165929;NaN;-1.0879677561;-2.2647215008;-0.0894656688;-1.9794478657;NaN;0.0429917779;0.1406493015;-0.0001946248;0.1077575742
36.1000165883;NaN;-1.0701381539;-2.2647215008;-0.0716804311;-1.9794478657;NaN;0.0429917779;0.1406493015;-0.0001946248;0.1077575742
36.1100165837;NaN;-1.0701381539;-2.2468918986;-0.0717247711;-1.9794922057;NaN;0.0429917779;0.1406493015;-0.0001946248;0.1077575742
36.1200165792;NaN;-1.0701381539;-2.2468918986;-0.0716804311;-1.9794478657;NaN;0.0429917779;0.1406493015;-0.0001946248;0.1077575742
36.1300165746;NaN;-1.0701381539;-2.2646722614;-0.0895100333;-1.9794478657;NaN;0.0429917779;0.1406493015;-0.0001946248;0.1077575742
36.1400165700;NaN;-1.0523774679;-2.2647215008;-0.0894657301;-1.9794478657;NaN;0.0429917779;0.1406493015;-0.0001946248;0.1077575742
36.1500165654;NaN;-1.0523774489;-2.2468918986;-0.0716804311;-1.9794478657;NaN;0.0429917779;0.1396484749;-0.0001946248;0.1077575742
36.1600165609;NaN;-1.0523085517;-2.2468918986;-0.0716804311;-1.9616625423;NaN;0.0429898468;0.1396484749;-0.0001946248;0.1077575742
36.1700165563;NaN;-1.0700692948;-2.2468918986;-0.0716804311;-1.9794478657;NaN;0.0419922780;0.1396484749;-0.0001946248;0.1077575742
36.1800165517;NaN;-1.0700693138;-2.2468918986;-0.0895100333;-1.9616625179;NaN;0.0419922780;0.1396484749;-0.0001946248;0.1077575742
36.1900165472;NaN;-1.0700693327;-2.2291114544;-0.0716804311;-1.9794036235;NaN;0.0419922780;0.1396484749;-0.0001946248;0.1077575742
36.2000165426;NaN;-1.0523085517;-2.2468918986;-0.0717246611;-1.9794478657;NaN;0.0419922780;0.1396484749;-0.0001946248;0.1077575742
36.2100165380;NaN;-1.0523773350;-2.2291114273;-0.0716804311;-1.9794478657;NaN;0.0419922780;0.1396484749;-0.0001946248;0.1077575742
36.2200165335;NaN;-1.0700693896;-2.2468918986;-0.0716804311;-1.9794036601;NaN;0.0419922780;0.1396484749;-0.0001946248;0.1077572990
36.2300165289;NaN;-1.0523085517;-2.2646723970;-0.0717246246;-1.9794036723;NaN;0.0419922780;0.1396484749;-0.0001946248;0.1067573772
36.2400165244;NaN;-1.0523085517;-2.2468918986;-0.0894658521;-1.9616624448;NaN;0.0419903511;0.1396484749;-0.0001946248;0.1067573772
36.2500165198;NaN;-1.0523085517;-2.2468918986;-0.0716804311;-1.9616182635;NaN;0.0409927775;0.1396484749;-0.0001946248;0.1067573772
36.2600165153;NaN;-1.0700694653;-2.2468918986;-0.0717245881;-1.9616182635;NaN;0.0409927775;0.1396484749;-0.0001946248;0.1067573772
36.2700165107;NaN;-1.0523085517;-2.2468918986;-0.0716804311;-1.9616182635;NaN;0.0409927775;0.1396484749;-0.0001946248;0.1067573772
36.2800165062;NaN;-1.0523085517;-2.2468428623;-0.0894659007;-1.9616623962;NaN;0.0409927775;0.1396484749;-0.0001946248;0.1067573772
36.2900165017;NaN;-1.0523085517;-2.2468428758;-0.0716804311;-1.9616182635;NaN;0.0409927775;0.1396484749;-0.0001946248;0.1067573772
36.3000164971;NaN;-1.0523085517;-2.2468428893;-0.0716804311;-1.9616182635;NaN;0.0409927775;0.1396484749;-0.0001946248;0.1067573772
36.3100164926;NaN;-1.0345475438;-2.2468918986;-0.0894659370;-1.9616182635;NaN;0.0409908543;0.1396484749;-0.0001946248;0.1067573772
36.3200164880;NaN;-1.0344789495;-2.2468429162;-0.0717245153;-1.9616182635;NaN;0.0399932764;0.1396484749;-0.0001946248;0.1067573772
36.3300164835;NaN;-1.0344789495;-2.2290622964;-0.0717245032;-1.9616182635;NaN;0.0399932764;0.1396484749;-0.0001946248;0.1067573772
36.3400164790;NaN;-1.0344789495;-2.2468918986;-0.0716804311;-1.9616182635;NaN;0.0399932764;0.1386476569;-0.0001946248;0.1067573772
36.3500164745;NaN;-1.0344789495;-2.2290622964;-0.0716804311;-1.9437886613;NaN;0.0399932764;0.1386476569;-0.0001946248;0.1067573772
36.3600164699;NaN;-1.0344789495;-2.2290622964;-0.0716804311;-1.9615742277;NaN;0.0399932764;0.1386476569;-0.0001946248;0.1067573772
36.3700164654;NaN;-1.0344789495;-2.2291112116;-0.0717244549;-1.9437886613;NaN;0.0399932764;0.1386476569;-0.0001946248;0.1067573772
36.3800164609;NaN;-1.0166493473;-2.2468918986;-0.0895100333;-1.9615155777;NaN;0.0399897130;0.1386476569;-0.0001946248;0.1067554582
36.3900329038;NaN;-1.0344789495;-2.2290622964;-0.0717244307;-1.9438326609;NaN;0.0389937748;0.1386476569;-0.0001946248;0.1057571862
36.4000164519;NaN;-1.0344789495;-2.2468918986;-0.0717244187;-1.9437886613;NaN;0.0389937748;0.1386476569;-0.0001946248;0.1057571862
36.4100164474;NaN;-1.0344789495;-2.2291111580;-0.0716804311;-1.9615742881;NaN;0.0389937748;0.1386476569;-0.0001946248;0.1057571862
36.4200164429;NaN;-1.0344105620;-2.2468430504;-0.0895100333;-1.9437446979;NaN;0.0389937748;0.1386476569;-0.0001946248;0.1057571862
36.4300164384;NaN;-1.0167177161;-2.2290622964;-0.0895100333;-1.9437886613;NaN;0.0389937748;0.1386476569;-0.0001946248;0.1057571862
36.4400164339;NaN;-1.0344105995;-2.2290622964;-0.0716804311;-1.9438326007;NaN;0.0389937748;0.1376468434;-0.0001946248;0.1057571862
36.4500164294;NaN;-1.0344106182;-2.2290622964;-0.0895100333;-1.9615743362;NaN;0.0389937748;0.1376468434;-0.0001946248;0.1057571862
36.4600164249;NaN;-1.0166493473;-2.2290622964;-0.0717243464;-1.9438325766;NaN;0.0389937748;0.1376468434;-0.0001946248;0.1057571862
36.4700164204;NaN;-1.0166493473;-2.2290622964;-0.0894661301;-1.9437886613;NaN;0.0389937748;0.1376468434;-0.0001946248;0.1057571862
36.4800164159;NaN;-0.9988880204;-2.2290622964;-0.0716804311;-1.9437886613;NaN;0.0389937748;0.1376468434;-0.0001946248;0.1057571862
36.4900164114;NaN;-1.0165810907;-2.2112326942;-0.0716804311;-1.9437886613;NaN;0.0389937748;0.1376468434;-0.0001946248;0.1057571862
36.5000164069;NaN;-1.0166493473;-2.2290135550;-0.0895100333;-1.9260029264;NaN;0.0389937748;0.1376468434;-0.0001946248;0.1057571862
36.5100164024;NaN;-1.0166493473;-2.2290622964;-0.0717242864;-1.9437886613;NaN;0.0389937748;0.1376468434;-0.0001946248;0.1057569133
36.5200163979;NaN;-1.0344107489;-2.2112814090;-0.0716804311;-1.9437886613;NaN;0.0389937748;0.1376468434;-0.0001946248;0.1047570002
36.5300163934;NaN;-1.0166493473;-2.2112813957;-0.0716804311;-1.9437886613;NaN;0.0389937748;0.1366460340;-0.0001946248;0.1047570002
36.5400163890;NaN;-0.9988879086;-2.2290622964;-0.0716804311;-1.9437886613;NaN;0.0389937748;0.1366460340;-0.0001946248;0.1047570002
36.5500163845;NaN;-1.0166493473;-2.2290622964;-0.0717242385;-1.9437886613;NaN;0.0389937748;0.1366460340;NaN;0.1047570002
36.5600163800;NaN;-1.0166493473;-2.2290136348;NaN;-1.9437448659;NaN;0.0389937748;0.1366460340;NaN;0.1047570002
36.5700163755;NaN;-1.0166493473;-2.2112326942;NaN;-1.9437448779;NaN;0.0389937748;0.1366460340;NaN;0.1047570002
36.5800163711;NaN;-1.0165812583;-2.2112326942;NaN;-1.9260028307;NaN;0.0389937748;0.1366460340;NaN;0.1047570002
36.5900163666;NaN;-1.0165812769;-2.2290622964;NaN;-1.9259590591;NaN;0.0389937748;0.1366460340;NaN;0.1047570002
36.6000163621;NaN;-1.0166493473;-2.2290622964;NaN;-1.9259590591;NaN;0.0389937748;0.1366460340;NaN;0.1047570002
36.6100163577;NaN;-0.9988877785;-2.2290137012;NaN;-1.9259590591;NaN;0.0389937748;0.1366460340;NaN;0.1047567279
36.6200163532;NaN;-1.0165813325;-2.2112812762;NaN;-1.9259590591;NaN;0.0389937748;0.1366460340;NaN;0.1037568178
36.6300163488;NaN;-0.9988197451;-2.2290622964;NaN;-1.9259590591;NaN;0.0389937748;0.1366460340;NaN;0.1037568178
36.6400163443;NaN;-0.9988197451;-2.2290622964;NaN;-1.9081294570;NaN;0.0389937748;0.1366460340;NaN;0.1037568178
36.6500163399;NaN;-1.0165813881;-2.2112326942;NaN;-1.9259153710;NaN;0.0389937748;0.1366460340;NaN;0.1037565459
36.6600163354;NaN;-0.9988876859;-2.2290622964;NaN;-1.9081294570;NaN;0.0389937748;0.1366460340;NaN;0.1027566370
36.6700163310;NaN;-1.0166493473;-2.2290137805;NaN;-1.9081294570;NaN;0.0389937748;0.1366460340;NaN;0.1027566370
36.6800163265;NaN;-0.9988876490;-2.2290137937;NaN;-1.9081294570;NaN;0.0389937748;0.1366460340;NaN;0.1027566370
36.6900163221;NaN;-1.0166493473;-2.2112326942;NaN;-1.9259154186;NaN;0.0389937748;0.1366460340;NaN;0.1027566370
36.7000163177;NaN;-1.0165814804;-2.2112326942;NaN;-1.9081294570;NaN;0.0389937748;0.1366460340;NaN;0.1027566370
36.7100163132;NaN;-0.9988197451;-2.2112326942;NaN;-1.9081294570;NaN;0.0389937748;0.1366460340;NaN;0.1027566370
36.7200163088;NaN;-1.0165815173;-2.2290622964;NaN;-1.9081294570;NaN;0.0389937748;0.1366460340;NaN;0.1027563655
36.7300163043;NaN;-0.9988875567;-2.2112326942;NaN;-1.9081294570;NaN;0.0389937748;0.1366460340;NaN;0.1017564587
36.7400162999;NaN;-0.9988197451;-2.2111842705;NaN;-1.8903434361;NaN;0.0389937748;0.1366460340;NaN;0.1017564587
36.7500162955;NaN;-1.0165815726;-2.2112326942;NaN;-1.8903434242;NaN;0.0389937748;0.1366460340;NaN;0.1017564587
36.7600162911;NaN;-0.9988197451;-2.2112326942;NaN;-1.8902998548;NaN;0.0389918751;0.1366460340;NaN;0.1017564587
36.7700162866;NaN;-0.9988197451;-2.2112326942;NaN;-1.8902998548;NaN;0.0379942704;0.1366460340;NaN;0.1017561877
36.7800162822;NaN;-0.9988197451;-2.2112326942;NaN;-1.8902998548;NaN;0.0379942704;0.1366460340;NaN;0.1007562823
36.7900162778;NaN;-0.9810578442;-2.2290139384;NaN;-1.8902998548;NaN;0.0379942704;0.1366460340;NaN;0.1007562823
36.8000162734;NaN;-0.9809901430;-2.2112326942;NaN;-1.8902998548;NaN;0.0379942704;0.1366460340;NaN;0.1007562823
36.8100162690;NaN;-0.9988197451;-2.2112326942;NaN;-1.8902998548;NaN;0.0379942704;0.1366460340;NaN;0.1007562823
36.8200162646;NaN;-0.9809901430;-2.2290622964;NaN;-1.8902563679;NaN;0.0379923738;0.1366460340;NaN;0.1007562823
36.8300162602;NaN;-0.9809901430;-2.2112326942;NaN;-1.8724702526;NaN;0.0369947655;0.1366460340;NaN;0.1007562823
36.8400162558;NaN;-0.9809901430;-2.1934513846;NaN;-1.8724702526;NaN;0.0369947655;0.1366460340;NaN;0.1007562823
36.8500162514;NaN;-0.9809901430;-2.2112326942;NaN;-1.8724702526;NaN;0.0369947655;0.1366460340;NaN;0.1007562823
36.8600162470;NaN;-0.9809901430;-2.2112326942;NaN;-1.8902564150;NaN;0.0369947655;0.1366460340;NaN;0.1007562823
36.8700162426;NaN;-0.9809901430;-2.2112326942;NaN;-1.8724702526;NaN;0.0369947655;0.1366460340;NaN;0.1007562823
36.8800162382;NaN;-0.9809901430;-2.2112326942;NaN;-1.8724702526;NaN;0.0369947655;0.1366460340;NaN;0.1007562823
36.8900162338;NaN;-0.9809901430;-2.2112326942;NaN;-1.8902998548;NaN;0.0369947655;0.1366460340;NaN;0.1007562823
36.9000162294;NaN;-0.9809901430;-2.1934513062;NaN;-1.8724702526;NaN;0.0369947655;0.1366460340;NaN;0.1007562823
36.9100162250;NaN;-0.9632280224;-2.2112326942;NaN;-1.8724702526;NaN;0.0369947655;0.1366460340;NaN;0.1007562823
36.9200162206;NaN;-0.9809226796;-2.2112326942;NaN;-1.8724702526;NaN;0.0359952599;0.1366460340;NaN;0.1007560123
36.9300162162;NaN;-0.9631605408;-2.1934512671;NaN;-1.8724702526;NaN;0.0359952599;0.1366460340;NaN;0.0997561114
36.9400162118;NaN;-0.9809227160;-2.2111845321;NaN;-1.8724702526;NaN;0.0359952599;0.1366460340;NaN;0.0997561114
36.9500162075;NaN;-0.9631605408;-2.1934512411;NaN;-1.8724702526;NaN;0.0359952599;0.1366460340;NaN;0.0997561114
36.9600162031;NaN;-0.9632279313;-2.1934030920;NaN;-1.8724269301;NaN;0.0359952599;0.1366460340;NaN;0.0997561114
36.9700161987;NaN;-0.9631605408;-2.2112326942;NaN;-1.8546839612;NaN;0.0359952599;0.1366460340;NaN;0.0997561114
36.9800161943;NaN;-0.9631605408;-2.2111845841;NaN;-1.8546406504;NaN;0.0359933715;0.1366460340;NaN;0.0997561114
36.9900161900;NaN;-0.9631605408;-2.1934030920;NaN;-1.8546406504;NaN;0.0349957538;0.1366460340;NaN;0.0997561114
37.0000161856;NaN;-0.9631605408;-2.1934030920;NaN;-1.8723692836;NaN;0.0349957538;0.1366460340;NaN;0.0997561114
37.0100323537;NaN;-0.9631605408;-2.1934030920;NaN;-1.8546839144;NaN;0.0349957538;0.1356452459;NaN;0.0997558421
37.0200161769;NaN;-0.9630932592;-2.2112326942;NaN;-1.8724270002;NaN;0.0349957538;0.1356452459;NaN;0.0987559438
37.0300161725;NaN;-0.9630932774;-2.2112326942;NaN;-1.8546406504;NaN;0.0349957538;0.1356452459;NaN;0.0987559438
37.0400161681;NaN;-0.9453309386;-2.2112326942;NaN;-1.8546406504;NaN;0.0349957538;0.1356452459;NaN;0.0987559438
37.0500161638;NaN;-0.9453309386;-2.1934511114;NaN;-1.8546406504;NaN;0.0349957538;0.1356452459;NaN;0.0987559438
37.0600161594;NaN;-0.9453309386;-2.1934030920;NaN;-1.8546406504;NaN;0.0349957538;0.1356452459;NaN;0.0987559438
37.0700161551;NaN;-0.9453309386;-2.1934510856;NaN;-1.8546406504;NaN;0.0349957538;0.1356452459;NaN;0.0987559438
37.0800161507;NaN;-0.9453309386;-2.1934030920;NaN;-1.8546406504;NaN;0.0349957538;0.1356452459;NaN;0.0987559438
37.0900161464;NaN;-0.9275684912;-2.2111847265;NaN;-1.8724270816;NaN;0.0349957538;0.1356452459;NaN;0.0987559438
37.1000161421;NaN;-0.9275684731;-2.1934030920;NaN;-1.8545974910;NaN;0.0349957538;0.1356452459;NaN;0.0987559438
37.1100161377;NaN;-0.9275013364;-2.1934030920;NaN;-1.8724271048;NaN;0.0349957538;0.1356452459;NaN;0.0987559438
37.1200161334;NaN;-0.9453309386;-2.1934030920;NaN;-1.8546406504;NaN;0.0349957538;0.1356452459;NaN;0.0987559438
37.1300161290;NaN;-0.9452638560;-2.1934030920;NaN;-1.8546406504;NaN;0.0349957538;0.1346444629;NaN;0.0987559438
37.1400161247;NaN;-0.9453309386;-2.1934030920;NaN;-1.8545975374;NaN;0.0349938735;0.1346444629;NaN;0.0987559438
37.1500161204;NaN;-0.9453309386;-2.1934030920;NaN;-1.8546406504;NaN;0.0339962466;0.1346444629;NaN;0.0987559438
37.1600161160;NaN;-0.9452639100;-2.1934030920;NaN;-1.8368110482;NaN;0.0339962466;0.1346444629;NaN;0.0987559438
37.1700161117;NaN;-0.9275683470;-2.1933552273;NaN;-1.8368541264;NaN;0.0339962466;0.1346444629;NaN;0.0987559438
37.1800161074;NaN;-0.9453309386;-2.1933552402;NaN;-1.8546406504;NaN;0.0339962466;0.1346444629;NaN;0.0987559438
37.1900161031;NaN;-0.9453309386;-2.1933552530;NaN;-1.8546406504;NaN;0.0339962466;0.1346444629;NaN;0.0987559438
37.2000160987;NaN;-0.9453309386;-2.1756213160;NaN;-1.8545976068;NaN;0.0339962466;0.1346444629;NaN;0.0987559438
37.2100160944;NaN;-0.9275682751;-2.1933552787;NaN;-1.8368110482;NaN;0.0339962466;0.1346444629;NaN;0.0987559438
37.2200160901;NaN;-0.9275013364;-2.1756212904;NaN;-1.8546406504;NaN;0.0339962466;0.1346444629;NaN;0.0987559438
37.2300160858;NaN;-0.9275013364;-2.1934030920;NaN;-1.8546406504;NaN;0.0339962466;0.1346444629;NaN;0.0987559438
37.2400160815;NaN;-0.9275682213;-2.1934030920;NaN;-1.8368110482;NaN;0.0339962466;0.1346444629;NaN;0.0987559438
37.2500160772;NaN;-0.9275013364;-2.1756212520;NaN;-1.8368110482;NaN;0.0339962466;0.1346444629;NaN;0.0987559438
37.2600160729;NaN;-0.9275013364;-2.1934030920;NaN;-1.8368110482;NaN;0.0339962466;0.1346444629;NaN;0.0987556763
37.2700160686;NaN;-0.9275013364;-2.1933553555;NaN;-1.8546406504;NaN;0.0339962466;0.1346444629;NaN;0.0977557852
37.2800160643;NaN;-0.9275013364;-2.1756212136;NaN;-1.8368110482;NaN;0.0339943734;0.1346444629;NaN;0.0977557852
37.2900160600;NaN;-0.9275013364;-2.1756212008;NaN;-1.8368110482;NaN;0.0329967384;0.1346444629;NaN;0.0977557852
37.3000160557;NaN;-0.9275013364;-2.1934030920;NaN;-1.8368110482;NaN;0.0329967384;0.1346444629;NaN;0.0977557852
37.3100160514;NaN;-0.9274345767;-2.1934030920;NaN;-1.8368110482;NaN;0.0329967384;0.1346444629;NaN;0.0977557852
37.3200160471;NaN;-0.9274345946;-2.1933554193;NaN;-1.8368110482;NaN;0.0329967384;0.1346444629;NaN;0.0977557852
37.3300160428;NaN;-0.9096717342;-2.1756211498;NaN;-1.8367681542;NaN;0.0329967384;0.1346444629;NaN;0.0977557852
37.3400160385;NaN;-0.9096717342;-2.1934030920;NaN;-1.8189814460;NaN;0.0329967384;0.1346444629;NaN;0.0977557852
37.3500160342;NaN;-0.9275013364;-2.1756211244;NaN;-1.8367681771;NaN;0.0329967384;0.1346444629;NaN;0.0977555183
37.3600160299;NaN;-0.9097384047;-2.1934030920;NaN;-1.8367681886;NaN;0.0329967384;0.1346444629;NaN;0.0967556298
37.3700160256;NaN;-0.9275013364;-2.1934030920;NaN;-1.8189814460;NaN;0.0329967384;0.1346444629;NaN;0.0967556298
37.3800160214;NaN;-0.9275013364;-2.1934030920;NaN;-1.8189814460;NaN;0.0329967384;0.1346444629;NaN;0.0967556298
37.3900160171;NaN;-0.9275013364;-2.1933555084;NaN;-1.8189814460;NaN;0.0329967384;0.1346444629;NaN;0.0967556298
37.4000160128;NaN;-0.9096717342;-2.1755734898;NaN;-1.8189814460;NaN;0.0329967384;0.1346444629;NaN;0.0967556298
37.4100160085;NaN;-0.9096717342;-2.1756210481;NaN;-1.8368110482;NaN;0.0329967384;0.1346444629;NaN;0.0967556298
37.4200160043;NaN;-0.9096717342;-2.1934030920;NaN;-1.8190242370;NaN;0.0329948721;0.1346444629;NaN;0.0967556298
37.4300160000;NaN;-0.9096717342;-2.1934030920;NaN;-1.8190242256;NaN;0.0319972292;0.1346444629;NaN;0.0967556298
37.4400159957;NaN;-0.9096717342;-2.1934030920;NaN;-1.8189814460;NaN;0.0319972292;0.1346444629;NaN;0.0967556298
37.4500159915;NaN;-0.9096717342;-2.1934030920;NaN;-1.8189814460;NaN;0.0319972292;0.1346444629;NaN;0.0967553637
37.4600159872;NaN;-0.9096717342;-2.1756209848;NaN;-1.8367683027;NaN;0.0319972292;0.1346444629;NaN;0.0957554780
37.4700159830;NaN;-0.9096052590;-2.1755734898;NaN;-1.8189814460;NaN;0.0319972292;0.1346444629;NaN;0.0957554780
37.4800159787;NaN;-0.8918421320;-2.1755734898;NaN;-1.8189814460;NaN;0.0319972292;0.1346444629;NaN;0.0957554780
37.4900159744;NaN;-0.9096717342;-2.1755734898;NaN;-1.8189814460;NaN;0.0319972292;0.1336436955;NaN;0.0957554780
37.5000159702;NaN;-0.9096053120;-2.1933556476;NaN;-1.8011518438;NaN;0.0319972292;0.1336436955;NaN;0.0957554780
37.5100159659;NaN;-0.9096053297;-2.1755734898;NaN;-1.8011518438;NaN;0.0319951014;0.1336436955;NaN;0.0957554780
37.5200159617;NaN;-0.9096717342;-2.1755734898;NaN;-1.8011518438;NaN;0.0309979856;0.1336436955;NaN;0.0957554780
37.5300159574;NaN;-0.8918421320;-2.1755734898;NaN;-1.8011518438;NaN;0.0309979856;0.1336436955;NaN;0.0957554780
37.5400159532;NaN;-0.8918421320;-2.1755734898;NaN;-1.8011518438;NaN;0.0309979856;0.1326429302;NaN;0.0957552125
37.5500159490;NaN;-0.8919084659;-2.1577912690;NaN;-1.8011518438;NaN;0.0309979856;0.1326429302;NaN;0.0947553294
37.5600159447;NaN;-0.8919084483;-2.1755734898;NaN;-1.8011518438;NaN;0.0309979856;0.1326429302;NaN;0.0947553294
37.5700159405;NaN;-0.8919084306;-2.1755734898;NaN;-1.8011518438;NaN;0.0309979856;0.1326429302;NaN;0.0947553294
37.5800159363;NaN;-0.9096054531;-2.1755734898;NaN;-1.8011092346;NaN;0.0309979856;0.1326429302;NaN;0.0947553294
37.5900159320;NaN;-0.9096054707;-2.1577438876;NaN;-1.8011518438;NaN;0.0309979856;0.1326429302;NaN;0.0947553294
37.6000159278;NaN;-0.8740787757;-2.1577438876;NaN;-1.7833222416;NaN;0.0309979856;0.1326429302;NaN;0.0947553294
37.6100159236;NaN;-0.8918988991;-2.1577438876;NaN;-1.8011518438;NaN;0.0309979856;0.1326429302;NaN;0.0947553294
37.6300132661;NaN;-0.8919650496;-2.1577438876;NaN;-1.8011518438;NaN;0.0309979856;0.1326429302;NaN;0.0947553294
37.6300318218;NaN;-0.8918421320;-2.1577438876;NaN;-1.7833647944;NaN;0.0309979856;0.1326429302;NaN;0.0947553294
37.6400159109;NaN;-0.8740787054;-2.1577438876;NaN;-1.8011093023;NaN;0.0309979856;0.1326429302;NaN;0.0947553294
37.6500159067;NaN;-0.8918421320;-2.1576966319;NaN;-1.7833222416;NaN;0.0309979856;0.1326429302;NaN;0.0947553294
37.6600159025;NaN;-0.8740125298;-2.1577438876;NaN;-1.8011093249;NaN;0.0309979856;0.1326429302;NaN;0.0947553294
37.6700158983;NaN;-0.8740786528;-2.1577438876;NaN;-1.8011093361;NaN;0.0309979856;0.1326429302;NaN;0.0947553294
37.6800158940;NaN;-0.8740125298;-2.1577438876;NaN;-1.7833222416;NaN;0.0309979856;0.1326429302;NaN;0.0947550649
37.6900158898;NaN;-0.8740125298;-2.1576966819;NaN;-1.7833222416;NaN;0.0309979856;0.1326429302;NaN;0.0937551858
37.7000158856;NaN;-0.8740125298;-2.1399142855;NaN;-1.7833222416;NaN;0.0309979856;0.1326429302;NaN;0.0937551858
37.7100158814;NaN;-0.8740125298;-2.1399614662;NaN;-1.7833647043;NaN;0.0309979856;0.1326429302;NaN;0.0937551858
37.7200158772;NaN;-0.8740125298;-2.1577438876;NaN;-1.7833222416;NaN;0.0309979856;0.1326429302;NaN;0.0937551858
37.7300158730;NaN;-0.8740125298;-2.1577438876;NaN;-1.7833222416;NaN;0.0309979856;0.1326429302;NaN;0.0937551858
37.7400158688;NaN;-0.8740125298;-2.1577438876;NaN;-1.7655350684;NaN;0.0309979856;0.1326429302;NaN;0.0937551858
37.7500158646;NaN;-0.8740125298;-2.1577438876;NaN;-1.7655350572;NaN;0.0309979856;0.1326429302;NaN;0.0937551858
37.7600158604;NaN;-0.8740125298;-2.1577438876;NaN;-1.7655350460;NaN;0.0309961362;0.1326429302;NaN;0.0937551858
37.7700158562;NaN;-0.8740125298;-2.1399142855;NaN;-1.7654926394;NaN;0.0299984740;0.1326429302;NaN;0.0937551858
37.7800158520;NaN;-0.8740125298;-2.1577438876;NaN;-1.7832798575;NaN;0.0299984740;0.1326429302;NaN;0.0937551858
37.7900158479;NaN;-0.8740125298;-2.1399613665;NaN;-1.7654926394;NaN;0.0299984740;0.1326429302;NaN;0.0937549220
37.8000158437;NaN;-0.8740125298;-2.1576968190;NaN;-1.7832798798;NaN;0.0299984740;0.1326429302;NaN;0.0927550459
37.8100158395;NaN;-0.8740125298;-2.1577438876;NaN;-1.7477053878;NaN;0.0299984740;0.1326429302;NaN;0.0927550459
37.8200158353;NaN;-0.8740125298;-2.1577438876;NaN;-1.7654926394;NaN;0.0299984740;0.1326429302;NaN;0.0927550459
37.8300158311;NaN;-0.8562487716;-2.1577438876;NaN;-1.7655349677;NaN;0.0299984740;0.1326429302;NaN;0.0927550459
37.8400158270;NaN;-0.8740125298;-2.1577438876;NaN;-1.7654926394;NaN;0.0299984740;0.1326429302;NaN;0.0927550459
37.8500158228;NaN;-0.8740125298;-2.1577438876;NaN;-1.7654926394;NaN;0.0299984740;0.1326429302;NaN;0.0927550459
37.8600158186;NaN;-0.8561829276;-2.1577438876;NaN;-1.7654926394;NaN;0.0299984740;0.1326429302;NaN;0.0927550459
37.8700158144;NaN;-0.8561829276;-2.1399612673;NaN;-1.7654926394;NaN;0.0299984740;0.1326429302;NaN;0.0927550459
37.8800158103;NaN;-0.8561829276;-2.1576969182;NaN;-1.7654926394;NaN;0.0299966304;0.1326429302;NaN;0.0927550459
37.8900158061;NaN;-0.8561829276;-2.1576969306;NaN;-1.7654926394;NaN;0.0289989615;0.1326429302;NaN;0.0927550459
37.9000158019;NaN;-0.8561829276;-2.1576969429;NaN;-1.7654926394;NaN;0.0289989615;0.1316421801;NaN;0.0927550459
37.9100157978;NaN;-0.8561829276;-2.1576969553;NaN;-1.7654926394;NaN;0.0289989615;0.1316421801;NaN;0.0927550459
37.9200157936;NaN;-0.8561829276;-2.1576969676;NaN;-1.7654926394;NaN;0.0289989615;0.1316421801;NaN;0.0927550459
37.9300157895;NaN;-0.8561829276;-2.1399142855;NaN;-1.7654926394;NaN;0.0289989615;0.1316421801;NaN;0.0927550459
37.9400157853;NaN;-0.8561172742;-2.1399142855;NaN;-1.7654504336;NaN;0.0289989615;0.1316421801;NaN;0.0927550459
37.9500157812;NaN;-0.8561172914;-2.1399142855;NaN;-1.7477052319;NaN;0.0289989615;0.1316421801;NaN;0.0927547833
37.9600157770;NaN;-0.8561173087;-2.1399142855;NaN;-1.7477052208;NaN;0.0289971218;0.1316421801;NaN;0.0917549117
37.9700157729;NaN;-0.8383533254;-2.1399142855;NaN;-1.7654926394;NaN;0.0279994485;0.1316421801;NaN;0.0917549117
37.9800157687;NaN;-0.8383533254;-2.1399611315;NaN;-1.7654926394;NaN;0.0279994485;0.1316421801;NaN;0.0917549117
37.9900157646;NaN;-0.8383533254;-2.1398674517;NaN;-1.7654504891;NaN;0.0279994485;0.1316421801;NaN;0.0917549117
38.0000157604;NaN;-0.8383533254;-2.1399142855;NaN;-1.7477051765;NaN;0.0279994485;0.1316421801;NaN;0.0917549117
38.0100157563;NaN;-0.8383533254;-2.1399142855;NaN;-1.7654505112;NaN;0.0279994485;0.1316421801;NaN;0.0917549117
38.0200157522;NaN;-0.8383533254;-2.1399142855;NaN;-1.7654926394;NaN;0.0279976117;0.1316421801;NaN;0.0917549117
38.0300157480;NaN;-0.8383533254;-2.1398675009;NaN;-1.7654505333;NaN;0.0269999351;0.1316421801;NaN;0.0917549117
38.0400157439;NaN;-0.8383533254;-2.1399142855;NaN;-1.7476630372;NaN;0.0269999351;0.1316421801;NaN;0.0917549117
38.0500157398;NaN;-0.8383533254;-2.1399142855;NaN;-1.7476630372;NaN;0.0269999351;0.1316421801;NaN;0.0917546497
38.0600157356;NaN;-0.8205891701;-2.1399142855;NaN;-1.7476630372;NaN;0.0269999351;0.1316421801;NaN;0.0907547809
38.0700157315;NaN;-0.8383533254;-2.1399142855;NaN;-1.7476630372;NaN;0.0269999351;0.1306414370;NaN;0.0907547809
38.0800157274;NaN;-0.8383533254;-2.1399142855;NaN;-1.7476630372;NaN;0.0269999351;0.1306414370;NaN;0.0907547809
38.0900157233;NaN;-0.8382879300;-2.1399142855;NaN;-1.7476630372;NaN;0.0269999351;0.1306414370;NaN;0.0907547809
38.1000157192;NaN;-0.8205237232;-2.1399142855;NaN;-1.7476630372;NaN;0.0269999351;0.1306414370;NaN;0.0907547809
38.1100157150;NaN;-0.8205237232;-2.1399142855;NaN;-1.7476630372;NaN;0.0269999351;0.1306414370;NaN;0.0907547809
38.1200157109;NaN;-0.8205237232;-2.1399142855;NaN;-1.7476210303;NaN;0.0269999351;0.1306414370;NaN;0.0907547809
38.1300157068;NaN;-0.8026941210;-2.1399142855;NaN;-1.7476210413;NaN;0.0269999351;0.1306414370;NaN;0.0907547809
38.1400157027;NaN;-0.8026941210;-2.1220846833;NaN;-1.7476630372;NaN;0.0269999351;0.1306414370;NaN;0.0907547809
38.1500156986;NaN;-0.8027594138;-2.1399142855;NaN;-1.7476630372;NaN;0.0269999351;0.1306414370;NaN;0.0907547809
38.1600156945;NaN;-0.8027593968;-2.1221313088;NaN;-1.7298334350;NaN;0.0269999351;0.1306414370;NaN;0.0907547809
38.1700156904;NaN;-0.8026941210;-2.1398676721;NaN;-1.7298334350;NaN;0.0269981054;0.1306414370;NaN;0.0907547809
38.1800156863;NaN;-0.8205237232;-2.1398676843;NaN;-1.7298753761;NaN;0.0260004206;0.1306414370;NaN;0.0907545198
38.1900156822;NaN;-0.8204584987;-2.1398676965;NaN;-1.7476211071;NaN;0.0260004206;0.1306414370;NaN;0.0897546546
38.2000156781;NaN;-0.8026941210;-2.1399142855;NaN;-1.7298334350;NaN;0.0260004206;0.1306414370;NaN;0.0897546546
38.2100156740;NaN;-0.8027593115;-2.1398677208;NaN;-1.7298334350;NaN;0.0260004206;0.1306414370;NaN;0.0897546546
38.2200156699;NaN;-0.8026941210;-2.1399142855;NaN;-1.7298008483;NaN;0.0260004206;0.1306414370;NaN;0.0897546546
38.2400130548;NaN;-0.8026941210;-2.1399142855;NaN;-1.7297357076;NaN;0.0260004206;0.1306414370;NaN;0.0897546546
38.2400313152;NaN;-0.8026941210;-2.1399142855;NaN;-1.7297915597;NaN;0.0260004206;0.1306414370;NaN;0.0897546546
38.2500156576;NaN;-0.8027592435;-2.1220846833;NaN;-1.7298334350;NaN;0.0260004206;0.1306414370;NaN;0.0897546546
38.2600156535;NaN;-0.8026941210;-2.1398677815;NaN;-1.7298334350;NaN;0.0260004206;0.1306414370;NaN;0.0897546546
38.2700156495;NaN;-0.8026941210;-2.1220846833;NaN;-1.7120038328;NaN;0.0259985957;0.1306414370;NaN;0.0897543941
38.2800156454;NaN;-0.8026941210;-2.1220846833;NaN;-1.7297916033;NaN;0.0250009055;0.1306414370;NaN;0.0887545313
38.2900156413;NaN;-0.8026941210;-2.1221311508;NaN;-1.7120038328;NaN;0.0250009055;0.1306414370;NaN;0.0887545313
38.3000156372;NaN;-0.8026941210;-2.1220846833;NaN;-1.7120038328;NaN;0.0250009055;0.1306414370;NaN;0.0887545313
38.3100156331;NaN;-0.8026941210;-2.1220846833;NaN;-1.7120038328;NaN;0.0250009055;0.1306414370;NaN;0.0887545313
38.3200156291;NaN;-0.8026941210;-2.1220846833;NaN;-1.7120038328;NaN;0.0250009055;0.1306414370;NaN;0.0887545313
38.3300156250;NaN;-0.8026941210;-2.1220846833;NaN;-1.7120038328;NaN;0.0250009055;0.1306414370;NaN;0.0887545313
38.3400156209;NaN;-0.7848645188;-2.1398678784;NaN;-1.7119620665;NaN;0.0250009055;0.1306414370;NaN;0.0887545313
38.3500156169;NaN;-0.7849294719;-2.1220846833;NaN;-1.7119620773;NaN;0.0250009055;0.1306414370;NaN;0.0887545313
38.3600156128;NaN;-0.8026291849;-2.1220846833;NaN;-1.6942159753;NaN;0.0250009055;0.1296407058;NaN;0.0887545313
38.3700156087;NaN;-0.7848645188;-2.1220846833;NaN;-1.7119620990;NaN;0.0250009055;0.1296407058;NaN;0.0887545313
38.3800156047;NaN;-0.7848645188;-2.1220846833;NaN;-1.6941742306;NaN;0.0250009055;0.1296407058;NaN;0.0887545313
38.3900156006;NaN;-0.8026292356;-2.1220846833;NaN;-1.7120038328;NaN;0.0249990863;0.1296407058;NaN;0.0887545313
38.4000155966;NaN;-0.7848645188;-2.1220846833;NaN;-1.6941742306;NaN;0.0240013895;0.1296407058;NaN;0.0887542717
38.4100155925;NaN;-0.7848645188;-2.1220846833;NaN;-1.7120038328;NaN;0.0240013895;0.1296407058;NaN;0.0877544124
38.4200155885;NaN;-0.7670997516;-2.1220846833;NaN;-1.7119621532;NaN;0.0240013895;0.1296407058;NaN;0.0877544124
38.4300155844;NaN;-0.7848645188;-2.1220846833;NaN;-1.6941742306;NaN;0.0240013895;0.1296407058;NaN;0.0877544124
38.4400155804;NaN;-0.7670997179;-2.1220846833;NaN;-1.6941742306;NaN;0.0240013895;0.1296407058;NaN;0.0877544124
38.4500155763;NaN;-0.7670349166;-2.1220384087;NaN;-1.6941742306;NaN;0.0240013895;0.1296407058;NaN;0.0877544124
38.4600155723;NaN;-0.7670349166;-2.1042550811;NaN;-1.6941742306;NaN;0.0240013895;0.1296407058;NaN;0.0877544124
38.4700155682;NaN;-0.7670349166;-2.1220384327;NaN;-1.6941742306;NaN;0.0240013895;0.1286399790;NaN;0.0877544124
38.4800155642;NaN;-0.7670349166;-2.1043013197;NaN;-1.6941742306;NaN;0.0239995746;0.1286399790;NaN;0.0877544124
38.4900155602;NaN;-0.7847998016;-2.1042550811;NaN;-1.6941742306;NaN;0.0230018729;0.1286399790;NaN;0.0877541535
38.5000155561;NaN;-0.7670349166;-2.1043012957;NaN;-1.6941742306;NaN;0.0230018729;0.1286399790;NaN;0.0867542966
38.5100155521;NaN;-0.7670349166;-2.1220846833;NaN;-1.6763862108;NaN;0.0230018729;0.1286399790;NaN;0.0867542966
38.5200155481;NaN;-0.7670349166;-2.1220846833;NaN;-1.6941742306;NaN;0.0230018729;0.1286399790;NaN;0.0867542966
38.5300155440;NaN;-0.7670349166;-2.1042550811;NaN;-1.6941326698;NaN;0.0230018729;0.1286399790;NaN;0.0867542966
38.5400155400;NaN;-0.7670349166;-2.1043012478;NaN;-1.6941742306;NaN;0.0230018729;0.1286399790;NaN;0.0867542966
38.5500155360;NaN;-0.7670349166;-2.1042550811;NaN;-1.6941326913;NaN;0.0230018729;0.1286399790;NaN;0.0867542966
38.5600155320;NaN;-0.7670349166;-2.1042550811;NaN;-1.6941327021;NaN;0.0230018729;0.1286399790;NaN;0.0867542966
38.5700155280;NaN;-0.7669703334;-2.1042550811;NaN;-1.6763861463;NaN;0.0230018729;0.1286399790;NaN;0.0867542966
38.5800155239;NaN;-0.7492053145;-2.1042550811;NaN;-1.6763446285;NaN;0.0230018729;0.1286399790;NaN;0.0867542966
38.5900155199;NaN;-0.7492053145;-2.1042550811;NaN;-1.6941327343;NaN;0.0230018729;0.1286399790;NaN;0.0867542966
38.6000155159;NaN;-0.7492053145;-2.1042550811;NaN;-1.6763031428;NaN;0.0230018729;0.1286399790;NaN;0.0867542966
38.6100155119;NaN;-0.7492053145;-2.1220846833;NaN;-1.6763446285;NaN;0.0230018729;0.1286399790;NaN;0.0867542966
38.6200155079;NaN;-0.7492053145;-2.1220846833;NaN;-1.6763446285;NaN;0.0230018729;0.1286399790;NaN;0.0867542966
38.6300155039;NaN;-0.7491408313;-2.1042550811;NaN;-1.6585564797;NaN;0.0230018729;0.1286399790;NaN;0.0867542966
38.6400154999;NaN;-0.7491408479;-2.1220386357;NaN;-1.6763031857;NaN;0.0230000655;0.1286399790;NaN;0.0867540387
38.6500154959;NaN;-0.7492053145;-2.1042550811;NaN;-1.6763031964;NaN;0.0220023553;0.1286399790;NaN;0.0857541858
38.6600154919;NaN;-0.7313757123;-2.1042550811;NaN;-1.6585150263;NaN;0.0220023553;0.1286399790;NaN;0.0857541858
38.6700154879;NaN;-0.7491408978;-2.1042550811;NaN;-1.6585150263;NaN;0.0220023553;0.1286399790;NaN;0.0857541858
38.6800154839;NaN;-0.7491409144;-2.1220386833;NaN;-1.6585150263;NaN;0.0220023553;0.1286399790;NaN;0.0857541858
38.6900154799;NaN;-0.7313757123;-2.1042550811;NaN;-1.6585150263;NaN;0.0220023553;0.1286399790;NaN;0.0857541858
38.7000154759;NaN;-0.7313757123;-2.1220387070;NaN;-1.6585150263;NaN;0.0220023553;0.1286399790;NaN;0.0857541858
38.7100154719;NaN;-0.7313757123;-2.1042550811;NaN;-1.6585150263;NaN;0.0220023553;0.1286399790;NaN;0.0857541858
38.7200154679;NaN;-0.7313757123;-2.1042550811;NaN;-1.6585150263;NaN;0.0220014536;0.1286399790;NaN;0.0857541858
38.7300154639;NaN;-0.7313757123;-2.1042550811;NaN;-1.6585150263;NaN;0.0215017591;0.1286399790;NaN;0.0857539285
38.7400154599;NaN;-0.7313757123;-2.1042550811;NaN;-1.6585150263;NaN;0.0210030950;0.1286399790;NaN;0.0847540780
38.7500154560;NaN;-0.7313114284;-2.1042091640;NaN;-1.6585150263;NaN;0.0210030950;0.1286399790;NaN;0.0847540780
38.7600154520;NaN;-0.7313757123;-2.1042091758;NaN;-1.6585150263;NaN;0.0210030950;0.1286399790;NaN;0.0847540780
38.7700154480;NaN;-0.7313757123;-2.0864713723;NaN;-1.6585150263;NaN;0.0210030950;0.1286399790;NaN;0.0847540780
38.7800154440;NaN;-0.7313114780;-2.1042550811;NaN;-1.6585150263;NaN;0.0210030950;0.1276392647;NaN;0.0847540780
38.7900154400;NaN;-0.7313114945;-2.0864713487;NaN;-1.6407267069;NaN;0.0210030950;0.1276392647;NaN;0.0847540780
38.8000154361;NaN;-0.7135461101;-2.1042550811;NaN;-1.6406854241;NaN;0.0210030950;0.1276392647;NaN;0.0847540780
38.8100154321;NaN;-0.7135461101;-2.0864713251;NaN;-1.6585150263;NaN;0.0210030950;0.1276392647;NaN;0.0847540780
38.8200154281;NaN;-0.7135461101;-2.0864713133;NaN;-1.6584737753;NaN;0.0210012959;0.1276392647;NaN;0.0847538213
38.8300154242;NaN;-0.7135461101;-2.0864254789;NaN;-1.6406854241;NaN;0.0200035762;0.1276392647;NaN;0.0837539732
38.8400154202;NaN;-0.7135461101;-2.0864254789;NaN;-1.6406854241;NaN;0.0200035762;0.1276392647;NaN;0.0837539732
38.8600128469;NaN;-0.7135461101;-2.0864254789;NaN;-1.6406854241;NaN;0.0200035762;0.1276392647;NaN;0.0837539732
38.8600308166;NaN;-0.7135461101;-2.0864254789;NaN;-1.6406442154;NaN;0.0200017789;0.1276392647;NaN;0.0837539732
38.8700154083;NaN;-0.7134820242;-2.0864254789;NaN;-1.6406854241;NaN;0.0190040570;0.1276392647;NaN;0.0837539732
38.8800154044;NaN;-0.7135461101;-2.1042093172;NaN;-1.6406854241;NaN;0.0190040570;0.1276392647;NaN;0.0837539732
38.8900154004;NaN;-0.7135461101;-2.0864254789;NaN;-1.6406442472;NaN;0.0190040570;0.1276392647;NaN;0.0837537169
38.9000153965;NaN;-0.6957165079;-2.0864254789;NaN;-1.6406442577;NaN;0.0190040570;0.1276392647;NaN;0.0827538707
38.9100153925;NaN;-0.6957165079;-2.0864712075;NaN;-1.6406854241;NaN;0.0190040570;0.1276392647;NaN;0.0827538707
38.9200153886;NaN;-0.6957165079;-2.0864254789;NaN;-1.6228558219;NaN;0.0190040570;0.1276392647;NaN;0.0827538707
38.9300153846;NaN;-0.6779508930;-2.0864254789;NaN;-1.6228558219;NaN;0.0190040570;0.1276392647;NaN;0.0827538707
38.9400153807;NaN;-0.6957165079;-2.0864254789;NaN;-1.6228558219;NaN;0.0190040570;0.1276392647;NaN;0.0827538707
38.9500153767;NaN;-0.6957165079;-2.0864254789;NaN;-1.6228558219;NaN;0.0190040570;0.1276392647;NaN;0.0827538707
38.9600153728;NaN;-0.6779508438;-2.0864254789;NaN;-1.6228558219;NaN;0.0190040570;0.1276392647;NaN;0.0827538707
38.9700153689;NaN;-0.6778869057;-2.0864254789;NaN;-1.6228558219;NaN;0.0190040570;0.1276392647;NaN;0.0827538707
38.9800153649;NaN;-0.6956526025;-2.0864254789;NaN;-1.6228558219;NaN;0.0190022653;0.1276392647;NaN;0.0827538707
38.9900153610;NaN;-0.6956526189;-2.0864254789;NaN;-1.6228558219;NaN;0.0180045371;0.1276392647;NaN;0.0827538707
39.0000153571;NaN;-0.6957165079;-2.0863798555;NaN;-1.6228147609;NaN;0.0180045371;0.1276392647;NaN;0.0827538707
39.0100153531;NaN;-0.6779507620;-2.0864254789;NaN;-1.6228558219;NaN;0.0180045371;0.1276392647;NaN;0.0827538707
39.0200153492;NaN;-0.6778869057;-2.0863798789;NaN;-1.6050262197;NaN;0.0180045371;0.1276392647;NaN;0.0827538707
39.0300153453;NaN;-0.6778869057;-2.0864254789;NaN;-1.6050262197;NaN;0.0180045371;0.1276392647;NaN;0.0827536154
39.0400153413;NaN;-0.6778869057;-2.0864254789;NaN;-1.6050262197;NaN;0.0180045371;0.1266385607;NaN;0.0817537728
39.0500153374;NaN;-0.6778869057;-2.0864254789;NaN;-1.6228148133;NaN;0.0180045371;0.1266385607;NaN;0.0817537728
39.0600153335;NaN;-0.6778869057;-2.0686414301;NaN;-1.6050262197;NaN;0.0180045371;0.1266385607;NaN;0.0817537728
39.0700153296;NaN;-0.6778869057;-2.0863799371;NaN;-1.6050262197;NaN;0.0180045371;0.1266385607;NaN;0.0817537728
39.0800153257;NaN;-0.6778869057;-2.0863799487;NaN;-1.6050262197;NaN;0.0180045371;0.1266385607;NaN;0.0817537728
39.0900153218;NaN;-0.6778869057;-2.0863799604;NaN;-1.6228148552;NaN;0.0180045371;0.1266385607;NaN;0.0817537728
39.1000153178;NaN;-0.6778869057;-2.0685958767;NaN;-1.6050262197;NaN;0.0180045371;0.1256378591;NaN;0.0817537728
39.1100153139;NaN;-0.6778232123;-2.0685958767;NaN;-1.6050262197;NaN;0.0180045371;0.1256378591;NaN;0.0817537728
39.1200153100;NaN;-0.6778869057;-2.0685958767;NaN;-1.6050262197;NaN;0.0180045371;0.1256378591;NaN;0.0817535180
39.1300153061;NaN;-0.6778232448;-2.0685958767;NaN;-1.6050262197;NaN;0.0180045371;0.1256378591;NaN;0.0807536779
39.1400153022;NaN;-0.6601209482;-2.0685958767;NaN;-1.5872375319;NaN;0.0180045371;0.1246371590;NaN;0.0807536779
39.1500152983;NaN;-0.6778869057;-2.0508117234;NaN;-1.5872375215;NaN;0.0180045371;0.1246371590;NaN;0.0807536779
39.1600152944;NaN;-0.6601209157;-2.0507662745;NaN;-1.6049853261;NaN;0.0180045371;0.1246371590;NaN;0.0807536779
39.1700152905;NaN;-0.6601208995;-2.0685504509;NaN;-1.6050262197;NaN;0.0180045371;0.1246371590;NaN;0.0807536779
39.1800152866;NaN;-0.6601208833;-2.0508116887;NaN;-1.5871966175;NaN;0.0180027546;0.1246371590;NaN;0.0807536779
39.1900152827;NaN;-0.6600573035;-2.0507662745;NaN;-1.5872374798;NaN;0.0170050159;0.1246371590;NaN;0.0807536779
39.2000152788;NaN;-0.6600573035;-2.0507662745;NaN;-1.5871966175;NaN;0.0170050159;0.1246371590;NaN;0.0807536779
39.2100152749;NaN;-0.6600573035;-2.0507662745;NaN;-1.5871966175;NaN;0.0170050159;0.1246371590;NaN;0.0807536779
39.2200152711;NaN;-0.6778233906;-2.0507662745;NaN;-1.5871966175;NaN;0.0170050159;0.1236364620;NaN;0.0807536779
39.2300152672;NaN;-0.6600573035;-2.0507662745;NaN;-1.5871966175;NaN;0.0170050159;0.1236364620;NaN;0.0807536779
39.2400152633;NaN;-0.6601207863;-2.0507662745;NaN;-1.5871966175;NaN;0.0170050159;0.1236364620;NaN;0.0807534239
39.2500152594;NaN;-0.6778234390;-2.0507662745;NaN;-1.5871966175;NaN;0.0170050159;0.1236364620;NaN;0.0797535868
39.2600152555;NaN;-0.6778869057;-2.0507209527;NaN;-1.5871966175;NaN;0.0170050159;0.1236364620;NaN;0.0797535868
39.2700152517;NaN;-0.6600573035;-2.0507662745;NaN;-1.5871966175;NaN;0.0170050159;0.1236364620;NaN;0.0797535868
39.2800152478;NaN;-0.6600573035;-2.0507209757;NaN;-1.5871966175;NaN;0.0170050159;0.1236364620;NaN;0.0797535868
39.2900152439;NaN;-0.6600573035;-2.0329366723;NaN;-1.5871966175;NaN;0.0170050159;0.1226357678;NaN;0.0797535868
39.3000152400;NaN;-0.6600573035;-2.0507209987;NaN;-1.5694077635;NaN;0.0170050159;0.1226357678;NaN;0.0797535868
39.3100152362;NaN;-0.6600573035;-2.0329366723;NaN;-1.5693670153;NaN;0.0170050159;0.1226357678;NaN;0.0797535868
39.3200152323;NaN;-0.6600573035;-2.0329366723;NaN;-1.5693670153;NaN;0.0170050159;0.1226357678;NaN;0.0797533333
39.3300152284;NaN;-0.6600573035;-2.0329366723;NaN;-1.5694077325;NaN;0.0170050159;0.1226357678;NaN;0.0787534984
39.3400152246;NaN;-0.6600573035;-2.0329366723;NaN;-1.5693670153;NaN;0.0170050159;0.1226357678;NaN;0.0787534984
39.3500152207;NaN;-0.6600573035;-2.0329366723;NaN;-1.5693670153;NaN;0.0170050159;0.1226357678;NaN;0.0787534984
39.3600152168;NaN;-0.6600573035;-2.0329818792;NaN;-1.5693670153;NaN;0.0170050159;0.1226357678;NaN;0.0787534984
39.3700152130;NaN;-0.6600573035;-2.0329366723;NaN;-1.5693670153;NaN;0.0170050159;0.1226357678;NaN;0.0787534984
39.3800152091;NaN;-0.6600573035;-2.0329366723;NaN;-1.5693670153;NaN;0.0170050159;0.1226357678;NaN;0.0787534984
39.3900152053;NaN;-0.6600573035;-2.0329366723;NaN;-1.5693670153;NaN;0.0170029898;0.1226357678;NaN;0.0787534984
39.4000152014;NaN;-0.6600573035;-2.0151070701;NaN;-1.5871559725;NaN;0.0160054934;0.1226357678;NaN;0.0787534984
39.4100151976;NaN;-0.6422909108;-2.0329366723;NaN;-1.5693670153;NaN;0.0160054934;0.1226357678;NaN;0.0787534984
39.4200151937;NaN;-0.6600573035;-2.0329366723;NaN;-1.5693670153;NaN;0.0160054934;0.1226357678;NaN;0.0787534984
39.4300151899;NaN;-0.6600573035;-2.0328915455;NaN;-1.5693264012;NaN;0.0160054934;0.1226357678;NaN;0.0787534984
39.4400151860;NaN;-0.6599941419;-2.0329366723;NaN;-1.5515780170;NaN;0.0160054934;0.1226357678;NaN;0.0787534984
39.4500151822;NaN;-0.6422277013;-2.0329366723;NaN;-1.5515780067;NaN;0.0160054934;0.1226357678;NaN;0.0787534984
39.4600151783;NaN;-0.6422277013;-2.0329005982;NaN;-1.5515374131;NaN;0.0160054934;0.1226357678;NaN;0.0787534984
39.4800126454;NaN;-0.6422277013;-2.0328375074;NaN;-1.5515374131;NaN;0.0160054934;0.1226357678;NaN;0.0787534984
39.4800303337;NaN;-0.6422277013;-2.0329366723;NaN;-1.5515374131;NaN;0.0160054934;0.1226357678;NaN;0.0787532459
39.4900151668;NaN;-0.6422277013;-2.0151521285;NaN;-1.5515374131;NaN;0.0160054934;0.1226357678;NaN;0.0777534150
39.5000151630;NaN;-0.6422277013;-2.0329366723;NaN;-1.5515374131;NaN;0.0160054934;0.1226357678;NaN;0.0777534150
39.5100151592;NaN;-0.6422277013;-2.0329366723;NaN;-1.5515374131;NaN;0.0160054934;0.1226357678;NaN;0.0777534150
39.5200151553;NaN;-0.6422277013;-2.0329366723;NaN;-1.5693264935;NaN;0.0160054934;0.1226357678;NaN;0.0777534150
39.5300151515;NaN;-0.6422277013;-2.0328916594;NaN;-1.5693265037;NaN;0.0160054934;0.1226357678;NaN;0.0777534150
39.5400151477;NaN;-0.6422277013;-2.0329366723;NaN;-1.5515374131;NaN;0.0160054934;0.1226357678;NaN;0.0777534150
39.5500151439;NaN;-0.6422277013;-2.0329366723;NaN;-1.5515374131;NaN;0.0160037274;0.1226357678;NaN;0.0777534150
39.5600151400;NaN;-0.6244610695;-2.0151520489;NaN;-1.5515374131;NaN;0.0150059698;0.1226357678;NaN;0.0777534150
39.5700151362;NaN;-0.6422277013;-2.0329366723;NaN;-1.5337482816;NaN;0.0150059698;0.1226357678;NaN;0.0777534150
39.5800151324;NaN;-0.6422277013;-2.0329366723;NaN;-1.5515374131;NaN;0.0150059698;0.1226357678;NaN;0.0777534150
39.5900151286;NaN;-0.6422277013;-2.0329366723;NaN;-1.5515374131;NaN;0.0150059698;0.1226357678;NaN;0.0777534150
39.6000151248;NaN;-0.6244610060;-2.0151520036;NaN;-1.5515374131;NaN;0.0150059698;0.1226357678;NaN;0.0777534150
39.6100151210;NaN;-0.6422277013;-2.0329366723;NaN;-1.5515374131;NaN;0.0150059698;0.1226357678;NaN;0.0777534150
39.6200151172;NaN;-0.6422277013;-2.0329366723;NaN;-1.5515374131;NaN;0.0150059698;0.1226357678;NaN;0.0777534150
39.6300151134;NaN;-0.6422277013;-2.0151070701;NaN;-1.5515374131;NaN;0.0150059698;0.1226357678;NaN;0.0777531635
39.6400151095;NaN;-0.6421648578;-2.0151519583;NaN;-1.5515374131;NaN;0.0150059698;0.1226357678;NaN;0.0767533365
39.6500151057;NaN;-0.6243980991;-2.0151519470;NaN;-1.5515374131;NaN;0.0150059698;0.1226357678;NaN;0.0767533365
39.6600151019;NaN;-0.6243980991;-2.0151070701;NaN;-1.5514970340;NaN;0.0150059698;0.1226357678;NaN;0.0767533365
39.6700150981;NaN;-0.6421649052;-2.0329366723;NaN;-1.5337481798;NaN;0.0150059698;0.1226357678;NaN;0.0767533365
39.6800150943;NaN;-0.6243980991;-2.0328918292;NaN;-1.5514970544;NaN;0.0150059698;0.1226357678;NaN;0.0767533365
39.6900150905;NaN;-0.6243980991;-2.0329366723;NaN;-1.5337481595;NaN;0.0150059698;0.1226357678;NaN;0.0767533365
39.7000150867;NaN;-0.6244608478;-2.0329366723;NaN;-1.5337078109;NaN;0.0150059698;0.1226357678;NaN;0.0767533365
39.7100150830;NaN;-0.6243980991;-2.0329366723;NaN;-1.5514970848;NaN;0.0150059698;0.1226357678;NaN;0.0767533365
39.7200150792;NaN;-0.6243980991;-2.0329366723;NaN;-1.5337481291;NaN;0.0150059698;0.1226357678;NaN;0.0767533365
39.7300150754;NaN;-0.6243980991;-2.0329366723;NaN;-1.5337481190;NaN;0.0150059698;0.1226357678;NaN;0.0767533365
39.7400150716;NaN;-0.6243980991;-2.0329366723;NaN;-1.5514971152;NaN;0.0150059698;0.1226357678;NaN;0.0767533365
39.7500150678;NaN;-0.6243980991;-2.0328919080;NaN;-1.5337078109;NaN;0.0150059698;0.1226357678;NaN;0.0767533365
39.7600150640;NaN;-0.6243980991;-2.0329366723;NaN;-1.5337078109;NaN;0.0150059698;0.1226357678;NaN;0.0767533365
39.7700150602;NaN;-0.6243980991;-2.0329366723;NaN;-1.5337078109;NaN;0.0150059698;0.1226357678;NaN;0.0767533365
39.7800150565;NaN;-0.6243980991;-2.0329366723;NaN;-1.5337078109;NaN;0.0150059698;0.1226357678;NaN;0.0767533365
39.7900150527;NaN;-0.6243980991;-2.0329366723;NaN;-1.5337078109;NaN;0.0150059698;0.1226357678;NaN;0.0767533365
39.8000150489;NaN;-0.6243980991;-2.0329366723;NaN;-1.5337078109;NaN;0.0150059698;0.1226357678;NaN;0.0767530860
39.8100150451;NaN;-0.6243980991;-2.0328919754;NaN;-1.5158782087;NaN;0.0150059698;0.1226357678;NaN;0.0757532633
39.8200150414;NaN;-0.6243980991;-2.0329366723;NaN;-1.5336675938;NaN;0.0150042158;0.1226357678;NaN;0.0757532633
39.8300150376;NaN;-0.6243355548;-2.0329366723;NaN;-1.5337078109;NaN;0.0140046909;0.1226357678;NaN;0.0757532633
39.8400150338;NaN;-0.6243355704;-2.0329366723;NaN;-1.5336676139;NaN;0.0130069191;0.1226357678;NaN;0.0757532633
39.8500150301;NaN;-0.6243355861;-2.0329366723;NaN;-1.5337078109;NaN;0.0130069191;0.1226357678;NaN;0.0757532633
39.8600150263;NaN;-0.6066309943;-2.0329366723;NaN;-1.5337078109;NaN;0.0130069191;0.1226357678;NaN;0.0757532633
39.8700150225;NaN;-0.6243980991;-2.0329366723;NaN;-1.5336676441;NaN;0.0130069191;0.1226357678;NaN;0.0757532633
39.8800150188;NaN;-0.6065684969;-2.0151070701;NaN;-1.5337078109;NaN;0.0130069191;0.1226357678;NaN;0.0757532633
39.8900150150;NaN;-0.6065684969;-2.0328920648;NaN;-1.5336676642;NaN;0.0130069191;0.1226357678;NaN;0.0757532633
39.9000150113;NaN;-0.6243356643;-2.0151070701;NaN;-1.5336676742;NaN;0.0130069191;0.1226357678;NaN;0.0757532633
39.9100150075;NaN;-0.6065684969;-2.0151070701;NaN;-1.5158782087;NaN;0.0130069191;0.1226357678;NaN;0.0757532633
39.9200150038;NaN;-0.6066309005;-2.0151070701;NaN;-1.5336676943;NaN;0.0130069191;0.1226357678;NaN;0.0757530136
39.9300150000;NaN;-0.6243357111;-2.0151070701;NaN;-1.5336677043;NaN;0.0130069191;0.1216350979;NaN;0.0747531939
39.9400149963;NaN;-0.6065061245;-2.0329366723;NaN;-1.5158782087;NaN;0.0130069191;0.1216350979;NaN;0.0747531939
39.9500149925;NaN;-0.6065061401;-2.0151070701;NaN;-1.5158782087;NaN;0.0130051708;0.1216350979;NaN;0.0747531939
39.9600149888;NaN;-0.6065684969;-2.0151515996;NaN;-1.5158782087;NaN;0.0120073930;0.1216350979;NaN;0.0747531939
39.9700149850;NaN;-0.6065684969;-2.0151070701;NaN;-1.5158782087;NaN;0.0120073930;0.1216350979;NaN;0.0747531939
39.9800149813;NaN;-0.5887388947;-2.0151070701;NaN;-1.5158381522;NaN;0.0120073930;0.1216350979;NaN;0.0747531939
39.9900149775;NaN;-0.6065062023;-2.0151070701;NaN;-1.5158782087;NaN;0.0120073930;0.1216350979;NaN;0.0747531939
40.0000149738;NaN;-0.6065684969;-2.0151070701;NaN;-1.5158782087;NaN;0.0120073930;0.1206344308;NaN;0.0747531939
40.0100149701;NaN;-0.6065062334;-2.0151070701;NaN;-1.5158782087;NaN;0.0120073930;0.1206344308;NaN;0.0747531939
40.0200149663;NaN;-0.5887388947;-2.0151070701;NaN;-1.5158381922;NaN;0.0120073930;0.1206344308;NaN;0.0747531939
40.0300149626;NaN;-0.5887388947;-1.9973219197;NaN;-1.5158782087;NaN;0.0120073930;0.1206344308;NaN;0.0747531939
40.0400149589;NaN;-0.5887388947;-2.0151070701;NaN;-1.5158782087;NaN;0.0120073930;0.1206344308;NaN;0.0747531939
40.0500149551;NaN;-0.5887388947;-2.0151070701;NaN;-1.5158782087;NaN;0.0120056491;0.1206344308;NaN;0.0747531939
40.0600149514;NaN;-0.5887388947;-2.0151070701;NaN;-1.5158382320;NaN;0.0110078663;0.1206344308;NaN;0.0747531939
40.0700149477;NaN;-0.5887388947;-1.9972774679;NaN;-1.5158782087;NaN;0.0110078663;0.1206344308;NaN;0.0747531939
40.0900124533;NaN;-0.5887388947;-1.9972419508;NaN;-1.5158782087;NaN;0.0110078663;0.1206344308;NaN;0.0747531939
40.1000124502;NaN;-0.5887388947;-1.9971798333;NaN;-1.5158782087;NaN;0.0110078663;0.1206344308;NaN;0.0747531939
40.1000298656;NaN;-0.5887388947;-1.9972774679;NaN;-1.5158782087;NaN;0.0110078663;0.1206344308;NaN;0.0747531939
40.1100149328;NaN;-0.5887388947;-1.9972774679;NaN;-1.5158782087;NaN;0.0110078663;0.1206344308;NaN;0.0747531939
40.1200149291;NaN;-0.5886768016;-1.9972774679;NaN;-1.5158382917;NaN;0.0110078663;0.1206344308;NaN;0.0747531939
40.1300149254;NaN;-0.5886768170;-1.9972774679;NaN;-1.5158782087;NaN;0.0110078663;0.1206344308;NaN;0.0747531939
40.1400149217;NaN;-0.5886768325;-1.9972331377;NaN;-1.5158782087;NaN;0.0110078663;0.1206344308;NaN;0.0747531939
40.1500149180;NaN;-0.5887388947;-1.9794921849;NaN;-1.5158782087;NaN;0.0110061267;0.1196337692;NaN;0.0747531939
40.1600149142;NaN;-0.5709092925;-1.9972774679;NaN;-1.5158782087;NaN;0.0100083389;0.1196337692;NaN;0.0747531939
40.1700149105;NaN;-0.5709092925;-1.9972774679;NaN;-1.5158782087;NaN;0.0100083389;0.1196337692;NaN;0.0747531939
40.1800149068;NaN;-0.5709092925;-1.9794478657;NaN;-1.5158782087;NaN;0.0100083389;0.1196337692;NaN;0.0747531939
40.1900149031;NaN;-0.5709092925;-1.9794921409;NaN;-1.5158782087;NaN;0.0100083389;0.1196337692;NaN;0.0747531939
40.2000148994;NaN;-0.5709092925;-1.9972774679;NaN;-1.5158782087;NaN;0.0100083389;0.1196337692;NaN;0.0747531939
40.2100148957;NaN;-0.5709092925;-1.9972774679;NaN;-1.5158383809;NaN;0.0100083389;0.1196337692;NaN;0.0747531939
40.2200148920;NaN;-0.5709092925;-1.9794478657;NaN;-1.5158782087;NaN;0.0100083389;0.1196337692;NaN;0.0747531939
40.2300148883;NaN;-0.5709092925;-1.9794478657;NaN;-1.4980486065;NaN;0.0100083389;0.1196337692;NaN;0.0747531939
40.2400148846;NaN;-0.5709092925;-1.9794478657;NaN;-1.5158782087;NaN;0.0100083389;0.1196337692;NaN;0.0747531939
40.2500148810;NaN;-0.5709092925;-1.9794478657;NaN;-1.4980486065;NaN;0.0100083389;0.1196337692;NaN;0.0747531939
40.2600148773;NaN;-0.5709092925;-1.9972332696;NaN;-1.4980883850;NaN;0.0100083389;0.1196337692;NaN;0.0747531939
40.2700148736;NaN;-0.5709092925;-1.9794478657;NaN;-1.5158384401;NaN;0.0100083389;0.1186331120;NaN;0.0747531939
40.2800148699;NaN;-0.5709092925;-1.9794478657;NaN;-1.4980883653;NaN;0.0100083389;0.1186331120;NaN;0.0747531939
40.2900148662;NaN;-0.5530796903;-1.9794478657;NaN;-1.4980486065;NaN;0.0100083389;0.1186331120;NaN;0.0747531939
40.3000148625;NaN;-0.5709092925;-1.9794478657;NaN;-1.4980486065;NaN;0.0100083389;0.1186331120;NaN;0.0747531939
40.3100148588;NaN;-0.5709092925;-1.9794478657;NaN;-1.5158782087;NaN;0.0100083389;0.1186331120;NaN;0.0747531939
40.3200148552;NaN;-0.5709092925;-1.9616623962;NaN;-1.5158782087;NaN;0.0100083389;0.1186331120;NaN;0.0747531939
40.3300148515;NaN;-0.5530796903;-1.9794037440;NaN;-1.5158384991;NaN;0.0100083389;0.1186331120;NaN;0.0747531939
40.3400148478;NaN;-0.5709092925;-1.9616182635;NaN;-1.4980486065;NaN;0.0100083389;0.1176324574;NaN;0.0747531939
40.3500148441;NaN;-0.5709092925;-1.9616623635;NaN;-1.5158385188;NaN;0.0100083389;0.1176324574;NaN;0.0747531939
40.3600148405;NaN;-0.5530796903;-1.9616182635;NaN;-1.4980486065;NaN;0.0100083389;0.1176324574;NaN;0.0747531939
40.3700148368;NaN;-0.5530796903;-1.9616182635;NaN;-1.4980882768;NaN;0.0100083389;0.1176324574;NaN;0.0747531939
40.3800148331;NaN;-0.5531413845;-1.9616623308;NaN;-1.5158385482;NaN;0.0100083389;0.1176324574;NaN;0.0747531939
40.3900148295;NaN;-0.5708476137;-1.9616182635;NaN;-1.4980486065;NaN;0.0100083389;0.1176324574;NaN;0.0747531939
40.4000148258;NaN;-0.5531413540;-1.9616623090;NaN;-1.5158782087;NaN;0.0100083389;0.1176324574;NaN;0.0747531939
40.4100148221;NaN;-0.5531413388;-1.9794038311;NaN;-1.4980486065;NaN;0.0100083389;0.1176324574;NaN;0.0747531939
40.4200148185;NaN;-0.5531413235;-1.9616182635;NaN;-1.4980486065;NaN;0.0100083389;0.1176324574;NaN;0.0747531939
40.4300148148;NaN;-0.5708476746;-1.9616182635;NaN;-1.4980486065;NaN;0.0100083389;0.1166318062;NaN;0.0747531939
40.4400148112;NaN;-0.5708476898;-1.9616622655;NaN;-1.4980486065;NaN;0.0100083389;0.1166318062;NaN;0.0747531939
40.4500148075;NaN;-0.5530796903;-1.9616182635;NaN;-1.4980486065;NaN;0.0100083389;0.1166318062;NaN;0.0747529475
40.4600148038;NaN;-0.5530796903;-1.9794038855;NaN;-1.4802190043;NaN;0.0100083389;0.1166318062;NaN;0.0737531408
40.4700148002;NaN;-0.5530796903;-1.9794038963;NaN;-1.4980090340;NaN;0.0100083389;0.1166318062;NaN;0.0737531408
40.4800147965;NaN;-0.5530796903;-1.9616182635;NaN;-1.4802585671;NaN;0.0100083389;0.1166318062;NaN;0.0737531408
40.4900147929;NaN;-0.5530796903;-1.9616622113;NaN;-1.4802190043;NaN;0.0100066139;0.1166318062;NaN;0.0737528947
40.5000147893;NaN;-0.5530181787;-1.9616182635;NaN;-1.4802190043;NaN;0.0090088094;0.1166318062;NaN;0.0727530890
40.5100147856;NaN;-0.5353115847;-1.9616182635;NaN;-1.4802190043;NaN;0.0090088094;0.1166318062;NaN;0.0727530890
40.5200147820;NaN;-0.5530796903;-1.9616182635;NaN;-1.4802190043;NaN;0.0090088094;0.1166318062;NaN;0.0727530890
40.5300147783;NaN;-0.5530796903;-1.9616182635;NaN;-1.4802190043;NaN;0.0090088094;0.1166318062;NaN;0.0727530890
40.5400147747;NaN;-0.5530182392;-1.9616182635;NaN;-1.4802190043;NaN;0.0090088094;0.1166318062;NaN;0.0727528431
40.5500147710;NaN;-0.5530796903;-1.9616182635;NaN;-1.4802190043;NaN;0.0090088094;0.1166318062;NaN;0.0717530387
40.5600147674;NaN;-0.5352500881;-1.9616182635;NaN;-1.4801795195;NaN;0.0090088094;0.1166318062;NaN;0.0717530387
40.5700147638;NaN;-0.5352500881;-1.9616182635;NaN;-1.4801795292;NaN;0.0090088094;0.1166318062;NaN;0.0717530387
40.5800147601;NaN;-0.5352500881;-1.9616182635;NaN;-1.4624288676;NaN;0.0090088094;0.1166318062;NaN;0.0717530387
40.5900147565;NaN;-0.5353114637;-1.9438325010;NaN;-1.4623894021;NaN;0.0090088094;0.1166318062;NaN;0.0717527931
40.6000147529;NaN;-0.5352500881;-1.9616182635;NaN;-1.4623894021;NaN;0.0090088094;0.1166318062;NaN;0.0707529899
40.6100147493;NaN;-0.5353114335;-1.9616182635;NaN;-1.4623894021;NaN;0.0090068438;0.1166318062;NaN;0.0707529899
40.6200147456;NaN;-0.5352500881;-1.9616182635;NaN;-1.4623894021;NaN;0.0080095253;0.1166318062;NaN;0.0707529899
40.6300147420;NaN;-0.5351887729;-1.9616182635;NaN;-1.4445598000;NaN;0.0080095253;0.1166318062;NaN;0.0707529899
40.6400147384;NaN;-0.5351887879;-1.9616182635;NaN;-1.4623499949;NaN;0.0080095253;0.1166318062;NaN;0.0707529899
40.6500147348;NaN;-0.5352500881;-1.9616182635;NaN;-1.4445598000;NaN;0.0080095253;0.1166318062;NaN;0.0707529899
40.6600147312;NaN;-0.5352500881;-1.9615744992;NaN;-1.4445598000;NaN;0.0080095253;0.1166318062;NaN;0.0707529899
40.6700147275;NaN;-0.5352500881;-1.9616182635;NaN;-1.4445598000;NaN;0.0080095253;0.1166318062;NaN;0.0707529899
40.6800147239;NaN;-0.5352500881;-1.9616182635;NaN;-1.4445598000;NaN;0.0080095253;0.1166318062;NaN;0.0707529899
40.7000122669;NaN;-0.5351976096;-1.9437886613;NaN;-1.4445598000;NaN;0.0080095253;0.1166318062;NaN;0.0707529899
40.7100122639;NaN;-0.5174204860;-1.9616182635;NaN;-1.4445598000;NaN;0.0080095253;0.1166318062;NaN;0.0707529899
40.7200122609;NaN;-0.5174204860;-1.9616182635;NaN;-1.4445598000;NaN;0.0080095253;0.1166318062;NaN;0.0707512748
40.7200294118;NaN;-0.5174816660;-1.9438323613;NaN;-1.4445598000;NaN;0.0080095253;0.1166318062;NaN;0.0697529448
40.7300147059;NaN;-0.5174204860;-1.9615745742;NaN;-1.4445598000;NaN;0.0080080554;0.1166318062;NaN;0.0697529448
40.7400147023;NaN;-0.5174204860;-1.9615745849;NaN;-1.4445204892;NaN;0.0070097491;0.1166318062;NaN;0.0697529448
40.7500146987;NaN;-0.5351889531;-1.9616182635;NaN;-1.4267301978;NaN;0.0070097491;0.1166318062;NaN;0.0697529448
40.7600146951;NaN;-0.5174204860;-1.9438323185;NaN;-1.4267694892;NaN;0.0070097491;0.1166318062;NaN;0.0697529448
40.7700146915;NaN;-0.5174204860;-1.9437886613;NaN;-1.4267301978;NaN;0.0070097491;0.1166318062;NaN;0.0697529448
40.7800146879;NaN;-0.5174204860;-1.9615746277;NaN;-1.4267301978;NaN;0.0070097491;0.1166318062;NaN;0.0697529448
40.7900146843;NaN;-0.4996519590;-1.9615746384;NaN;-1.4267301978;NaN;0.0070097491;0.1166318062;NaN;0.0697527004
40.8000146807;NaN;-0.5174204860;-1.9437886613;NaN;-1.4267301978;NaN;0.0070097491;0.1166318062;NaN;0.0687529020
40.8100146771;NaN;-0.4995908838;-1.9437886613;NaN;-1.4267301978;NaN;0.0070097491;0.1166318062;NaN;0.0687529020
40.8200146735;NaN;-0.4995908838;-1.9437886613;NaN;-1.4267301978;NaN;0.0070097491;0.1166318062;NaN;0.0687529020
40.8300146699;NaN;-0.5173594705;-1.9615746810;NaN;-1.4089398198;NaN;0.0070082828;0.1166318062;NaN;0.0687529020
40.8400146663;NaN;-0.5174204860;-1.9437886613;NaN;-1.4089005956;NaN;0.0060099729;0.1166318062;NaN;0.0687529020
40.8500146628;NaN;-0.5174204860;-1.9437886613;NaN;-1.4089005956;NaN;0.0060099729;0.1166318062;NaN;0.0687529020
40.8600146592;NaN;-0.5173595152;-1.9438322119;NaN;-1.4266910023;NaN;0.0060099729;0.1166318062;NaN;0.0687529020
40.8700146556;NaN;-0.5173595301;-1.9615747236;NaN;-1.4089005956;NaN;0.0060099729;0.1166318062;NaN;0.0687526581
40.8800146520;NaN;-0.4996518248;-1.9615747342;NaN;-1.4089005956;NaN;0.0060099729;0.1166318062;NaN;0.0677528616
40.8900146484;NaN;-0.4995908838;-1.9437886613;NaN;-1.4089005956;NaN;0.0060099729;0.1166318062;NaN;0.0677528616
40.9000146449;NaN;-0.5173595747;-1.9437886613;NaN;-1.4089005956;NaN;0.0060099729;0.1156311719;NaN;0.0677528616
40.9100146413;NaN;-0.4995908838;-1.9437886613;NaN;-1.4089005956;NaN;0.0060099729;0.1156311719;NaN;0.0677528616
40.9200146377;NaN;-0.4995908838;-1.9437886613;NaN;-1.4089005956;NaN;0.0060099729;0.1156311719;NaN;0.0677528616
40.9300146341;NaN;-0.4995908838;-1.9437886613;NaN;-1.4089005956;NaN;0.0060099729;0.1156311719;NaN;0.0677526181
40.9400146306;NaN;-0.4996517356;-1.9437886613;NaN;-1.4088614765;NaN;0.0060099729;0.1156311719;NaN;0.0667528230
40.9500146270;NaN;-0.5173596489;-1.9260025142;NaN;-1.4089005956;NaN;0.0060099729;0.1156311719;NaN;0.0667528230
40.9600146234;NaN;-0.4995908838;-1.9437452169;NaN;-1.4088614956;NaN;0.0060099729;0.1156311719;NaN;0.0667528230
40.9700146199;NaN;-0.4995908838;-1.9260024930;NaN;-1.3911100839;NaN;0.0060099729;0.1156311719;NaN;0.0667528230
40.9800146163;NaN;-0.4995908838;-1.9437452380;NaN;-1.3910709934;NaN;0.0060099729;0.1146305405;NaN;0.0667528230
40.9900146128;NaN;-0.4995908838;-1.9437452486;NaN;-1.3732804626;NaN;0.0060099729;0.1146305405;NaN;0.0667528230
41.0000146092;NaN;-0.4995908838;-1.9437452592;NaN;-1.3910709934;NaN;0.0060099729;0.1146305405;NaN;0.0667528230
41.0100146056;NaN;-0.4995908838;-1.9259590591;NaN;-1.3910709934;NaN;0.0060099729;0.1146305405;NaN;0.0667528230
41.0200146021;NaN;-0.4995908838;-1.9259590591;NaN;-1.3910709934;NaN;0.0060099729;0.1146305405;NaN;0.0667528230
41.0300145985;NaN;-0.4995908838;-1.9259590591;NaN;-1.3910709934;NaN;0.0060099729;0.1146305405;NaN;0.0667528230
41.0400145950;NaN;-0.4995908838;-1.9259590591;NaN;-1.3910319694;NaN;0.0060099729;0.1146305405;NaN;0.0667528230
41.0500145914;NaN;-0.4995908838;-1.9259590591;NaN;-1.3732413912;NaN;0.0060099729;0.1146305405;NaN;0.0667525802
41.0600145879;NaN;-0.4995908838;-1.9259590591;NaN;-1.3910709934;NaN;0.0060099729;0.1146305405;NaN;0.0657527880
41.0700145843;NaN;-0.4995908838;-1.9259590591;NaN;-1.3732413912;NaN;0.0060099729;0.1146305405;NaN;0.0657527880
41.0800145808;NaN;-0.4995908838;-1.9259590591;NaN;-1.3910320074;NaN;0.0060099729;0.1146305405;NaN;0.0657527880
41.0900145773;NaN;-0.4995908838;-1.9259590591;NaN;-1.3732803677;NaN;0.0060099729;0.1146305405;NaN;0.0657527880
41.1000145737;NaN;-0.4995908838;-1.9259590591;NaN;-1.3732413912;NaN;0.0060099729;0.1146305405;NaN;0.0657527880
41.1100145702;NaN;-0.4818218823;-1.9259157729;NaN;-1.3732413912;NaN;0.0060099729;0.1146305405;NaN;0.0657527880
41.1200145666;NaN;-0.4995908838;-1.9259590591;NaN;-1.3732413912;NaN;0.0060099729;0.1146305405;NaN;0.0657525456
41.1300145631;NaN;-0.4817612816;-1.9259590591;NaN;-1.3732413912;NaN;0.0060099729;0.1136299145;NaN;0.0647527550
41.1400145596;NaN;-0.4995908838;-1.9259590591;NaN;-1.3732413912;NaN;0.0060099729;0.1136299145;NaN;0.0647527550
41.1500145560;NaN;-0.4817612816;-1.9259158149;NaN;-1.3732413912;NaN;0.0060099729;0.1136299145;NaN;0.0647527550
41.1600145525;NaN;-0.4818218088;-1.9259590591;NaN;-1.3732413912;NaN;0.0060099729;0.1136299145;NaN;0.0647527550
41.1700145490;NaN;-0.4817612816;-1.9081294570;NaN;-1.3554117890;NaN;0.0060099729;0.1136299145;NaN;0.0647527550
41.1800145455;NaN;-0.4818217795;-1.9081726698;NaN;-1.3732413912;NaN;0.0060099729;0.1136299145;NaN;0.0647527550
41.1900145419;NaN;-0.4817612816;-1.9259158568;NaN;-1.3732025091;NaN;0.0060099729;0.1136299145;NaN;0.0647527550
41.2000145384;NaN;-0.4817612816;-1.9081294570;NaN;-1.3554117890;NaN;0.0060099729;0.1136299145;NaN;0.0647527550
41.2100145349;NaN;-0.4817612816;-1.9081294570;NaN;-1.3554117890;NaN;0.0060099729;0.1136299145;NaN;0.0647527550
41.2200145314;NaN;-0.4817612816;-1.9081726279;NaN;-1.3554506428;NaN;0.0060099729;0.1136299145;NaN;0.0647527550
41.2300145278;NaN;-0.4995304591;-1.9081294570;NaN;-1.3554117890;NaN;0.0060099729;0.1136299145;NaN;0.0647525133
41.2400145243;NaN;-0.4817612816;-1.9081294570;NaN;-1.3554117890;NaN;0.0060082792;0.1126292923;NaN;0.0637527253
41.2500145208;NaN;-0.4817612816;-1.9081294570;NaN;-1.3554117890;NaN;0.0050104390;0.1126292923;NaN;0.0637527253
41.2600145173;NaN;-0.4817612816;-1.9080863278;NaN;-1.3554117890;NaN;0.0050104390;0.1126292923;NaN;0.0637527253
41.2700145138;NaN;-0.4817612816;-1.9081294570;NaN;-1.3554117890;NaN;0.0050104390;0.1126292923;NaN;0.0637527253
41.2800145103;NaN;-0.4817612816;-1.9081294570;NaN;-1.3554117890;NaN;0.0050104390;0.1126292923;NaN;0.0637527253
41.2900145068;NaN;-0.4817009445;-1.9081294570;NaN;-1.3553730009;NaN;0.0050104390;0.1126292923;NaN;0.0637527253
41.3000145033;NaN;-0.4817612816;-1.9080949870;NaN;-1.3375821868;NaN;0.0050104390;0.1126292923;NaN;0.0627526977
41.3200120831;NaN;-0.4639316794;-1.8903343164;NaN;-1.3375821868;NaN;0.0050104390;0.1126292923;NaN;0.0627526977
41.3300120802;NaN;-0.4639316794;-1.8903945890;NaN;-1.3375821868;NaN;0.0050104390;0.1126292923;NaN;0.0627526977
41.3300289785;NaN;-0.4817010028;-1.8902998548;NaN;-1.3375821868;NaN;0.0050089904;0.1126292923;NaN;0.0627526977
41.3400144893;NaN;-0.4639316794;-1.9081294570;NaN;-1.3376209281;NaN;0.0040106628;0.1126292923;NaN;0.0627526977
41.3500144858;NaN;-0.4639316794;-1.8902998548;NaN;-1.3375821868;NaN;0.0040106628;0.1126292923;NaN;0.0627526977
41.3600144823;NaN;-0.4639316794;-1.8903428799;NaN;-1.3375821868;NaN;0.0040106628;0.1126292923;NaN;0.0627526977
41.3700144788;NaN;-0.4639316794;-1.8902998548;NaN;-1.3375434736;NaN;0.0040106628;0.1126292923;NaN;0.0627526977
41.3800144753;NaN;-0.4639316794;-1.9080864526;NaN;-1.3197912885;NaN;0.0040106628;0.1126292923;NaN;0.0627526977
41.3900144718;NaN;-0.4639316794;-1.8902998548;NaN;-1.3375821868;NaN;0.0040106628;0.1126292923;NaN;0.0627526977
41.4000144683;NaN;-0.4461622542;-1.9080864733;NaN;-1.3197912699;NaN;0.0040106628;0.1126292923;NaN;0.0627526977
41.4100144648;NaN;-0.4638715168;-1.9080864837;NaN;-1.3197525846;NaN;0.0040106628;0.1126292923;NaN;0.0627526977
41.4200144613;NaN;-0.4639316794;-1.8902998548;NaN;-1.3197525846;NaN;0.0040106628;0.1126292923;NaN;0.0627526977
41.4300144578;NaN;-0.4461020772;-1.8902998548;NaN;-1.3197525846;NaN;0.0040092177;0.1126292923;NaN;0.0627526977
41.4400144543;NaN;-0.4461621963;-1.8902998548;NaN;-1.3197525846;NaN;0.0030108866;0.1126292923;NaN;0.0627524571
41.4500144509;NaN;-0.4639316794;-1.8902998548;NaN;-1.3019616211;NaN;0.0030108866;0.1116286775;NaN;0.0617526741
41.4600144474;NaN;-0.4638715892;-1.8725131741;NaN;-1.3019616118;NaN;0.0030108866;0.1116286775;NaN;0.0617526741
41.4700144439;NaN;-0.4638716037;-1.8902569436;NaN;-1.3197139645;NaN;0.0030108866;0.1116286775;NaN;0.0617526741
41.4800144404;NaN;-0.4461020772;-1.8724702526;NaN;-1.3197525846;NaN;0.0030108866;0.1116286775;NaN;0.0617526741
41.4900144370;NaN;-0.4461621240;-1.8902998548;NaN;-1.3019615839;NaN;0.0030108866;0.1116286775;NaN;0.0617526741
41.5000144335;NaN;-0.4461020772;-1.8902569745;NaN;-1.3197139924;NaN;0.0030108866;0.1116286775;NaN;0.0617526741
41.5100144300;NaN;-0.4283324929;-1.8902998548;NaN;-1.3019615653;NaN;0.0030108866;0.1116286775;NaN;0.0617526741
41.5200144265;NaN;-0.4461620807;-1.8902998548;NaN;-1.3019615561;NaN;0.0030094446;0.1116286775;NaN;0.0617526741
41.5300144231;NaN;-0.4461020772;-1.8902998548;NaN;-1.3019229824;NaN;0.0020111104;0.1116286775;NaN;0.0617524340
41.5400144196;NaN;-0.4461020772;-1.8902998548;NaN;-1.3019229824;NaN;0.0020111104;0.1116286775;NaN;0.0607526531
41.5500144161;NaN;-0.4461020772;-1.8902570260;NaN;-1.3019229824;NaN;0.0020111104;0.1116286775;NaN;0.0607526531
41.5600144127;NaN;-0.4460421314;-1.8724702526;NaN;-1.3019229824;NaN;0.0020111104;0.1116286775;NaN;0.0607526531
41.5700144092;NaN;-0.4461020772;-1.8725130607;NaN;-1.3019229824;NaN;0.0020111104;0.1106280669;NaN;0.0607526531
41.5800144058;NaN;-0.4461020772;-1.8902570569;NaN;-1.3019229824;NaN;0.0020111104;0.1106280669;NaN;0.0607526531
41.5900144023;NaN;-0.4282724750;-1.8724702526;NaN;-1.3019229824;NaN;0.0020111104;0.1106280669;NaN;0.0607526531
41.6000143988;NaN;-0.4461020772;-1.8724702526;NaN;-1.3019229824;NaN;0.0020111104;0.1106280669;NaN;0.0607526531
41.6100143954;NaN;-0.4283323489;-1.8546834175;NaN;-1.3019229824;NaN;0.0020111104;0.1106280669;NaN;0.0607526531
41.6200143919;NaN;-0.4461020772;-1.8724702526;NaN;-1.3019229824;NaN;0.0020111104;0.1106280669;NaN;0.0607524136
41.6300143885;NaN;-0.4460422320;-1.8724702526;NaN;-1.3018845105;NaN;0.0020111104;0.1106280669;NaN;0.0597526347
41.6400143850;NaN;-0.4282724750;-1.8724702526;NaN;-1.3019229824;NaN;0.0020111104;0.1106280669;NaN;0.0597526347
41.6500143816;NaN;-0.4460422606;-1.8546833765;NaN;-1.2840933802;NaN;0.0020111104;0.1106280669;NaN;0.0597526347
41.6600143781;NaN;-0.4282724750;-1.8724702526;NaN;-1.2840933802;NaN;0.0020111104;0.1106280669;NaN;0.0597526347
41.6700143747;NaN;-0.4283322629;-1.8724702526;NaN;-1.2840933802;NaN;0.0020111104;0.1106280669;NaN;0.0597523955
41.6800143713;NaN;-0.4461020772;-1.8724702526;NaN;-1.2840933802;NaN;0.0020111104;0.1106280669;NaN;0.0587526177
41.6900143678;NaN;-0.4282724750;-1.8724702526;NaN;-1.2840549636;NaN;0.0020111104;0.1106280669;NaN;0.0587526177
41.7000143644;NaN;-0.4283322200;-1.8724275776;NaN;-1.2840933802;NaN;0.0020111104;0.1106280669;NaN;0.0587526177
41.7100143609;NaN;-0.4282724750;-1.8724275878;NaN;-1.2840549819;NaN;0.0020111104;0.1096274611;NaN;0.0587526177
41.7200143575;NaN;-0.4460423608;-1.8546406504;NaN;-1.2662637780;NaN;0.0020111104;0.1096274611;NaN;0.0587526177
41.7300143541;NaN;-0.4282724750;-1.8724702526;NaN;-1.2840550003;NaN;0.0020111104;0.1096274611;NaN;0.0587526177
41.7400143506;NaN;-0.4282724750;-1.8724702526;NaN;-1.2662637780;NaN;0.0020111104;0.1096274611;NaN;0.0587526177
41.7500143472;NaN;-0.4282724750;-1.8724276286;NaN;-1.2662637780;NaN;0.0020111104;0.1096274611;NaN;0.0587526177
41.7600143438;NaN;-0.4282724750;-1.8546832641;NaN;-1.2662637780;NaN;0.0020111104;0.1096274611;NaN;0.0587526177
41.7700143403;NaN;-0.4282724750;-1.8724702526;NaN;-1.2662637780;NaN;0.0020111104;0.1096274611;NaN;0.0587526177
41.7800143369;NaN;-0.4460424464;-1.8546406504;NaN;-1.2662254440;NaN;0.0020111104;0.1096274611;NaN;0.0587526177
41.7900143335;NaN;-0.4282724750;-1.8546832336;NaN;-1.2662637780;NaN;0.0020111104;0.1096274611;NaN;0.0587526177
41.8000143301;NaN;-0.4282128727;-1.8724702526;NaN;-1.2662637780;NaN;0.0020111104;0.1096274611;NaN;0.0587523793
41.8100143266;NaN;-0.4282724750;-1.8546406504;NaN;-1.2484341758;NaN;0.0020111104;0.1096274611;NaN;0.0577526045
41.8200143232;NaN;-0.4282724750;-1.8724276998;NaN;-1.2662637780;NaN;0.0020111104;0.1096274611;NaN;0.0577526045
41.8300143198;NaN;-0.4104428728;-1.8546406504;NaN;-1.2662637780;NaN;0.0020111104;0.1096274611;NaN;0.0577526045
41.8400143164;NaN;-0.4282724750;-1.8546406504;NaN;-1.2662637780;NaN;0.0020111104;0.1096274611;NaN;0.0577526045
41.8500143130;NaN;-0.4282724750;-1.8546406504;NaN;-1.2662637780;NaN;0.0020111104;0.1096274611;NaN;0.0577526045
41.8600143096;NaN;-0.4282724750;-1.8546831625;NaN;-1.2662255171;NaN;0.0020111104;0.1096274611;NaN;0.0577526045
41.8700143062;NaN;-0.4282129722;-1.8546406504;NaN;-1.2484724277;NaN;0.0020111104;0.1096274611;NaN;0.0577526045
41.8800143027;NaN;-0.4104428728;-1.8546406504;NaN;-1.2483959331;NaN;0.0020111104;0.1096274611;NaN;0.0577526045
41.8900142993;NaN;-0.4282130005;-1.8546406504;NaN;-1.2662255444;NaN;0.0020096811;0.1096274611;NaN;0.0577526045
41.9000142959;NaN;-0.4282724750;-1.8546406504;NaN;-1.2484724003;NaN;0.0010113342;0.1096274611;NaN;0.0577526045
41.9100142925;NaN;-0.4104428728;-1.8546406504;NaN;-1.2484638989;NaN;0.0010113342;0.1096274611;NaN;0.0577526045
41.9300119076;NaN;-0.4104938145;-1.8546406504;NaN;-1.2662340620;NaN;0.0010113342;0.1096274611;NaN;0.0567525947
41.9400119048;NaN;-0.4104428728;-1.8546406504;NaN;-1.2484341758;NaN;0.0010113342;0.1096274611;NaN;0.0567525947
41.9500119019;NaN;-0.4104428728;-1.8546406504;NaN;-1.2484341758;NaN;0.0010113342;0.1096274611;NaN;0.0567525947
41.9500285510;NaN;-0.4104428728;-1.8546406504;NaN;-1.2484341758;NaN;0.0010113342;0.1096274611;NaN;0.0567525947
41.9600142755;NaN;-0.4104428728;-1.8546406504;NaN;-1.2484341758;NaN;0.0010113342;0.1096274611;NaN;0.0567525947
41.9700142721;NaN;-0.4103835115;-1.8724702526;NaN;-1.2484341758;NaN;0.0010113342;0.1096274611;NaN;0.0567525947
41.9800142687;NaN;-0.4104428728;-1.8546406504;NaN;-1.2484341758;NaN;0.0010099080;0.1086268645;NaN;0.0567525947
41.9900142653;NaN;-0.4104428728;-1.8546406504;NaN;-1.2484341758;NaN;0.0000115580;0.1086268645;NaN;0.0567525947
42.0000142619;NaN;-0.3926725896;-1.8724278818;NaN;-1.2483960422;NaN;0.0000115580;0.1086268645;NaN;0.0567525947
42.0100142586;NaN;-0.4104428728;-1.8546830110;NaN;-1.2306045736;NaN;0.0000115580;0.1086268645;NaN;0.0567525947
42.0200142552;NaN;-0.4104428728;-1.8724279020;NaN;-1.2306045736;NaN;0.0000115580;0.1086268645;NaN;0.0567523575
42.0300142518;NaN;-0.4103835960;-1.8368533887;NaN;-1.2484341758;NaN;0.0000115580;0.1086268645;NaN;0.0557525877
42.0400142484;NaN;-0.4104428728;-1.8546406504;NaN;-1.2306045736;NaN;0.0000115580;0.1086268645;NaN;0.0557525877
42.0500142450;NaN;-0.4104428728;-1.8546406504;NaN;-1.2306045736;NaN;0.0000115580;0.1086268645;NaN;0.0557525877
42.0600142416;NaN;-0.3926132706;-1.8724279422;NaN;-1.2306045736;NaN;0.0000115580;0.1086268645;NaN;0.0557525877
42.0700142383;NaN;-0.4103836523;-1.8546406504;NaN;-1.2306045736;NaN;0.0000115580;0.1086268645;NaN;0.0557525877
42.0800142349;NaN;-0.3926132706;-1.8546406504;NaN;-1.2127749715;NaN;0.0000115580;0.1086268645;NaN;0.0557525877
42.0900142315;NaN;-0.3926132706;-1.8546406504;NaN;-1.2306045736;NaN;0.0000115580;0.1086268645;NaN;0.0557523509
42.1000142281;NaN;-0.3926132706;-1.8546406504;NaN;-1.2305665304;NaN;0.0000115580;0.1086268645;NaN;0.0547525827
42.1100142248;NaN;-0.4103245441;-1.8546406504;NaN;-1.2128130057;NaN;0.0000101362;0.1086268645;NaN;0.0547525827
42.1200142214;NaN;-0.3926132706;-1.8546406504;NaN;-1.2306045736;NaN;-0.0009882181;0.1086268645;NaN;0.0547525827
42.1300142180;NaN;-0.3748428047;-1.8546406504;NaN;-1.2128129877;NaN;-0.0009882181;0.1086268645;NaN;0.0547525827
42.1400142146;NaN;-0.3925541483;-1.8368110482;NaN;-1.2305665664;NaN;-0.0009882181;0.1086268645;NaN;0.0547525827
42.1500142113;NaN;-0.3747836684;-1.8546406504;NaN;-1.2305665754;NaN;-0.0009882181;0.1086268645;NaN;0.0547525827
42.1600142079;NaN;-0.3925541763;-1.8368532584;NaN;-1.2127749715;NaN;-0.0009882181;0.1086268645;NaN;0.0547525827
42.1700142045;NaN;-0.3747836684;-1.8546406504;NaN;-1.2127749715;NaN;-0.0009882181;0.1086268645;NaN;0.0547525827
42.1800142012;NaN;-0.3926132706;-1.8368110482;NaN;-1.2127370002;NaN;-0.0009882181;0.1086268645;NaN;0.0547525827
42.1900141978;NaN;-0.3747836684;-1.8368110482;NaN;-1.2127370092;NaN;-0.0009882181;0.1086268645;NaN;0.0547525827
42.2000141945;NaN;-0.3747836684;-1.8545984801;NaN;-1.1949833225;NaN;-0.0009882181;0.1086268645;NaN;0.0547525827
42.2100141911;NaN;-0.3925542462;-1.8368532085;NaN;-1.2127370272;NaN;-0.0009882181;0.1086268645;NaN;0.0547525827
42.2200141878;NaN;-0.3747836684;-1.8368110482;NaN;-1.1949833046;NaN;-0.0009882181;0.1086268645;NaN;0.0547525827
42.2300141844;NaN;-0.3747836684;-1.8545985100;NaN;-1.2127370451;NaN;-0.0009882181;0.1086268645;NaN;0.0547525827
42.2400141810;NaN;-0.3747836684;-1.8368110482;NaN;-1.2127370541;NaN;-0.0009882181;0.1086268645;NaN;0.0547523467
42.2500141777;NaN;-0.3926132706;-1.8546406504;NaN;-1.1949453693;NaN;-0.0009882181;0.1086268645;NaN;0.0537525819
42.2600141743;NaN;-0.3747836684;-1.8546406504;NaN;-1.1949453693;NaN;-0.0009896349;0.1086268645;NaN;0.0537525819
42.2700141710;NaN;-0.3747836684;-1.8546406504;NaN;-1.1949832598;NaN;-0.0019879943;0.1086268645;NaN;0.0537525819
42.2800141677;NaN;-0.3747836684;-1.8546406504;NaN;-1.1949453693;NaN;-0.0019879943;0.1086268645;NaN;0.0537525819
42.2900141643;NaN;-0.3747836684;-1.8546406504;NaN;-1.2127749715;NaN;-0.0019879943;0.1086268645;NaN;0.0537525819
42.3000141610;NaN;-0.3747836684;-1.8368531190;NaN;-1.1949453693;NaN;-0.0019879943;0.1086268645;NaN;0.0537525819
42.3100141576;NaN;-0.3747836684;-1.8546406504;NaN;-1.1949453693;NaN;-0.0019879943;0.1086268645;NaN;0.0537525819
42.3200141543;NaN;-0.3747836684;-1.8545985994;NaN;-1.1949453693;NaN;-0.0019879943;0.1086268645;NaN;0.0537523464
42.3300141509;NaN;-0.3747248110;-1.8368110482;NaN;-1.1771536040;NaN;-0.0019879943;0.1086268645;NaN;0.0527525834
42.3400141476;NaN;-0.3747248248;-1.8546406504;NaN;-1.1949453693;NaN;-0.0019879943;0.1086268645;NaN;0.0527525834
42.3500141443;NaN;-0.3747248387;-1.8368110482;NaN;-1.1771157671;NaN;-0.0019879943;0.1086268645;NaN;0.0527525834
42.3600141409;NaN;-0.3747836684;-1.8545986391;NaN;-1.1949453693;NaN;-0.0019879943;0.1086268645;NaN;0.0527525834
42.3700141376;NaN;-0.3569540662;-1.8368110482;NaN;-1.1949453693;NaN;-0.0019879943;0.1086268645;NaN;0.0527525834
42.3800141343;NaN;-0.3747836684;-1.8368110482;NaN;-1.1949075769;NaN;-0.0019879943;0.1086268645;NaN;0.0527525834
42.3900141309;NaN;-0.3747248941;-1.8368110482;NaN;-1.1771157671;NaN;-0.0019879943;0.1086268645;NaN;0.0527525834
42.4000141276;NaN;-0.3570128267;-1.8368110482;NaN;-1.1770779925;NaN;-0.0019879943;0.1086268645;NaN;0.0527523482
42.4100141243;NaN;-0.3569540662;-1.8368110482;NaN;-1.1770780014;NaN;-0.0019879943;0.1086268645;NaN;0.0517525870
42.4200141210;NaN;-0.3569540662;-1.8368110482;NaN;-1.1771157671;NaN;-0.0019879943;0.1086268645;NaN;0.0517525870
42.4300141176;NaN;-0.3569540662;-1.8368110482;NaN;-1.1593239128;NaN;-0.0019879943;0.1086268645;NaN;0.0517525870
42.4400141143;NaN;-0.3569540662;-1.8368110482;NaN;-1.1593239039;NaN;-0.0019879943;0.1086268645;NaN;0.0517525870
42.4500141110;NaN;-0.3570127576;-1.8545987280;NaN;-1.1592861649;NaN;-0.0019879943;0.1086268645;NaN;0.0517525870
42.4600141077;NaN;-0.3569540662;-1.8368110482;NaN;-1.1593238862;NaN;-0.0019879943;0.1086268645;NaN;0.0517523522
42.4700141044;NaN;-0.3568954024;-1.8368529509;NaN;-1.1592861649;NaN;-0.0019879943;0.1086268645;NaN;0.0507525923
42.4800141011;NaN;-0.3391831140;-1.8368110482;NaN;-1.1592861649;NaN;-0.0019879943;0.1086268645;NaN;0.0507525923
42.4900140977;NaN;-0.3569540662;-1.8368529312;NaN;-1.1414565627;NaN;-0.0019879943;0.1086268645;NaN;0.0507525923
42.5000140944;NaN;-0.3569540662;-1.8368110482;NaN;-1.1414942486;NaN;-0.0019879943;0.1086268645;NaN;0.0507525923
42.5100140911;NaN;-0.3568954575;-1.8368529115;NaN;-1.1592484879;NaN;-0.0019879943;0.1086268645;NaN;0.0507525923
42.5200140878;NaN;-0.3569038420;-1.8546071676;NaN;-1.1592568674;NaN;-0.0019879943;0.1086268645;NaN;0.0507525923
42.5400117371;NaN;-0.3569038538;-1.8546071754;NaN;-1.1414565627;NaN;-0.0019879943;0.1086268645;NaN;0.0507525923
42.5500117343;NaN;-0.3391244640;-1.8368110482;NaN;-1.1592568812;NaN;-0.0019891672;0.1086268645;NaN;0.0507525923
42.5600117316;NaN;-0.3391244640;-1.8368110482;NaN;-1.1591983402;NaN;-0.0019908080;0.1086268645;NaN;0.0507525923
42.5600281426;NaN;-0.3391244640;-1.8368110482;NaN;-1.1414941955;NaN;-0.0029877705;0.1086268645;NaN;0.0507525923
42.5700140713;NaN;-0.3390659378;-1.8368528526;NaN;-1.1414565627;NaN;-0.0029877705;0.1086268645;NaN;0.0507525923
42.5800140680;NaN;-0.3390659515;-1.8368110482;NaN;-1.1414565627;NaN;-0.0029877705;0.1086268645;NaN;0.0507525923
42.5900140647;NaN;-0.3391244640;-1.8368110482;NaN;-1.1414565627;NaN;-0.0029891763;0.1086268645;NaN;0.0507525923
42.6000140614;NaN;-0.3212948618;-1.8368528233;NaN;-1.1414565627;NaN;-0.0039875467;0.1086268645;NaN;0.0507523583
42.6100140581;NaN;-0.3212363904;-1.8368110482;NaN;-1.1414565627;NaN;-0.0039875467;0.1086268645;NaN;0.0497526015
42.6200140548;NaN;-0.3034068019;-1.8368110482;NaN;-1.1414565627;NaN;-0.0039875467;0.1086268645;NaN;0.0497526015
42.6300140515;NaN;-0.2855772134;-1.8545989046;NaN;-1.1414565627;NaN;-0.0039875467;0.1086268645;NaN;0.0497526015
42.6400140482;NaN;-0.2499764531;-1.8368110482;NaN;-1.1414565627;NaN;-0.0039875467;0.1086268645;NaN;0.0497526015
42.6500140449;NaN;-0.2499180364;-1.8368527744;NaN;-1.1414565627;NaN;-0.0039875467;0.1086268645;NaN;0.0497526015
42.6600140417;NaN;-0.2142004427;-1.8368110482;NaN;-1.1236645053;NaN;-0.0039875467;0.1086268645;NaN;0.0497526015
42.6700140384;NaN;-0.1428820612;-1.8368110482;NaN;-1.1414565627;NaN;-0.0039875467;0.1086268645;NaN;0.0497526015
42.6800140351;NaN;-0.0893932820;-1.8368110482;NaN;-1.1414565627;NaN;-0.0039875467;0.1086268645;NaN;0.0497526015
42.6900140318;NaN;-0.0359628647;-1.8368110482;NaN;-1.1236269605;NaN;-0.0039889492;0.1086268645;NaN;0.0497526015
42.7000140285;NaN;-0.0182499730;-1.8368110482;NaN;-1.1236269605;NaN;-0.0049873229;0.1076262920;NaN;0.0497526015
42.7100140252;NaN;-0.0003036876;-1.8368110482;NaN;-1.1236269605;NaN;-0.0049873229;0.1076262920;NaN;0.0497526015
42.7200140220;NaN;-0.0003620224;-1.8368110482;NaN;-1.1236269605;NaN;-0.0049873229;0.1076262920;NaN;0.0497526015
42.7300140187;NaN;0.0174675798;-1.8368110482;NaN;-1.1236269605;NaN;-0.0049873229;0.1076262920;NaN;0.0497526015
42.7400140154;NaN;0.0174675798;-1.8368110482;NaN;-1.1236644351;NaN;-0.0049873229;0.1076262920;NaN;0.0497526015
42.7500140121;NaN;-0.0003620224;-1.8368110482;NaN;-1.1236269605;NaN;-0.0049873229;0.1076262920;NaN;0.0497523683
42.7600140089;NaN;-0.0004202891;-1.8368110482;NaN;-1.1236269605;NaN;-0.0049873229;0.1076262920;NaN;0.0487526148
42.7700140056;NaN;-0.0181333715;-1.8368110482;NaN;-1.1236269605;NaN;-0.0049873229;0.1076262920;NaN;0.0487526148
42.7800140023;NaN;-0.0004202619;-1.8368110482;NaN;-1.1236269605;NaN;-0.0049873229;0.1076262920;NaN;0.0487526148
42.7900139991;NaN;-0.0003620224;-1.8368110482;NaN;-1.1058347892;NaN;-0.0049873229;0.1076262920;NaN;0.0487526148
42.8000139958;NaN;-0.0003620224;-1.8368110482;NaN;-1.1236269605;NaN;-0.0049873229;0.1076262920;NaN;0.0487526148
42.8100139925;NaN;0.0174093811;-1.8368110482;NaN;-1.1236269605;NaN;-0.0049873229;0.1076262920;NaN;0.0487526148
42.8200139893;NaN;-0.0003038372;-1.8368110482;NaN;-1.1236269605;NaN;-0.0049873229;0.1076262920;NaN;0.0487526148
42.8300139860;NaN;-0.0003620224;-1.8368110482;NaN;-1.1235895645;NaN;-0.0049873229;0.1076262920;NaN;0.0487526148
42.8400139828;NaN;-0.0181916246;-1.8368110482;NaN;-1.1235895732;NaN;-0.0049873229;0.1076262920;NaN;0.0487526148
42.8500139795;NaN;-0.0181916246;-1.8368110482;NaN;-1.1236269605;NaN;-0.0049873229;0.1076262920;NaN;0.0487526148
42.8600139762;NaN;-0.0181916246;-1.8368110482;NaN;-1.1235895906;NaN;-0.0049873229;0.1076262920;NaN;0.0487523822
42.8700139730;NaN;-0.0181916246;-1.8367695357;NaN;-1.1057973583;NaN;-0.0049873229;0.1076262920;NaN;0.0477526311
42.8800139697;NaN;-0.0181335207;-1.8368110482;NaN;-1.1057973583;NaN;-0.0049873229;0.1076262920;NaN;0.0477526311
42.8900139665;NaN;0.0175256702;-1.8368110482;NaN;-1.1235896167;NaN;-0.0049873229;0.1076262920;NaN;0.0477526311
42.9000139632;NaN;0.0175256567;-1.8189814460;NaN;-1.1057973583;NaN;-0.0049873229;0.1076262920;NaN;0.0477526311
42.9100139600;NaN;0.0352391186;-1.8190229198;NaN;-1.1057973583;NaN;-0.0049873229;0.1076262920;NaN;0.0477526311
42.9200139567;NaN;0.0174675798;-1.8367695840;NaN;-1.1057600405;NaN;-0.0049873229;0.1066257266;NaN;0.0477526311
42.9300139535;NaN;0.0174095434;-1.8367695936;NaN;-1.1057973583;NaN;-0.0049873229;0.1066257266;NaN;0.0477523988
42.9400139502;NaN;-0.0003620224;-1.8367696033;NaN;-1.1057600579;NaN;-0.0049873229;0.1066257266;NaN;0.0467526492
42.9500139470;NaN;-0.0003620224;-1.8189814460;NaN;-1.0879677561;NaN;-0.0049873229;0.1066257266;NaN;0.0467526492
42.9600139438;NaN;-0.0003620224;-1.8189814460;NaN;-1.1057600752;NaN;-0.0049873229;0.1066257266;NaN;0.0467526492
42.9700139405;NaN;0.0174675798;-1.8189814460;NaN;-1.0879677561;NaN;-0.0049873229;0.1066257266;NaN;0.0467526492
42.9800139373;NaN;0.0352971820;-1.8367696418;NaN;-1.0879677561;NaN;-0.0049873229;0.1066257266;NaN;0.0467526492
42.9900139340;NaN;0.0352971820;-1.8189814460;NaN;-1.0879677561;NaN;-0.0049873229;0.1066257266;NaN;0.0467526492
43.0000139308;NaN;0.0352971820;-1.8189814460;NaN;-1.0879677561;NaN;-0.0049873229;0.1066257266;NaN;0.0467526492
43.0100139276;NaN;0.0352971820;-1.8189814460;NaN;-1.1057601185;NaN;-0.0049873229;0.1066257266;NaN;0.0467526492
43.0200139243;NaN;0.0352971820;-1.8011518438;NaN;-1.0701753851;NaN;-0.0049873229;0.1066257266;NaN;0.0467526492
43.0300139211;NaN;0.0352971820;-1.8011932022;NaN;-1.0879305336;NaN;-0.0049873229;0.1066257266;NaN;0.0467526492
43.0400139179;NaN;0.0530688959;-1.8189400972;NaN;-1.0879677561;NaN;-0.0049873229;0.1056251652;NaN;0.0467526492
43.0500139147;NaN;0.0531267842;-1.8011931830;NaN;-1.0879677561;NaN;-0.0049873229;0.1056251652;NaN;0.0467526492
43.0600139114;NaN;0.0353550435;-1.8011518438;NaN;-1.0879677561;NaN;-0.0049873229;0.1056251652;NaN;0.0467526492
43.0700139082;NaN;0.0531267842;-1.8189401259;NaN;-1.0879677561;NaN;-0.0049873229;0.1056251652;NaN;0.0467526492
43.0800139050;NaN;0.0531267842;-1.8189401355;NaN;-1.0879677561;NaN;-0.0049873229;0.1056251652;NaN;0.0467526492
43.0900139018;NaN;0.0531267842;-1.8189814460;NaN;-1.0879677561;NaN;-0.0049873229;0.1056251652;NaN;0.0467524179
43.1000138985;NaN;0.0531267842;-1.8189401546;NaN;-1.0879305939;NaN;-0.0049873229;0.1056251652;NaN;0.0457526717
43.1100138953;NaN;0.0531267842;-1.8011518438;NaN;-1.0879677561;NaN;-0.0049873229;0.1056251652;NaN;0.0457526717
43.1200138921;NaN;0.0352971820;-1.8011518438;NaN;-1.0879306111;NaN;-0.0049873229;0.1056251652;NaN;0.0457526717
43.1300138889;NaN;0.0530690165;-1.8011518438;NaN;-1.0701381539;NaN;-0.0049873229;0.1056251652;NaN;0.0457526717
43.1400138857;NaN;0.0352971820;-1.8011848463;NaN;-1.0701670311;NaN;-0.0049873229;0.1056251652;NaN;0.0457526717
43.1600115687;NaN;0.0352971820;-1.8011518438;NaN;-1.0701381539;NaN;-0.0049873229;0.1046248390;NaN;0.0457526717
43.1700115660;NaN;0.0352971820;-1.8011518438;NaN;-1.0701381539;NaN;-0.0049873229;0.1046248390;NaN;0.0457526717
43.1800115634;NaN;0.0352971820;-1.8011518438;NaN;-1.0701381539;NaN;-0.0049873229;0.1046248390;NaN;0.0457526717
43.1800277393;NaN;0.0175252808;-1.8011518438;NaN;-1.0701381539;NaN;-0.0049873229;0.1046248390;NaN;0.0457526717
43.1900138696;NaN;0.0352394944;-1.8011518438;NaN;-1.0701381539;NaN;-0.0049873229;0.1046248390;NaN;0.0457526717
43.2000138664;NaN;0.0352971820;-1.8011518438;NaN;-1.0701381539;NaN;-0.0049873229;0.1046248390;NaN;0.0457524410
43.2100138632;NaN;0.0175252408;-1.8011518438;NaN;-1.0701381539;NaN;-0.0049873229;0.1046248390;NaN;0.0447526972
43.2200138600;NaN;0.0352971820;-1.8011518438;NaN;-1.0701010947;NaN;-0.0049873229;0.1046248390;NaN;0.0447526972
43.2300138568;NaN;0.0175252142;-1.8011518438;NaN;-1.0523085517;NaN;-0.0049873229;0.1046248390;NaN;0.0447526972
43.2400138536;NaN;0.0352971820;-1.8011518438;NaN;-1.0523085517;NaN;-0.0049873229;0.1046248390;NaN;0.0447526972
43.2500138504;NaN;0.0352971820;-1.8011518438;NaN;-1.0701011204;NaN;-0.0049873229;0.1046248390;NaN;0.0447526972
43.2600138472;NaN;0.0352395875;-1.8011518438;NaN;-1.0523455767;NaN;-0.0049873229;0.1046248390;NaN;0.0447526972
43.2700138440;NaN;0.0174675798;-1.8011107144;NaN;-1.0523085517;NaN;-0.0049873229;0.1046248390;NaN;0.0447526972
43.2800138408;NaN;0.0352971820;-1.8011518438;NaN;-1.0523085517;NaN;-0.0049873229;0.1046248390;NaN;0.0447524668
43.2900138376;NaN;0.0352971820;-1.8011518438;NaN;-1.0522715523;NaN;-0.0049873229;0.1046248390;NaN;0.0437527247
43.3000138344;NaN;0.0530692428;-1.8011518438;NaN;-1.0523085517;NaN;-0.0049873229;0.1046248390;NaN;0.0437527247
43.3100138313;NaN;0.0352971820;-1.8011518438;NaN;-1.0523085517;NaN;-0.0049873229;0.1046248390;NaN;0.0437527247
43.3200138281;NaN;0.0352971820;-1.8011518438;NaN;-1.0523085517;NaN;-0.0049873229;0.1046248390;NaN;0.0437527247
43.3300138249;NaN;0.0352971820;-1.8011518438;NaN;-1.0345159148;NaN;-0.0049873229;0.1046248390;NaN;0.0437527247
43.3400138217;NaN;0.0352971820;-1.8011518438;NaN;-1.0344789495;NaN;-0.0049873229;0.1046248390;NaN;0.0437524947
43.3500138185;NaN;0.0352397069;-1.7833632953;NaN;-1.0523085517;NaN;-0.0049873229;0.1046248390;NaN;0.0427527539
43.3600138153;NaN;0.0174675798;-1.8011518438;NaN;-1.0344789495;NaN;-0.0049873229;0.1046248390;NaN;0.0427527539
43.3700138122;NaN;0.0175250285;-1.8011108090;NaN;-1.0344789495;NaN;-0.0049873229;0.1046248390;NaN;0.0427527539
43.3800138090;NaN;0.0352397466;-1.8011518438;NaN;-1.0344789495;NaN;-0.0049873229;0.1046248390;NaN;0.0427527539
43.3900138058;NaN;0.0175250020;-1.8011518438;NaN;-1.0344789495;NaN;-0.0049873229;0.1046248390;NaN;0.0427527539
43.4000138026;NaN;0.0352397730;-1.8011518438;NaN;-1.0344789495;NaN;-0.0049873229;0.1046248390;NaN;0.0427527539
43.4100137994;NaN;0.0174101840;-1.8011518438;NaN;-1.0344789495;NaN;-0.0049873229;0.1046248390;NaN;0.0427527539
43.4200137963;NaN;0.0174675798;-1.8011518438;NaN;-1.0344789495;NaN;-0.0049873229;0.1046248390;NaN;0.0427527539
43.4300137931;NaN;0.0174675798;-1.8011518438;NaN;-1.0344789495;NaN;-0.0049873229;0.1046248390;NaN;0.0427527539
43.4400137899;NaN;-0.0003620224;-1.8011518438;NaN;-1.0166862192;NaN;-0.0049873229;0.1046248390;NaN;0.0427527539
43.4500137868;NaN;-0.0003620224;-1.7833222416;NaN;-1.0166862107;NaN;-0.0049873229;0.1046248390;NaN;0.0427527539
43.4600137836;NaN;-0.0003046925;-1.8011518438;NaN;-1.0166862023;NaN;-0.0049873229;0.1046248390;NaN;0.0427527539
43.4700137804;NaN;-0.0003620224;-1.8011518438;NaN;-1.0166493473;NaN;-0.0049873229;0.1046248390;NaN;0.0427525246
43.4800137773;NaN;-0.0003047188;-1.8011518438;NaN;-1.0166493473;NaN;-0.0049873229;0.1046248390;NaN;0.0417527865
43.4900137741;NaN;-0.0003620224;-1.8011518438;NaN;-1.0166861769;NaN;-0.0049873229;0.1046248390;NaN;0.0417527865
43.5000137709;NaN;-0.0182489019;-1.8011518438;NaN;-1.0166861685;NaN;-0.0049873229;0.1046248390;NaN;0.0417527865
43.5100137678;NaN;-0.0538508290;-1.8011109408;NaN;-1.0166493473;NaN;-0.0049873229;0.1046248390;NaN;0.0417527865
43.5200137646;NaN;-0.0539080800;-1.8011518438;NaN;-1.0166493473;NaN;-0.0049873229;0.1046248390;NaN;0.0417527865
43.5300137615;NaN;-0.0716231933;-1.8011518438;NaN;-1.0166493473;NaN;-0.0049873229;0.1046248390;NaN;0.0417527865
43.5400137583;NaN;-0.0895100333;-1.8011518438;NaN;-1.0166125600;NaN;-0.0049873229;0.1046248390;NaN;0.0417527865
43.5500137552;NaN;-0.1251692377;-1.8011518438;NaN;-1.0166493473;NaN;-0.0049873229;0.1046248390;NaN;0.0417525576
43.5600137520;NaN;-0.1251692377;-1.8011518438;NaN;-0.9988565156;NaN;-0.0049873229;0.1046248390;NaN;0.0407528212
43.5700137489;NaN;-0.1251692377;-1.8011518438;NaN;-0.9988197451;NaN;-0.0049873229;0.1046248390;NaN;0.0407528212
43.5800137457;NaN;-0.1252264101;-1.7833222416;NaN;-0.9810636502;NaN;-0.0049873229;0.1046248390;NaN;0.0407528212
43.5900137426;NaN;-0.1252263970;-1.7833222416;NaN;-0.9988197451;NaN;-0.0049873229;0.1046248390;NaN;0.0407528212
43.6000137394;NaN;-0.1429988399;-1.8011518438;NaN;-0.9988197451;NaN;-0.0049873229;0.1046248390;NaN;0.0407528212
43.6100137363;NaN;-0.1608284421;-1.8011518438;NaN;-0.9988197451;NaN;-0.0049873229;0.1046248390;NaN;0.0407528212
43.6200137331;NaN;-0.1608855621;-1.7833630416;NaN;-0.9988197451;NaN;-0.0049873229;0.1046248390;NaN;0.0407528212
43.6300137300;NaN;-0.1964876465;-1.7833630323;NaN;-0.9988197451;NaN;-0.0049873229;0.1046248390;NaN;0.0407528212
43.6400137268;NaN;-0.1965447404;-1.7833222416;NaN;-0.9988197451;NaN;-0.0049873229;0.1046248390;NaN;0.0407525928
43.6500137237;NaN;-0.2322039317;-1.7833222416;NaN;-0.9810268378;NaN;-0.0049873229;0.1036242971;NaN;0.0397528583
43.6600137206;NaN;-0.2500335208;-1.7833222416;NaN;-0.9810268294;NaN;-0.0049873229;0.1036242971;NaN;0.0397528583
43.6700137174;NaN;-0.2678631100;-1.7833222416;NaN;-0.9809901430;NaN;-0.0049873229;0.1036242971;NaN;0.0397528583
43.6800137143;NaN;-0.2678060553;-1.7833222416;NaN;-0.9809901430;NaN;-0.0049873229;0.1036242971;NaN;0.0397528583
43.6900137112;NaN;-0.2856926861;-1.7833222416;NaN;-0.9987830839;NaN;-0.0049857240;0.1036242971;NaN;0.0397528583
43.7000137080;NaN;-0.2856356575;-1.7832815162;NaN;-0.9810267959;NaN;-0.0039877754;0.1036242971;NaN;0.0397528583
43.7100137049;NaN;-0.2856926601;-1.7832815255;NaN;-0.9809901430;NaN;-0.0039877754;0.1026237570;NaN;0.0397528583
43.7200137018;NaN;-0.3034652596;-1.7832815348;NaN;-0.9809901430;NaN;-0.0039877754;0.1026237570;NaN;0.0397528583
43.7300136986;NaN;-0.3034652596;-1.7655333370;NaN;-0.9809901430;NaN;-0.0039877754;0.1026237570;NaN;0.0397528583
43.7400136955;NaN;-0.3034652596;-1.7832815533;NaN;-0.9809901430;NaN;-0.0039877754;0.1026237570;NaN;0.0397528583
43.7500136924;NaN;-0.3035140744;-1.7832896984;NaN;-0.9987912699;NaN;-0.0039866349;0.1026237570;NaN;0.0387528983
43.7700114077;NaN;-0.3035140633;-1.7654926394;NaN;-0.9809901430;NaN;-0.0029879992;0.1026237570;NaN;0.0387528983
43.7800114051;NaN;-0.3212460693;-1.7654926394;NaN;-0.9809901430;NaN;-0.0029879992;0.1026237570;NaN;0.0387528983
43.7900114025;NaN;-0.3035140410;-1.7655251603;NaN;-0.9809901430;NaN;-0.0029879992;0.1026237570;NaN;0.0387528983
43.8000113999;NaN;-0.3035708952;-1.7655820405;NaN;-0.9809901430;NaN;-0.0029879992;0.1026237570;NaN;0.0387528983
43.8000273473;NaN;-0.3213517475;-1.7654926394;NaN;-0.9809901430;NaN;-0.0029879992;0.1026237570;NaN;0.0387528983
43.8100136737;NaN;-0.3212948618;-1.7654926394;NaN;-0.9809901430;NaN;-0.0029879992;0.1016232200;NaN;0.0387528983
43.8200136705;NaN;-0.3212948618;-1.7655332535;NaN;-0.9809535902;NaN;-0.0029879992;0.1016232200;NaN;0.0387528983
43.8300136674;NaN;-0.3212948618;-1.7654926394;NaN;-0.9809901430;NaN;-0.0029879992;0.1016232200;NaN;0.0387528983
43.8400136643;NaN;-0.3213516957;-1.7654926394;NaN;-0.9809901430;NaN;-0.0029879992;0.1016232200;NaN;0.0387528983
43.8500136612;NaN;-0.3213516828;-1.7654926394;NaN;-0.9809901430;NaN;-0.0029879992;0.1016232200;NaN;0.0387528983
43.8600136581;NaN;-0.3212948618;-1.7654926394;NaN;-0.9809536235;NaN;-0.0029879992;0.1016232200;NaN;0.0387528983
43.8700136550;NaN;-0.3212948618;-1.7654926394;NaN;-0.9631605408;NaN;-0.0029879992;0.1016232200;NaN;0.0387528983
43.8800136519;NaN;-0.3391244640;-1.7654926394;NaN;-0.9631605408;NaN;-0.0029879992;0.1016232200;NaN;0.0387528983
43.8900136488;NaN;-0.3212948618;-1.7654926394;NaN;-0.9631605408;NaN;-0.0029879992;0.1016232200;NaN;0.0387528983
43.9000136457;NaN;-0.3212948618;-1.7654926394;NaN;-0.9631605408;NaN;-0.0029879992;0.1016232200;NaN;0.0387528983
43.9100136426;NaN;-0.3212948618;-1.7654926394;NaN;-0.9631605408;NaN;-0.0029879992;0.1016232200;NaN;0.0387528983
43.9200136395;NaN;-0.3212948618;-1.7654926394;NaN;-0.9631605408;NaN;-0.0029879992;0.1016232200;NaN;0.0387526713
43.9300136364;NaN;-0.3390677464;-1.7654521268;NaN;-0.9631605408;NaN;-0.0029879992;0.1016232200;NaN;0.0377529426
43.9400136333;NaN;-0.3212948618;-1.7654926394;NaN;-0.9453309386;NaN;-0.0029879992;0.1016232200;NaN;0.0377529426
43.9500136302;NaN;-0.3212948618;-1.7654926394;NaN;-0.9631240960;NaN;-0.0029879992;0.1016232200;NaN;0.0377529426
43.9600136271;NaN;-0.3212948618;-1.7654926394;NaN;-0.9453309386;NaN;-0.0029879992;0.1016232200;NaN;0.0377529426
43.9700136240;NaN;-0.3212948618;-1.7477035131;NaN;-0.9453309386;NaN;-0.0029879992;0.1016232200;NaN;0.0377529426
43.9800136209;NaN;-0.3212948618;-1.7654926394;NaN;-0.9453309386;NaN;-0.0029879992;0.1006226883;NaN;0.0377529426
43.9900136178;NaN;-0.3034652596;-1.7476630372;NaN;-0.9453309386;NaN;-0.0029879992;0.1006226883;NaN;0.0377527160
44.0000136147;NaN;-0.3212948618;-1.7476630372;NaN;-0.9631241373;NaN;-0.0029879992;0.1006226883;NaN;0.0367529888
44.0100136116;NaN;-0.3212948618;-1.7654522003;NaN;-0.9453309386;NaN;-0.0029879992;0.1006226883;NaN;0.0367529888
44.0200136085;NaN;-0.3034652596;-1.7476630372;NaN;-0.9453309386;NaN;-0.0029879992;0.1006226883;NaN;0.0367529888
44.0300136054;NaN;-0.3035218487;-1.7476630372;NaN;-0.9453309386;NaN;-0.0029879992;0.1006226883;NaN;0.0367529888
44.0400136024;NaN;-0.3212948618;-1.7476630372;NaN;-0.9453309386;NaN;-0.0029879992;0.1006226883;NaN;0.0367529888
44.0500135993;NaN;-0.3212948618;-1.7476630372;NaN;-0.9275376986;NaN;-0.0029879992;0.1006226883;NaN;0.0367527625
44.0600135962;NaN;-0.3212948618;-1.7476226439;NaN;-0.9275013364;NaN;-0.0029879992;0.1006226883;NaN;0.0357530365
44.0700135931;NaN;-0.3212948618;-1.7476226531;NaN;-0.9452945928;NaN;-0.0029879992;0.1006226883;NaN;0.0357530365
44.0800135900;NaN;-0.3212948618;-1.7476630372;NaN;-0.9452946011;NaN;-0.0029879992;0.1006226883;NaN;0.0357530365
44.0900135870;NaN;-0.3034652596;-1.7476630372;NaN;-0.9275013364;NaN;-0.0029879992;0.1006226883;NaN;0.0357530365
44.1000135839;NaN;-0.3034652596;-1.7298737918;NaN;-0.9275013364;NaN;-0.0029879992;0.1006226883;NaN;0.0357530365
44.1100135808;NaN;-0.3212948618;-1.7476630372;NaN;-0.9274650235;NaN;-0.0029879992;0.1006226883;NaN;0.0357530365
44.1200135777;NaN;-0.3035217335;-1.7476630372;NaN;-0.9097080388;NaN;-0.0029879992;0.1006226883;NaN;0.0357528105
44.1300135747;NaN;-0.3034652596;-1.7476630372;NaN;-0.9275013364;NaN;-0.0029879992;0.1006226883;NaN;0.0347530860
44.1400135716;NaN;-0.3035217080;-1.7298737553;NaN;-0.9096717342;NaN;-0.0029879992;0.1006226883;NaN;0.0347530860
44.1500135685;NaN;-0.3212948618;-1.7298737461;NaN;-0.9275013364;NaN;-0.0029879992;0.1006226883;NaN;0.0347530860
44.1600135655;NaN;-0.3212948618;-1.7476630372;NaN;-0.9096717342;NaN;-0.0029879992;0.1006226883;NaN;0.0347530860
44.1700135624;NaN;-0.3035216697;-1.7476630372;NaN;-0.9096717342;NaN;-0.0029879992;0.1006226883;NaN;0.0347530860
44.1800135593;NaN;-0.3212948618;-1.7477033210;NaN;-0.9096717342;NaN;-0.0029879992;0.1006226883;NaN;0.0347530860
44.1900135563;NaN;-0.3212948618;-1.7298334350;NaN;-0.9096717342;NaN;-0.0029879992;0.1006226883;NaN;0.0347530860
44.2000135532;NaN;-0.3034652596;-1.7476630372;NaN;-0.9096717342;NaN;-0.0029879992;0.1006226883;NaN;0.0347530860
44.2100135501;NaN;-0.3034652596;-1.7476630372;NaN;-0.9096355033;NaN;-0.0029879992;0.1006226883;NaN;0.0347530860
44.2200135471;NaN;-0.3034652596;-1.7476630372;NaN;-0.9096717342;NaN;-0.0029879992;0.1006226883;NaN;0.0347530860
44.2300135440;NaN;-0.3212948618;-1.7476630372;NaN;-0.9096717342;NaN;-0.0029879992;0.1006226883;NaN;0.0347530860
44.2400135410;NaN;-0.3035215806;-1.7476630372;NaN;-0.9096717342;NaN;-0.0029879992;0.1006226883;NaN;0.0347530860
44.2500135379;NaN;-0.3035215679;-1.7476630372;NaN;-0.9096717342;NaN;-0.0029879992;0.1006226883;NaN;0.0347530860
44.2600135349;NaN;-0.3212948618;-1.7476630372;NaN;-0.8918783220;NaN;-0.0029879992;0.1006226883;NaN;0.0347530860
44.2700135318;NaN;-0.3034652596;-1.7476630372;NaN;-0.9096717342;NaN;-0.0029879992;0.1006226883;NaN;0.0347530860
44.2800135287;NaN;-0.3212948618;-1.7476630372;NaN;-0.9096717342;NaN;-0.0029879992;0.1006226883;NaN;0.0347530860
44.2900135257;NaN;-0.3212948618;-1.7476630372;NaN;-0.9096717342;NaN;-0.0029879992;0.1006226883;NaN;0.0347530860
44.3000135227;NaN;-0.3034652596;-1.7476630372;NaN;-0.9096717342;NaN;-0.0029879992;0.1006226883;NaN;0.0347530860
44.3100135196;NaN;-0.3035214918;-1.7298736008;NaN;-0.8918782812;NaN;-0.0029879992;0.1006226883;NaN;0.0347530860
44.3200135166;NaN;-0.3212948618;-1.7298334350;NaN;-0.9096717342;NaN;-0.0029879992;0.1006226883;NaN;0.0347528611
44.3300135135;NaN;-0.3212948618;-1.7298334350;NaN;-0.8918421320;NaN;-0.0029879992;0.1006226883;NaN;0.0337531406
44.3400135105;NaN;-0.3035214538;-1.7476630372;NaN;-0.9096356094;NaN;-0.0029879992;0.1006226883;NaN;0.0337531406
44.3500135074;NaN;-0.3212386803;-1.7476630372;NaN;-0.9096356175;NaN;-0.0029879992;0.1006226883;NaN;0.0337531406
44.3600135044;NaN;-0.3212948618;-1.7476630372;NaN;-0.8918421320;NaN;-0.0029879992;0.1006226883;NaN;0.0337531406
44.3700135014;NaN;-0.3212948618;-1.7298334350;NaN;-0.8918702101;NaN;-0.0029879992;0.1006226883;NaN;0.0337531406
44.3900112486;NaN;-0.3035133827;-1.7476630372;NaN;-0.8918421320;NaN;-0.0029879992;0.1006226883;NaN;0.0337531406
44.4000112461;NaN;-0.3212948618;-1.7298655099;NaN;-0.8918421320;NaN;-0.0029879992;0.1006226883;NaN;0.0337531406
44.4100112435;NaN;-0.3212948618;-1.7298334350;NaN;-0.8918421320;NaN;-0.0029879992;0.1006226883;NaN;0.0337531406
44.4200112410;NaN;-0.3212948618;-1.7298334350;NaN;-0.8918421320;NaN;-0.0029879992;0.1006226883;NaN;0.0337531406
44.4200269663;NaN;-0.3212948618;-1.7298334350;NaN;-0.8918421320;NaN;-0.0029879992;0.1006226883;NaN;0.0337531406
44.4300134831;NaN;-0.3035213402;-1.7476229797;NaN;-0.8918421320;NaN;-0.0029879992;0.1006226883;NaN;0.0337529162
44.4400134801;NaN;-0.3212948618;-1.7476630372;NaN;-0.8740485735;NaN;-0.0029879992;0.1006226883;NaN;0.0327531980
44.4500134771;NaN;-0.3212388065;-1.7298334350;NaN;-0.8918421320;NaN;-0.0029879992;0.1006226883;NaN;0.0327531980
44.4600134741;NaN;-0.3212948618;-1.7298334350;NaN;-0.8918421320;NaN;-0.0029879992;0.1006226883;NaN;0.0327531980
44.4700134710;NaN;-0.3212948618;-1.7476230157;NaN;-0.8918421320;NaN;-0.0029879992;0.1006226883;NaN;0.0327531980
44.4800134680;NaN;-0.3390684464;-1.7298334350;NaN;-0.8918421320;NaN;-0.0029879992;0.1006226883;NaN;0.0327531980
44.4900134650;NaN;-0.3212948618;-1.7298334350;NaN;-0.8740125298;NaN;-0.0029879992;0.1006226883;NaN;0.0327531980
44.5000134620;NaN;-0.3212948618;-1.7298334350;NaN;-0.8918061368;NaN;-0.0029879992;0.1006226883;NaN;0.0327531980
44.5100134590;NaN;-0.3390684841;-1.7298334350;NaN;-0.8918061449;NaN;-0.0029879992;0.0996221728;NaN;0.0327531980
44.5200134559;NaN;-0.3212948618;-1.7298334350;NaN;-0.8740125298;NaN;-0.0029879992;0.0996221728;NaN;0.0327531980
44.5300134529;NaN;-0.3035212145;-1.7298334350;NaN;-0.8740125298;NaN;-0.0029879992;0.0996221728;NaN;0.0327529741
44.5400134499;NaN;-0.3212948618;-1.7298334350;NaN;-0.8740125298;NaN;-0.0029879992;0.0996221728;NaN;0.0317532580
44.5500134469;NaN;-0.3212948618;-1.7298334350;NaN;-0.8739765750;NaN;-0.0029879992;0.0996221728;NaN;0.0317532580
44.5600134439;NaN;-0.3212948618;-1.7120437737;NaN;-0.8740125298;NaN;-0.0029879992;0.0996221728;NaN;0.0317532580
44.5700134409;NaN;-0.3212948618;-1.7298334350;NaN;-0.8562188663;NaN;-0.0029879992;0.0996221728;NaN;0.0317532580
44.5800134378;NaN;-0.3212948618;-1.7298334350;NaN;-0.8739765991;NaN;-0.0029879992;0.0996221728;NaN;0.0317532580
44.5900134348;NaN;-0.3034652596;-1.7298334350;NaN;-0.8739766072;NaN;-0.0029879992;0.0996221728;NaN;0.0317532580
44.6000134318;NaN;-0.3034652596;-1.7298334350;NaN;-0.8739766152;NaN;-0.0029879992;0.0996221728;NaN;0.0317532580
44.6100134288;NaN;-0.3212390072;-1.7298334350;NaN;-0.8561829276;NaN;-0.0029879992;0.0996221728;NaN;0.0317532580
44.6200134258;NaN;-0.3034652596;-1.7297935478;NaN;-0.8561829276;NaN;-0.0029893412;0.0996221728;NaN;0.0317530345
44.6300134228;NaN;-0.3034652596;-1.7120437112;NaN;-0.8562188181;NaN;-0.0039877754;0.0996221728;NaN;0.0307533201
44.6400134198;NaN;-0.2855798403;-1.7298334350;NaN;-0.8561829276;NaN;-0.0039891168;0.0996221728;NaN;0.0307533201
44.6500134168;NaN;-0.1605494186;-1.7120436933;NaN;-0.8561829276;NaN;-0.0049875516;0.0996221728;NaN;0.0307533201
44.6600134138;NaN;-0.0180800401;-1.7297935834;NaN;-0.8561829276;NaN;NaN;0.0986216619;NaN;0.0307533201
44.6700134108;NaN;NaN;-1.7298334350;NaN;-0.8561829276;NaN;NaN;0.0986216619;NaN;0.0307533201
44.6800134078;NaN;NaN;-1.7298334350;NaN;-0.8383891758;NaN;NaN;0.0986216619;NaN;0.0307533201
44.6900134048;NaN;NaN;-1.7120436577;NaN;-0.8561829276;NaN;NaN;0.0986216619;NaN;0.0307533201
44.7000134018;NaN;NaN;-1.7120038328;NaN;-0.8561829276;NaN;NaN;0.0986216619;NaN;0.0307533201
44.7100133988;NaN;NaN;-1.7297936279;NaN;-0.8561829276;NaN;NaN;0.0986216619;NaN;0.0307533201
44.7200133958;NaN;NaN;-1.7120038328;NaN;-0.8561829276;NaN;NaN;0.0986216619;NaN;0.0307533201
44.7300133929;NaN;NaN;-1.7120436222;NaN;-0.8383891358;NaN;NaN;0.0986216619;NaN;0.0307533201
44.7400133899;NaN;NaN;-1.7120038328;NaN;-0.8561471252;NaN;NaN;0.0986216619;NaN;0.0307533201
44.7500133869;NaN;NaN;-1.7120038328;NaN;-0.8561829276;NaN;NaN;0.0986216619;NaN;0.0307533201
44.7600133839;NaN;NaN;-1.7297936723;NaN;-0.8383533254;NaN;NaN;0.0986216619;NaN;0.0307533201
44.7700133809;NaN;NaN;-1.7120038328;NaN;-0.8383533254;NaN;NaN;0.0986216619;NaN;0.0307530974
44.7800133779;NaN;NaN;-1.7298334350;NaN;-0.8383533254;NaN;NaN;0.0986216619;NaN;0.0297533861
44.7900133749;NaN;NaN;-1.7298334350;NaN;-0.8383533254;NaN;NaN;0.0986216619;NaN;0.0297533861
44.8000133720;NaN;NaN;-1.7120038328;NaN;-0.8205594778;NaN;NaN;0.0986216619;NaN;0.0297533861
44.8100133690;NaN;NaN;-1.7120038328;NaN;-0.8383175788;NaN;NaN;0.0986216619;NaN;0.0297533861
44.8200133660;NaN;NaN;-1.7120038328;NaN;-0.8205237232;NaN;NaN;0.0986216619;NaN;0.0297531636
44.8300133630;NaN;NaN;-1.7120038328;NaN;-0.8205237232;NaN;NaN;0.0986216619;NaN;0.0287534532
44.8400133601;NaN;NaN;-1.7120038328;NaN;-0.8205237232;NaN;NaN;0.0986216619;NaN;0.0287534532
44.8500133571;NaN;NaN;-1.7120038328;NaN;-0.8205237232;NaN;NaN;0.0986216619;NaN;0.0287534532
44.8600133541;NaN;NaN;-1.7120038328;NaN;-0.8205237232;NaN;NaN;0.0976211569;NaN;0.0287534532
44.8700133511;NaN;NaN;-1.7120038328;NaN;-0.8205237232;NaN;NaN;0.0976211569;NaN;0.0287534532
44.8800133482;NaN;NaN;-1.7120038328;NaN;-0.8205237232;NaN;NaN;0.0976211569;NaN;0.0287534532
44.8900133452;NaN;NaN;-1.7120038328;NaN;-0.8026941210;NaN;NaN;0.0976211569;NaN;0.0287532311
44.9000133422;NaN;NaN;-1.7120038328;NaN;-0.8026941210;NaN;NaN;0.0976211569;NaN;0.0277535221
44.9100133393;NaN;NaN;-1.6942138608;NaN;-0.8026941210;NaN;NaN;0.0976211569;NaN;0.0277535221
44.9200133363;NaN;NaN;-1.7120038328;NaN;-0.8026941210;NaN;NaN;0.0976211569;NaN;0.0277535221
44.9300133333;NaN;NaN;-1.7120038328;NaN;-0.8204880719;NaN;NaN;0.0976211569;NaN;0.0277535221
44.9400133304;NaN;NaN;-1.7119642291;NaN;-0.8026941210;NaN;NaN;0.0976211569;NaN;0.0277533003
44.9500133274;NaN;NaN;-1.7120038328;NaN;-0.7849001543;NaN;NaN;0.0976211569;NaN;0.0267535923
44.9600133245;NaN;NaN;-1.7119642467;NaN;-0.8026941210;NaN;NaN;0.0976211569;NaN;0.0267535923
44.9700133215;NaN;NaN;-1.7120038328;NaN;-0.8026941210;NaN;NaN;0.0976211569;NaN;0.0267535923
44.9800133185;NaN;NaN;-1.6941742306;NaN;-0.7848645188;NaN;NaN;0.0976211569;NaN;0.0267535923
45.0000110963;NaN;NaN;-1.6942058785;NaN;-0.7848645188;NaN;NaN;0.0976211569;NaN;0.0267535923
45.0100110939;NaN;NaN;-1.7120038328;NaN;-0.7848645188;NaN;NaN;0.0976211569;NaN;0.0267535923
45.0200110914;NaN;NaN;-1.6941742306;NaN;-0.7848645188;NaN;NaN;0.0976211569;NaN;0.0267535923
45.0300110889;NaN;NaN;-1.6941742306;NaN;-0.7848645188;NaN;NaN;0.0966208788;NaN;0.0267535923
45.0400110865;NaN;NaN;-1.6941742306;NaN;-0.7848645188;NaN;NaN;0.0966208788;NaN;0.0267535923
45.0400265957;NaN;NaN;-1.6941742306;NaN;-0.7848645188;NaN;NaN;0.0966208788;NaN;0.0267535923
45.0500132979;NaN;NaN;-1.6941742306;NaN;-0.7670704731;NaN;NaN;0.0966208788;NaN;0.0267535923
45.0600132949;NaN;NaN;-1.6942137291;NaN;-0.7848289702;NaN;NaN;0.0966208788;NaN;0.0267533710
45.0700132920;NaN;NaN;-1.6941742306;NaN;-0.7670349166;NaN;NaN;0.0966208788;NaN;0.0257536653
45.0800132890;NaN;NaN;-1.6941742306;NaN;-0.7670704495;NaN;NaN;0.0966208788;NaN;0.0257536653
45.0900132861;NaN;NaN;-1.6763841007;NaN;-0.7670349166;NaN;NaN;0.0966208788;NaN;0.0257536653
45.1000132832;NaN;NaN;-1.6763840919;NaN;-0.7670349166;NaN;NaN;0.0966208788;NaN;0.0257536653
45.1100132802;NaN;NaN;-1.6941742306;NaN;-0.7670349166;NaN;NaN;0.0966208788;NaN;0.0257536653
45.1200132773;NaN;NaN;-1.6763840745;NaN;-0.7669994152;NaN;NaN;0.0966208788;NaN;0.0257536653
45.1300132743;NaN;NaN;-1.6941742306;NaN;-0.7670349166;NaN;NaN;0.0966208788;NaN;0.0257536653
45.1400132714;NaN;NaN;-1.6941742306;NaN;-0.7670349166;NaN;NaN;0.0966208788;NaN;0.0257534445
45.1500132685;NaN;NaN;-1.6941742306;NaN;-0.7670349166;NaN;NaN;0.0966208788;NaN;0.0247537404
45.1600132655;NaN;NaN;-1.6941742306;NaN;-0.7670349166;NaN;NaN;0.0966208788;NaN;0.0247537404
45.1700132626;NaN;NaN;-1.6941742306;NaN;-0.7670349166;NaN;NaN;0.0966208788;NaN;0.0247537404
45.1800132597;NaN;NaN;-1.6763840222;NaN;-0.7670349166;NaN;NaN;0.0966208788;NaN;0.0247537404
45.1900132567;NaN;NaN;-1.6941742306;NaN;-0.7670349166;NaN;NaN;0.0966208788;NaN;0.0247537404
45.2000132538;NaN;NaN;-1.6941742306;NaN;-0.7669994780;NaN;NaN;0.0966208788;NaN;0.0247537404
45.2100132509;NaN;NaN;-1.6941742306;NaN;-0.7669994858;NaN;NaN;0.0966208788;NaN;0.0247537404
45.2200132480;NaN;NaN;-1.6763446285;NaN;-0.7492053145;NaN;NaN;0.0966208788;NaN;0.0247535199
45.2300132450;NaN;NaN;-1.6941348804;NaN;-0.7314111275;NaN;NaN;0.0966208788;NaN;0.0237538174
45.2400132421;NaN;NaN;-1.6763839700;NaN;-0.7492053145;NaN;NaN;0.0966208788;NaN;0.0237538174
45.2500132392;NaN;NaN;-1.6941348977;NaN;-0.7313757123;NaN;NaN;0.0966208788;NaN;0.0237538174
45.2600132363;NaN;NaN;-1.6763446285;NaN;-0.7491699227;NaN;NaN;0.0966208788;NaN;0.0237538174
45.2700132333;NaN;NaN;-1.6763446285;NaN;-0.7314110963;NaN;NaN;0.0966208788;NaN;0.0237538174
45.2800132304;NaN;NaN;-1.6763446285;NaN;-0.7314110885;NaN;NaN;0.0956203862;NaN;0.0237538174
45.2900132275;NaN;NaN;-1.6763446285;NaN;-0.7491699461;NaN;NaN;0.0956203862;NaN;0.0237535973
45.3000132246;NaN;NaN;-1.6763446285;NaN;-0.7313757123;NaN;NaN;0.0956203862;NaN;0.0227538961
45.3100132217;NaN;NaN;-1.6763446285;NaN;-0.7313757123;NaN;NaN;0.0956203862;NaN;0.0227538961
45.3200132188;NaN;NaN;-1.6763446285;NaN;-0.7313757123;NaN;NaN;0.0956203862;NaN;0.0227538961
45.3300132159;NaN;NaN;-1.6585150263;NaN;-0.7313757123;NaN;NaN;0.0956203862;NaN;0.0227538961
45.3400132129;NaN;NaN;-1.6763446285;NaN;-0.7313757123;NaN;NaN;0.0956203862;NaN;0.0227538961
45.3500132100;NaN;NaN;-1.6763446285;NaN;-0.7313757123;NaN;NaN;0.0946198956;NaN;0.0227538961
45.3600132071;NaN;NaN;-1.6763446285;NaN;-0.7313757123;NaN;NaN;0.0946198956;NaN;0.0227538961
45.3700132042;NaN;NaN;-1.6763446285;NaN;-0.7313757123;NaN;NaN;0.0946198956;NaN;0.0227538961
45.3800132013;NaN;NaN;-1.6585542467;NaN;-0.7313404139;NaN;NaN;0.0946198956;NaN;0.0227538961
45.3900131984;NaN;NaN;-1.6763054167;NaN;-0.7313404216;NaN;NaN;0.0946198956;NaN;0.0227538961
45.4000131955;NaN;NaN;-1.6585542294;NaN;-0.7135813929;NaN;NaN;0.0946198956;NaN;0.0227538961
45.4100131926;NaN;NaN;-1.6585150263;NaN;-0.7313404372;NaN;NaN;0.0946198956;NaN;0.0227538961
45.4200131897;NaN;NaN;-1.6585542122;NaN;-0.7135813774;NaN;NaN;0.0946198956;NaN;0.0227538961
45.4300131868;NaN;NaN;-1.6585150263;NaN;-0.7135461101;NaN;NaN;0.0946198956;NaN;0.0227538961
45.4400131839;NaN;NaN;-1.6585150263;NaN;-0.7313757123;NaN;NaN;0.0946198956;NaN;0.0227538961
45.4500131810;NaN;NaN;-1.6585150263;NaN;-0.7135461101;NaN;NaN;0.0946198956;NaN;0.0227538961
45.4600131781;NaN;NaN;-1.6585541778;NaN;-0.7135461101;NaN;NaN;0.0946198956;NaN;0.0227536768
45.4700131752;NaN;NaN;-1.6763054855;NaN;-0.7135461101;NaN;NaN;0.0946198956;NaN;0.0217539790
45.4800131723;NaN;NaN;-1.6585150263;NaN;-0.7135461101;NaN;NaN;0.0936194088;NaN;0.0217539790
45.4900131694;NaN;NaN;-1.6585150263;NaN;-0.7135461101;NaN;NaN;0.0936194088;NaN;0.0217539790
45.5000131666;NaN;NaN;-1.6585150263;NaN;-0.7135109046;NaN;NaN;0.0936194088;NaN;0.0217539790
45.5100131637;NaN;NaN;-1.6585150263;NaN;-0.6957517056;NaN;NaN;0.0936194088;NaN;0.0217539790
45.5200131608;NaN;NaN;-1.6585150263;NaN;-0.7135461101;NaN;NaN;0.0936194088;NaN;0.0217539790
45.5300131579;NaN;NaN;-1.6585150263;NaN;-0.7135461101;NaN;NaN;0.0936194088;NaN;0.0217539790
45.5400131550;NaN;NaN;-1.6585150263;NaN;-0.7135461101;NaN;NaN;0.0936194088;NaN;0.0217539790
45.5500131521;NaN;NaN;-1.6585150263;NaN;-0.7135461101;NaN;NaN;0.0936194088;NaN;0.0217539790
45.5600131492;NaN;NaN;-1.6406854241;NaN;-0.7135461101;NaN;NaN;0.0936194088;NaN;0.0217539790
45.5700131464;NaN;NaN;-1.6584759691;NaN;-0.6957516593;NaN;NaN;0.0936194088;NaN;0.0217539790
45.5800131435;NaN;NaN;-1.6585150263;NaN;-0.6957516516;NaN;NaN;0.0936194088;NaN;0.0217537602
45.5900131406;NaN;NaN;-1.6585150263;NaN;-0.7135109740;NaN;NaN;0.0936194088;NaN;0.0207540647
45.6000131377;NaN;NaN;-1.6585150263;NaN;-0.6957438299;NaN;NaN;0.0936194088;NaN;0.0207540647
45.6200109457;NaN;NaN;-1.6585150263;NaN;-0.7135187940;NaN;NaN;0.0936194088;NaN;0.0207540647
45.6300109433;NaN;NaN;-1.6585150263;NaN;-0.6957165079;NaN;NaN;0.0936194088;NaN;0.0207540647
45.6400109409;NaN;NaN;-1.6585150263;NaN;-0.6957165079;NaN;NaN;0.0936194088;NaN;0.0207540647
45.6500109385;NaN;NaN;-1.6585150263;NaN;-0.6957165079;NaN;NaN;0.0936194088;NaN;0.0207540647
45.6600109361;NaN;NaN;-1.6585150263;NaN;-0.6957165079;NaN;NaN;0.0936194088;NaN;0.0207540647
45.6600262352;NaN;NaN;-1.6585150263;NaN;-0.6956814256;NaN;NaN;0.0936194088;NaN;0.0207540647
45.6700131176;NaN;NaN;-1.6585150263;NaN;-0.7134759608;NaN;NaN;0.0936194088;NaN;0.0207540647
45.6800131148;NaN;NaN;-1.6585150263;NaN;-0.6957165079;NaN;NaN;0.0936194088;NaN;0.0207540647
45.6900131119;NaN;NaN;-1.6406854241;NaN;-0.6957165079;NaN;NaN;0.0936194088;NaN;0.0207540647
45.7000131090;NaN;NaN;-1.6584760800;NaN;-0.6957165079;NaN;NaN;0.0936194088;NaN;0.0207540647
45.7100131062;NaN;NaN;-1.6585150263;NaN;-0.6956814639;NaN;NaN;0.0936194088;NaN;0.0207540647
45.7200131033;NaN;NaN;-1.6585150263;NaN;-0.6778869057;NaN;NaN;0.0936194088;NaN;0.0207540647
45.7300131004;NaN;NaN;-1.6585150263;NaN;-0.6957165079;NaN;NaN;0.0936194088;NaN;0.0207540647
45.7400130976;NaN;NaN;-1.6585150263;NaN;-0.6957165079;NaN;NaN;0.0936194088;NaN;0.0207540647
45.7500130947;NaN;NaN;-1.6585150263;NaN;-0.6957165079;NaN;NaN;0.0936194088;NaN;0.0207540647
45.7600130919;NaN;NaN;-1.6407243194;NaN;-0.6957165079;NaN;NaN;0.0936194088;NaN;0.0207540647
45.7700130890;NaN;NaN;-1.6585150263;NaN;-0.6957165079;NaN;NaN;0.0936194088;NaN;0.0207540647
45.7800130862;NaN;NaN;-1.6585150263;NaN;-0.6957165079;NaN;NaN;0.0936194088;NaN;0.0207540647
45.7900130833;NaN;NaN;-1.6585150263;NaN;-0.6957165079;NaN;NaN;0.0936194088;NaN;0.0207540647
45.8000130804;NaN;NaN;-1.6584761649;NaN;-0.6957165079;NaN;NaN;0.0936194088;NaN;0.0207540647
45.8100130776;NaN;NaN;-1.6584761733;NaN;-0.6957165079;NaN;NaN;0.0936194088;NaN;0.0207540647
45.8200130747;NaN;NaN;-1.6406854241;NaN;-0.6957165079;NaN;NaN;0.0936194088;NaN;0.0207540647
45.8300130719;NaN;NaN;-1.6406854241;NaN;-0.6957165079;NaN;NaN;0.0936194088;NaN;0.0207540647
45.8400130690;NaN;NaN;-1.6406854241;NaN;-0.6778869057;NaN;NaN;0.0936194088;NaN;0.0207540647
45.8500130662;NaN;NaN;-1.6406854241;NaN;-0.6778869057;NaN;NaN;0.0926189327;NaN;0.0207540647
45.8600130634;NaN;NaN;-1.6584762156;NaN;-0.6778869057;NaN;NaN;0.0926189327;NaN;0.0207540647
45.8700130605;NaN;NaN;-1.6406854241;NaN;-0.6778869057;NaN;NaN;0.0926189327;NaN;0.0207540647
45.8800130577;NaN;NaN;-1.6406854241;NaN;-0.6778869057;NaN;NaN;0.0926189327;NaN;0.0207540647
45.8900130548;NaN;NaN;-1.6407242094;NaN;-0.6778869057;NaN;NaN;0.0926189327;NaN;0.0207540647
45.9000130520;NaN;NaN;-1.6406854241;NaN;-0.6778869057;NaN;NaN;0.0926189327;NaN;0.0207540647
45.9100130492;NaN;NaN;-1.6406854241;NaN;-0.6779217973;NaN;NaN;0.0926189327;NaN;0.0207540647
45.9200130463;NaN;NaN;-1.6406854241;NaN;-0.6778869057;NaN;NaN;0.0926189327;NaN;0.0207540647
45.9300130435;NaN;NaN;-1.6406854241;NaN;-0.6778869057;NaN;NaN;0.0926189327;NaN;0.0207540647
45.9400130406;NaN;NaN;-1.6407241672;NaN;-0.6778869057;NaN;NaN;0.0926189327;NaN;0.0207540647
45.9500130378;NaN;NaN;-1.6584762915;NaN;-0.6956816466;NaN;NaN;0.0926189327;NaN;0.0207540647
45.9600130350;NaN;NaN;-1.6406854241;NaN;-0.6956816542;NaN;NaN;0.0926189327;NaN;0.0207540647
45.9700130321;NaN;NaN;-1.6406854241;NaN;-0.6957165079;NaN;NaN;0.0926189327;NaN;0.0207540647
45.9800130293;NaN;NaN;-1.6585150263;NaN;-0.6779217442;NaN;NaN;0.0926189327;NaN;0.0207540647
45.9900130265;NaN;NaN;-1.6584763251;NaN;-0.6957165079;NaN;NaN;0.0926189327;NaN;0.0207540647
46.0000130237;NaN;NaN;-1.6406854241;NaN;-0.6778869057;NaN;NaN;0.0926189327;NaN;0.0207540647
46.0100130208;NaN;NaN;-1.6406854241;NaN;-0.6778869057;NaN;NaN;0.0926189327;NaN;0.0207540647
46.0200130180;NaN;NaN;-1.6406854241;NaN;-0.6778869057;NaN;NaN;0.0926189327;NaN;0.0207540647
46.0300130152;NaN;NaN;-1.6406854241;NaN;-0.6779217065;NaN;NaN;0.0926189327;NaN;0.0207540647
46.0400130124;NaN;NaN;-1.6407240832;NaN;-0.6779216989;NaN;NaN;0.0926189327;NaN;0.0207538481
46.0500130095;NaN;NaN;-1.6406854241;NaN;-0.6779216914;NaN;NaN;0.0926189327;NaN;0.0197541613
46.0600130067;NaN;NaN;-1.6406854241;NaN;-0.6956817297;NaN;NaN;0.0926189327;NaN;0.0197541613
46.0700130039;NaN;NaN;-1.6228944559;NaN;-0.6778869057;NaN;NaN;0.0926189327;NaN;0.0197541613
46.0800130011;NaN;NaN;-1.6406854241;NaN;-0.6778869057;NaN;NaN;0.0926189327;NaN;0.0197541613
46.0900129983;NaN;NaN;-1.6406854241;NaN;-0.6778869057;NaN;NaN;0.0926189327;NaN;0.0197541613
46.1000129955;NaN;NaN;-1.6406854241;NaN;-0.6956817598;NaN;NaN;0.0926189327;NaN;0.0197541613
46.1100129926;NaN;NaN;-1.6406854241;NaN;-0.6956817674;NaN;NaN;0.0926189327;NaN;0.0197541613
46.1200129898;NaN;NaN;-1.6406854241;NaN;-0.6956817749;NaN;NaN;0.0926189327;NaN;0.0197541613
46.1300129870;NaN;NaN;-1.6406468402;NaN;-0.6778869057;NaN;NaN;0.0926189327;NaN;0.0197541613
46.1400129842;NaN;NaN;-1.6406468486;NaN;-0.6778869057;NaN;NaN;0.0926189327;NaN;0.0197541613
46.1500129814;NaN;NaN;-1.6228558219;NaN;-0.6778869057;NaN;NaN;0.0926189327;NaN;0.0197541613
46.1600129786;NaN;NaN;-1.6406468652;NaN;-0.6778869057;NaN;NaN;0.0926189327;NaN;0.0197539453
46.1700129758;NaN;NaN;-1.6406854241;NaN;-0.6600573035;NaN;NaN;0.0926189327;NaN;0.0187542608
46.1800129730;NaN;NaN;-1.6228558219;NaN;-0.6600919914;NaN;NaN;0.0926189327;NaN;0.0187542608
46.1900129702;NaN;NaN;-1.6406854241;NaN;-0.6600919839;NaN;NaN;0.0926189327;NaN;0.0187542608
46.2000129674;NaN;NaN;-1.6406468986;NaN;-0.6778522327;NaN;NaN;0.0926189327;NaN;0.0187542608
46.2100129646;NaN;NaN;-1.6406854241;NaN;-0.6778869057;NaN;NaN;0.0926189327;NaN;0.0187542608
46.2200129618;NaN;NaN;-1.6406546170;NaN;-0.6600573035;NaN;NaN;0.0926189327;NaN;0.0187542608
46.2400107991;NaN;NaN;-1.6228558219;NaN;-0.6778599553;NaN;NaN;0.0926189327;NaN;0.0187542608
46.2500107968;NaN;NaN;-1.6228558219;NaN;-0.6600573035;NaN;NaN;0.0926189327;NaN;0.0187542608
46.2600107945;NaN;NaN;-1.6228558219;NaN;-0.6600573035;NaN;NaN;0.0926189327;NaN;0.0187542608
46.2700107921;NaN;NaN;-1.6050570002;NaN;-0.6422277013;NaN;NaN;0.0926189327;NaN;0.0177543626
46.2800107898;NaN;NaN;-1.6051108378;NaN;-0.6422277013;NaN;NaN;0.0926189327;NaN;0.0177543626
46.2800258844;NaN;NaN;-1.6228942809;NaN;-0.6600226904;NaN;NaN;0.0926189327;NaN;0.0177543626
46.2900129422;NaN;NaN;-1.6228558219;NaN;-0.6422277013;NaN;NaN;0.0926189327;NaN;0.0177543626
46.3000129394;NaN;NaN;-1.6228558219;NaN;-0.6422277013;NaN;NaN;0.0916184693;NaN;0.0177543626
46.3100129366;NaN;NaN;-1.6228558219;NaN;-0.6422277013;NaN;NaN;0.0916184693;NaN;0.0177541473
46.3200129338;NaN;NaN;-1.6228558219;NaN;-0.6421931180;NaN;NaN;0.0916184693;NaN;0.0167544656
46.3300129310;NaN;NaN;-1.6228942395;NaN;-0.6422277013;NaN;NaN;0.0916184693;NaN;0.0167544656
46.3400129282;NaN;NaN;-1.6406470148;NaN;-0.6243980991;NaN;NaN;0.0916184693;NaN;0.0167544656
46.3500129255;NaN;NaN;-1.6228558219;NaN;-0.6243980991;NaN;NaN;0.0916184693;NaN;0.0167544656
46.3600129227;NaN;NaN;-1.6228558219;NaN;-0.6243980991;NaN;NaN;0.0916184693;NaN;0.0167544656
46.3700129199;NaN;NaN;-1.6228558219;NaN;-0.6243980991;NaN;NaN;0.0916184693;NaN;0.0167542505
46.3800129171;NaN;NaN;-1.6228558219;NaN;-0.6243980991;NaN;NaN;0.0916184693;NaN;0.0157545699
46.3900129143;NaN;NaN;-1.6228558219;NaN;-0.6243980991;NaN;NaN;0.0906180083;NaN;0.0157545699
46.4000129116;NaN;NaN;-1.6228558219;NaN;-0.6243980991;NaN;NaN;0.0906180083;NaN;0.0157545699
46.4100129088;NaN;NaN;-1.6228558219;NaN;-0.6243635828;NaN;NaN;0.0906180083;NaN;0.0157545699
46.4200129060;NaN;NaN;-1.6228558219;NaN;-0.6243980991;NaN;NaN;0.0906180083;NaN;0.0157545699
46.4300129032;NaN;NaN;-1.6050262197;NaN;-0.6066029984;NaN;NaN;0.0906180083;NaN;0.0157543552
46.4400129005;NaN;NaN;-1.6228558219;NaN;-0.6243636050;NaN;NaN;0.0906180083;NaN;0.0147546757
46.4500128977;NaN;NaN;-1.6228558219;NaN;-0.6243636125;NaN;NaN;0.0906180083;NaN;0.0147546757
46.4600128949;NaN;NaN;-1.6228175116;NaN;-0.6065684969;NaN;NaN;0.0906180083;NaN;0.0147546757
46.4700128921;NaN;NaN;-1.6228558219;NaN;-0.6065684969;NaN;NaN;0.0906180083;NaN;0.0147546757
46.4800128894;NaN;NaN;-1.6050645135;NaN;-0.6065684969;NaN;NaN;0.0906180083;NaN;0.0147546757
46.4900128866;NaN;NaN;-1.6228175363;NaN;-0.6065684969;NaN;NaN;0.0906180083;NaN;0.0147546757
46.5000128838;NaN;NaN;-1.6050644971;NaN;-0.6065684969;NaN;NaN;0.0906180083;NaN;0.0147546757
46.5100128811;NaN;NaN;-1.6050644888;NaN;-0.6065340547;NaN;NaN;0.0906180083;NaN;0.0147546757
46.5200128783;NaN;NaN;-1.6050262197;NaN;-0.5887388947;NaN;NaN;0.0906180083;NaN;0.0147546757
46.5300128755;NaN;NaN;-1.6050262197;NaN;-0.5887388947;NaN;NaN;0.0906180083;NaN;0.0147546757
46.5400128728;NaN;NaN;-1.6228175773;NaN;-0.6065340768;NaN;NaN;0.0906180083;NaN;0.0147546757
46.5500128700;NaN;NaN;-1.6050262197;NaN;-0.5887388947;NaN;NaN;0.0906180083;NaN;0.0147546757
46.5600128673;NaN;NaN;-1.6050262197;NaN;-0.5887733000;NaN;NaN;0.0906180083;NaN;0.0147546757
46.5700128645;NaN;NaN;-1.6050262197;NaN;-0.5887732927;NaN;NaN;0.0906180083;NaN;0.0147544616
46.5800128617;NaN;NaN;-1.5872348292;NaN;-0.5887388947;NaN;NaN;0.0906180083;NaN;0.0137547847
46.5900128590;NaN;NaN;-1.5872348211;NaN;-0.5887388947;NaN;NaN;0.0906180083;NaN;0.0137547847
46.6000128562;NaN;NaN;-1.6050262197;NaN;-0.5887388947;NaN;NaN;0.0906180083;NaN;0.0137547847
46.6100128535;NaN;NaN;-1.6050262197;NaN;-0.5887388947;NaN;NaN;0.0906180083;NaN;0.0137547847
46.6200128507;NaN;NaN;-1.6050262197;NaN;-0.5887388947;NaN;NaN;0.0906180083;NaN;0.0137547847
46.6300128480;NaN;NaN;-1.6050643905;NaN;-0.5709436463;NaN;NaN;0.0906180083;NaN;0.0137547847
46.6400128452;NaN;NaN;-1.6050262197;NaN;-0.5887045483;NaN;NaN;0.0906180083;NaN;0.0137547847
46.6500128425;NaN;NaN;-1.6050262197;NaN;-0.5887045557;NaN;NaN;0.0906180083;NaN;0.0137545709
46.6600128397;NaN;NaN;-1.6050643660;NaN;-0.5887045630;NaN;NaN;0.0906180083;NaN;0.0127548955
46.6700128370;NaN;NaN;-1.6050262197;NaN;-0.5709092925;NaN;NaN;0.0906180083;NaN;0.0127548955
46.6800128342;NaN;NaN;-1.6050262197;NaN;-0.5709092925;NaN;NaN;0.0906180083;NaN;0.0127548955
46.6900128315;NaN;NaN;-1.6050262197;NaN;-0.5531140000;NaN;NaN;0.0906180083;NaN;0.0127548955
46.7000128287;NaN;NaN;-1.6050262197;NaN;-0.5709092925;NaN;NaN;0.0906180083;NaN;0.0127548955
46.7100128260;NaN;NaN;-1.5872347231;NaN;-0.5531139854;NaN;NaN;0.0906180083;NaN;0.0127548955
46.7200128233;NaN;NaN;-1.6050262197;NaN;-0.5708750048;NaN;NaN;0.0896175565;NaN;0.0127548955
46.7300128205;NaN;NaN;-1.6050262197;NaN;-0.5531139707;NaN;NaN;0.0896175565;NaN;0.0127546821
46.7400128178;NaN;NaN;-1.6050262197;NaN;-0.5530796903;NaN;NaN;0.0896175565;NaN;0.0117550081
46.7500128150;NaN;NaN;-1.6050262197;NaN;-0.5530796903;NaN;NaN;0.0896175565;NaN;0.0117550081
46.7600128123;NaN;NaN;-1.6050262197;NaN;-0.5709092925;NaN;NaN;0.0896175565;NaN;0.0117547949
46.7700128096;NaN;NaN;-1.6050262197;NaN;-0.5530796903;NaN;NaN;0.0896175565;NaN;0.0107551215
46.7800128068;NaN;NaN;-1.6050262197;NaN;-0.5708750487;NaN;NaN;0.0896175565;NaN;0.0107551215
46.7900128041;NaN;NaN;-1.6050262197;NaN;-0.5352843246;NaN;NaN;0.0896175565;NaN;0.0107551215
46.8000128014;NaN;NaN;-1.6050262197;NaN;-0.5530454612;NaN;NaN;0.0896175565;NaN;0.0107551215
46.8100127986;NaN;NaN;-1.6050262197;NaN;-0.5530454685;NaN;NaN;0.0896175565;NaN;0.0107551215
46.8200127959;NaN;NaN;-1.6049882035;NaN;-0.5352500881;NaN;NaN;0.0896175565;NaN;0.0107551215
46.8300127932;NaN;NaN;-1.6050262197;NaN;-0.5352500881;NaN;NaN;0.0896175565;NaN;0.0107549085
46.8400127904;NaN;NaN;-1.5872270175;NaN;-0.5174470860;NaN;NaN;0.0886173214;NaN;0.0097552364
46.8600106564;NaN;NaN;-1.6050262197;NaN;-0.5174204860;NaN;NaN;0.0886173214;NaN;0.0097552364
46.8700106542;NaN;NaN;-1.5872270045;NaN;-0.5174204860;NaN;NaN;0.0886173214;NaN;0.0097552364
46.8800106519;NaN;NaN;-1.6050262197;NaN;-0.5174204860;NaN;NaN;0.0886173214;NaN;0.0097552364
46.8900106496;NaN;NaN;-1.6049958456;NaN;-0.5174204860;NaN;NaN;0.0886173214;NaN;0.0087553525
46.9000106474;NaN;NaN;-1.6049427184;NaN;-0.5174204860;NaN;NaN;0.0886173214;NaN;0.0087553525
46.9000255428;NaN;NaN;-1.5871966175;NaN;-0.5174204860;NaN;NaN;0.0886173214;NaN;0.0087553525
46.9100127714;NaN;NaN;-1.5871966175;NaN;-0.5173863369;NaN;NaN;0.0886173214;NaN;0.0087553525
46.9200127687;NaN;NaN;-1.5871966175;NaN;-0.4995908838;NaN;NaN;0.0886173214;NaN;0.0087553525
46.9300127660;NaN;NaN;-1.5871966175;NaN;-0.5173863514;NaN;NaN;0.0886173214;NaN;0.0087553525
46.9400127632;NaN;NaN;-1.5871966175;NaN;-0.4995908838;NaN;NaN;0.0886173214;NaN;0.0087553525
46.9500127605;NaN;NaN;-1.5871966175;NaN;-0.4995908838;NaN;NaN;0.0886173214;NaN;0.0087551401
46.9600127578;NaN;NaN;-1.5871966175;NaN;-0.4995908838;NaN;NaN;0.0886173214;NaN;0.0077554701
46.9700127551;NaN;NaN;-1.5871966175;NaN;-0.4995908838;NaN;NaN;0.0886173214;NaN;0.0077554701
46.9800127524;NaN;NaN;-1.5871966175;NaN;-0.4817612816;NaN;NaN;0.0886173214;NaN;0.0077554701
46.9900127497;NaN;NaN;-1.5871966175;NaN;-0.4995567927;NaN;NaN;0.0886173214;NaN;0.0077554701
47.0000127470;NaN;NaN;-1.5871966175;NaN;-0.4995908838;NaN;NaN;0.0886173214;NaN;0.0077554701
47.0100127443;NaN;NaN;-1.5871966175;NaN;-0.4817953581;NaN;NaN;0.0886173214;NaN;0.0077554701
47.0200127416;NaN;NaN;-1.5693670153;NaN;-0.4995908838;NaN;NaN;0.0886173214;NaN;0.0077554701
47.0300127389;NaN;NaN;-1.5871966175;NaN;-0.4817953436;NaN;NaN;0.0886173214;NaN;0.0077554701
47.0400127361;NaN;NaN;-1.5871966175;NaN;-0.4817612816;NaN;NaN;0.0886173214;NaN;0.0077554701
47.0500127334;NaN;NaN;-1.5871966175;NaN;-0.4817612816;NaN;NaN;0.0886173214;NaN;0.0077552582
47.0600127307;NaN;NaN;-1.5871587948;NaN;-0.4817612816;NaN;NaN;0.0886173214;NaN;0.0067555900
47.0700127280;NaN;NaN;-1.5694048299;NaN;-0.4817612816;NaN;NaN;0.0886173214;NaN;0.0067555900
47.0800127253;NaN;NaN;-1.5871588109;NaN;-0.4639657053;NaN;NaN;0.0886173214;NaN;0.0067555900
47.0900127226;NaN;NaN;-1.5693670153;NaN;-0.4817612816;NaN;NaN;0.0876168797;NaN;0.0067555900
47.1000127199;NaN;NaN;-1.5694048059;NaN;-0.4817612816;NaN;NaN;0.0876168797;NaN;0.0067555900
47.1100127173;NaN;NaN;-1.5693670153;NaN;-0.4817272772;NaN;NaN;0.0876168797;NaN;0.0067555900
47.1200127146;NaN;NaN;-1.5693670153;NaN;-0.4817272844;NaN;NaN;0.0876168797;NaN;0.0067555900
47.1300127119;NaN;NaN;-1.5693670153;NaN;-0.4639656693;NaN;NaN;0.0876168797;NaN;0.0067555900
47.1400127092;NaN;NaN;-1.5693670153;NaN;-0.4639316794;NaN;NaN;0.0876168797;NaN;0.0067555900
47.1500127065;NaN;NaN;-1.5693670153;NaN;-0.4639656549;NaN;NaN;0.0876168797;NaN;0.0067555900
47.1600127038;NaN;NaN;-1.5693670153;NaN;-0.4817273132;NaN;NaN;0.0876168797;NaN;0.0067555900
47.1700127011;NaN;NaN;-1.5693670153;NaN;-0.4639316794;NaN;NaN;0.0876168797;NaN;0.0067555900
47.1800126984;NaN;NaN;-1.5693670153;NaN;-0.4639316794;NaN;NaN;0.0876168797;NaN;0.0067555900
47.1900126957;NaN;NaN;-1.5871588989;NaN;-0.4817273348;NaN;NaN;0.0876168797;NaN;0.0067555900
47.2000126930;NaN;NaN;-1.5693670153;NaN;-0.4639316794;NaN;NaN;0.0876168797;NaN;0.0067555900
47.2100126904;NaN;NaN;-1.5693670153;NaN;-0.4461360096;NaN;NaN;0.0876168797;NaN;0.0067553788
47.2200126877;NaN;NaN;-1.5693670153;NaN;-0.4639316794;NaN;NaN;0.0876168797;NaN;0.0057557135
47.2300126850;NaN;NaN;-1.5693670153;NaN;-0.4638977613;NaN;NaN;0.0876168797;NaN;0.0057557135
47.2400126823;NaN;NaN;-1.5871966175;NaN;-0.4461359881;NaN;NaN;0.0876168797;NaN;0.0057557135
47.2500126796;NaN;NaN;-1.5871966175;NaN;-0.4461020772;NaN;NaN;0.0876168797;NaN;0.0057557135
47.2600126769;NaN;NaN;-1.5693670153;NaN;-0.4461020772;NaN;NaN;0.0876168797;NaN;0.0057557135
47.2700126743;NaN;NaN;-1.5871966175;NaN;-0.4638977900;NaN;NaN;0.0876168797;NaN;0.0057557135
47.2800126716;NaN;NaN;-1.5871589705;NaN;-0.4461359595;NaN;NaN;0.0876168797;NaN;0.0057557135
47.2900126689;NaN;NaN;-1.5693670153;NaN;-0.4461020772;NaN;NaN;0.0876168797;NaN;0.0057557135
47.3000126662;NaN;NaN;-1.5693670153;NaN;-0.4461020772;NaN;NaN;0.0876168797;NaN;0.0057557135
47.3100126636;NaN;NaN;-1.5693670153;NaN;-0.4461020772;NaN;NaN;0.0876168797;NaN;0.0057555028
47.3200126609;NaN;NaN;-1.5693670153;NaN;-0.4461020772;NaN;NaN;0.0876168797;NaN;0.0047558393
47.3300126582;NaN;NaN;-1.5693670153;NaN;-0.4461020772;NaN;NaN;0.0876168797;NaN;0.0047558393
47.3400126556;NaN;NaN;-1.5693670153;NaN;-0.4282724750;NaN;NaN;0.0876168797;NaN;0.0047558393
47.3500126529;NaN;NaN;-1.5693670153;NaN;-0.4461020772;NaN;NaN;0.0876168797;NaN;0.0047558393
47.3600126502;NaN;NaN;-1.5693670153;NaN;-0.4461020772;NaN;NaN;0.0876168797;NaN;0.0047558393
47.3700126476;NaN;NaN;-1.5871590419;NaN;-0.4461020772;NaN;NaN;0.0876168797;NaN;0.0047558393
47.3800126449;NaN;NaN;-1.5694045829;NaN;-0.4282724750;NaN;NaN;0.0876168797;NaN;0.0047558393
47.3900126422;NaN;NaN;-1.5693670153;NaN;-0.4461020772;NaN;NaN;0.0876168797;NaN;0.0047558393
47.4000126396;NaN;NaN;-1.5693670153;NaN;-0.4461020772;NaN;NaN;0.0876168797;NaN;0.0047558393
47.4100126369;NaN;NaN;-1.5693670153;NaN;-0.4461020772;NaN;NaN;0.0876168797;NaN;0.0047558393
47.4200126342;NaN;NaN;-1.5693670153;NaN;-0.4282724750;NaN;NaN;0.0876168797;NaN;0.0047558393
47.4300126316;NaN;NaN;-1.5515749412;NaN;-0.4282724750;NaN;NaN;0.0876168797;NaN;0.0047558393
47.4400126289;NaN;NaN;-1.5693670153;NaN;-0.4282724750;NaN;NaN;0.0876168797;NaN;0.0047558393
47.4500126263;NaN;NaN;-1.5693670153;NaN;-0.4282724750;NaN;NaN;0.0876168797;NaN;0.0047558393
47.4700105197;NaN;NaN;-1.5693670153;NaN;-0.4282724750;NaN;NaN;0.0876168797;NaN;0.0047558393
47.4800105175;NaN;NaN;-1.5693670153;NaN;-0.4282724750;NaN;NaN;0.0876168797;NaN;0.0047558393
47.4900105152;NaN;NaN;-1.5693670153;NaN;-0.4282724750;NaN;NaN;0.0876168797;NaN;0.0047558393
47.5000105130;NaN;NaN;-1.5693670153;NaN;-0.4282724750;NaN;NaN;0.0876168797;NaN;0.0037559690
47.5100105108;NaN;NaN;-1.5693969936;NaN;-0.4104691038;NaN;NaN;0.0876168797;NaN;0.0037559690
47.5200105086;NaN;NaN;-1.5694494289;NaN;-0.4105215446;NaN;NaN;0.0876168797;NaN;0.0037559690
47.5200252101;NaN;NaN;-1.5693670153;NaN;-0.4282724750;NaN;NaN;0.0876168797;NaN;0.0037559690
47.5300126050;NaN;NaN;-1.5693670153;NaN;-0.4282387706;NaN;NaN;0.0876168797;NaN;0.0037559690
47.5400126024;NaN;NaN;-1.5693670153;NaN;-0.4282387777;NaN;NaN;0.0876168797;NaN;0.0037559690
47.5500125997;NaN;NaN;-1.5693670153;NaN;-0.4282724750;NaN;NaN;0.0876168797;NaN;0.0037559690
47.5600125971;NaN;NaN;-1.5693670153;NaN;-0.4104428728;NaN;NaN;0.0876168797;NaN;0.0037559690
47.5700125945;NaN;NaN;-1.5694044331;NaN;-0.4104428728;NaN;NaN;0.0876168797;NaN;0.0037559690
47.5800125918;NaN;NaN;-1.5693670153;NaN;-0.4104428728;NaN;NaN;0.0876168797;NaN;0.0037559690
47.5900125892;NaN;NaN;-1.5871592153;NaN;-0.4104428728;NaN;NaN;0.0876168797;NaN;0.0037557595
47.6000125865;NaN;NaN;-1.5694044096;NaN;-0.4104428728;NaN;NaN;0.0876168797;NaN;0.0027561009
47.6100125839;NaN;NaN;-1.5871966175;NaN;-0.4104092250;NaN;NaN;0.0876168797;NaN;0.0027561009
47.6200125813;NaN;NaN;-1.5871592389;NaN;-0.4104428728;NaN;NaN;0.0876168797;NaN;0.0027561009
47.6300125786;NaN;NaN;-1.5693670153;NaN;-0.4104092391;NaN;NaN;0.0876168797;NaN;0.0027561009
47.6400125760;NaN;NaN;-1.5693670153;NaN;-0.3926132706;NaN;NaN;0.0876168797;NaN;0.0027561009
47.6500125733;NaN;NaN;-1.5693670153;NaN;-0.4104092532;NaN;NaN;0.0876168797;NaN;0.0027561009
47.6600125707;NaN;NaN;-1.5693670153;NaN;-0.4104092602;NaN;NaN;0.0876168797;NaN;0.0027561009
47.6700125681;NaN;NaN;-1.5693670153;NaN;-0.3926468761;NaN;NaN;0.0876168797;NaN;0.0027561009
47.6800125654;NaN;NaN;-1.5693670153;NaN;-0.3926132706;NaN;NaN;0.0876168797;NaN;0.0027561009
47.6900125628;NaN;NaN;-1.5871592936;NaN;-0.3926132706;NaN;NaN;0.0876168797;NaN;0.0027561009
47.7000125602;NaN;NaN;-1.5693670153;NaN;-0.3926132706;NaN;NaN;0.0876168797;NaN;0.0027561009
47.7100125576;NaN;NaN;-1.5693670153;NaN;-0.3925796932;NaN;NaN;0.0876168797;NaN;0.0027561009
47.7200125549;NaN;NaN;-1.5693670153;NaN;-0.3926132706;NaN;NaN;0.0876168797;NaN;0.0027561009
47.7300125523;NaN;NaN;-1.5693670153;NaN;-0.3926132706;NaN;NaN;0.0876168797;NaN;0.0027561009
47.7400125497;NaN;NaN;-1.5693670153;NaN;-0.3925797143;NaN;NaN;0.0876168797;NaN;0.0027561009
47.7500125471;NaN;NaN;-1.5693670153;NaN;-0.3926132706;NaN;NaN;0.0876168797;NaN;0.0027561009
47.7600125444;NaN;NaN;-1.5693670153;NaN;-0.3926132706;NaN;NaN;0.0876168797;NaN;0.0027561009
47.7700125418;NaN;NaN;-1.5693670153;NaN;-0.3926132706;NaN;NaN;0.0876168797;NaN;0.0027561009
47.7800125392;NaN;NaN;-1.5693670153;NaN;-0.3748171967;NaN;NaN;0.0876168797;NaN;0.0027561009
47.7900125366;NaN;NaN;-1.5693670153;NaN;-0.3925797493;NaN;NaN;0.0876168797;NaN;0.0027561009
47.8000125339;NaN;NaN;-1.5693670153;NaN;-0.3925797563;NaN;NaN;0.0876168797;NaN;0.0027561009
47.8100125313;NaN;NaN;-1.5871593872;NaN;-0.3747836684;NaN;NaN;0.0876168797;NaN;0.0027561009
47.8200125287;NaN;NaN;-1.5693670153;NaN;-0.3747836684;NaN;NaN;0.0876168797;NaN;0.0027561009
47.8300125261;NaN;NaN;-1.5693298005;NaN;-0.3747836684;NaN;NaN;0.0876168797;NaN;0.0027561009
47.8400125235;NaN;NaN;-1.5693670153;NaN;-0.3747836684;NaN;NaN;0.0876168797;NaN;0.0027561009
47.8500125209;NaN;NaN;-1.5694042146;NaN;-0.3747836684;NaN;NaN;0.0876168797;NaN;0.0027561009
47.8600125183;NaN;NaN;-1.5693670153;NaN;-0.3747836684;NaN;NaN;0.0876168797;NaN;0.0027561009
47.8700125156;NaN;NaN;-1.5693670153;NaN;-0.3747836684;NaN;NaN;0.0866164587;NaN;0.0027561009
47.8800125130;NaN;NaN;-1.5693670153;NaN;-0.3925798122;NaN;NaN;0.0866164587;NaN;0.0027561009
47.8900125104;NaN;NaN;-1.5693670153;NaN;-0.3747836684;NaN;NaN;0.0866164587;NaN;0.0027561009
47.9000125078;NaN;NaN;-1.5693670153;NaN;-0.3747836684;NaN;NaN;0.0866164587;NaN;0.0027561009
47.9100125052;NaN;NaN;-1.5693670153;NaN;-0.3747836684;NaN;NaN;0.0866164587;NaN;0.0027561009
47.9200125026;NaN;NaN;-1.5693670153;NaN;-0.3747836684;NaN;NaN;0.0866164587;NaN;0.0027561009
47.9300125000;NaN;NaN;-1.5515745504;NaN;-0.3569874898;NaN;NaN;0.0866164587;NaN;0.0027561009
47.9400124974;NaN;NaN;-1.5515374131;NaN;-0.3569874828;NaN;NaN;0.0866164587;NaN;0.0027558929
47.9500124948;NaN;NaN;-1.5515374131;NaN;-0.3747836684;NaN;NaN;0.0866164587;NaN;0.0017562405
47.9600124922;NaN;NaN;-1.5693299012;NaN;-0.3747836684;NaN;NaN;0.0866164587;NaN;0.0017562405
47.9700124896;NaN;NaN;-1.5693670153;NaN;-0.3569540662;NaN;NaN;0.0866164587;NaN;0.0017562405
47.9800124870;NaN;NaN;-1.5693670153;NaN;-0.3569874550;NaN;NaN;0.0866164587;NaN;0.0017562405
47.9900124844;NaN;NaN;-1.5515374131;NaN;-0.3747836684;NaN;NaN;0.0866164587;NaN;0.0017562405
48.0000124818;NaN;NaN;-1.5693299321;NaN;-0.3747836684;NaN;NaN;0.0866164587;NaN;0.0017562405
48.0100124792;NaN;NaN;-1.5515744886;NaN;-0.3569874342;NaN;NaN;0.0866164587;NaN;0.0017562405
48.0200124766;NaN;NaN;-1.5693299475;NaN;-0.3569540662;NaN;NaN;0.0866164587;NaN;0.0017562405
48.0300124740;NaN;NaN;-1.5515744732;NaN;-0.3569540662;NaN;NaN;0.0866164587;NaN;0.0017562405
48.0400124714;NaN;NaN;-1.5515744655;NaN;-0.3569540662;NaN;NaN;0.0856160421;NaN;0.0017562405
48.0500124688;NaN;NaN;-1.5515374131;NaN;-0.3569540662;NaN;NaN;0.0856160421;NaN;0.0017562405
48.0600124662;NaN;NaN;-1.5515374131;NaN;-0.3569540662;NaN;NaN;0.0856160421;NaN;0.0017562405
48.0700124636;NaN;NaN;-1.5515374131;NaN;-0.3569540662;NaN;NaN;0.0856160421;NaN;0.0017562405
48.0900103842;NaN;NaN;-1.5515374131;NaN;-0.3569281511;NaN;NaN;0.0856160421;NaN;0.0017562405
48.1000103821;NaN;NaN;-1.5515374131;NaN;-0.3391244640;NaN;NaN;0.0856160421;NaN;0.0017562405
48.1100103799;NaN;NaN;-1.5337078109;NaN;-0.3391244640;NaN;NaN;0.0856160421;NaN;0.0017562405
48.1200103778;NaN;NaN;-1.5337374098;NaN;-0.3212948618;NaN;NaN;0.0856160421;NaN;0.0007563838
48.1300103756;NaN;NaN;-1.5337891816;NaN;-0.3212948618;NaN;NaN;0.0856160421;NaN;0.0007563838
48.1300248911;NaN;NaN;-1.5515374131;NaN;-0.3211950072;NaN;NaN;0.0846156278;NaN;0.0007563838
48.1400124456;NaN;NaN;-1.5337447864;NaN;-0.2678060553;NaN;NaN;0.0846156278;NaN;0.0007563838
48.1500124430;NaN;NaN;-1.5515374131;NaN;-0.2321468509;NaN;NaN;0.0846156278;NaN;0.0007563838
48.1600124404;NaN;NaN;-1.5515374131;NaN;-0.2321801151;NaN;NaN;0.0846156278;NaN;0.0007563838
48.1700124378;NaN;NaN;-1.5337078109;NaN;-0.2321135936;NaN;NaN;0.0846156278;NaN;0.0007563838
48.1800124352;NaN;NaN;-1.5337078109;NaN;-0.1964876465;NaN;NaN;0.0846156278;NaN;0.0007563838
48.1900124327;NaN;NaN;-1.5515004759;NaN;-0.1609281726;NaN;NaN;0.0846156278;NaN;0.0007563838
48.2000124301;NaN;NaN;-1.5515004835;NaN;-0.1608284421;NaN;NaN;0.0846156278;NaN;0.0007563838
48.2100124275;NaN;NaN;-1.5337078109;NaN;-0.1429988399;NaN;NaN;0.0846156278;NaN;0.0007563838
48.2200124249;NaN;NaN;-1.5337078109;NaN;-0.1251360149;NaN;NaN;0.0846156278;NaN;0.0007563838
48.2300124224;NaN;NaN;-1.5337078109;NaN;-0.0894768174;NaN;NaN;0.0846156278;NaN;0.0007561770
48.2400124198;NaN;NaN;-1.5337078109;NaN;-0.0716804311;NaN;NaN;0.0846156278;NaN;-0.0002434704
48.2500124172;NaN;NaN;-1.5515005217;NaN;-0.0716804311;NaN;NaN;0.0846156278;NaN;-0.0002434704
48.2600124146;NaN;NaN;-1.5337446947;NaN;-0.0716804311;NaN;NaN;0.0846156278;NaN;-0.0002434704
48.2700124121;NaN;NaN;-1.5337078109;NaN;-0.0895100333;NaN;NaN;0.0846156278;NaN;-0.0002434704
48.2800124095;NaN;NaN;-1.5515374131;NaN;-0.0895432150;NaN;NaN;0.0846156278;NaN;-0.0002434704
48.2900124069;NaN;NaN;-1.5337078109;NaN;-0.1073396355;NaN;NaN;0.0846156278;NaN;-0.0002434704
48.3000124044;NaN;NaN;-1.5337078109;NaN;-0.1073396355;NaN;NaN;0.0846156278;NaN;-0.0002434704
48.3100124018;NaN;NaN;-1.5159150544;NaN;-0.1073396355;NaN;NaN;0.0846156278;NaN;-0.0002434704
48.3200123993;NaN;NaN;-1.5337078109;NaN;-0.1073396355;NaN;NaN;0.0846156278;NaN;-0.0002434704
48.3300123967;NaN;NaN;-1.5337078109;NaN;-0.1073727829;NaN;NaN;0.0846156278;NaN;-0.0002434704
48.3400123941;NaN;NaN;-1.5337078109;NaN;-0.1251692377;NaN;NaN;0.0846156278;NaN;-0.0002434704
48.3500123916;NaN;NaN;-1.5336709957;NaN;-0.1251692377;NaN;NaN;0.0846156278;NaN;-0.0002434704
48.3600123890;NaN;NaN;-1.5337078109;NaN;-0.1251692377;NaN;NaN;0.0846156278;NaN;-0.0002434704
48.3700123865;NaN;NaN;-1.5337078109;NaN;-0.1429988399;NaN;NaN;0.0846156278;NaN;-0.0002434704
48.3800123839;NaN;NaN;-1.5337078109;NaN;-0.1429988399;NaN;NaN;0.0846156278;NaN;-0.0002434704
48.3900123813;NaN;NaN;-1.5515006283;NaN;-0.1429988399;NaN;NaN;0.0846156278;NaN;-0.0002434704
48.4000123788;NaN;NaN;-1.5337078109;NaN;-0.1429988399;NaN;NaN;0.0846156278;NaN;-0.0002434704
48.4100123762;NaN;NaN;-1.5337078109;NaN;-0.1429657472;NaN;NaN;0.0846156278;NaN;-0.0002434704
48.4200123737;NaN;NaN;-1.5337078109;NaN;-0.1073396355;NaN;NaN;0.0846156278;NaN;-0.0002434704
48.4300123711;NaN;NaN;-1.5337078109;NaN;-0.1073396355;NaN;NaN;0.0846156278;NaN;-0.0002434704
48.4400123686;NaN;NaN;-1.5336710640;NaN;-0.1073396355;NaN;NaN;0.0846156278;NaN;-0.0002434704
48.4500123660;NaN;NaN;-1.5337078109;NaN;-0.1073396355;NaN;NaN;0.0846156278;NaN;-0.0002434704
48.4600123635;NaN;NaN;-1.5337078109;NaN;-0.0895430919;NaN;NaN;0.0846156278;NaN;-0.0002434704
48.4700123609;NaN;NaN;-1.5159149329;NaN;-0.1073396355;NaN;NaN;0.0846156278;NaN;-0.0002434704
48.4800123584;NaN;NaN;-1.5159149254;NaN;-0.1073396355;NaN;NaN;0.0846156278;NaN;-0.0002434704
48.4900123558;NaN;NaN;-1.5337078109;NaN;-0.1251361995;NaN;NaN;0.0846156278;NaN;-0.0002434704
48.5000123533;NaN;NaN;-1.5337078109;NaN;-0.1251362064;NaN;NaN;0.0846156278;NaN;-0.0002434704
48.5100123508;NaN;NaN;-1.5337078109;NaN;-0.1251692377;NaN;NaN;0.0836152233;NaN;-0.0002434704
48.5200123482;NaN;NaN;-1.5159148951;NaN;-0.1251692377;NaN;NaN;0.0836152233;NaN;-0.0002434704
48.5300123457;NaN;NaN;-1.5159148876;NaN;-0.1429658289;NaN;NaN;0.0836152233;NaN;-0.0002434704
48.5400123431;NaN;NaN;-1.5336711396;NaN;-0.1429658357;NaN;NaN;0.0836152233;NaN;-0.0002434704
48.5500123406;NaN;NaN;-1.5158782087;NaN;-0.1429988399;NaN;NaN;0.0836152233;NaN;-0.0002434704
48.5600123381;NaN;NaN;-1.5159148650;NaN;-0.1429988399;NaN;NaN;0.0836152233;NaN;-0.0002434704
48.5700123355;NaN;NaN;-1.5158782087;NaN;-0.1429988399;NaN;NaN;0.0836152233;NaN;-0.0002434704
48.5800123330;NaN;NaN;-1.5158782087;NaN;-0.1429988399;NaN;NaN;0.0836152233;NaN;-0.0002434704
48.5900123305;NaN;NaN;-1.5336711773;NaN;-0.1251692377;NaN;NaN;0.0836152233;NaN;-0.0002434704
48.6000123279;NaN;NaN;-1.5336711848;NaN;-0.1073396355;NaN;NaN;0.0836152233;NaN;-0.0002434704
48.6100123254;NaN;NaN;-1.5158782087;NaN;-0.1072737220;NaN;NaN;0.0836152233;NaN;-0.0002434704
48.6200123229;NaN;NaN;-1.5337078109;NaN;-0.0716804311;NaN;NaN;0.0836152233;NaN;-0.0002434704
48.6300123203;NaN;NaN;-1.5158782087;NaN;-0.0538178857;NaN;NaN;0.0836152233;NaN;-0.0002434704
48.6400123178;NaN;NaN;-1.5158782087;NaN;-0.0181916246;NaN;NaN;0.0836152233;NaN;-0.0002434704
48.6500123153;NaN;NaN;-1.5336712224;NaN;-0.0359882971;NaN;NaN;0.0826148224;NaN;-0.0002434704
48.6600123127;NaN;NaN;-1.5158782087;NaN;-0.0003620224;NaN;NaN;0.0826148224;NaN;-0.0002434704
48.6700123102;NaN;NaN;-1.5158782087;NaN;-0.0359883106;NaN;NaN;0.0826148224;NaN;-0.0002434704
48.6800123077;NaN;NaN;-1.5158782087;NaN;-0.0181916246;NaN;NaN;0.0826148224;NaN;-0.0002434704
48.7000102543;NaN;NaN;-1.5158782087;NaN;-0.0181916246;NaN;NaN;0.0826148224;NaN;-0.0002434704
48.7100102522;NaN;NaN;-1.5158782087;NaN;-0.0181660388;NaN;NaN;0.0826148224;NaN;-0.0002434704
48.7200102501;NaN;NaN;-1.5158782087;NaN;-0.0003620224;NaN;NaN;0.0826148224;NaN;-0.0002434704
48.7300102480;NaN;NaN;-1.4980778354;NaN;-0.0003620224;NaN;NaN;0.0826148224;NaN;-0.0002434704
48.7400102459;NaN;NaN;-1.5158782087;NaN;-0.0003620224;NaN;NaN;0.0826148224;NaN;-0.0002434704
48.7500102438;NaN;NaN;-1.5158782087;NaN;-0.0003620224;NaN;NaN;0.0826148224;NaN;-0.0002434704
48.7500245751;NaN;NaN;-1.5158416951;NaN;-0.0003620224;NaN;NaN;0.0826148224;NaN;-0.0002434704
48.7600122875;NaN;NaN;-1.5158417026;NaN;-0.0003291668;NaN;NaN;0.0826148224;NaN;-0.0002434704
48.7700122850;NaN;NaN;-1.4980486065;NaN;-0.0003620224;NaN;NaN;0.0826148224;NaN;-0.0002434704
48.7800122825;NaN;NaN;-1.4980850977;NaN;-0.0003948645;NaN;NaN;0.0826148224;NaN;-0.0002434704
48.7900122800;NaN;NaN;-1.4980486065;NaN;-0.0003948577;NaN;NaN;0.0826148224;NaN;-0.0002434704
48.8000122775;NaN;NaN;-1.4980850828;NaN;-0.0182244532;NaN;NaN;0.0826148224;NaN;-0.0002434704
48.8100122750;NaN;NaN;-1.5158782087;NaN;-0.0182244465;NaN;NaN;0.0826148224;NaN;-0.0002434704
48.8200122724;NaN;NaN;-1.5158782087;NaN;-0.0360212268;NaN;NaN;0.0826148224;NaN;-0.0002434704
48.8300122699;NaN;NaN;-1.4980850604;NaN;-0.0360212268;NaN;NaN;0.0826148224;NaN;-0.0002434704
48.8400122674;NaN;NaN;-1.5158417623;NaN;-0.0538508290;NaN;NaN;0.0826148224;NaN;-0.0002434704
48.8500122649;NaN;NaN;-1.5158782087;NaN;-0.0717460213;NaN;NaN;0.0826148224;NaN;-0.0002434704
48.8600122624;NaN;NaN;-1.5158782087;NaN;-0.1073724239;NaN;NaN;0.0826148224;NaN;-0.0002434704
48.8700122599;NaN;NaN;-1.4980850306;NaN;-0.1072740721;NaN;NaN;0.0826148224;NaN;-0.0002434704
48.8800122574;NaN;NaN;-1.4980850232;NaN;-0.0359229018;NaN;NaN;0.0826148224;NaN;-0.0002434704
48.8900122549;NaN;NaN;-1.4980486065;NaN;-0.0003620224;NaN;NaN;0.0826148224;NaN;-0.0002434704
48.9000122524;NaN;NaN;-1.5158782087;NaN;0.0174348182;NaN;NaN;0.0826148224;NaN;-0.0002434704
48.9100122499;NaN;NaN;-1.5158782087;NaN;-0.0003620224;NaN;NaN;0.0826148224;NaN;-0.0002434704
48.9200122474;NaN;NaN;-1.4980486065;NaN;-0.0003292741;NaN;NaN;0.0826148224;NaN;-0.0002434704
48.9300122449;NaN;NaN;-1.5158782087;NaN;0.0174675798;NaN;NaN;0.0826148224;NaN;-0.0002434704
48.9400122424;NaN;NaN;-1.4980849786;NaN;0.0174675798;NaN;NaN;0.0826148224;NaN;-0.0002436741
48.9500122399;NaN;NaN;-1.5158782087;NaN;0.0174675798;NaN;NaN;0.0826148224;NaN;-0.0012433095
48.9600122374;NaN;NaN;-1.5158782087;NaN;0.0174675798;NaN;NaN;0.0826148224;NaN;-0.0012433095
48.9700122349;NaN;NaN;-1.5158418589;NaN;0.0174675798;NaN;NaN;0.0826148224;NaN;-0.0012433095
48.9800122324;NaN;NaN;-1.4980486065;NaN;0.0174675798;NaN;NaN;0.0826148224;NaN;-0.0012433095
48.9900122299;NaN;NaN;-1.4980849416;NaN;-0.0003620224;NaN;NaN;0.0826148224;NaN;-0.0012433095
49.0000122274;NaN;NaN;-1.5158418811;NaN;0.0174348849;NaN;NaN;0.0826148224;NaN;-0.0012433095
49.0100122249;NaN;NaN;-1.5158782087;NaN;0.0174348916;NaN;NaN;0.0826148224;NaN;-0.0012433095
49.0200122224;NaN;NaN;-1.4980849194;NaN;0.0174675798;NaN;NaN;0.0826148224;NaN;-0.0012433095
49.0300122200;NaN;NaN;-1.4980486065;NaN;0.0174675798;NaN;NaN;0.0826148224;NaN;-0.0012433095
49.0400122175;NaN;NaN;-1.4980849046;NaN;0.0175002481;NaN;NaN;0.0826148224;NaN;-0.0012433095
49.0500122150;NaN;NaN;-1.5158782087;NaN;0.0174675798;NaN;NaN;0.0826148224;NaN;-0.0012433095
49.0600122125;NaN;NaN;-1.4980486065;NaN;0.0174675798;NaN;NaN;0.0826148224;NaN;-0.0012433095
49.0700122100;NaN;NaN;-1.4980486065;NaN;0.0174675798;NaN;NaN;0.0826148224;NaN;-0.0012433095
49.0800122075;NaN;NaN;-1.5158419402;NaN;0.0174349381;NaN;NaN;0.0826148224;NaN;-0.0012433095
49.0900122050;NaN;NaN;-1.5158782087;NaN;0.0174349448;NaN;NaN;0.0826148224;NaN;-0.0012433095
49.1000122026;NaN;NaN;-1.5158782087;NaN;0.0174675798;NaN;NaN;0.0826148224;NaN;-0.0012433095
49.1100122001;NaN;NaN;-1.5158782087;NaN;-0.0003294006;NaN;NaN;0.0826148224;NaN;-0.0012433095
49.1200121976;NaN;NaN;-1.5158782087;NaN;0.0174675798;NaN;NaN;0.0826148224;NaN;-0.0012433095
49.1300121951;NaN;NaN;-1.4980486065;NaN;0.0174675798;NaN;NaN;0.0826148224;NaN;-0.0012433095
49.1400121926;NaN;NaN;-1.5158419844;NaN;0.0174675798;NaN;NaN;0.0826148224;NaN;-0.0012433095
49.1500121902;NaN;NaN;-1.5158419918;NaN;0.0174349846;NaN;NaN;0.0826148224;NaN;-0.0012433095
49.1600121877;NaN;NaN;-1.4980486065;NaN;-0.0003620224;NaN;NaN;0.0826148224;NaN;-0.0012433095
49.1700121852;NaN;NaN;-1.5158782087;NaN;0.0174675798;NaN;NaN;0.0826148224;NaN;-0.0012433095
49.1800121827;NaN;NaN;-1.4980486065;NaN;0.0174675798;NaN;NaN;0.0826148224;NaN;-0.0012433095
49.1900121803;NaN;NaN;-1.5158420212;NaN;0.0174675798;NaN;NaN;0.0826148224;NaN;-0.0012433095
49.2000121778;NaN;NaN;-1.4980486065;NaN;0.0174675798;NaN;NaN;0.0826148224;NaN;-0.0012433095
49.2100121753;NaN;NaN;-1.5158420359;NaN;0.0174675798;NaN;NaN;0.0826148224;NaN;-0.0012433095
49.2200121729;NaN;NaN;-1.4980486065;NaN;0.0174675798;NaN;NaN;0.0826148224;NaN;-0.0012433095
49.2300121704;NaN;NaN;-1.4980486065;NaN;0.0174350374;NaN;NaN;0.0826148224;NaN;-0.0012433095
49.2400121679;NaN;NaN;-1.4980486065;NaN;0.0174675798;NaN;NaN;0.0826148224;NaN;-0.0012433095
49.2500121655;NaN;NaN;-1.4980486065;NaN;0.0352646528;NaN;NaN;0.0816144364;NaN;-0.0012433095
49.2600121630;NaN;NaN;-1.5158420725;NaN;0.0174675798;NaN;NaN;0.0816144364;NaN;-0.0012433095
49.2700121605;NaN;NaN;-1.4980486065;NaN;0.0174675798;NaN;NaN;0.0816144364;NaN;-0.0012433095
49.2800121581;NaN;NaN;-1.4980486065;NaN;0.0174675798;NaN;NaN;0.0816144364;NaN;-0.0012433095
49.2900121556;NaN;NaN;-1.4980486065;NaN;0.0174675798;NaN;NaN;0.0816144364;NaN;-0.0012433095
49.3100101276;NaN;NaN;-1.4980486065;NaN;0.0174675798;NaN;NaN;0.0816144364;NaN;-0.0012433095
49.3200101256;NaN;NaN;-1.4980486065;NaN;0.0174675798;NaN;NaN;0.0816144364;NaN;-0.0012433095
49.3300101235;NaN;NaN;-1.4980486065;NaN;0.0174675798;NaN;NaN;0.0816144364;NaN;-0.0012433095
49.3400101215;NaN;NaN;-1.4980486065;NaN;0.0174675798;NaN;NaN;0.0816144364;NaN;-0.0012433095
49.3500101194;NaN;NaN;-1.4980486065;NaN;0.0174675798;NaN;NaN;0.0816144364;NaN;-0.0012433095
49.3600101174;NaN;NaN;-1.4980486065;NaN;0.0174675798;NaN;NaN;0.0816144364;NaN;-0.0012433095
49.3700101153;NaN;NaN;-1.4980486065;NaN;0.0174675798;NaN;NaN;0.0816144364;NaN;-0.0012433095
49.3700242669;NaN;NaN;-1.4980486065;NaN;0.0174675798;NaN;NaN;0.0816144364;NaN;-0.0012433095
49.3800121335;NaN;NaN;-1.4980125580;NaN;0.0174675798;NaN;NaN;0.0816144364;NaN;-0.0012433095
49.3900121310;NaN;NaN;-1.4980486065;NaN;0.0175000169;NaN;NaN;0.0816144364;NaN;-0.0012433095
49.4000121286;NaN;NaN;-1.4980125726;NaN;0.0174675798;NaN;NaN;0.0816144364;NaN;-0.0012433095
49.4100121261;NaN;NaN;-1.4980486065;NaN;0.0174675798;NaN;NaN;0.0806140544;NaN;-0.0012433095
49.4200121237;NaN;NaN;-1.4980486065;NaN;0.0174675798;NaN;NaN;0.0806140544;NaN;-0.0012433095
49.4300121212;NaN;NaN;-1.4802190043;NaN;0.0352647711;NaN;NaN;0.0806140544;NaN;-0.0012433095
49.4400121188;NaN;NaN;-1.4802550092;NaN;0.0174675798;NaN;NaN;0.0806140544;NaN;-0.0012433095
49.4500121163;NaN;NaN;-1.4802550019;NaN;0.0174675798;NaN;NaN;0.0806140544;NaN;-0.0012433095
49.4600121139;NaN;NaN;-1.4802549947;NaN;0.0174675798;NaN;NaN;0.0806140544;NaN;-0.0012433095
49.4700121114;NaN;NaN;-1.4802549874;NaN;0.0174675798;NaN;NaN;0.0806140544;NaN;-0.0012433095
49.4800121090;NaN;NaN;-1.4802549801;NaN;0.0352648038;NaN;NaN;0.0806140544;NaN;-0.0012433095
49.4900121065;NaN;NaN;-1.4980126380;NaN;0.0174675798;NaN;NaN;0.0806140544;NaN;-0.0012433095
49.5000121041;NaN;NaN;-1.4802549656;NaN;0.0174999450;NaN;NaN;0.0806140544;NaN;-0.0012433095
49.5100121017;NaN;NaN;-1.4980126525;NaN;0.0352648234;NaN;NaN;0.0806140544;NaN;-0.0012433095
49.5200120992;NaN;NaN;-1.4802549511;NaN;0.0174675798;NaN;NaN;0.0806140544;NaN;-0.0012433095
49.5300120968;NaN;NaN;-1.4802190043;NaN;0.0174675798;NaN;NaN;0.0806140544;NaN;-0.0012433095
49.5400120943;NaN;NaN;-1.4802549366;NaN;0.0174675798;NaN;NaN;0.0806140544;NaN;-0.0012433095
49.5500120919;NaN;NaN;-1.4802190043;NaN;0.0352648495;NaN;NaN;0.0806140544;NaN;-0.0012433095
49.5600120895;NaN;NaN;-1.4802549222;NaN;0.0174675798;NaN;NaN;0.0806140544;NaN;-0.0012433095
49.5700120870;NaN;NaN;-1.4802190043;NaN;0.0174675798;NaN;NaN;0.0806140544;NaN;-0.0012433095
49.5800120846;NaN;NaN;-1.4802190043;NaN;0.0174675798;NaN;NaN;0.0806140544;NaN;-0.0012433095
49.5900120822;NaN;NaN;-1.4802190043;NaN;0.0174675798;NaN;NaN;0.0806140544;NaN;-0.0012433095
49.6000120797;NaN;NaN;-1.4802190043;NaN;0.0174675798;NaN;NaN;0.0806140544;NaN;-0.0012433095
49.6100120773;NaN;NaN;-1.4802190043;NaN;0.0352971820;NaN;NaN;0.0806140544;NaN;-0.0012433095
49.6200120749;NaN;NaN;-1.4802190043;NaN;0.0352971820;NaN;NaN;0.0806140544;NaN;-0.0012433095
49.6300120724;NaN;NaN;-1.4802190043;NaN;0.0352971820;NaN;NaN;0.0806140544;NaN;-0.0012433095
49.6400120700;NaN;NaN;-1.4802190043;NaN;0.0352971820;NaN;NaN;0.0806140544;NaN;-0.0012433095
49.6500120676;NaN;NaN;-1.4802190043;NaN;0.0352971820;NaN;NaN;0.0806140544;NaN;-0.0012433095
49.6600120652;NaN;NaN;-1.4802190043;NaN;0.0352971820;NaN;NaN;0.0806140544;NaN;-0.0012433095
49.6700120627;NaN;NaN;-1.4802190043;NaN;0.0352971820;NaN;NaN;0.0806140544;NaN;-0.0012433095
49.6800120603;NaN;NaN;-1.4802190043;NaN;0.0352971820;NaN;NaN;0.0806140544;NaN;-0.0012433095
49.6900120579;NaN;NaN;-1.4802190043;NaN;0.0352971820;NaN;NaN;0.0806140544;NaN;-0.0012433095
49.7000120555;NaN;NaN;-1.4802190043;NaN;0.0352971820;NaN;NaN;0.0806140544;NaN;-0.0012433095
49.7100120530;NaN;NaN;-1.4802190043;NaN;0.0352971820;NaN;NaN;0.0806140544;NaN;-0.0012433095
49.7200120506;NaN;NaN;-1.4802190043;NaN;0.0352971820;NaN;NaN;0.0806140544;NaN;-0.0012433095
49.7300120482;NaN;NaN;-1.4802190043;NaN;0.0352971820;NaN;NaN;0.0796136802;NaN;-0.0012433095
49.7400120458;NaN;NaN;-1.4802190043;NaN;0.0174675798;NaN;NaN;0.0796136802;NaN;-0.0012433095
49.7500120434;NaN;NaN;-1.4801832235;NaN;0.0352649792;NaN;NaN;0.0796136802;NaN;-0.0012433095
49.7600120409;NaN;NaN;-1.4802190043;NaN;0.0352971820;NaN;NaN;0.0796136802;NaN;-0.0012433095
49.7700120385;NaN;NaN;-1.4801832378;NaN;0.0352971820;NaN;NaN;0.0796136802;NaN;-0.0012433095
49.7800120361;NaN;NaN;-1.4623894021;NaN;0.0352971820;NaN;NaN;0.0796136802;NaN;-0.0012433095
49.7900120337;NaN;NaN;-1.4623894021;NaN;0.0352971820;NaN;NaN;0.0796136802;NaN;-0.0012433095
49.8000120313;NaN;NaN;-1.4623894021;NaN;0.0352650115;NaN;NaN;0.0796136802;NaN;-0.0012433095
49.8100120289;NaN;NaN;-1.4624251400;NaN;0.0352971820;NaN;NaN;0.0796136802;NaN;-0.0012433095
49.8200120265;NaN;NaN;-1.4801832737;NaN;0.0352971820;NaN;NaN;0.0796136802;NaN;-0.0012433095
49.8300120240;NaN;NaN;-1.4623894021;NaN;0.0174997310;NaN;NaN;0.0796136802;NaN;-0.0012433095
49.8400120216;NaN;NaN;-1.4623894021;NaN;0.0352971820;NaN;NaN;0.0796136802;NaN;-0.0012433095
49.8500120192;NaN;NaN;-1.4623894021;NaN;0.0352971820;NaN;NaN;0.0796136802;NaN;-0.0012433095
49.8600120168;NaN;NaN;-1.4623894021;NaN;0.0352971820;NaN;NaN;0.0796136802;NaN;-0.0012433095
49.8700120144;NaN;NaN;-1.4623894021;NaN;0.0352971820;NaN;NaN;0.0786133093;NaN;-0.0012433095
49.8800120120;NaN;NaN;-1.4623894021;NaN;0.0352971820;NaN;NaN;0.0786133093;NaN;-0.0012433095
49.8900120096;NaN;NaN;-1.4623894021;NaN;0.0174996924;NaN;NaN;0.0786133093;NaN;-0.0012433095
49.9000120072;NaN;NaN;-1.4445954734;NaN;0.0174996859;NaN;NaN;0.0786133093;NaN;-0.0012433095
49.9100120048;NaN;NaN;-1.4445883330;NaN;0.0174925462;NaN;NaN;0.0786133093;NaN;-0.0012433095
49.9300100020;NaN;NaN;-1.4623894021;NaN;0.0352971820;NaN;NaN;0.0786133093;NaN;-0.0012433095
49.9400100000;NaN;NaN;-1.4445598000;NaN;0.0531267842;NaN;NaN;0.0786133093;NaN;-0.0012433095
49.9500099980;NaN;NaN;-1.4623894021;NaN;0.0352971820;NaN;NaN;0.0786133093;NaN;-0.0012433095
49.9600099960;NaN;NaN;-1.4623894021;NaN;0.0531267842;NaN;NaN;0.0786133093;NaN;-0.0012433095
49.9700099940;NaN;NaN;-1.4623608976;NaN;0.0352971820;NaN;NaN;0.0786133093;NaN;-0.0012433095
49.9800099920;NaN;NaN;-1.4623110388;NaN;0.0352971820;NaN;NaN;0.0786133093;NaN;-0.0012433095
49.9800239712;NaN;NaN;-1.4623894021;NaN;0.0352971820;NaN;NaN;0.0786133093;NaN;-0.0012433095
49.9900119856;NaN;NaN;-1.4445598000;NaN;0.0353292304;NaN;NaN;0.0786133093;NaN;-0.0012433095
50.0000119832;NaN;NaN;-1.4445598000;NaN;0.0530947422;NaN;NaN;0.0776129416;NaN;-0.0012433095
50.0100119808;NaN;NaN;-1.4445598000;NaN;0.0352971820;NaN;NaN;0.0776129416;NaN;-0.0012433095
50.0200119784;NaN;NaN;-1.4445953880;NaN;0.0352971820;NaN;NaN;0.0776129416;NaN;-0.0012433095
50.0300119760;NaN;NaN;-1.4445598000;NaN;0.0530947614;NaN;NaN;0.0776129416;NaN;-0.0012433095
50.0400119737;NaN;NaN;-1.4445598000;NaN;0.0530947678;NaN;NaN;0.0776129416;NaN;-0.0012433095
50.0500119713;NaN;NaN;-1.4445598000;NaN;0.0531267842;NaN;NaN;0.0776129416;NaN;-0.0012433095
50.0600119689;NaN;NaN;-1.4445598000;NaN;0.0352971820;NaN;NaN;0.0776129416;NaN;-0.0012433095
50.0700119665;NaN;NaN;-1.4445598000;NaN;0.0352971820;NaN;NaN;0.0766125756;NaN;-0.0012433095
50.0800119641;NaN;NaN;-1.4267657432;NaN;0.0352971820;NaN;NaN;0.0766125756;NaN;-0.0012433095
50.0900119617;NaN;NaN;-1.4445598000;NaN;0.0352971820;NaN;NaN;0.0766125756;NaN;-0.0012433095
50.1000119593;NaN;NaN;-1.4445242687;NaN;0.0352971820;NaN;NaN;0.0766125756;NaN;-0.0012433095
50.1100119570;NaN;NaN;-1.4267657220;NaN;0.0352652102;NaN;NaN;0.0766125756;NaN;-0.0012433095
50.1200119546;NaN;NaN;-1.4267301978;NaN;0.0353291474;NaN;NaN;0.0766125756;NaN;-0.0012433095
50.1300119522;NaN;NaN;-1.4267301978;NaN;0.0352971820;NaN;NaN;0.0766125756;NaN;-0.0012433095
50.1400119498;NaN;NaN;-1.4267301978;NaN;0.0352971820;NaN;NaN;0.0766125756;NaN;-0.0012433095
50.1500119474;NaN;NaN;-1.4267301978;NaN;0.0352971820;NaN;NaN;0.0766125756;NaN;-0.0012433095
50.1600119451;NaN;NaN;-1.4267656866;NaN;0.0352971820;NaN;NaN;0.0766125756;NaN;-0.0012433095
50.1700119427;NaN;NaN;-1.4267301978;NaN;0.0352971820;NaN;NaN;0.0766125756;NaN;-0.0012433095
50.1800119403;NaN;NaN;-1.4267656725;NaN;0.0353291093;NaN;NaN;0.0766125756;NaN;-0.0012433095
50.1900119379;NaN;NaN;-1.4267301978;NaN;0.0352971820;NaN;NaN;0.0766125756;NaN;-0.0012433095
50.2000119355;NaN;NaN;-1.4267301978;NaN;0.0352971820;NaN;NaN;0.0766125756;NaN;-0.0012433095
50.2100119332;NaN;NaN;-1.4267656513;NaN;0.0352971820;NaN;NaN;0.0766125756;NaN;-0.0012433095
50.2200119308;NaN;NaN;-1.4267301978;NaN;0.0352652801;NaN;NaN;0.0766125756;NaN;-0.0012433095
50.2300119284;NaN;NaN;-1.4267301978;NaN;0.0174994753;NaN;NaN;0.0766125756;NaN;-0.0012433095
50.2400119261;NaN;NaN;-1.4267301978;NaN;0.0352971820;NaN;NaN;0.0766125756;NaN;-0.0012433095
50.2500119237;NaN;NaN;-1.4267301978;NaN;0.0174994627;NaN;NaN;0.0766125756;NaN;-0.0012433095
50.2600119213;NaN;NaN;-1.4267301978;NaN;0.0174994563;NaN;NaN;0.0766125756;NaN;-0.0012433095
50.2700119190;NaN;NaN;-1.4267301978;NaN;0.0174994500;NaN;NaN;0.0766125756;NaN;-0.0012433095
50.2800119166;NaN;NaN;-1.4267301978;NaN;0.0174994437;NaN;NaN;0.0766125756;NaN;-0.0012433095
50.2900119142;NaN;NaN;-1.4267301978;NaN;0.0352971820;NaN;NaN;0.0766125756;NaN;-0.0012433095
50.3000119119;NaN;NaN;-1.4445244097;NaN;0.0352971820;NaN;NaN;0.0766125756;NaN;-0.0012433095
50.3100119095;NaN;NaN;-1.4267301978;NaN;0.0352971820;NaN;NaN;0.0766125756;NaN;-0.0012433095
50.3200119071;NaN;NaN;-1.4267301978;NaN;0.0352971820;NaN;NaN;0.0766125756;NaN;-0.0012433095
50.3300119048;NaN;NaN;-1.4267301978;NaN;0.0352971820;NaN;NaN;0.0766125756;NaN;-0.0012433095
50.3400119024;NaN;NaN;-1.4267655599;NaN;0.0174994058;NaN;NaN;0.0766125756;NaN;-0.0012433095
50.3500119000;NaN;NaN;-1.4267301978;NaN;0.0352971820;NaN;NaN;0.0766125756;NaN;-0.0012433095
50.3600118977;NaN;NaN;-1.4267301978;NaN;0.0352971820;NaN;NaN;0.0766125756;NaN;-0.0012433095
50.3700118953;NaN;NaN;-1.4267301978;NaN;0.0352971820;NaN;NaN;0.0766125756;NaN;-0.0012433095
50.3800118930;NaN;NaN;-1.4267301978;NaN;0.0174993805;NaN;NaN;0.0766125756;NaN;-0.0012433095
50.3900118906;NaN;NaN;-1.4267301978;NaN;0.0352971820;NaN;NaN;0.0766125756;NaN;-0.0012433095
50.4000118883;NaN;NaN;-1.4267301978;NaN;0.0352653939;NaN;NaN;0.0766125756;NaN;-0.0012433095
50.4100118859;NaN;NaN;-1.4267655109;NaN;0.0352971820;NaN;NaN;0.0766125756;NaN;-0.0012433095
50.4200118835;NaN;NaN;-1.4267655039;NaN;0.0352971820;NaN;NaN;0.0766125756;NaN;-0.0012433095
50.4300118812;NaN;NaN;-1.4267301978;NaN;0.0352971820;NaN;NaN;0.0766125756;NaN;-0.0012433095
50.4400118788;NaN;NaN;-1.4267301978;NaN;0.0352971820;NaN;NaN;0.0766125756;NaN;-0.0012433095
50.4500118765;NaN;NaN;-1.4267301978;NaN;0.0353289387;NaN;NaN;0.0766125756;NaN;-0.0012433095
50.4600118741;NaN;NaN;-1.4267301978;NaN;0.0352971820;NaN;NaN;0.0766125756;NaN;-0.0012433095
50.4700118718;NaN;NaN;-1.4267301978;NaN;0.0352971820;NaN;NaN;0.0766125756;NaN;-0.0012433095
50.4800118694;NaN;NaN;-1.4267301978;NaN;0.0352971820;NaN;NaN;0.0766125756;NaN;-0.0012433095
50.4900118671;NaN;NaN;-1.4267301978;NaN;0.0352971820;NaN;NaN;0.0766125756;NaN;-0.0012433095
50.5000118647;NaN;NaN;-1.4267301978;NaN;0.0352971820;NaN;NaN;0.0766125756;NaN;-0.0012433095
50.5100118624;NaN;NaN;-1.4445245566;NaN;0.0531267842;NaN;NaN;0.0766125756;NaN;-0.0012433095
50.5200118601;NaN;NaN;-1.4089287847;NaN;0.0531267842;NaN;NaN;0.0766125756;NaN;-0.0012433095
50.5400098814;NaN;NaN;-1.4267301978;NaN;0.0531267842;NaN;NaN;0.0766125756;NaN;-0.0012433095
50.5500098795;NaN;NaN;-1.4267020198;NaN;0.0352971820;NaN;NaN;0.0756124185;NaN;-0.0012433095
50.5600098775;NaN;NaN;-1.4089287680;NaN;0.0531021334;NaN;NaN;0.0756124185;NaN;-0.0012433095
50.5700098756;NaN;NaN;-1.4267301978;NaN;0.0531021382;NaN;NaN;0.0756124185;NaN;-0.0012433095
50.5800098736;NaN;NaN;-1.4089005956;NaN;0.0352971820;NaN;NaN;0.0756124185;NaN;-0.0012433095
50.5900098717;NaN;NaN;-1.4089005956;NaN;0.0531267842;NaN;NaN;0.0756124185;NaN;-0.0012433095
50.6000098697;NaN;NaN;-1.4089005956;NaN;0.0531267842;NaN;NaN;0.0756124185;NaN;-0.0012433095
50.6000236780;NaN;NaN;-1.4089357763;NaN;0.0530951215;NaN;NaN;0.0756124185;NaN;-0.0012433095
50.6100118390;NaN;NaN;-1.4089357694;NaN;0.0352971820;NaN;NaN;0.0746120652;NaN;-0.0012433095
50.6200118367;NaN;NaN;-1.4089005956;NaN;0.0352971820;NaN;NaN;0.0746120652;NaN;-0.0012433095
50.6300118343;NaN;NaN;-1.4089005956;NaN;0.0531267842;NaN;NaN;0.0746120652;NaN;-0.0012433095
50.6400118320;NaN;NaN;-1.4266950448;NaN;0.0353288197;NaN;NaN;0.0746120652;NaN;-0.0012433095
50.6500118297;NaN;NaN;-1.4089005956;NaN;0.0530951527;NaN;NaN;0.0746120652;NaN;-0.0012433095
50.6600118273;NaN;NaN;-1.4089005956;NaN;0.0353288072;NaN;NaN;0.0746120652;NaN;-0.0012433095
50.6700118250;NaN;NaN;-1.4089005956;NaN;0.0352971820;NaN;NaN;0.0746120652;NaN;-0.0012433095
50.6800118227;NaN;NaN;-1.4089005956;NaN;0.0352971820;NaN;NaN;0.0746120652;NaN;-0.0012433095
50.6900118203;NaN;NaN;-1.4089005956;NaN;0.0352655755;NaN;NaN;0.0736117138;NaN;-0.0012433095
50.7000118180;NaN;NaN;-1.4089005956;NaN;0.0352655817;NaN;NaN;0.0736117138;NaN;-0.0012433095
50.7100118157;NaN;NaN;-1.4089005956;NaN;0.0352971820;NaN;NaN;0.0736117138;NaN;-0.0012433095
50.7200118133;NaN;NaN;-1.4089005956;NaN;0.0352655941;NaN;NaN;0.0736117138;NaN;-0.0012433095
50.7300118110;NaN;NaN;-1.4089005956;NaN;0.0174991615;NaN;NaN;0.0736117138;NaN;-0.0012433095
50.7400118087;NaN;NaN;-1.4089005956;NaN;0.0174991553;NaN;NaN;0.0736117138;NaN;NaN
50.7500118064;NaN;NaN;-1.4088655186;NaN;NaN;NaN;NaN;0.0736117138;NaN;NaN
50.7600118041;NaN;NaN;-1.4089005956;NaN;NaN;NaN;NaN;0.0736117138;NaN;NaN
50.7700118017;NaN;NaN;-1.3910709934;NaN;NaN;NaN;NaN;0.0736117138;NaN;NaN
50.7800117994;NaN;NaN;-1.4088655393;NaN;NaN;NaN;NaN;0.0736117138;NaN;NaN
50.7900117971;NaN;NaN;-1.4088655462;NaN;NaN;NaN;NaN;0.0736117138;NaN;NaN
50.8000117948;NaN;NaN;-1.4088655531;NaN;NaN;NaN;NaN;0.0736117138;NaN;NaN
50.8100117925;NaN;NaN;-1.3910709934;NaN;NaN;NaN;NaN;0.0736117138;NaN;NaN
50.8200117901;NaN;NaN;-1.3911060221;NaN;NaN;NaN;NaN;0.0726113655;NaN;NaN
50.8300117878;NaN;NaN;-1.3910709934;NaN;NaN;NaN;NaN;0.0726113655;NaN;NaN
50.8400117855;NaN;NaN;-1.3910709934;NaN;NaN;NaN;NaN;0.0726113655;NaN;NaN
50.8500117832;NaN;NaN;-1.3910709934;NaN;NaN;NaN;NaN;0.0726113655;NaN;NaN
50.8600117809;NaN;NaN;-1.3911059946;NaN;NaN;NaN;NaN;0.0726113655;NaN;NaN
50.8700117786;NaN;NaN;-1.3910709934;NaN;NaN;NaN;NaN;0.0726113655;NaN;NaN
50.8800117763;NaN;NaN;-1.3910709934;NaN;NaN;NaN;NaN;0.0726113655;NaN;NaN
50.8900117739;NaN;NaN;-1.3910360128;NaN;NaN;NaN;NaN;0.0726113655;NaN;NaN
50.9000117716;NaN;NaN;-1.3910709934;NaN;NaN;NaN;NaN;0.0726113655;NaN;NaN
50.9100117693;NaN;NaN;-1.3910709934;NaN;NaN;NaN;NaN;0.0726113655;NaN;NaN
50.9200117670;NaN;NaN;-1.3910709934;NaN;NaN;NaN;NaN;0.0726113655;NaN;NaN
50.9300117647;NaN;NaN;-1.3910709934;NaN;NaN;NaN;NaN;0.0726113655;NaN;NaN
50.9400117624;NaN;NaN;-1.3910709934;NaN;NaN;NaN;NaN;0.0726113655;NaN;NaN
50.9500117601;NaN;NaN;-1.3910709934;NaN;NaN;NaN;NaN;0.0726113655;NaN;NaN
50.9600117578;NaN;NaN;-1.3910360608;NaN;NaN;NaN;NaN;0.0726113655;NaN;NaN
50.9700117555;NaN;NaN;-1.3910709934;NaN;NaN;NaN;NaN;0.0726113655;NaN;NaN
50.9800117532;NaN;NaN;-1.3910709934;NaN;NaN;NaN;NaN;0.0726113655;NaN;NaN
50.9900117509;NaN;NaN;-1.3910709934;NaN;NaN;NaN;NaN;0.0726113655;NaN;NaN
51.0000117486;NaN;NaN;-1.3910709934;NaN;NaN;NaN;NaN;0.0726113655;NaN;NaN
51.0100117463;NaN;NaN;-1.3910709934;NaN;NaN;NaN;NaN;0.0726113655;NaN;NaN
51.0200117440;NaN;NaN;-1.3910361018;NaN;NaN;NaN;NaN;0.0726113655;NaN;NaN
51.0300117417;NaN;NaN;-1.3910709934;NaN;NaN;NaN;NaN;0.0726113655;NaN;NaN
51.0400117394;NaN;NaN;-1.3910709934;NaN;NaN;NaN;NaN;0.0726113655;NaN;NaN
51.0500117371;NaN;NaN;-1.3732413912;NaN;NaN;NaN;NaN;0.0726113655;NaN;NaN
51.0600117348;NaN;NaN;-1.3910709934;NaN;NaN;NaN;NaN;0.0726113655;NaN;NaN
51.0700117325;NaN;NaN;-1.3910709934;NaN;NaN;NaN;NaN;0.0726113655;NaN;NaN
51.0800117302;NaN;NaN;-1.3732413912;NaN;NaN;NaN;NaN;0.0726113655;NaN;NaN
51.0900117279;NaN;NaN;-1.3732413912;NaN;NaN;NaN;NaN;0.0726113655;NaN;NaN
51.1000117256;NaN;NaN;-1.3732413912;NaN;NaN;NaN;NaN;0.0726113655;NaN;NaN
51.1100117233;NaN;NaN;-1.3732413912;NaN;NaN;NaN;NaN;0.0726113655;NaN;NaN
51.1200117210;NaN;NaN;-1.3732413912;NaN;NaN;NaN;NaN;0.0716110240;NaN;NaN
51.1300117188;NaN;NaN;-1.3732413912;NaN;NaN;NaN;NaN;0.0716110240;NaN;NaN
51.1400117165;NaN;NaN;-1.3732413912;NaN;NaN;NaN;NaN;0.0716110240;NaN;NaN
51.1600097618;NaN;NaN;-1.3732413912;NaN;NaN;NaN;NaN;0.0716110240;NaN;NaN
51.1700097599;NaN;NaN;-1.3732413912;NaN;NaN;NaN;NaN;0.0716110240;NaN;NaN
51.1800097580;NaN;NaN;-1.3732135596;NaN;NaN;NaN;NaN;0.0716110240;NaN;NaN
51.1900097561;NaN;NaN;-1.3732413912;NaN;NaN;NaN;NaN;0.0716110240;NaN;NaN
51.2000097542;NaN;NaN;-1.3732413912;NaN;NaN;NaN;NaN;0.0716110240;NaN;NaN
51.2100097523;NaN;NaN;-1.3732413912;NaN;NaN;NaN;NaN;0.0716110240;NaN;NaN
51.2200097504;NaN;NaN;-1.3732413912;NaN;NaN;NaN;NaN;0.0716110240;NaN;NaN
51.2200233918;NaN;NaN;-1.3554465446;NaN;NaN;NaN;NaN;0.0716110240;NaN;NaN
51.2300116959;NaN;NaN;-1.3732066424;NaN;NaN;NaN;NaN;0.0716110240;NaN;NaN
51.2400116936;NaN;NaN;-1.3554465310;NaN;NaN;NaN;NaN;0.0716110240;NaN;NaN
51.2500116913;NaN;NaN;-1.3732066559;NaN;NaN;NaN;NaN;0.0716110240;NaN;NaN
51.2600116891;NaN;NaN;-1.3732413912;NaN;NaN;NaN;NaN;0.0716110240;NaN;NaN
51.2700116868;NaN;NaN;-1.3732066695;NaN;NaN;NaN;NaN;0.0716110240;NaN;NaN
51.2800116845;NaN;NaN;-1.3732413912;NaN;NaN;NaN;NaN;0.0716110240;NaN;NaN
51.2900116822;NaN;NaN;-1.3732413912;NaN;NaN;NaN;NaN;0.0716110240;NaN;NaN
51.3000116800;NaN;NaN;-1.3732413912;NaN;NaN;NaN;NaN;0.0716110240;NaN;NaN
51.3100116777;NaN;NaN;-1.3732413912;NaN;NaN;NaN;NaN;0.0716110240;NaN;NaN
51.3200116754;NaN;NaN;-1.3554464769;NaN;NaN;NaN;NaN;0.0716110240;NaN;NaN
51.3300116732;NaN;NaN;-1.3732067100;NaN;NaN;NaN;NaN;0.0716110240;NaN;NaN
51.3400116709;NaN;NaN;-1.3554464634;NaN;NaN;NaN;NaN;0.0716110240;NaN;NaN
51.3500116686;NaN;NaN;-1.3732413912;NaN;NaN;NaN;NaN;0.0716110240;NaN;NaN
51.3600116663;NaN;NaN;-1.3554464500;NaN;NaN;NaN;NaN;0.0716110240;NaN;NaN
51.3700116641;NaN;NaN;-1.3732413912;NaN;NaN;NaN;NaN;0.0716110240;NaN;NaN
51.3800116618;NaN;NaN;-1.3554117890;NaN;NaN;NaN;NaN;0.0716110240;NaN;NaN
51.3900116595;NaN;NaN;-1.3732413912;NaN;NaN;NaN;NaN;0.0716110240;NaN;NaN
51.4000116573;NaN;NaN;-1.3554464230;NaN;NaN;NaN;NaN;0.0716110240;NaN;NaN
51.4100116550;NaN;NaN;-1.3732413912;NaN;NaN;NaN;NaN;0.0716110240;NaN;NaN
51.4200116527;NaN;NaN;-1.3732413912;NaN;NaN;NaN;NaN;0.0716110240;NaN;NaN
51.4300116505;NaN;NaN;-1.3554464029;NaN;NaN;NaN;NaN;0.0716110240;NaN;NaN
51.4400116482;NaN;NaN;-1.3732067840;NaN;NaN;NaN;NaN;0.0716110240;NaN;NaN
51.4500116460;NaN;NaN;-1.3732413912;NaN;NaN;NaN;NaN;0.0716110240;NaN;NaN
51.4600116437;NaN;NaN;-1.3554117890;NaN;NaN;NaN;NaN;0.0716110240;NaN;NaN
51.4700116414;NaN;NaN;-1.3554117890;NaN;NaN;NaN;NaN;0.0716110240;NaN;NaN
51.4800116392;NaN;NaN;-1.3554117890;NaN;NaN;NaN;NaN;0.0716110240;NaN;NaN
51.4900116369;NaN;NaN;-1.3554117890;NaN;NaN;NaN;NaN;0.0716110240;NaN;NaN
51.5000116347;NaN;NaN;-1.3554117890;NaN;NaN;NaN;NaN;0.0716110240;NaN;NaN
51.5100116324;NaN;NaN;-1.3554117890;NaN;NaN;NaN;NaN;0.0716110240;NaN;NaN
51.5200116302;NaN;NaN;-1.3554117890;NaN;NaN;NaN;NaN;0.0716110240;NaN;NaN
51.5300116279;NaN;NaN;-1.3554117890;NaN;NaN;NaN;NaN;0.0706106919;NaN;NaN
51.5400116257;NaN;NaN;-1.3554117890;NaN;NaN;NaN;NaN;0.0706106919;NaN;NaN
51.5500116234;NaN;NaN;-1.3554117890;NaN;NaN;NaN;NaN;0.0706106919;NaN;NaN
51.5600116212;NaN;NaN;-1.3554463157;NaN;NaN;NaN;NaN;0.0706106919;NaN;NaN
51.5700116189;NaN;NaN;-1.3554117890;NaN;NaN;NaN;NaN;0.0706106919;NaN;NaN
51.5800116167;NaN;NaN;-1.3732068778;NaN;NaN;NaN;NaN;0.0706106919;NaN;NaN
51.5900116144;NaN;NaN;-1.3554117890;NaN;NaN;NaN;NaN;0.0706106919;NaN;NaN
51.6000116122;NaN;NaN;-1.3554117890;NaN;NaN;NaN;NaN;0.0706106919;NaN;NaN
51.6100116099;NaN;NaN;-1.3554117890;NaN;NaN;NaN;NaN;0.0706106919;NaN;NaN
51.6200116077;NaN;NaN;-1.3553773023;NaN;NaN;NaN;NaN;0.0696103617;NaN;NaN
51.6300116054;NaN;NaN;-1.3554117890;NaN;NaN;NaN;NaN;0.0696103617;NaN;NaN
51.6400116032;NaN;NaN;-1.3553773157;NaN;NaN;NaN;NaN;0.0696103617;NaN;NaN
51.6500116009;NaN;NaN;-1.3376166535;NaN;NaN;NaN;NaN;0.0696103617;NaN;NaN
51.6600115987;NaN;NaN;-1.3553773290;NaN;NaN;NaN;NaN;0.0696103617;NaN;NaN
51.6700115964;NaN;NaN;-1.3375821868;NaN;NaN;NaN;NaN;0.0696103617;NaN;NaN
51.6800115942;NaN;NaN;-1.3375821868;NaN;NaN;NaN;NaN;0.0696103617;NaN;NaN
51.6900115920;NaN;NaN;-1.3375821868;NaN;NaN;NaN;NaN;0.0696103617;NaN;NaN
51.7000115897;NaN;NaN;-1.3375821868;NaN;NaN;NaN;NaN;0.0696103617;NaN;NaN
51.7100115875;NaN;NaN;-1.3376166135;NaN;NaN;NaN;NaN;0.0696103617;NaN;NaN
51.7200115852;NaN;NaN;-1.3553773689;NaN;NaN;NaN;NaN;0.0696103617;NaN;NaN
51.7300115830;NaN;NaN;-1.3375821868;NaN;NaN;NaN;NaN;0.0696103617;NaN;NaN
51.7400115808;NaN;NaN;-1.3375821868;NaN;NaN;NaN;NaN;0.0696103617;NaN;NaN
51.7500115785;NaN;NaN;-1.3375821868;NaN;NaN;NaN;NaN;0.0696103617;NaN;NaN
51.7700096469;NaN;NaN;-1.3375821868;NaN;NaN;NaN;NaN;0.0696103617;NaN;NaN
51.7800096451;NaN;NaN;-1.3375821868;NaN;NaN;NaN;NaN;0.0696103617;NaN;NaN
51.7900096432;NaN;NaN;-1.3375821868;NaN;NaN;NaN;NaN;0.0696103617;NaN;NaN
51.8000096413;NaN;NaN;-1.3375821868;NaN;NaN;NaN;NaN;0.0696103617;NaN;NaN
51.8100096395;NaN;NaN;-1.3375821868;NaN;NaN;NaN;NaN;0.0696103617;NaN;NaN
51.8200096376;NaN;NaN;-1.3375821868;NaN;NaN;NaN;NaN;0.0696103617;NaN;NaN
51.8300096358;NaN;NaN;-1.3197800676;NaN;NaN;NaN;NaN;0.0696103617;NaN;NaN
51.8400096339;NaN;NaN;-1.3198281404;NaN;NaN;NaN;NaN;0.0696103617;NaN;NaN
51.8400231125;NaN;NaN;-1.3375821868;NaN;NaN;NaN;NaN;0.0696103617;NaN;NaN
51.8500115562;NaN;NaN;-1.3375821868;NaN;NaN;NaN;NaN;0.0686100368;NaN;NaN
51.8600115540;NaN;NaN;-1.3375478595;NaN;NaN;NaN;NaN;0.0686100368;NaN;NaN
51.8700115518;NaN;NaN;-1.3375821868;NaN;NaN;NaN;NaN;0.0686100368;NaN;NaN
51.8800115496;NaN;NaN;-1.3375821868;NaN;NaN;NaN;NaN;0.0686100368;NaN;NaN
51.8900115473;NaN;NaN;-1.3375821868;NaN;NaN;NaN;NaN;0.0686100368;NaN;NaN
51.9000115451;NaN;NaN;-1.3375821868;NaN;NaN;NaN;NaN;0.0686100368;NaN;NaN
51.9100115429;NaN;NaN;-1.3375821868;NaN;NaN;NaN;NaN;0.0686100368;NaN;NaN
51.9200115407;NaN;NaN;-1.3197868723;NaN;NaN;NaN;NaN;0.0686100368;NaN;NaN
51.9300115385;NaN;NaN;-1.3375821868;NaN;NaN;NaN;NaN;0.0686100368;NaN;NaN
51.9400115362;NaN;NaN;-1.3375821868;NaN;NaN;NaN;NaN;0.0686100368;NaN;NaN
51.9500115340;NaN;NaN;-1.3375821868;NaN;NaN;NaN;NaN;0.0686100368;NaN;NaN
51.9600115318;NaN;NaN;-1.3375821868;NaN;NaN;NaN;NaN;0.0686100368;NaN;NaN
51.9700115296;NaN;NaN;-1.3197525846;NaN;NaN;NaN;NaN;0.0686100368;NaN;NaN
51.9800115274;NaN;NaN;-1.3197525846;NaN;NaN;NaN;NaN;0.0686100368;NaN;NaN
51.9900115252;NaN;NaN;-1.3197868262;NaN;NaN;NaN;NaN;0.0686100368;NaN;NaN
52.0000115229;NaN;NaN;-1.3197525846;NaN;NaN;NaN;NaN;0.0686100368;NaN;NaN
52.0100115207;NaN;NaN;-1.3197525846;NaN;NaN;NaN;NaN;0.0686100368;NaN;NaN
52.0200115185;NaN;NaN;-1.3197868065;NaN;NaN;NaN;NaN;0.0686100368;NaN;NaN
52.0300115163;NaN;NaN;-1.3197525846;NaN;NaN;NaN;NaN;0.0686100368;NaN;NaN
52.0400115141;NaN;NaN;-1.3197525846;NaN;NaN;NaN;NaN;0.0686100368;NaN;NaN
52.0500115119;NaN;NaN;-1.3197525846;NaN;NaN;NaN;NaN;0.0686100368;NaN;NaN
52.0600115097;NaN;NaN;-1.3375479912;NaN;NaN;NaN;NaN;0.0686100368;NaN;NaN
52.0700115075;NaN;NaN;-1.3197867737;NaN;NaN;NaN;NaN;0.0686100368;NaN;NaN
52.0800115053;NaN;NaN;-1.3197867671;NaN;NaN;NaN;NaN;0.0686100368;NaN;NaN
52.0900115031;NaN;NaN;-1.3197867606;NaN;NaN;NaN;NaN;0.0686100368;NaN;NaN
52.1000115009;NaN;NaN;-1.3197525846;NaN;NaN;NaN;NaN;0.0686100368;NaN;NaN
52.1100114987;NaN;NaN;-1.3197867475;NaN;NaN;NaN;NaN;0.0686100368;NaN;NaN
52.1200114965;NaN;NaN;-1.3197525846;NaN;NaN;NaN;NaN;0.0686100368;NaN;NaN
52.1300114943;NaN;NaN;-1.3197525846;NaN;NaN;NaN;NaN;0.0686100368;NaN;NaN
52.1400114921;NaN;NaN;-1.3197525846;NaN;NaN;NaN;NaN;0.0686100368;NaN;NaN
52.1500114899;NaN;NaN;-1.3375480501;NaN;NaN;NaN;NaN;0.0686100368;NaN;NaN
52.1600114877;NaN;NaN;-1.3375480566;NaN;NaN;NaN;NaN;0.0686100368;NaN;NaN
52.1700114855;NaN;NaN;-1.3197525846;NaN;NaN;NaN;NaN;0.0686100368;NaN;NaN
52.1800114833;NaN;NaN;-1.3197525846;NaN;NaN;NaN;NaN;0.0686100368;NaN;NaN
52.1900114811;NaN;NaN;-1.3375821868;NaN;NaN;NaN;NaN;0.0686100368;NaN;NaN
52.2000114789;NaN;NaN;-1.3375480827;NaN;NaN;NaN;NaN;0.0686100368;NaN;NaN
52.2100114767;NaN;NaN;-1.3197866821;NaN;NaN;NaN;NaN;0.0686100368;NaN;NaN
52.2200114745;NaN;NaN;-1.3375480958;NaN;NaN;NaN;NaN;0.0686100368;NaN;NaN
52.2300114723;NaN;NaN;-1.3197866691;NaN;NaN;NaN;NaN;0.0686100368;NaN;NaN
52.2400114701;NaN;NaN;-1.3197525846;NaN;NaN;NaN;NaN;0.0686100368;NaN;NaN
52.2500114679;NaN;NaN;-1.3197525846;NaN;NaN;NaN;NaN;0.0686100368;NaN;NaN
52.2600114657;NaN;NaN;-1.3375481218;NaN;NaN;NaN;NaN;0.0686100368;NaN;NaN
52.2700114635;NaN;NaN;-1.3197525846;NaN;NaN;NaN;NaN;0.0686100368;NaN;NaN
52.2800114613;NaN;NaN;-1.3197185327;NaN;NaN;NaN;NaN;0.0686100368;NaN;NaN
52.2900114591;NaN;NaN;-1.3197525846;NaN;NaN;NaN;NaN;0.0686100368;NaN;NaN
52.3000114569;NaN;NaN;-1.3197866236;NaN;NaN;NaN;NaN;0.0686100368;NaN;NaN
52.3100114548;NaN;NaN;-1.3197525846;NaN;NaN;NaN;NaN;0.0686100368;NaN;NaN
52.3200114526;NaN;NaN;-1.3197525846;NaN;NaN;NaN;NaN;0.0686100368;NaN;NaN
52.3300114504;NaN;NaN;-1.3375481673;NaN;NaN;NaN;NaN;0.0686100368;NaN;NaN
52.3400114482;NaN;NaN;-1.3197865976;NaN;NaN;NaN;NaN;0.0686100368;NaN;NaN
52.3500114460;NaN;NaN;-1.3375481803;NaN;NaN;NaN;NaN;0.0686100368;NaN;NaN
52.3600114438;NaN;NaN;-1.3375481868;NaN;NaN;NaN;NaN;0.0686100368;NaN;NaN
52.3700114416;NaN;NaN;-1.3197525846;NaN;NaN;NaN;NaN;0.0686100368;NaN;NaN
52.3900095329;NaN;NaN;-1.3197525846;NaN;NaN;NaN;NaN;0.0686100368;NaN;NaN
52.4000095311;NaN;NaN;-1.3197525846;NaN;NaN;NaN;NaN;0.0686100368;NaN;NaN
52.4100095293;NaN;NaN;-1.3197525846;NaN;NaN;NaN;NaN;0.0686100368;NaN;NaN
52.4200095274;NaN;NaN;-1.3197797587;NaN;NaN;NaN;NaN;0.0686100368;NaN;NaN
52.4300095256;NaN;NaN;-1.3197525846;NaN;NaN;NaN;NaN;0.0686100368;NaN;NaN
52.4400095238;NaN;NaN;-1.3197797484;NaN;NaN;NaN;NaN;0.0686100368;NaN;NaN
52.4500095220;NaN;NaN;-1.3198272629;NaN;NaN;NaN;NaN;0.0686100368;NaN;NaN
52.4500228441;NaN;NaN;-1.3197525846;NaN;NaN;NaN;NaN;0.0676097250;NaN;NaN
52.4600114220;NaN;NaN;-1.3197525846;NaN;NaN;NaN;NaN;0.0676097250;NaN;NaN
52.4700114199;NaN;NaN;-1.3197525846;NaN;NaN;NaN;NaN;0.0676097250;NaN;NaN
52.4800114177;NaN;NaN;-1.3197525846;NaN;NaN;NaN;NaN;0.0676097250;NaN;NaN
52.4900114155;NaN;NaN;-1.3197525846;NaN;NaN;NaN;NaN;0.0676097250;NaN;NaN
52.5000114134;NaN;NaN;-1.3197525846;NaN;NaN;NaN;NaN;0.0676097250;NaN;NaN
52.5100114112;NaN;NaN;-1.3019568854;NaN;NaN;NaN;NaN;0.0666094146;NaN;NaN
52.5200114090;NaN;NaN;-1.3197525846;NaN;NaN;NaN;NaN;0.0666094146;NaN;NaN
52.5300114068;NaN;NaN;-1.3019229824;NaN;NaN;NaN;NaN;0.0666094146;NaN;NaN
52.5400114047;NaN;NaN;-1.3197187009;NaN;NaN;NaN;NaN;0.0666094146;NaN;NaN
52.5500114025;NaN;NaN;-1.3019229824;NaN;NaN;NaN;NaN;0.0666094146;NaN;NaN
52.5600114003;NaN;NaN;-1.3197187138;NaN;NaN;NaN;NaN;0.0666094146;NaN;NaN
52.5700113982;NaN;NaN;-1.3019229824;NaN;NaN;NaN;NaN;0.0666094146;NaN;NaN
52.5800113960;NaN;NaN;-1.3019229824;NaN;NaN;NaN;NaN;0.0666094146;NaN;NaN
52.5900113938;NaN;NaN;-1.3019229824;NaN;NaN;NaN;NaN;0.0666094146;NaN;NaN
52.6000113917;NaN;NaN;-1.3019229824;NaN;NaN;NaN;NaN;0.0666094146;NaN;NaN
52.6100113895;NaN;NaN;-1.3019229824;NaN;NaN;NaN;NaN;0.0656091063;NaN;NaN
52.6200113874;NaN;NaN;-1.3019229824;NaN;NaN;NaN;NaN;0.0656091063;NaN;NaN
52.6300113852;NaN;NaN;-1.3197187588;NaN;NaN;NaN;NaN;0.0656091063;NaN;NaN
52.6400113830;NaN;NaN;-1.3019229824;NaN;NaN;NaN;NaN;0.0656091063;NaN;NaN
52.6500113809;NaN;NaN;-1.3018891694;NaN;NaN;NaN;NaN;0.0656091063;NaN;NaN
52.6600113787;NaN;NaN;-1.2840933802;NaN;NaN;NaN;NaN;0.0656091063;NaN;NaN
52.6700113766;NaN;NaN;-1.3018891822;NaN;NaN;NaN;NaN;0.0656091063;NaN;NaN
52.6800113744;NaN;NaN;-1.2840933802;NaN;NaN;NaN;NaN;0.0656091063;NaN;NaN
52.6900113723;NaN;NaN;-1.2841271676;NaN;NaN;NaN;NaN;0.0656091063;NaN;NaN
52.7000113701;NaN;NaN;-1.3018892014;NaN;NaN;NaN;NaN;0.0656091063;NaN;NaN
52.7100113679;NaN;NaN;-1.2840933802;NaN;NaN;NaN;NaN;0.0656091063;NaN;NaN
52.7200113658;NaN;NaN;-1.2841271484;NaN;NaN;NaN;NaN;0.0656091063;NaN;NaN
52.7300113636;NaN;NaN;-1.3018892206;NaN;NaN;NaN;NaN;0.0656091063;NaN;NaN
52.7400113615;NaN;NaN;-1.2841271356;NaN;NaN;NaN;NaN;0.0656091063;NaN;NaN
52.7500113593;NaN;NaN;-1.3019229824;NaN;NaN;NaN;NaN;0.0656091063;NaN;NaN
52.7600113572;NaN;NaN;-1.3018892398;NaN;NaN;NaN;NaN;0.0656091063;NaN;NaN
52.7700113550;NaN;NaN;-1.2841271165;NaN;NaN;NaN;NaN;0.0656091063;NaN;NaN
52.7800113529;NaN;NaN;-1.2841271101;NaN;NaN;NaN;NaN;0.0656091063;NaN;NaN
52.7900113507;NaN;NaN;-1.3019229824;NaN;NaN;NaN;NaN;0.0656091063;NaN;NaN
52.8000113486;NaN;NaN;-1.2841270973;NaN;NaN;NaN;NaN;0.0656091063;NaN;NaN
52.8100113464;NaN;NaN;-1.3019229824;NaN;NaN;NaN;NaN;0.0656091063;NaN;NaN
52.8200113443;NaN;NaN;-1.2841270846;NaN;NaN;NaN;NaN;0.0656091063;NaN;NaN
52.8300113422;NaN;NaN;-1.3018892844;NaN;NaN;NaN;NaN;0.0656091063;NaN;NaN
52.8400113400;NaN;NaN;-1.2840933802;NaN;NaN;NaN;NaN;0.0656091063;NaN;NaN
52.8500113379;NaN;NaN;-1.2840933802;NaN;NaN;NaN;NaN;0.0656091063;NaN;NaN
52.8600113357;NaN;NaN;-1.2840933802;NaN;NaN;NaN;NaN;0.0656091063;NaN;NaN
52.8700113336;NaN;NaN;-1.2840933802;NaN;NaN;NaN;NaN;0.0656091063;NaN;NaN
52.8800113314;NaN;NaN;-1.2840933802;NaN;NaN;NaN;NaN;0.0646088039;NaN;NaN
52.8900113293;NaN;NaN;-1.2840933802;NaN;NaN;NaN;NaN;0.0646088039;NaN;NaN
52.9000113272;NaN;NaN;-1.2840933802;NaN;NaN;NaN;NaN;0.0646088039;NaN;NaN
52.9100113250;NaN;NaN;-1.2840933802;NaN;NaN;NaN;NaN;0.0646088039;NaN;NaN
52.9200113229;NaN;NaN;-1.2840933802;NaN;NaN;NaN;NaN;0.0646088039;NaN;NaN
52.9300113208;NaN;NaN;-1.2840933802;NaN;NaN;NaN;NaN;0.0646088039;NaN;NaN
52.9400113186;NaN;NaN;-1.2840933802;NaN;NaN;NaN;NaN;0.0646088039;NaN;NaN
52.9500113165;NaN;NaN;-1.2840933802;NaN;NaN;NaN;NaN;0.0646088039;NaN;NaN
52.9600113144;NaN;NaN;-1.2662973934;NaN;NaN;NaN;NaN;0.0646088039;NaN;NaN
52.9700113122;NaN;NaN;-1.2840597712;NaN;NaN;NaN;NaN;0.0646088039;NaN;NaN
52.9800113101;NaN;NaN;-1.2662637780;NaN;NaN;NaN;NaN;0.0646088039;NaN;NaN
53.0000094233;NaN;NaN;-1.2662637780;NaN;NaN;NaN;NaN;0.0646088039;NaN;NaN
53.0100094215;NaN;NaN;-1.2662637780;NaN;NaN;NaN;NaN;0.0646088039;NaN;NaN
53.0200094197;NaN;NaN;-1.2662637780;NaN;NaN;NaN;NaN;0.0646088039;NaN;NaN
53.0300094180;NaN;NaN;-1.2840665183;NaN;NaN;NaN;NaN;0.0646088039;NaN;NaN
53.0400094162;NaN;NaN;-1.2840933802;NaN;NaN;NaN;NaN;0.0646088039;NaN;NaN
53.0500094144;NaN;NaN;-1.2662637780;NaN;NaN;NaN;NaN;0.0646088039;NaN;NaN
53.0600094127;NaN;NaN;-1.2662906248;NaN;NaN;NaN;NaN;0.0646088039;NaN;NaN
53.0700094109;NaN;NaN;-1.2663375852;NaN;NaN;NaN;NaN;0.0646088039;NaN;NaN
53.0700225776;NaN;NaN;-1.2840262886;NaN;NaN;NaN;NaN;0.0646088039;NaN;NaN
53.0800112888;NaN;NaN;-1.2662637780;NaN;NaN;NaN;NaN;0.0646088039;NaN;NaN
53.0900112867;NaN;NaN;-1.2662973112;NaN;NaN;NaN;NaN;0.0646088039;NaN;NaN
53.1000112846;NaN;NaN;-1.2662637780;NaN;NaN;NaN;NaN;0.0646088039;NaN;NaN
53.1100112824;NaN;NaN;-1.2662637780;NaN;NaN;NaN;NaN;0.0646088039;NaN;NaN
53.1200112803;NaN;NaN;-1.2662637780;NaN;NaN;NaN;NaN;0.0646088039;NaN;NaN
53.1300112782;NaN;NaN;-1.2662637780;NaN;NaN;NaN;NaN;0.0646088039;NaN;NaN
53.1400112761;NaN;NaN;-1.2662637780;NaN;NaN;NaN;NaN;0.0646088039;NaN;NaN
53.1500112740;NaN;NaN;-1.2662637780;NaN;NaN;NaN;NaN;0.0646088039;NaN;NaN
53.1600112718;NaN;NaN;-1.2662972671;NaN;NaN;NaN;NaN;0.0646088039;NaN;NaN
53.1700112697;NaN;NaN;-1.2662637780;NaN;NaN;NaN;NaN;0.0646088039;NaN;NaN
53.1800112676;NaN;NaN;-1.2662972546;NaN;NaN;NaN;NaN;0.0646088039;NaN;NaN
53.1900112655;NaN;NaN;-1.2662637780;NaN;NaN;NaN;NaN;0.0646088039;NaN;NaN
53.2000112634;NaN;NaN;-1.2840599163;NaN;NaN;NaN;NaN;0.0646088039;NaN;NaN
53.2100112613;NaN;NaN;-1.2662637780;NaN;NaN;NaN;NaN;0.0646088039;NaN;NaN
53.2200112591;NaN;NaN;-1.2662637780;NaN;NaN;NaN;NaN;0.0636085086;NaN;NaN
53.2300112570;NaN;NaN;-1.2662637780;NaN;NaN;NaN;NaN;0.0636085086;NaN;NaN
53.2400112549;NaN;NaN;-1.2662303392;NaN;NaN;NaN;NaN;0.0636085086;NaN;NaN
53.2500112528;NaN;NaN;-1.2662637780;NaN;NaN;NaN;NaN;0.0636085086;NaN;NaN
53.2600112507;NaN;NaN;-1.2662637780;NaN;NaN;NaN;NaN;0.0636085086;NaN;NaN
53.2700112486;NaN;NaN;-1.2662637780;NaN;NaN;NaN;NaN;0.0636085086;NaN;NaN
53.2800112465;NaN;NaN;-1.2662637780;NaN;NaN;NaN;NaN;0.0636085086;NaN;NaN
53.2900112444;NaN;NaN;-1.2662637780;NaN;NaN;NaN;NaN;0.0636085086;NaN;NaN
53.3000112423;NaN;NaN;-1.2662637780;NaN;NaN;NaN;NaN;0.0636085086;NaN;NaN
53.3100112402;NaN;NaN;-1.2662637780;NaN;NaN;NaN;NaN;0.0636085086;NaN;NaN
53.3200112381;NaN;NaN;-1.2662637780;NaN;NaN;NaN;NaN;0.0636085086;NaN;NaN
53.3300112360;NaN;NaN;-1.2662303955;NaN;NaN;NaN;NaN;0.0626082157;NaN;NaN
53.3400112339;NaN;NaN;-1.2662637780;NaN;NaN;NaN;NaN;0.0626082157;NaN;NaN
53.3500112317;NaN;NaN;-1.2662304080;NaN;NaN;NaN;NaN;0.0626082157;NaN;NaN
53.3600112296;NaN;NaN;-1.2662304143;NaN;NaN;NaN;NaN;0.0626082157;NaN;NaN
53.3700112275;NaN;NaN;-1.2484675334;NaN;NaN;NaN;NaN;0.0626082157;NaN;NaN
53.3800112254;NaN;NaN;-1.2662637780;NaN;NaN;NaN;NaN;0.0626082157;NaN;NaN
53.3900112233;NaN;NaN;-1.2484341758;NaN;NaN;NaN;NaN;0.0626082157;NaN;NaN
53.4000112212;NaN;NaN;-1.2484341758;NaN;NaN;NaN;NaN;0.0626082157;NaN;NaN
53.4100112191;NaN;NaN;-1.2484341758;NaN;NaN;NaN;NaN;0.0626082157;NaN;NaN
53.4200112170;NaN;NaN;-1.2662637780;NaN;NaN;NaN;NaN;0.0626082157;NaN;NaN
53.4300112150;NaN;NaN;-1.2484341758;NaN;NaN;NaN;NaN;0.0626082157;NaN;NaN
53.4400112129;NaN;NaN;-1.2484341758;NaN;NaN;NaN;NaN;0.0626082157;NaN;NaN
53.4500112108;NaN;NaN;-1.2484341758;NaN;NaN;NaN;NaN;0.0626082157;NaN;NaN
53.4600112087;NaN;NaN;-1.2484341758;NaN;NaN;NaN;NaN;0.0626082157;NaN;NaN
53.4700112066;NaN;NaN;-1.2484341758;NaN;NaN;NaN;NaN;0.0626082157;NaN;NaN
53.4800112045;NaN;NaN;-1.2484341758;NaN;NaN;NaN;NaN;0.0626082157;NaN;NaN
53.4900112024;NaN;NaN;-1.2484341758;NaN;NaN;NaN;NaN;0.0626082157;NaN;NaN
53.5000112003;NaN;NaN;-1.2484341758;NaN;NaN;NaN;NaN;0.0626082157;NaN;NaN
53.5100111982;NaN;NaN;-1.2484341758;NaN;NaN;NaN;NaN;0.0626082157;NaN;NaN
53.5200111961;NaN;NaN;-1.2484341758;NaN;NaN;NaN;NaN;0.0626082157;NaN;NaN
53.5300111940;NaN;NaN;-1.2484341758;NaN;NaN;NaN;NaN;0.0626082157;NaN;NaN
53.5400111919;NaN;NaN;-1.2484341758;NaN;NaN;NaN;NaN;0.0626082157;NaN;NaN
53.5500111899;NaN;NaN;-1.2306045736;NaN;NaN;NaN;NaN;0.0626082157;NaN;NaN
53.5600111878;NaN;NaN;-1.2484341758;NaN;NaN;NaN;NaN;0.0626082157;NaN;NaN
53.5700111857;NaN;NaN;-1.2484341758;NaN;NaN;NaN;NaN;0.0626082157;NaN;NaN
53.5800111836;NaN;NaN;-1.2306045736;NaN;NaN;NaN;NaN;0.0626082157;NaN;NaN
53.5900111815;NaN;NaN;-1.2306045736;NaN;NaN;NaN;NaN;0.0616079283;NaN;NaN
53.6000111794;NaN;NaN;-1.2484076042;NaN;NaN;NaN;NaN;0.0616079283;NaN;NaN
53.6200093145;NaN;NaN;-1.2484076091;NaN;NaN;NaN;NaN;0.0616079283;NaN;NaN
53.6300093127;NaN;NaN;-1.2484076140;NaN;NaN;NaN;NaN;0.0616079283;NaN;NaN
53.6400093110;NaN;NaN;-1.2306045736;NaN;NaN;NaN;NaN;0.0616079283;NaN;NaN
53.6500093093;NaN;NaN;-1.2306045736;NaN;NaN;NaN;NaN;0.0616079283;NaN;NaN
53.6600093075;NaN;NaN;-1.2484076289;NaN;NaN;NaN;NaN;0.0606078284;NaN;NaN
53.6700093058;NaN;NaN;-1.2305780316;NaN;NaN;NaN;NaN;0.0606078284;NaN;NaN
53.6800093041;NaN;NaN;-1.2306045736;NaN;NaN;NaN;NaN;0.0606078284;NaN;NaN
53.6900093023;NaN;NaN;-1.2306045736;NaN;NaN;NaN;NaN;0.0606078284;NaN;NaN
53.7000093006;NaN;NaN;-1.2306045736;NaN;NaN;NaN;NaN;0.0606078284;NaN;NaN
53.7000223131;NaN;NaN;-1.2306045736;NaN;NaN;NaN;NaN;0.0606078284;NaN;NaN
53.7100111566;NaN;NaN;-1.2306045736;NaN;NaN;NaN;NaN;0.0606078284;NaN;NaN
53.7200111545;NaN;NaN;-1.2128081120;NaN;NaN;NaN;NaN;0.0606078284;NaN;NaN
53.7300111524;NaN;NaN;-1.2306045736;NaN;NaN;NaN;NaN;0.0606078284;NaN;NaN
53.7400111503;NaN;NaN;-1.2306045736;NaN;NaN;NaN;NaN;0.0606078284;NaN;NaN
53.7500111483;NaN;NaN;-1.2306045736;NaN;NaN;NaN;NaN;0.0606078284;NaN;NaN
53.7600111462;NaN;NaN;-1.2305714577;NaN;NaN;NaN;NaN;0.0606078284;NaN;NaN
53.7700111441;NaN;NaN;-1.2127749715;NaN;NaN;NaN;NaN;0.0606078284;NaN;NaN
53.7800111421;NaN;NaN;-1.2306045736;NaN;NaN;NaN;NaN;0.0606078284;NaN;NaN
53.7900111400;NaN;NaN;-1.2306045736;NaN;NaN;NaN;NaN;0.0606078284;NaN;NaN
53.8000111379;NaN;NaN;-1.2306045736;NaN;NaN;NaN;NaN;0.0606078284;NaN;NaN
53.8100111359;NaN;NaN;-1.2306045736;NaN;NaN;NaN;NaN;0.0606078284;NaN;NaN
53.8200111338;NaN;NaN;-1.2305714946;NaN;NaN;NaN;NaN;0.0606078284;NaN;NaN
53.8300111317;NaN;NaN;-1.2306045736;NaN;NaN;NaN;NaN;0.0606078284;NaN;NaN
53.8400111297;NaN;NaN;-1.2306045736;NaN;NaN;NaN;NaN;0.0606078284;NaN;NaN
53.8500111276;NaN;NaN;-1.2305715130;NaN;NaN;NaN;NaN;0.0606078284;NaN;NaN
53.8600111255;NaN;NaN;-1.2127749715;NaN;NaN;NaN;NaN;0.0606078284;NaN;NaN
53.8700111235;NaN;NaN;-1.2128080198;NaN;NaN;NaN;NaN;0.0606078284;NaN;NaN
53.8800111214;NaN;NaN;-1.2128080137;NaN;NaN;NaN;NaN;0.0606078284;NaN;NaN
53.8900111193;NaN;NaN;-1.2128080076;NaN;NaN;NaN;NaN;0.0606078284;NaN;NaN
53.9000111173;NaN;NaN;-1.2127749715;NaN;NaN;NaN;NaN;0.0606078284;NaN;NaN
53.9100111152;NaN;NaN;-1.2127749715;NaN;NaN;NaN;NaN;0.0606078284;NaN;NaN
53.9200111132;NaN;NaN;-1.2127749715;NaN;NaN;NaN;NaN;0.0606078284;NaN;NaN
53.9300111111;NaN;NaN;-1.2127749715;NaN;NaN;NaN;NaN;0.0596075480;NaN;NaN
53.9400111091;NaN;NaN;-1.2127749715;NaN;NaN;NaN;NaN;0.0596075480;NaN;NaN
53.9500111070;NaN;NaN;-1.2127749715;NaN;NaN;NaN;NaN;0.0596075480;NaN;NaN
53.9600111049;NaN;NaN;-1.1949783626;NaN;NaN;NaN;NaN;0.0596075480;NaN;NaN
53.9700111029;NaN;NaN;-1.1949783565;NaN;NaN;NaN;NaN;0.0596075480;NaN;NaN
53.9800111008;NaN;NaN;-1.2127419903;NaN;NaN;NaN;NaN;0.0586072687;NaN;NaN
53.9900110988;NaN;NaN;-1.1949453693;NaN;NaN;NaN;NaN;0.0586072687;NaN;NaN
54.0000110967;NaN;NaN;-1.2127420025;NaN;NaN;NaN;NaN;0.0586072687;NaN;NaN
54.0100110947;NaN;NaN;-1.1949453693;NaN;NaN;NaN;NaN;0.0586072687;NaN;NaN
54.0200110926;NaN;NaN;-1.1949453693;NaN;NaN;NaN;NaN;0.0586072687;NaN;NaN
54.0300110906;NaN;NaN;-1.1949453693;NaN;NaN;NaN;NaN;0.0576069903;NaN;NaN
54.0400110885;NaN;NaN;-1.1949453693;NaN;NaN;NaN;NaN;0.0576069903;NaN;NaN
54.0500110865;NaN;NaN;-1.1949453693;NaN;NaN;NaN;NaN;0.0576069903;NaN;NaN
54.0600110844;NaN;NaN;-1.1949453693;NaN;NaN;NaN;NaN;0.0576069903;NaN;NaN
54.0700110824;NaN;NaN;-1.1949453693;NaN;NaN;NaN;NaN;0.0576069903;NaN;NaN
54.0800110803;NaN;NaN;-1.1949453693;NaN;NaN;NaN;NaN;0.0576069903;NaN;NaN
54.0900110783;NaN;NaN;-1.1771157671;NaN;NaN;NaN;NaN;0.0566067132;NaN;NaN
54.1000110762;NaN;NaN;-1.1949124612;NaN;NaN;NaN;NaN;0.0566067132;NaN;NaN
54.1100110742;NaN;NaN;-1.1771157671;NaN;NaN;NaN;NaN;0.0566067132;NaN;NaN
54.1200110722;NaN;NaN;-1.1771486630;NaN;NaN;NaN;NaN;0.0566067132;NaN;NaN
54.1300110701;NaN;NaN;-1.1949124794;NaN;NaN;NaN;NaN;0.0566067132;NaN;NaN
54.1400110681;NaN;NaN;-1.1771157671;NaN;NaN;NaN;NaN;0.0566067132;NaN;NaN
54.1500110660;NaN;NaN;-1.1771157671;NaN;NaN;NaN;NaN;0.0566067132;NaN;NaN
54.1600110640;NaN;NaN;-1.1771157671;NaN;NaN;NaN;NaN;0.0566067132;NaN;NaN
54.1700110619;NaN;NaN;-1.1771157671;NaN;NaN;NaN;NaN;0.0566067132;NaN;NaN
54.1800110599;NaN;NaN;-1.1771157671;NaN;NaN;NaN;NaN;0.0566067132;NaN;NaN
54.1900110579;NaN;NaN;-1.1771157671;NaN;NaN;NaN;NaN;0.0566067132;NaN;NaN
54.2000110558;NaN;NaN;-1.1771157671;NaN;NaN;NaN;NaN;0.0566067132;NaN;NaN
54.2100110538;NaN;NaN;-1.1771157671;NaN;NaN;NaN;NaN;0.0566067132;NaN;NaN
54.2200110518;NaN;NaN;-1.1593124332;NaN;NaN;NaN;NaN;0.0566067132;NaN;NaN
54.2400092081;NaN;NaN;-1.1770895036;NaN;NaN;NaN;NaN;0.0566067132;NaN;NaN
54.2500092064;NaN;NaN;-1.1771157671;NaN;NaN;NaN;NaN;0.0566067132;NaN;NaN
54.2600092047;NaN;NaN;-1.1771157671;NaN;NaN;NaN;NaN;0.0566067132;NaN;NaN
54.2700092030;NaN;NaN;-1.1771157671;NaN;NaN;NaN;NaN;0.0566067132;NaN;NaN
54.2800092013;NaN;NaN;-1.1771157671;NaN;NaN;NaN;NaN;0.0566067132;NaN;NaN
54.2900091996;NaN;NaN;-1.1771157671;NaN;NaN;NaN;NaN;0.0566067132;NaN;NaN
54.3000091979;NaN;NaN;-1.1771157671;NaN;NaN;NaN;NaN;0.0566067132;NaN;NaN
54.3100091962;NaN;NaN;-1.1771157671;NaN;NaN;NaN;NaN;0.0566067132;NaN;NaN
54.3200091946;NaN;NaN;-1.1771157671;NaN;NaN;NaN;NaN;0.0566067132;NaN;NaN
54.3200220588;NaN;NaN;-1.1771157671;NaN;NaN;NaN;NaN;0.0566067132;NaN;NaN
54.3300110294;NaN;NaN;-1.1593189339;NaN;NaN;NaN;NaN;0.0566067132;NaN;NaN
54.3400110274;NaN;NaN;-1.1771157671;NaN;NaN;NaN;NaN;0.0566067132;NaN;NaN
54.3500110254;NaN;NaN;-1.1771157671;NaN;NaN;NaN;NaN;0.0566067132;NaN;NaN
54.3600110233;NaN;NaN;-1.1771157671;NaN;NaN;NaN;NaN;0.0566067132;NaN;NaN
54.3700110213;NaN;NaN;-1.1593189098;NaN;NaN;NaN;NaN;0.0566067132;NaN;NaN
54.3800110193;NaN;NaN;-1.1592861649;NaN;NaN;NaN;NaN;0.0566067132;NaN;NaN
54.3900110173;NaN;NaN;-1.1771157671;NaN;NaN;NaN;NaN;0.0566067132;NaN;NaN
54.4000110152;NaN;NaN;-1.1593188918;NaN;NaN;NaN;NaN;0.0566067132;NaN;NaN
54.4100110132;NaN;NaN;-1.1771157671;NaN;NaN;NaN;NaN;0.0566067132;NaN;NaN
54.4200110112;NaN;NaN;-1.1771157671;NaN;NaN;NaN;NaN;0.0566067132;NaN;NaN
54.4300110092;NaN;NaN;-1.1593188737;NaN;NaN;NaN;NaN;0.0566067132;NaN;NaN
54.4400110072;NaN;NaN;-1.1770830642;NaN;NaN;NaN;NaN;0.0566067132;NaN;NaN
54.4500110051;NaN;NaN;-1.1770830702;NaN;NaN;NaN;NaN;0.0566067132;NaN;NaN
54.4600110031;NaN;NaN;-1.1770830762;NaN;NaN;NaN;NaN;0.0566067132;NaN;NaN
54.4700110011;NaN;NaN;-1.1592861649;NaN;NaN;NaN;NaN;0.0556064438;NaN;NaN
54.4800109991;NaN;NaN;-1.1592861649;NaN;NaN;NaN;NaN;0.0556064438;NaN;NaN
54.4900109971;NaN;NaN;-1.1770830942;NaN;NaN;NaN;NaN;0.0556064438;NaN;NaN
54.5000109951;NaN;NaN;-1.1592861649;NaN;NaN;NaN;NaN;0.0556064438;NaN;NaN
54.5100109930;NaN;NaN;-1.1592861649;NaN;NaN;NaN;NaN;0.0556064438;NaN;NaN
54.5200109910;NaN;NaN;-1.1592535099;NaN;NaN;NaN;NaN;0.0556064438;NaN;NaN
54.5300109890;NaN;NaN;-1.1770831181;NaN;NaN;NaN;NaN;0.0556064438;NaN;NaN
54.5400109870;NaN;NaN;-1.1592861649;NaN;NaN;NaN;NaN;0.0546061758;NaN;NaN
54.5500109850;NaN;NaN;-1.1592535279;NaN;NaN;NaN;NaN;0.0546061758;NaN;NaN
54.5600109830;NaN;NaN;-1.1414891937;NaN;NaN;NaN;NaN;0.0546061758;NaN;NaN
54.5700109810;NaN;NaN;-1.1414891878;NaN;NaN;NaN;NaN;0.0546061758;NaN;NaN
54.5800109790;NaN;NaN;-1.1414565627;NaN;NaN;NaN;NaN;0.0546061758;NaN;NaN
54.5900109769;NaN;NaN;-1.1414565627;NaN;NaN;NaN;NaN;0.0546061758;NaN;NaN
54.6000109749;NaN;NaN;-1.1414891699;NaN;NaN;NaN;NaN;0.0546061758;NaN;NaN
54.6100109729;NaN;NaN;-1.1414565627;NaN;NaN;NaN;NaN;0.0546061758;NaN;NaN
54.6200109709;NaN;NaN;-1.1414891579;NaN;NaN;NaN;NaN;0.0546061758;NaN;NaN
54.6300109689;NaN;NaN;-1.1592535756;NaN;NaN;NaN;NaN;0.0546061758;NaN;NaN
54.6400109669;NaN;NaN;-1.1592535815;NaN;NaN;NaN;NaN;0.0546061758;NaN;NaN
54.6500109649;NaN;NaN;-1.1592535875;NaN;NaN;NaN;NaN;0.0546061758;NaN;NaN
54.6600109629;NaN;NaN;-1.1592535934;NaN;NaN;NaN;NaN;0.0546061758;NaN;NaN
54.6700109609;NaN;NaN;-1.1592535994;NaN;NaN;NaN;NaN;0.0546061758;NaN;NaN
54.6800109589;NaN;NaN;-1.1414565627;NaN;NaN;NaN;NaN;0.0546061758;NaN;NaN
54.6900109569;NaN;NaN;-1.1414565627;NaN;NaN;NaN;NaN;0.0536059109;NaN;NaN
54.7000109549;NaN;NaN;-1.1414565627;NaN;NaN;NaN;NaN;0.0536059109;NaN;NaN
54.7100109529;NaN;NaN;-1.1414565627;NaN;NaN;NaN;NaN;0.0536059109;NaN;NaN
54.7200109509;NaN;NaN;-1.1414565627;NaN;NaN;NaN;NaN;0.0536059109;NaN;NaN
54.7300109489;NaN;NaN;-1.1236594903;NaN;NaN;NaN;NaN;0.0536059109;NaN;NaN
54.7400109469;NaN;NaN;-1.1414565627;NaN;NaN;NaN;NaN;0.0536059109;NaN;NaN
54.7500109449;NaN;NaN;-1.1236594785;NaN;NaN;NaN;NaN;0.0536059109;NaN;NaN
54.7600109429;NaN;NaN;-1.1414240506;NaN;NaN;NaN;NaN;0.0536059109;NaN;NaN
54.7700109409;NaN;NaN;-1.1414240566;NaN;NaN;NaN;NaN;0.0536059109;NaN;NaN
54.7800109389;NaN;NaN;-1.1414240625;NaN;NaN;NaN;NaN;0.0526056477;NaN;NaN
54.7900109369;NaN;NaN;-1.1236269605;NaN;NaN;NaN;NaN;0.0526056477;NaN;NaN
54.8000109349;NaN;NaN;-1.1414240743;NaN;NaN;NaN;NaN;0.0526056477;NaN;NaN
54.8100109329;NaN;NaN;-1.1236269605;NaN;NaN;NaN;NaN;0.0526056477;NaN;NaN
54.8200109310;NaN;NaN;-1.1236269605;NaN;NaN;NaN;NaN;0.0526056477;NaN;NaN
54.8300109290;NaN;NaN;-1.1236269605;NaN;NaN;NaN;NaN;0.0526056477;NaN;NaN
54.8400109270;NaN;NaN;-1.1236269605;NaN;NaN;NaN;NaN;0.0526056477;NaN;NaN
54.8600091042;NaN;NaN;-1.1414305957;NaN;NaN;NaN;NaN;0.0526056477;NaN;NaN
54.8700091025;NaN;NaN;-1.1414306004;NaN;NaN;NaN;NaN;0.0526056477;NaN;NaN
54.8800091008;NaN;NaN;-1.1236269605;NaN;NaN;NaN;NaN;0.0526056477;NaN;NaN
54.8900090992;NaN;NaN;-1.1236269605;NaN;NaN;NaN;NaN;0.0526056477;NaN;NaN
54.9000090975;NaN;NaN;-1.1236269605;NaN;NaN;NaN;NaN;0.0526056477;NaN;NaN
54.9100090959;NaN;NaN;-1.1236010171;NaN;NaN;NaN;NaN;0.0526056477;NaN;NaN
54.9200090942;NaN;NaN;-1.1236269605;NaN;NaN;NaN;NaN;0.0526056477;NaN;NaN
54.9300090926;NaN;NaN;-1.1236269605;NaN;NaN;NaN;NaN;0.0526056477;NaN;NaN
54.9400090909;NaN;NaN;-1.1236269605;NaN;NaN;NaN;NaN;0.0526056477;NaN;NaN
54.9400218103;NaN;NaN;-1.1236269605;NaN;NaN;NaN;NaN;0.0526056477;NaN;NaN
54.9500109051;NaN;NaN;-1.1236593603;NaN;NaN;NaN;NaN;0.0526056477;NaN;NaN
54.9600109031;NaN;NaN;-1.1236269605;NaN;NaN;NaN;NaN;0.0526056477;NaN;NaN
54.9700109012;NaN;NaN;-1.1236269605;NaN;NaN;NaN;NaN;0.0526056477;NaN;NaN
54.9800108992;NaN;NaN;-1.1235945784;NaN;NaN;NaN;NaN;0.0526056477;NaN;NaN
54.9900108972;NaN;NaN;-1.1236269605;NaN;NaN;NaN;NaN;0.0526056477;NaN;NaN
55.0000108952;NaN;NaN;-1.1236269605;NaN;NaN;NaN;NaN;0.0526056477;NaN;NaN
55.0100108932;NaN;NaN;-1.1235945960;NaN;NaN;NaN;NaN;0.0526056477;NaN;NaN
55.0200108913;NaN;NaN;-1.1236269605;NaN;NaN;NaN;NaN;0.0526056477;NaN;NaN
55.0300108893;NaN;NaN;-1.1236269605;NaN;NaN;NaN;NaN;0.0526056477;NaN;NaN
55.0400108873;NaN;NaN;-1.1236269605;NaN;NaN;NaN;NaN;0.0526056477;NaN;NaN
55.0500108853;NaN;NaN;-1.1236269605;NaN;NaN;NaN;NaN;0.0526056477;NaN;NaN
55.0600108834;NaN;NaN;-1.1235946253;NaN;NaN;NaN;NaN;0.0526056477;NaN;NaN
55.0700108814;NaN;NaN;-1.1414242334;NaN;NaN;NaN;NaN;0.0526056477;NaN;NaN
55.0800108794;NaN;NaN;-1.1058296817;NaN;NaN;NaN;NaN;0.0526056477;NaN;NaN
55.0900108774;NaN;NaN;-1.1058296759;NaN;NaN;NaN;NaN;0.0526056477;NaN;NaN
55.1000108755;NaN;NaN;-1.1236269605;NaN;NaN;NaN;NaN;0.0526056477;NaN;NaN
55.1100108735;NaN;NaN;-1.1058296642;NaN;NaN;NaN;NaN;0.0516053911;NaN;NaN
55.1200108715;NaN;NaN;-1.1235946605;NaN;NaN;NaN;NaN;0.0516053911;NaN;NaN
55.1300108696;NaN;NaN;-1.1057973583;NaN;NaN;NaN;NaN;0.0516053911;NaN;NaN
55.1400108676;NaN;NaN;-1.1057973583;NaN;NaN;NaN;NaN;0.0516053911;NaN;NaN
55.1500108656;NaN;NaN;-1.1235946780;NaN;NaN;NaN;NaN;0.0516053911;NaN;NaN
55.1600108637;NaN;NaN;-1.1057973583;NaN;NaN;NaN;NaN;0.0516053911;NaN;NaN
55.1700108617;NaN;NaN;-1.1057973583;NaN;NaN;NaN;NaN;0.0516053911;NaN;NaN
55.1800108597;NaN;NaN;-1.1057973583;NaN;NaN;NaN;NaN;0.0516053911;NaN;NaN
55.1900108578;NaN;NaN;-1.1057973583;NaN;NaN;NaN;NaN;0.0516053911;NaN;NaN
55.2000108558;NaN;NaN;-1.1057973583;NaN;NaN;NaN;NaN;0.0516053911;NaN;NaN
55.2100108538;NaN;NaN;-1.1057973583;NaN;NaN;NaN;NaN;0.0516053911;NaN;NaN
55.2200108519;NaN;NaN;-1.1057973583;NaN;NaN;NaN;NaN;0.0516053911;NaN;NaN
55.2300108499;NaN;NaN;-1.1057973583;NaN;NaN;NaN;NaN;0.0516053911;NaN;NaN
55.2400108479;NaN;NaN;-1.1058295882;NaN;NaN;NaN;NaN;0.0516053911;NaN;NaN
55.2500108460;NaN;NaN;-1.1057973583;NaN;NaN;NaN;NaN;0.0516053911;NaN;NaN
55.2600108440;NaN;NaN;-1.1235947422;NaN;NaN;NaN;NaN;0.0516053911;NaN;NaN
55.2700108421;NaN;NaN;-1.1057973583;NaN;NaN;NaN;NaN;0.0516053911;NaN;NaN
55.2800108401;NaN;NaN;-1.1057973583;NaN;NaN;NaN;NaN;0.0516053911;NaN;NaN
55.2900108382;NaN;NaN;-1.1057973583;NaN;NaN;NaN;NaN;0.0516053911;NaN;NaN
55.3000108362;NaN;NaN;-1.1057973583;NaN;NaN;NaN;NaN;0.0516053911;NaN;NaN
55.3100108342;NaN;NaN;-1.1057973583;NaN;NaN;NaN;NaN;0.0516053911;NaN;NaN
55.3200108323;NaN;NaN;-1.1057973583;NaN;NaN;NaN;NaN;0.0516053911;NaN;NaN
55.3300108303;NaN;NaN;-1.1057973583;NaN;NaN;NaN;NaN;0.0516053911;NaN;NaN
55.3400108284;NaN;NaN;-1.1057973583;NaN;NaN;NaN;NaN;0.0516053911;NaN;NaN
55.3500108264;NaN;NaN;-1.1057973583;NaN;NaN;NaN;NaN;0.0516053911;NaN;NaN
55.3600108245;NaN;NaN;-1.1057973583;NaN;NaN;NaN;NaN;0.0516053911;NaN;NaN
55.3700108225;NaN;NaN;-1.1057973583;NaN;NaN;NaN;NaN;0.0506051396;NaN;NaN
55.3800108206;NaN;NaN;-1.1057973583;NaN;NaN;NaN;NaN;0.0506051396;NaN;NaN
55.3900108186;NaN;NaN;-1.1057652155;NaN;NaN;NaN;NaN;0.0506051396;NaN;NaN
55.4000108167;NaN;NaN;-1.1057973583;NaN;NaN;NaN;NaN;0.0506051396;NaN;NaN
55.4100108147;NaN;NaN;-1.1057973583;NaN;NaN;NaN;NaN;0.0506051396;NaN;NaN
55.4200108128;NaN;NaN;-1.0879998815;NaN;NaN;NaN;NaN;0.0506051396;NaN;NaN
55.4300108108;NaN;NaN;-1.0879677561;NaN;NaN;NaN;NaN;0.0506051396;NaN;NaN
55.4400108089;NaN;NaN;-1.1057652445;NaN;NaN;NaN;NaN;0.0506051396;NaN;NaN
55.4500108069;NaN;NaN;-1.0879677561;NaN;NaN;NaN;NaN;0.0506051396;NaN;NaN
55.4700090041;NaN;NaN;-1.0879677561;NaN;NaN;NaN;NaN;0.0506051396;NaN;NaN
55.4800090025;NaN;NaN;-1.0879677561;NaN;NaN;NaN;NaN;0.0506051396;NaN;NaN
55.4900090009;NaN;NaN;-1.0879677561;NaN;NaN;NaN;NaN;0.0496050704;NaN;NaN
55.5000089993;NaN;NaN;-1.0879677561;NaN;NaN;NaN;NaN;0.0496050704;NaN;NaN
55.5100089977;NaN;NaN;-1.0879677561;NaN;NaN;NaN;NaN;0.0496050704;NaN;NaN
55.5200089960;NaN;NaN;-1.0879677561;NaN;NaN;NaN;NaN;0.0496050704;NaN;NaN
55.5300089944;NaN;NaN;-1.0879677561;NaN;NaN;NaN;NaN;0.0496050704;NaN;NaN
55.5400089928;NaN;NaN;-1.0879677561;NaN;NaN;NaN;NaN;0.0496050704;NaN;NaN
55.5500089912;NaN;NaN;-1.0879677561;NaN;NaN;NaN;NaN;0.0496050704;NaN;NaN
55.5600089896;NaN;NaN;-1.0879677561;NaN;NaN;NaN;NaN;0.0496050704;NaN;NaN
55.5600215672;NaN;NaN;-1.0879677561;NaN;NaN;NaN;NaN;0.0496050704;NaN;NaN
55.5700107836;NaN;NaN;-1.0879677561;NaN;NaN;NaN;NaN;0.0496050704;NaN;NaN
55.5800107817;NaN;NaN;-1.0879677561;NaN;NaN;NaN;NaN;0.0496050704;NaN;NaN
55.5900107797;NaN;NaN;-1.0879357288;NaN;NaN;NaN;NaN;0.0496050704;NaN;NaN
55.6000107778;NaN;NaN;-1.0879677561;NaN;NaN;NaN;NaN;0.0496050704;NaN;NaN
55.6100107759;NaN;NaN;-1.0879677561;NaN;NaN;NaN;NaN;0.0496050704;NaN;NaN
55.6200107739;NaN;NaN;-1.0879677561;NaN;NaN;NaN;NaN;0.0496050704;NaN;NaN
55.6300107720;NaN;NaN;-1.0879677561;NaN;NaN;NaN;NaN;0.0496050704;NaN;NaN
55.6400107701;NaN;NaN;-1.0701381539;NaN;NaN;NaN;NaN;0.0496050704;NaN;NaN
55.6500107681;NaN;NaN;-1.0879677561;NaN;NaN;NaN;NaN;0.0496050704;NaN;NaN
55.6600107662;NaN;NaN;-1.0879677561;NaN;NaN;NaN;NaN;0.0496050704;NaN;NaN
55.6700107643;NaN;NaN;-1.0879357748;NaN;NaN;NaN;NaN;0.0496050704;NaN;NaN
55.6800107623;NaN;NaN;-1.0701381539;NaN;NaN;NaN;NaN;0.0496050704;NaN;NaN
55.6900107604;NaN;NaN;-1.0879677561;NaN;NaN;NaN;NaN;0.0496050704;NaN;NaN
55.7000107585;NaN;NaN;-1.0701381539;NaN;NaN;NaN;NaN;0.0496050704;NaN;NaN
55.7100107565;NaN;NaN;-1.0879677561;NaN;NaN;NaN;NaN;0.0496050704;NaN;NaN
55.7200107546;NaN;NaN;-1.0879677561;NaN;NaN;NaN;NaN;0.0496050704;NaN;NaN
55.7300107527;NaN;NaN;-1.0879358091;NaN;NaN;NaN;NaN;0.0496050704;NaN;NaN
55.7400107508;NaN;NaN;-1.0701700952;NaN;NaN;NaN;NaN;0.0496050704;NaN;NaN
55.7500107488;NaN;NaN;-1.0701700894;NaN;NaN;NaN;NaN;0.0496050704;NaN;NaN
55.7600107469;NaN;NaN;-1.0879677561;NaN;NaN;NaN;NaN;0.0496050704;NaN;NaN
55.7700107450;NaN;NaN;-1.0701381539;NaN;NaN;NaN;NaN;0.0496050704;NaN;NaN
55.7800107431;NaN;NaN;-1.0701381539;NaN;NaN;NaN;NaN;0.0496050704;NaN;NaN
55.7900107411;NaN;NaN;-1.0879677561;NaN;NaN;NaN;NaN;0.0496050704;NaN;NaN
55.8000107392;NaN;NaN;-1.0701381539;NaN;NaN;NaN;NaN;0.0496050704;NaN;NaN
55.8100107373;NaN;NaN;-1.0701700552;NaN;NaN;NaN;NaN;0.0496050704;NaN;NaN
55.8200107354;NaN;NaN;-1.0879677561;NaN;NaN;NaN;NaN;0.0496050704;NaN;NaN
55.8300107335;NaN;NaN;-1.0879677561;NaN;NaN;NaN;NaN;0.0496050704;NaN;NaN
55.8400107315;NaN;NaN;-1.0879358720;NaN;NaN;NaN;NaN;0.0496050704;NaN;NaN
55.8500107296;NaN;NaN;-1.0701700323;NaN;NaN;NaN;NaN;0.0496050704;NaN;NaN
55.8600107277;NaN;NaN;-1.0701700266;NaN;NaN;NaN;NaN;0.0496050704;NaN;NaN
55.8700107258;NaN;NaN;-1.0701381539;NaN;NaN;NaN;NaN;0.0486048285;NaN;NaN
55.8800107239;NaN;NaN;-1.0879358948;NaN;NaN;NaN;NaN;0.0486048285;NaN;NaN
55.8900107219;NaN;NaN;-1.0879677561;NaN;NaN;NaN;NaN;0.0486048285;NaN;NaN
55.9000107200;NaN;NaN;-1.0879359062;NaN;NaN;NaN;NaN;0.0486048285;NaN;NaN
55.9100107181;NaN;NaN;-1.0701381539;NaN;NaN;NaN;NaN;0.0486048285;NaN;NaN
55.9200107162;NaN;NaN;-1.0701381539;NaN;NaN;NaN;NaN;0.0486048285;NaN;NaN
55.9300107143;NaN;NaN;-1.0701381539;NaN;NaN;NaN;NaN;0.0486048285;NaN;NaN
55.9400107124;NaN;NaN;-1.0879359289;NaN;NaN;NaN;NaN;0.0486048285;NaN;NaN
55.9500107105;NaN;NaN;-1.0879677561;NaN;NaN;NaN;NaN;0.0486048285;NaN;NaN
55.9600107085;NaN;NaN;-1.0701381539;NaN;NaN;NaN;NaN;0.0486048285;NaN;NaN
55.9700107066;NaN;NaN;-1.0879359459;NaN;NaN;NaN;NaN;0.0486048285;NaN;NaN
55.9800107047;NaN;NaN;-1.0701381539;NaN;NaN;NaN;NaN;0.0486048285;NaN;NaN
55.9900107028;NaN;NaN;-1.0701381539;NaN;NaN;NaN;NaN;0.0486048285;NaN;NaN
56.0000107009;NaN;NaN;-1.0701381539;NaN;NaN;NaN;NaN;0.0486048285;NaN;NaN
56.0100106990;NaN;NaN;-1.0701381539;NaN;NaN;NaN;NaN;0.0486048285;NaN;NaN
56.0200106971;NaN;NaN;-1.0701381539;NaN;NaN;NaN;NaN;0.0486048285;NaN;NaN
56.0300106952;NaN;NaN;-1.0701381539;NaN;NaN;NaN;NaN;0.0486048285;NaN;NaN
56.0400106933;NaN;NaN;-1.0523403222;NaN;NaN;NaN;NaN;0.0486048285;NaN;NaN
56.0500106914;NaN;NaN;-1.0701381539;NaN;NaN;NaN;NaN;0.0486048285;NaN;NaN
56.0600106895;NaN;NaN;-1.0701381539;NaN;NaN;NaN;NaN;0.0486048285;NaN;NaN
56.0700106876;NaN;NaN;-1.0701381539;NaN;NaN;NaN;NaN;0.0486048285;NaN;NaN
56.0900089047;NaN;NaN;-1.0701381539;NaN;NaN;NaN;NaN;0.0486048285;NaN;NaN
56.1000089031;NaN;NaN;-1.0701381539;NaN;NaN;NaN;NaN;0.0486048285;NaN;NaN
56.1100089015;NaN;NaN;-1.0701381539;NaN;NaN;NaN;NaN;0.0486048285;NaN;NaN
56.1200089000;NaN;NaN;-1.0701127692;NaN;NaN;NaN;NaN;0.0486048285;NaN;NaN
56.1300088984;NaN;NaN;-1.0523339319;NaN;NaN;NaN;NaN;0.0486048285;NaN;NaN
56.1400088968;NaN;NaN;-1.0701381539;NaN;NaN;NaN;NaN;0.0486048285;NaN;NaN
56.1500088952;NaN;NaN;-1.0701127827;NaN;NaN;NaN;NaN;0.0486048285;NaN;NaN
56.1600088936;NaN;NaN;-1.0701381539;NaN;NaN;NaN;NaN;0.0486048285;NaN;NaN
56.1700088921;NaN;NaN;-1.0701381539;NaN;NaN;NaN;NaN;0.0486048285;NaN;NaN
56.1800088905;NaN;NaN;-1.0701381539;NaN;NaN;NaN;NaN;0.0486048285;NaN;NaN
56.1800213295;NaN;NaN;-1.0701064625;NaN;NaN;NaN;NaN;0.0486048285;NaN;NaN
56.1900106648;NaN;NaN;-1.0701381539;NaN;NaN;NaN;NaN;0.0486048285;NaN;NaN
56.2000106629;NaN;NaN;-1.0701064737;NaN;NaN;NaN;NaN;0.0486048285;NaN;NaN
56.2100106610;NaN;NaN;-1.0523085517;NaN;NaN;NaN;NaN;0.0486048285;NaN;NaN
56.2200106591;NaN;NaN;-1.0523085517;NaN;NaN;NaN;NaN;0.0476045934;NaN;NaN
56.2300106572;NaN;NaN;-1.0523085517;NaN;NaN;NaN;NaN;0.0476045934;NaN;NaN
56.2400106553;NaN;NaN;-1.0523085517;NaN;NaN;NaN;NaN;0.0476045934;NaN;NaN
56.2500106534;NaN;NaN;-1.0523085517;NaN;NaN;NaN;NaN;0.0476045934;NaN;NaN
56.2600106515;NaN;NaN;-1.0523085517;NaN;NaN;NaN;NaN;0.0476045934;NaN;NaN
56.2700106496;NaN;NaN;-1.0523085517;NaN;NaN;NaN;NaN;0.0476045934;NaN;NaN
56.2800106477;NaN;NaN;-1.0701065187;NaN;NaN;NaN;NaN;0.0476045934;NaN;NaN
56.2900106458;NaN;NaN;-1.0523085517;NaN;NaN;NaN;NaN;0.0476045934;NaN;NaN
56.3000106440;NaN;NaN;-1.0523085517;NaN;NaN;NaN;NaN;0.0466043597;NaN;NaN
56.3100106421;NaN;NaN;-1.0523085517;NaN;NaN;NaN;NaN;0.0466043597;NaN;NaN
56.3200106402;NaN;NaN;-1.0523085517;NaN;NaN;NaN;NaN;0.0466043597;NaN;NaN
56.3300106383;NaN;NaN;-1.0345105567;NaN;NaN;NaN;NaN;0.0466043597;NaN;NaN
56.3400106364;NaN;NaN;-1.0523085517;NaN;NaN;NaN;NaN;0.0466043597;NaN;NaN
56.3500106345;NaN;NaN;-1.0345105455;NaN;NaN;NaN;NaN;0.0466043597;NaN;NaN
56.3600106326;NaN;NaN;-1.0523085517;NaN;NaN;NaN;NaN;0.0466043597;NaN;NaN
56.3700106308;NaN;NaN;-1.0523085517;NaN;NaN;NaN;NaN;0.0466043597;NaN;NaN
56.3800106289;NaN;NaN;-1.0345105287;NaN;NaN;NaN;NaN;0.0466043597;NaN;NaN
56.3900106270;NaN;NaN;-1.0523085517;NaN;NaN;NaN;NaN;0.0466043597;NaN;NaN
56.4000106251;NaN;NaN;-1.0345105175;NaN;NaN;NaN;NaN;0.0466043597;NaN;NaN
56.4100106232;NaN;NaN;-1.0522769893;NaN;NaN;NaN;NaN;0.0466043597;NaN;NaN
56.4200106213;NaN;NaN;-1.0344789495;NaN;NaN;NaN;NaN;0.0466043597;NaN;NaN
56.4300106195;NaN;NaN;-1.0522770005;NaN;NaN;NaN;NaN;0.0466043597;NaN;NaN
56.4400106176;NaN;NaN;-1.0344789495;NaN;NaN;NaN;NaN;0.0466043597;NaN;NaN
56.4500106157;NaN;NaN;-1.0345104896;NaN;NaN;NaN;NaN;0.0466043597;NaN;NaN
56.4600106138;NaN;NaN;-1.0345104840;NaN;NaN;NaN;NaN;0.0466043597;NaN;NaN
56.4700106120;NaN;NaN;-1.0344789495;NaN;NaN;NaN;NaN;0.0466043597;NaN;NaN
56.4800106101;NaN;NaN;-1.0344789495;NaN;NaN;NaN;NaN;0.0466043597;NaN;NaN
56.4900106082;NaN;NaN;-1.0345104673;NaN;NaN;NaN;NaN;0.0466043597;NaN;NaN
56.5000106063;NaN;NaN;-1.0523085517;NaN;NaN;NaN;NaN;0.0466043597;NaN;NaN
56.5100106045;NaN;NaN;-1.0344789495;NaN;NaN;NaN;NaN;0.0466043597;NaN;NaN
56.5200106026;NaN;NaN;-1.0523085517;NaN;NaN;NaN;NaN;0.0466043597;NaN;NaN
56.5300106007;NaN;NaN;-1.0344789495;NaN;NaN;NaN;NaN;0.0466043597;NaN;NaN
56.5400105988;NaN;NaN;-1.0344789495;NaN;NaN;NaN;NaN;0.0466043597;NaN;NaN
56.5500105970;NaN;NaN;-1.0344789495;NaN;NaN;NaN;NaN;0.0466043597;NaN;NaN
56.5600105951;NaN;NaN;-1.0344789495;NaN;NaN;NaN;NaN;0.0466043597;NaN;NaN
56.5700105932;NaN;NaN;-1.0344789495;NaN;NaN;NaN;NaN;0.0456041312;NaN;NaN
56.5800105914;NaN;NaN;-1.0344789495;NaN;NaN;NaN;NaN;0.0456041312;NaN;NaN
56.5900105895;NaN;NaN;-1.0344789495;NaN;NaN;NaN;NaN;0.0456041312;NaN;NaN
56.6000105876;NaN;NaN;-1.0344789495;NaN;NaN;NaN;NaN;0.0456041312;NaN;NaN
56.6100105857;NaN;NaN;-1.0344789495;NaN;NaN;NaN;NaN;0.0456041312;NaN;NaN
56.6200105839;NaN;NaN;-1.0522771062;NaN;NaN;NaN;NaN;0.0456041312;NaN;NaN
56.6300105820;NaN;NaN;-1.0344789495;NaN;NaN;NaN;NaN;0.0456041312;NaN;NaN
56.6400105801;NaN;NaN;-1.0166807818;NaN;NaN;NaN;NaN;0.0456041312;NaN;NaN
56.6500105783;NaN;NaN;-1.0166807762;NaN;NaN;NaN;NaN;0.0456041312;NaN;NaN
56.6600105764;NaN;NaN;-1.0344789495;NaN;NaN;NaN;NaN;0.0456041312;NaN;NaN
56.6700105746;NaN;NaN;-1.0344789495;NaN;NaN;NaN;NaN;0.0456041312;NaN;NaN
56.6800105727;NaN;NaN;-1.0166744772;NaN;NaN;NaN;NaN;0.0456041312;NaN;NaN
56.7000088090;NaN;NaN;-1.0166493473;NaN;NaN;NaN;NaN;0.0456041312;NaN;NaN
56.7100088075;NaN;NaN;-1.0166493473;NaN;NaN;NaN;NaN;0.0446040814;NaN;NaN
56.7200088059;NaN;NaN;-1.0166493473;NaN;NaN;NaN;NaN;0.0446040814;NaN;NaN
56.7300088044;NaN;NaN;-1.0166744595;NaN;NaN;NaN;NaN;0.0446040814;NaN;NaN
56.7400088028;NaN;NaN;-1.0344538418;NaN;NaN;NaN;NaN;0.0446040814;NaN;NaN
56.7500088013;NaN;NaN;-1.0166493473;NaN;NaN;NaN;NaN;0.0446040814;NaN;NaN
56.7600087997;NaN;NaN;-1.0166493473;NaN;NaN;NaN;NaN;0.0446040814;NaN;NaN
56.7700087982;NaN;NaN;-1.0166493473;NaN;NaN;NaN;NaN;0.0446040814;NaN;NaN
56.7800087966;NaN;NaN;-1.0166493473;NaN;NaN;NaN;NaN;0.0446040814;NaN;NaN
56.7900087951;NaN;NaN;-1.0166493473;NaN;NaN;NaN;NaN;0.0446040814;NaN;NaN
56.8000087935;NaN;NaN;-1.0344538683;NaN;NaN;NaN;NaN;0.0446040814;NaN;NaN
56.8100087920;NaN;NaN;-1.0166493473;NaN;NaN;NaN;NaN;0.0446040814;NaN;NaN
56.8200087904;NaN;NaN;-1.0344789495;NaN;NaN;NaN;NaN;0.0446040814;NaN;NaN
56.8300087889;NaN;NaN;-1.0166493473;NaN;NaN;NaN;NaN;0.0446040814;NaN;NaN
56.8400087873;NaN;NaN;-1.0166493473;NaN;NaN;NaN;NaN;0.0446040814;NaN;NaN
56.8500087858;NaN;NaN;-1.0166493473;NaN;NaN;NaN;NaN;0.0446040814;NaN;NaN
56.8600087843;NaN;NaN;-1.0344538948;NaN;NaN;NaN;NaN;0.0446040814;NaN;NaN
56.8700087827;NaN;NaN;-1.0166493473;NaN;NaN;NaN;NaN;0.0446040814;NaN;NaN
56.8800087812;NaN;NaN;-1.0166493473;NaN;NaN;NaN;NaN;0.0446040814;NaN;NaN
56.8900087796;NaN;NaN;-1.0344539080;NaN;NaN;NaN;NaN;0.0446040814;NaN;NaN
56.9000087781;NaN;NaN;-1.0344539124;NaN;NaN;NaN;NaN;0.0446040814;NaN;NaN
56.9100087765;NaN;NaN;-1.0166493473;NaN;NaN;NaN;NaN;0.0446040814;NaN;NaN
56.9200087750;NaN;NaN;-1.0166493473;NaN;NaN;NaN;NaN;0.0446040814;NaN;NaN
56.9300087735;NaN;NaN;-1.0166493473;NaN;NaN;NaN;NaN;0.0446040814;NaN;NaN
56.9400087719;NaN;NaN;-1.0166493473;NaN;NaN;NaN;NaN;0.0446040814;NaN;NaN
56.9500087704;NaN;NaN;-1.0166493473;NaN;NaN;NaN;NaN;0.0446040814;NaN;NaN
56.9600087689;NaN;NaN;-1.0166493473;NaN;NaN;NaN;NaN;0.0446040814;NaN;NaN
56.9700087673;NaN;NaN;-1.0166493473;NaN;NaN;NaN;NaN;0.0446040814;NaN;NaN
56.9800087658;NaN;NaN;-1.0166493473;NaN;NaN;NaN;NaN;0.0446040814;NaN;NaN
56.9900087642;NaN;NaN;-1.0166493473;NaN;NaN;NaN;NaN;0.0436040359;NaN;NaN
57.0000087627;NaN;NaN;-1.0166493473;NaN;NaN;NaN;NaN;0.0436040359;NaN;NaN
57.0100087612;NaN;NaN;-1.0166243584;NaN;NaN;NaN;NaN;0.0436040359;NaN;NaN
57.0200087596;NaN;NaN;-0.9988197451;NaN;NaN;NaN;NaN;0.0436040359;NaN;NaN
57.0300087581;NaN;NaN;-0.9988447253;NaN;NaN;NaN;NaN;0.0436040359;NaN;NaN
57.0400087566;NaN;NaN;-0.9988197451;NaN;NaN;NaN;NaN;0.0436040359;NaN;NaN
57.0500087550;NaN;NaN;-0.9988197451;NaN;NaN;NaN;NaN;0.0436040359;NaN;NaN
57.0600087535;NaN;NaN;-1.0166243803;NaN;NaN;NaN;NaN;0.0436040359;NaN;NaN
57.0700087520;NaN;NaN;-0.9988447078;NaN;NaN;NaN;NaN;0.0436040359;NaN;NaN
57.0800087504;NaN;NaN;-1.0166243890;NaN;NaN;NaN;NaN;0.0426039918;NaN;NaN
57.0900087489;NaN;NaN;-0.9988446991;NaN;NaN;NaN;NaN;0.0426039918;NaN;NaN
57.1000087474;NaN;NaN;-0.9988197451;NaN;NaN;NaN;NaN;0.0426039918;NaN;NaN
57.1100087458;NaN;NaN;-0.9988197451;NaN;NaN;NaN;NaN;0.0426039918;NaN;NaN
57.1200087443;NaN;NaN;-0.9987948043;NaN;NaN;NaN;NaN;0.0426039918;NaN;NaN
57.1300087428;NaN;NaN;-0.9988197451;NaN;NaN;NaN;NaN;0.0426039918;NaN;NaN
57.1400087413;NaN;NaN;-0.9810150751;NaN;NaN;NaN;NaN;0.0426039918;NaN;NaN
57.1500087397;NaN;NaN;-0.9988197451;NaN;NaN;NaN;NaN;0.0426039918;NaN;NaN
57.1600087382;NaN;NaN;-0.9988197451;NaN;NaN;NaN;NaN;0.0426039918;NaN;NaN
57.1700087367;NaN;NaN;-0.9987948261;NaN;NaN;NaN;NaN;0.0426039918;NaN;NaN
57.1800087352;NaN;NaN;-0.9987948304;NaN;NaN;NaN;NaN;0.0426039918;NaN;NaN
57.1900087336;NaN;NaN;-0.9988197451;NaN;NaN;NaN;NaN;0.0426039918;NaN;NaN
57.2000087321;NaN;NaN;-0.9988197451;NaN;NaN;NaN;NaN;0.0426039918;NaN;NaN
57.2100087306;NaN;NaN;-0.9988197451;NaN;NaN;NaN;NaN;0.0426039918;NaN;NaN
57.2200087291;NaN;NaN;-0.9809901430;NaN;NaN;NaN;NaN;0.0426039918;NaN;NaN
57.2300087275;NaN;NaN;-0.9988197451;NaN;NaN;NaN;NaN;0.0426039918;NaN;NaN
57.2400087260;NaN;NaN;-0.9988197451;NaN;NaN;NaN;NaN;0.0426039918;NaN;NaN
57.2500087245;NaN;NaN;-0.9809901430;NaN;NaN;NaN;NaN;0.0426039918;NaN;NaN
57.2600087230;NaN;NaN;-0.9987948652;NaN;NaN;NaN;NaN;0.0426039918;NaN;NaN
57.2700087214;NaN;NaN;-0.9987948695;NaN;NaN;NaN;NaN;0.0426039918;NaN;NaN
57.2800087199;NaN;NaN;-0.9809901430;NaN;NaN;NaN;NaN;0.0426039918;NaN;NaN
57.2900087184;NaN;NaN;-0.9809901430;NaN;NaN;NaN;NaN;0.0416039508;NaN;NaN
57.3000087169;NaN;NaN;-0.9988197451;NaN;NaN;NaN;NaN;0.0416039508;NaN;NaN
57.3100087154;NaN;NaN;-0.9987948869;NaN;NaN;NaN;NaN;0.0416039508;NaN;NaN
57.3200087138;NaN;NaN;-0.9809901430;NaN;NaN;NaN;NaN;0.0416039508;NaN;NaN
57.3300087123;NaN;NaN;-0.9809652933;NaN;NaN;NaN;NaN;0.0416039508;NaN;NaN
57.3400087108;NaN;NaN;-0.9809901430;NaN;NaN;NaN;NaN;0.0416039508;NaN;NaN
57.3500087093;NaN;NaN;-0.9809901430;NaN;NaN;NaN;NaN;0.0416039508;NaN;NaN
57.3600087078;NaN;NaN;-0.9809901430;NaN;NaN;NaN;NaN;0.0416039508;NaN;NaN
57.3700087063;NaN;NaN;-0.9809901430;NaN;NaN;NaN;NaN;0.0416039508;NaN;NaN
57.3800087047;NaN;NaN;-0.9809901430;NaN;NaN;NaN;NaN;0.0416039508;NaN;NaN
57.3900087032;NaN;NaN;-0.9809901430;NaN;NaN;NaN;NaN;0.0416039508;NaN;NaN
57.4000087017;NaN;NaN;-0.9809901430;NaN;NaN;NaN;NaN;0.0406039116;NaN;NaN
57.4100087002;NaN;NaN;-0.9809901430;NaN;NaN;NaN;NaN;0.0406039116;NaN;NaN
57.4200086987;NaN;NaN;-0.9809901430;NaN;NaN;NaN;NaN;0.0406039116;NaN;NaN
57.4300086972;NaN;NaN;-0.9809901430;NaN;NaN;NaN;NaN;0.0406039116;NaN;NaN
57.4400086957;NaN;NaN;-0.9809653409;NaN;NaN;NaN;NaN;0.0406039116;NaN;NaN
57.4500086941;NaN;NaN;-0.9809653452;NaN;NaN;NaN;NaN;0.0406039116;NaN;NaN
57.4600086926;NaN;NaN;-0.9809901430;NaN;NaN;NaN;NaN;0.0406039116;NaN;NaN
57.4700086911;NaN;NaN;-0.9809901430;NaN;NaN;NaN;NaN;0.0406039116;NaN;NaN
57.4800086896;NaN;NaN;-0.9631605408;NaN;NaN;NaN;NaN;0.0406039116;NaN;NaN
57.4900086881;NaN;NaN;-0.9809901430;NaN;NaN;NaN;NaN;0.0406039116;NaN;NaN
57.5000086866;NaN;NaN;-0.9631605408;NaN;NaN;NaN;NaN;0.0406039116;NaN;NaN
57.5100086851;NaN;NaN;-0.9809653710;NaN;NaN;NaN;NaN;0.0406039116;NaN;NaN
57.5200086836;NaN;NaN;-0.9809901430;NaN;NaN;NaN;NaN;0.0406039116;NaN;NaN
57.5300086821;NaN;NaN;-0.9631853041;NaN;NaN;NaN;NaN;0.0406039116;NaN;NaN
57.5400086806;NaN;NaN;-0.9631605408;NaN;NaN;NaN;NaN;0.0406039116;NaN;NaN
57.5500086790;NaN;NaN;-0.9631605408;NaN;NaN;NaN;NaN;0.0406039116;NaN;NaN
57.5600086775;NaN;NaN;-0.9631605408;NaN;NaN;NaN;NaN;0.0406039116;NaN;NaN
57.5700086760;NaN;NaN;-0.9631605408;NaN;NaN;NaN;NaN;0.0406039116;NaN;NaN
57.5800086745;NaN;NaN;-0.9631605408;NaN;NaN;NaN;NaN;0.0406039116;NaN;NaN
57.5900086730;NaN;NaN;-0.9631605408;NaN;NaN;NaN;NaN;0.0406039116;NaN;NaN
57.6000086715;NaN;NaN;-0.9809654097;NaN;NaN;NaN;NaN;0.0406039116;NaN;NaN
57.6100086700;NaN;NaN;-0.9631605408;NaN;NaN;NaN;NaN;0.0406039116;NaN;NaN
57.6200086685;NaN;NaN;-0.9809654183;NaN;NaN;NaN;NaN;0.0406039116;NaN;NaN
57.6300086670;NaN;NaN;-0.9631605408;NaN;NaN;NaN;NaN;0.0406039116;NaN;NaN
57.6400086655;NaN;NaN;-0.9631605408;NaN;NaN;NaN;NaN;0.0406039116;NaN;NaN
57.6500086640;NaN;NaN;-0.9631605408;NaN;NaN;NaN;NaN;0.0406039116;NaN;NaN
57.6600086625;NaN;NaN;-0.9631605408;NaN;NaN;NaN;NaN;0.0406039116;NaN;NaN
57.6700086610;NaN;NaN;-0.9631605408;NaN;NaN;NaN;NaN;0.0406039116;NaN;NaN
57.6800086595;NaN;NaN;-0.9631605408;NaN;NaN;NaN;NaN;0.0406039116;NaN;NaN
57.6900086580;NaN;NaN;-0.9809901430;NaN;NaN;NaN;NaN;0.0406039116;NaN;NaN
57.7000086565;NaN;NaN;-0.9631605408;NaN;NaN;NaN;NaN;0.0406039116;NaN;NaN
57.7100086550;NaN;NaN;-0.9631852270;NaN;NaN;NaN;NaN;0.0406039116;NaN;NaN
57.7200086535;NaN;NaN;-0.9631605408;NaN;NaN;NaN;NaN;0.0406039116;NaN;NaN
57.7300086520;NaN;NaN;-0.9631605408;NaN;NaN;NaN;NaN;0.0406039116;NaN;NaN
57.7400086505;NaN;NaN;-0.9631605408;NaN;NaN;NaN;NaN;0.0406039116;NaN;NaN
57.7500086490;NaN;NaN;-0.9631605408;NaN;NaN;NaN;NaN;0.0406039116;NaN;NaN
57.7600086475;NaN;NaN;-0.9631605408;NaN;NaN;NaN;NaN;0.0406039116;NaN;NaN
57.7700086460;NaN;NaN;-0.9631605408;NaN;NaN;NaN;NaN;0.0406039116;NaN;NaN
57.7800086445;NaN;NaN;-0.9631605408;NaN;NaN;NaN;NaN;0.0406039116;NaN;NaN
57.7900086430;NaN;NaN;-0.9631605408;NaN;NaN;NaN;NaN;0.0406039116;NaN;NaN
57.8000086415;NaN;NaN;-0.9631605408;NaN;NaN;NaN;NaN;0.0406039116;NaN;NaN
57.8100086401;NaN;NaN;-0.9631358972;NaN;NaN;NaN;NaN;0.0406039116;NaN;NaN
57.8200086386;NaN;NaN;-0.9631605408;NaN;NaN;NaN;NaN;0.0406039116;NaN;NaN
57.8300086371;NaN;NaN;-0.9631605408;NaN;NaN;NaN;NaN;0.0406039116;NaN;NaN
57.8400086356;NaN;NaN;-0.9631605408;NaN;NaN;NaN;NaN;0.0406039116;NaN;NaN
57.8500086341;NaN;NaN;-0.9631605408;NaN;NaN;NaN;NaN;0.0406039116;NaN;NaN
57.8600086326;NaN;NaN;-0.9631605408;NaN;NaN;NaN;NaN;0.0406039116;NaN;NaN
57.8700086311;NaN;NaN;-0.9631359227;NaN;NaN;NaN;NaN;0.0406039116;NaN;NaN
57.8800086296;NaN;NaN;-0.9631605408;NaN;NaN;NaN;NaN;0.0406039116;NaN;NaN
57.8900086281;NaN;NaN;-0.9631605408;NaN;NaN;NaN;NaN;0.0406039116;NaN;NaN
57.9000086266;NaN;NaN;-0.9631359355;NaN;NaN;NaN;NaN;0.0406039116;NaN;NaN
57.9100086252;NaN;NaN;-0.9631605408;NaN;NaN;NaN;NaN;0.0406039116;NaN;NaN
57.9200086237;NaN;NaN;-0.9631605408;NaN;NaN;NaN;NaN;0.0406039116;NaN;NaN
57.9300086222;NaN;NaN;-0.9453555311;NaN;NaN;NaN;NaN;0.0406039116;NaN;NaN
57.9400086207;NaN;NaN;-0.9453555269;NaN;NaN;NaN;NaN;0.0406039116;NaN;NaN
57.9500086192;NaN;NaN;-0.9453555226;NaN;NaN;NaN;NaN;0.0406039116;NaN;NaN
57.9600086177;NaN;NaN;-0.9631605408;NaN;NaN;NaN;NaN;0.0406039116;NaN;NaN
57.9700086162;NaN;NaN;-0.9453555142;NaN;NaN;NaN;NaN;0.0396038809;NaN;NaN
57.9800086147;NaN;NaN;-0.9631605408;NaN;NaN;NaN;NaN;0.0396038809;NaN;NaN
57.9900086133;NaN;NaN;-0.9631605408;NaN;NaN;NaN;NaN;0.0396038809;NaN;NaN
58.0000086118;NaN;NaN;-0.9631359779;NaN;NaN;NaN;NaN;0.0396038809;NaN;NaN
58.0100086103;NaN;NaN;-0.9631359821;NaN;NaN;NaN;NaN;0.0396038809;NaN;NaN
58.0200086088;NaN;NaN;-0.9631605408;NaN;NaN;NaN;NaN;0.0396038809;NaN;NaN
58.0300086073;NaN;NaN;-0.9453309386;NaN;NaN;NaN;NaN;0.0396038809;NaN;NaN
58.0400086059;NaN;NaN;-0.9631359948;NaN;NaN;NaN;NaN;0.0396038809;NaN;NaN
58.0500086044;NaN;NaN;-0.9453309386;NaN;NaN;NaN;NaN;0.0396038809;NaN;NaN
58.0600086029;NaN;NaN;-0.9453309386;NaN;NaN;NaN;NaN;0.0396038809;NaN;NaN
58.0700086014;NaN;NaN;-0.9453554719;NaN;NaN;NaN;NaN;0.0396038809;NaN;NaN
58.0800085999;NaN;NaN;-0.9453554677;NaN;NaN;NaN;NaN;0.0396038809;NaN;NaN
58.0900085985;NaN;NaN;-0.9453309386;NaN;NaN;NaN;NaN;0.0396038809;NaN;NaN
58.1000085970;NaN;NaN;-0.9453309386;NaN;NaN;NaN;NaN;0.0396038809;NaN;NaN
58.1100085955;NaN;NaN;-0.9453309386;NaN;NaN;NaN;NaN;0.0396038809;NaN;NaN
58.1200085940;NaN;NaN;-0.9631605408;NaN;NaN;NaN;NaN;0.0396038809;NaN;NaN
58.1300085925;NaN;NaN;-0.9453309386;NaN;NaN;NaN;NaN;0.0396038809;NaN;NaN
58.1400085911;NaN;NaN;-0.9453309386;NaN;NaN;NaN;NaN;0.0396038809;NaN;NaN
58.1500085896;NaN;NaN;-0.9453309386;NaN;NaN;NaN;NaN;0.0396038809;NaN;NaN
58.1600085881;NaN;NaN;-0.9453309386;NaN;NaN;NaN;NaN;0.0396038809;NaN;NaN
58.1700085866;NaN;NaN;-0.9453309386;NaN;NaN;NaN;NaN;0.0396038809;NaN;NaN
58.1800085852;NaN;NaN;-0.9453309386;NaN;NaN;NaN;NaN;0.0396038809;NaN;NaN
58.1900085837;NaN;NaN;-0.9453309386;NaN;NaN;NaN;NaN;0.0396038809;NaN;NaN
58.2000085822;NaN;NaN;-0.9453309386;NaN;NaN;NaN;NaN;0.0396038809;NaN;NaN
58.2100085807;NaN;NaN;-0.9453064642;NaN;NaN;NaN;NaN;0.0396038809;NaN;NaN
58.2200085793;NaN;NaN;-0.9275013364;NaN;NaN;NaN;NaN;0.0386038539;NaN;NaN
58.2300085778;NaN;NaN;-0.9453309386;NaN;NaN;NaN;NaN;0.0386038539;NaN;NaN
58.2400085763;NaN;NaN;-0.9275257982;NaN;NaN;NaN;NaN;0.0386038539;NaN;NaN
58.2500085749;NaN;NaN;-0.9453309386;NaN;NaN;NaN;NaN;0.0386038539;NaN;NaN
58.2600085734;NaN;NaN;-0.9631360873;NaN;NaN;NaN;NaN;0.0386038539;NaN;NaN
58.2700085719;NaN;NaN;-0.9275257856;NaN;NaN;NaN;NaN;0.0386038539;NaN;NaN
58.2800085704;NaN;NaN;-0.9453309386;NaN;NaN;NaN;NaN;0.0386038539;NaN;NaN
58.2900085690;NaN;NaN;-0.9453309386;NaN;NaN;NaN;NaN;0.0386038539;NaN;NaN
58.3000085675;NaN;NaN;-0.9275257730;NaN;NaN;NaN;NaN;0.0386038539;NaN;NaN
58.3100085660;NaN;NaN;-0.9453309386;NaN;NaN;NaN;NaN;0.0386038539;NaN;NaN
58.3200085646;NaN;NaN;-0.9453309386;NaN;NaN;NaN;NaN;0.0386038539;NaN;NaN
58.3300085631;NaN;NaN;-0.9453065145;NaN;NaN;NaN;NaN;0.0386038539;NaN;NaN
58.3400085616;NaN;NaN;-0.9453065186;NaN;NaN;NaN;NaN;0.0386038539;NaN;NaN
58.3500085602;NaN;NaN;-0.9275257521;NaN;NaN;NaN;NaN;0.0386038539;NaN;NaN
58.3600085587;NaN;NaN;-0.9453309386;NaN;NaN;NaN;NaN;0.0386038539;NaN;NaN
58.3700085572;NaN;NaN;-0.9453065312;NaN;NaN;NaN;NaN;0.0386038539;NaN;NaN
58.3800085558;NaN;NaN;-0.9275013364;NaN;NaN;NaN;NaN;0.0386038539;NaN;NaN
58.3900085543;NaN;NaN;-0.9275013364;NaN;NaN;NaN;NaN;0.0386038539;NaN;NaN
58.4000085529;NaN;NaN;-0.9453065437;NaN;NaN;NaN;NaN;0.0386038539;NaN;NaN
58.4100085514;NaN;NaN;-0.9275013364;NaN;NaN;NaN;NaN;0.0386038539;NaN;NaN
58.4200085499;NaN;NaN;-0.9275013364;NaN;NaN;NaN;NaN;0.0386038539;NaN;NaN
58.4300085485;NaN;NaN;-0.9275013364;NaN;NaN;NaN;NaN;0.0386038539;NaN;NaN
58.4400085470;NaN;NaN;-0.9275013364;NaN;NaN;NaN;NaN;0.0386038539;NaN;NaN
58.4500085455;NaN;NaN;-0.9275013364;NaN;NaN;NaN;NaN;0.0386038539;NaN;NaN
58.4600085441;NaN;NaN;-0.9275013364;NaN;NaN;NaN;NaN;0.0386038539;NaN;NaN
58.4700085426;NaN;NaN;-0.9453065729;NaN;NaN;NaN;NaN;0.0386038539;NaN;NaN
58.4800085412;NaN;NaN;-0.9275256979;NaN;NaN;NaN;NaN;0.0386038539;NaN;NaN
58.4900085397;NaN;NaN;-0.9453065812;NaN;NaN;NaN;NaN;0.0386038539;NaN;NaN
58.5000085383;NaN;NaN;-0.9453065853;NaN;NaN;NaN;NaN;0.0386038539;NaN;NaN
58.5100085368;NaN;NaN;-0.9275013364;NaN;NaN;NaN;NaN;0.0386038539;NaN;NaN
58.5200085353;NaN;NaN;-0.9275013364;NaN;NaN;NaN;NaN;0.0386038539;NaN;NaN
58.5300085339;NaN;NaN;-0.9275013364;NaN;NaN;NaN;NaN;0.0386038539;NaN;NaN
58.5400085324;NaN;NaN;-0.9275013364;NaN;NaN;NaN;NaN;0.0386038539;NaN;NaN
58.5500085310;NaN;NaN;-0.9275013364;NaN;NaN;NaN;NaN;0.0386038539;NaN;NaN
58.5600085295;NaN;NaN;-0.9275013364;NaN;NaN;NaN;NaN;0.0386038539;NaN;NaN
58.5700085281;NaN;NaN;-0.9275013364;NaN;NaN;NaN;NaN;0.0386038539;NaN;NaN
58.5800085266;NaN;NaN;-0.9275013364;NaN;NaN;NaN;NaN;0.0386038539;NaN;NaN
58.5900085251;NaN;NaN;-0.9275013364;NaN;NaN;NaN;NaN;0.0386038539;NaN;NaN
58.6000085237;NaN;NaN;-0.9275013364;NaN;NaN;NaN;NaN;0.0386038539;NaN;NaN
58.6100085222;NaN;NaN;-0.9275013364;NaN;NaN;NaN;NaN;0.0386038539;NaN;NaN
58.6200085208;NaN;NaN;-0.9275256398;NaN;NaN;NaN;NaN;0.0386038539;NaN;NaN
58.6300085193;NaN;NaN;-0.9453066393;NaN;NaN;NaN;NaN;0.0386038539;NaN;NaN
58.6400085179;NaN;NaN;-0.9275013364;NaN;NaN;NaN;NaN;0.0386038539;NaN;NaN
58.6500085164;NaN;NaN;-0.9275013364;NaN;NaN;NaN;NaN;0.0386038539;NaN;NaN
58.6600085150;NaN;NaN;-0.9275256233;NaN;NaN;NaN;NaN;0.0386038539;NaN;NaN
58.6700085135;NaN;NaN;-0.9275256191;NaN;NaN;NaN;NaN;0.0386038539;NaN;NaN
58.6800085121;NaN;NaN;-0.9275013364;NaN;NaN;NaN;NaN;0.0386038539;NaN;NaN
58.6900085106;NaN;NaN;-0.9275013364;NaN;NaN;NaN;NaN;0.0386038539;NaN;NaN
58.7000085092;NaN;NaN;-0.9453309386;NaN;NaN;NaN;NaN;0.0386038539;NaN;NaN
58.7100085077;NaN;NaN;-0.9453066724;NaN;NaN;NaN;NaN;0.0386038539;NaN;NaN
58.7200085063;NaN;NaN;-0.9275013364;NaN;NaN;NaN;NaN;0.0386038539;NaN;NaN
58.7300085048;NaN;NaN;-0.9453066806;NaN;NaN;NaN;NaN;0.0386038539;NaN;NaN
58.7400085034;NaN;NaN;-0.9275013364;NaN;NaN;NaN;NaN;0.0386038539;NaN;NaN
58.7500085020;NaN;NaN;-0.9275255861;NaN;NaN;NaN;NaN;0.0386038539;NaN;NaN
58.7600085005;NaN;NaN;-0.9275255820;NaN;NaN;NaN;NaN;0.0386038539;NaN;NaN
58.7700084991;NaN;NaN;-0.9275255778;NaN;NaN;NaN;NaN;0.0386038539;NaN;NaN
58.7800084976;NaN;NaN;-0.9275013364;NaN;NaN;NaN;NaN;0.0386038539;NaN;NaN
58.7900084962;NaN;NaN;-0.9275013364;NaN;NaN;NaN;NaN;0.0386038539;NaN;NaN
58.8000084947;NaN;NaN;-0.9453067095;NaN;NaN;NaN;NaN;0.0386038539;NaN;NaN
58.8100084933;NaN;NaN;-0.9275013364;NaN;NaN;NaN;NaN;0.0386038539;NaN;NaN
58.8200084918;NaN;NaN;-0.9275013364;NaN;NaN;NaN;NaN;0.0386038539;NaN;NaN
58.8300084904;NaN;NaN;-0.9275013364;NaN;NaN;NaN;NaN;0.0386038539;NaN;NaN
58.8400084890;NaN;NaN;-0.9275013364;NaN;NaN;NaN;NaN;0.0386038539;NaN;NaN
58.8500084875;NaN;NaN;-0.9275013364;NaN;NaN;NaN;NaN;0.0386038539;NaN;NaN
58.8600084861;NaN;NaN;-0.9453067341;NaN;NaN;NaN;NaN;0.0386038539;NaN;NaN
58.8700084846;NaN;NaN;-0.9453309386;NaN;NaN;NaN;NaN;0.0376038364;NaN;NaN
58.8800084832;NaN;NaN;-0.9453067423;NaN;NaN;NaN;NaN;0.0376038364;NaN;NaN
58.8900084818;NaN;NaN;-0.9275013364;NaN;NaN;NaN;NaN;0.0376038364;NaN;NaN
58.9000084803;NaN;NaN;-0.9453067505;NaN;NaN;NaN;NaN;0.0376038364;NaN;NaN
58.9100084789;NaN;NaN;-0.9275013364;NaN;NaN;NaN;NaN;0.0376038364;NaN;NaN
58.9200084774;NaN;NaN;-0.9275013364;NaN;NaN;NaN;NaN;0.0376038364;NaN;NaN
58.9300084760;NaN;NaN;-0.9275013364;NaN;NaN;NaN;NaN;0.0376038364;NaN;NaN
58.9400084746;NaN;NaN;-0.9275013364;NaN;NaN;NaN;NaN;0.0376038364;NaN;NaN
58.9500084731;NaN;NaN;-0.9275013364;NaN;NaN;NaN;NaN;0.0376038364;NaN;NaN
58.9600084717;NaN;NaN;-0.9275013364;NaN;NaN;NaN;NaN;0.0376038364;NaN;NaN
58.9700084703;NaN;NaN;-0.9274771770;NaN;NaN;NaN;NaN;0.0376038364;NaN;NaN
58.9800084688;NaN;NaN;-0.9275013364;NaN;NaN;NaN;NaN;0.0376038364;NaN;NaN
58.9900084674;NaN;NaN;-0.9275013364;NaN;NaN;NaN;NaN;0.0376038364;NaN;NaN
59.0000084660;NaN;NaN;-0.9275013364;NaN;NaN;NaN;NaN;0.0376038364;NaN;NaN
59.0100084645;NaN;NaN;-0.9275013364;NaN;NaN;NaN;NaN;0.0376038364;NaN;NaN
59.0200084631;NaN;NaN;-0.9275013364;NaN;NaN;NaN;NaN;0.0376038364;NaN;NaN
59.0300084617;NaN;NaN;-0.9096717342;NaN;NaN;NaN;NaN;0.0376038364;NaN;NaN
59.0400084602;NaN;NaN;-0.9096958649;NaN;NaN;NaN;NaN;0.0366038213;NaN;NaN
59.0500084588;NaN;NaN;-0.9096958608;NaN;NaN;NaN;NaN;0.0366038213;NaN;NaN
59.0600084574;NaN;NaN;-0.9096958568;NaN;NaN;NaN;NaN;0.0366038213;NaN;NaN
59.0700084559;NaN;NaN;-0.9275013364;NaN;NaN;NaN;NaN;0.0366038213;NaN;NaN
59.0800084545;NaN;NaN;-0.9275013364;NaN;NaN;NaN;NaN;0.0366038213;NaN;NaN
59.0900084531;NaN;NaN;-0.9275013364;NaN;NaN;NaN;NaN;0.0366038213;NaN;NaN
59.1000084517;NaN;NaN;-0.9096958405;NaN;NaN;NaN;NaN;0.0366038213;NaN;NaN
59.1100084502;NaN;NaN;-0.9096717342;NaN;NaN;NaN;NaN;0.0366038213;NaN;NaN
59.1200084488;NaN;NaN;-0.9096717342;NaN;NaN;NaN;NaN;0.0366038213;NaN;NaN
59.1300084474;NaN;NaN;-0.9096717342;NaN;NaN;NaN;NaN;0.0366038213;NaN;NaN
59.1400084459;NaN;NaN;-0.9096717342;NaN;NaN;NaN;NaN;0.0366038213;NaN;NaN
59.1500084445;NaN;NaN;-0.9274772505;NaN;NaN;NaN;NaN;0.0366038213;NaN;NaN
59.1600084431;NaN;NaN;-0.9096958160;NaN;NaN;NaN;NaN;0.0366038213;NaN;NaN
59.1700084417;NaN;NaN;-0.9096958120;NaN;NaN;NaN;NaN;0.0366038213;NaN;NaN
59.1800084402;NaN;NaN;-0.9097379308;NaN;NaN;NaN;NaN;0.0366038213;NaN;NaN
59.1800202497;NaN;NaN;-0.9274712493;NaN;NaN;NaN;NaN;0.0366038213;NaN;NaN
59.1900101249;NaN;NaN;-0.9274772708;NaN;NaN;NaN;NaN;0.0366038213;NaN;NaN
59.2100084360;NaN;NaN;-0.9096717342;NaN;NaN;NaN;NaN;0.0366038213;NaN;NaN
59.2200084345;NaN;NaN;-0.9096717342;NaN;NaN;NaN;NaN;0.0366038213;NaN;NaN
59.2300084331;NaN;NaN;-0.9096717342;NaN;NaN;NaN;NaN;0.0366038213;NaN;NaN
59.2400084317;NaN;NaN;-0.9274772870;NaN;NaN;NaN;NaN;0.0366038213;NaN;NaN
59.2500084303;NaN;NaN;-0.9096476889;NaN;NaN;NaN;NaN;0.0366038213;NaN;NaN
59.2600084289;NaN;NaN;-0.9096717342;NaN;NaN;NaN;NaN;0.0366038213;NaN;NaN
59.2700084274;NaN;NaN;-0.9096717342;NaN;NaN;NaN;NaN;0.0366038213;NaN;NaN
59.2800084260;NaN;NaN;-0.9096717342;NaN;NaN;NaN;NaN;0.0366038213;NaN;NaN
59.2900084246;NaN;NaN;-0.9096717342;NaN;NaN;NaN;NaN;0.0366038213;NaN;NaN
59.3000084232;NaN;NaN;-0.9096957593;NaN;NaN;NaN;NaN;0.0366038213;NaN;NaN
59.3100084218;NaN;NaN;-0.9096717342;NaN;NaN;NaN;NaN;0.0366038213;NaN;NaN
59.3200084203;NaN;NaN;-0.9096477172;NaN;NaN;NaN;NaN;0.0366038213;NaN;NaN
59.3300084189;NaN;NaN;-0.8918661449;NaN;NaN;NaN;NaN;0.0366038213;NaN;NaN
59.3400084175;NaN;NaN;-0.9096717342;NaN;NaN;NaN;NaN;0.0366038213;NaN;NaN
59.3500084161;NaN;NaN;-0.9096477293;NaN;NaN;NaN;NaN;0.0366038213;NaN;NaN
59.3600084147;NaN;NaN;-0.8918421320;NaN;NaN;NaN;NaN;0.0356038108;NaN;NaN
59.3700084133;NaN;NaN;-0.9096717342;NaN;NaN;NaN;NaN;0.0356038108;NaN;NaN
59.3800084118;NaN;NaN;-0.9096717342;NaN;NaN;NaN;NaN;0.0356038108;NaN;NaN
59.3900084104;NaN;NaN;-0.8918421320;NaN;NaN;NaN;NaN;0.0356038108;NaN;NaN
59.4000084090;NaN;NaN;-0.8918421320;NaN;NaN;NaN;NaN;0.0356038108;NaN;NaN
59.4100084076;NaN;NaN;-0.8918421320;NaN;NaN;NaN;NaN;0.0356038108;NaN;NaN
59.4200084062;NaN;NaN;-0.8918421320;NaN;NaN;NaN;NaN;0.0356038108;NaN;NaN
59.4300084048;NaN;NaN;-0.8918421320;NaN;NaN;NaN;NaN;0.0356038108;NaN;NaN
59.4300201647;NaN;NaN;-0.8918421320;NaN;NaN;NaN;NaN;0.0356038108;NaN;NaN
59.4400100823;NaN;NaN;-0.8918421320;NaN;NaN;NaN;NaN;0.0356038108;NaN;NaN
59.4600084005;NaN;NaN;-0.8918421320;NaN;NaN;NaN;NaN;0.0356038108;NaN;NaN
59.4700083991;NaN;NaN;-0.8918421320;NaN;NaN;NaN;NaN;0.0346038018;NaN;NaN
59.4800083977;NaN;NaN;-0.9096477817;NaN;NaN;NaN;NaN;0.0346038018;NaN;NaN
59.4900083963;NaN;NaN;-0.8918421320;NaN;NaN;NaN;NaN;0.0346038018;NaN;NaN
59.5000083949;NaN;NaN;-0.8918181876;NaN;NaN;NaN;NaN;0.0346038018;NaN;NaN
59.5100083935;NaN;NaN;-0.8740364702;NaN;NaN;NaN;NaN;0.0346038018;NaN;NaN
59.5200083921;NaN;NaN;-0.8918421320;NaN;NaN;NaN;NaN;0.0346038018;NaN;NaN
59.5300083907;NaN;NaN;-0.8918421320;NaN;NaN;NaN;NaN;0.0346038018;NaN;NaN
59.5400083893;NaN;NaN;-0.8918421320;NaN;NaN;NaN;NaN;0.0346038018;NaN;NaN
59.5500083879;NaN;NaN;-0.8918182077;NaN;NaN;NaN;NaN;0.0346038018;NaN;NaN
59.5600083864;NaN;NaN;-0.8918182117;NaN;NaN;NaN;NaN;0.0346038018;NaN;NaN
59.5700083850;NaN;NaN;-0.8918421320;NaN;NaN;NaN;NaN;0.0346038018;NaN;NaN
59.5800083836;NaN;NaN;-0.8918421320;NaN;NaN;NaN;NaN;0.0346038018;NaN;NaN
59.5900083822;NaN;NaN;-0.8918182237;NaN;NaN;NaN;NaN;0.0346038018;NaN;NaN
59.6000083808;NaN;NaN;-0.8918421320;NaN;NaN;NaN;NaN;0.0346038018;NaN;NaN
59.6100083794;NaN;NaN;-0.8918421320;NaN;NaN;NaN;NaN;0.0346038018;NaN;NaN
59.6200083780;NaN;NaN;-0.8918182357;NaN;NaN;NaN;NaN;0.0346038018;NaN;NaN
59.6300083766;NaN;NaN;-0.8740125298;NaN;NaN;NaN;NaN;0.0346038018;NaN;NaN
59.6400083752;NaN;NaN;-0.8740125298;NaN;NaN;NaN;NaN;0.0336037953;NaN;NaN
59.6500083738;NaN;NaN;-0.8740125298;NaN;NaN;NaN;NaN;0.0336037953;NaN;NaN
59.6600083724;NaN;NaN;-0.8740125298;NaN;NaN;NaN;NaN;0.0336037953;NaN;NaN
59.6700083710;NaN;NaN;-0.8740125298;NaN;NaN;NaN;NaN;0.0336037953;NaN;NaN
59.6800083696;NaN;NaN;-0.8740125298;NaN;NaN;NaN;NaN;0.0336037953;NaN;NaN
59.6900083682;NaN;NaN;-0.8740125298;NaN;NaN;NaN;NaN;0.0336037953;NaN;NaN
59.7000083668;NaN;NaN;-0.8740125298;NaN;NaN;NaN;NaN;0.0336037953;NaN;NaN
59.7100083654;NaN;NaN;-0.8740125298;NaN;NaN;NaN;NaN;0.0336037953;NaN;NaN
59.7200083640;NaN;NaN;-0.8740125298;NaN;NaN;NaN;NaN;0.0336037953;NaN;NaN
59.7300083626;NaN;NaN;-0.8740125298;NaN;NaN;NaN;NaN;0.0336037953;NaN;NaN
59.7400083612;NaN;NaN;-0.8562067759;NaN;NaN;NaN;NaN;0.0326037901;NaN;NaN
59.7500083598;NaN;NaN;-0.8740125298;NaN;NaN;NaN;NaN;0.0326037901;NaN;NaN
59.7600083584;NaN;NaN;-0.8740125298;NaN;NaN;NaN;NaN;0.0326037901;NaN;NaN
59.7700083570;NaN;NaN;-0.8562067640;NaN;NaN;NaN;NaN;0.0326037901;NaN;NaN
59.7800083556;NaN;NaN;-0.8740125298;NaN;NaN;NaN;NaN;0.0326037901;NaN;NaN
59.7900083542;NaN;NaN;-0.8561829276;NaN;NaN;NaN;NaN;0.0326037901;NaN;NaN
59.8000083528;NaN;NaN;-0.8562067520;NaN;NaN;NaN;NaN;0.0326037901;NaN;NaN
59.8100083514;NaN;NaN;-0.8740125298;NaN;NaN;NaN;NaN;0.0326037901;NaN;NaN
59.8200083500;NaN;NaN;-0.8740125298;NaN;NaN;NaN;NaN;0.0326037901;NaN;NaN
59.8300083486;NaN;NaN;-0.8740125298;NaN;NaN;NaN;NaN;0.0326037901;NaN;NaN
59.8400083472;NaN;NaN;-0.8562067361;NaN;NaN;NaN;NaN;0.0326037901;NaN;NaN
59.8500083459;NaN;NaN;-0.8562067322;NaN;NaN;NaN;NaN;0.0326037901;NaN;NaN
59.8600083445;NaN;NaN;-0.8562067282;NaN;NaN;NaN;NaN;0.0326037901;NaN;NaN
59.8700083431;NaN;NaN;-0.8561829276;NaN;NaN;NaN;NaN;0.0326037901;NaN;NaN
59.8800083417;NaN;NaN;-0.8740125298;NaN;NaN;NaN;NaN;0.0326037901;NaN;NaN
59.8900083403;NaN;NaN;-0.8561829276;NaN;NaN;NaN;NaN;0.0326037901;NaN;NaN
59.9000083389;NaN;NaN;-0.8561829276;NaN;NaN;NaN;NaN;0.0326037901;NaN;NaN
59.9100083375;NaN;NaN;-0.8739887491;NaN;NaN;NaN;NaN;0.0326037901;NaN;NaN
59.9200083361;NaN;NaN;-0.8561829276;NaN;NaN;NaN;NaN;0.0326037901;NaN;NaN
59.9300083347;NaN;NaN;-0.8561829276;NaN;NaN;NaN;NaN;0.0326037901;NaN;NaN
59.9400083333;NaN;NaN;-0.8561829276;NaN;NaN;NaN;NaN;0.0326037901;NaN;NaN
59.9500083319;NaN;NaN;-0.8562066925;NaN;NaN;NaN;NaN;0.0326037901;NaN;NaN
59.9600083306;NaN;NaN;-0.8561829276;NaN;NaN;NaN;NaN;0.0326037901;NaN;NaN
59.9700083292;NaN;NaN;-0.8561829276;NaN;NaN;NaN;NaN;0.0326037901;NaN;NaN
59.9800083278;NaN;NaN;-0.8561829276;NaN;NaN;NaN;NaN;0.0326037901;NaN;NaN
59.9900083264;NaN;NaN;-0.8561829276;NaN;NaN;NaN;NaN;0.0326037901;NaN;NaN
60.0000083250;NaN;NaN;-0.8561829276;NaN;NaN;NaN;NaN;0.0326037901;NaN;NaN
60.0100083236;NaN;NaN;-0.8561829276;NaN;NaN;NaN;NaN;0.0326037901;NaN;NaN
60.0200083222;NaN;NaN;-0.8561829276;NaN;NaN;NaN;NaN;0.0326037901;NaN;NaN
60.0300083209;NaN;NaN;-0.8561829276;NaN;NaN;NaN;NaN;0.0326037901;NaN;NaN
60.0400083195;NaN;NaN;-0.8561829276;NaN;NaN;NaN;NaN;0.0326037901;NaN;NaN
60.0500083181;NaN;NaN;-0.8561829276;NaN;NaN;NaN;NaN;0.0326037901;NaN;NaN
60.0600083167;NaN;NaN;-0.8561592062;NaN;NaN;NaN;NaN;0.0326037901;NaN;NaN
60.0700083153;NaN;NaN;-0.8561829276;NaN;NaN;NaN;NaN;0.0326037901;NaN;NaN
60.0800083139;NaN;NaN;-0.8739888163;NaN;NaN;NaN;NaN;0.0326037901;NaN;NaN
60.0900083126;NaN;NaN;-0.8561829276;NaN;NaN;NaN;NaN;0.0326037901;NaN;NaN
60.1000083112;NaN;NaN;-0.8561829276;NaN;NaN;NaN;NaN;0.0326037901;NaN;NaN
60.1100083098;NaN;NaN;-0.8561829276;NaN;NaN;NaN;NaN;0.0326037901;NaN;NaN
60.1200083084;NaN;NaN;-0.8561829276;NaN;NaN;NaN;NaN;0.0326037901;NaN;NaN
60.1300083070;NaN;NaN;-0.8561829276;NaN;NaN;NaN;NaN;0.0326037901;NaN;NaN
60.1400083056;NaN;NaN;-0.8561829276;NaN;NaN;NaN;NaN;0.0326037901;NaN;NaN
60.1500083043;NaN;NaN;-0.8561829276;NaN;NaN;NaN;NaN;0.0326037901;NaN;NaN
60.1600083029;NaN;NaN;-0.8561829276;NaN;NaN;NaN;NaN;0.0326037901;NaN;NaN
60.1700083015;NaN;NaN;-0.8561829276;NaN;NaN;NaN;NaN;0.0326037901;NaN;NaN
60.1800083001;NaN;NaN;-0.8561829276;NaN;NaN;NaN;NaN;0.0326037901;NaN;NaN
60.1900082988;NaN;NaN;-0.8561829276;NaN;NaN;NaN;NaN;0.0326037901;NaN;NaN
60.2000082974;NaN;NaN;-0.8561829276;NaN;NaN;NaN;NaN;0.0326037901;NaN;NaN
60.2100082960;NaN;NaN;-0.8561829276;NaN;NaN;NaN;NaN;0.0326037901;NaN;NaN
60.2200082946;NaN;NaN;-0.8383769839;NaN;NaN;NaN;NaN;0.0326037901;NaN;NaN
60.2300082932;NaN;NaN;-0.8383533254;NaN;NaN;NaN;NaN;0.0326037901;NaN;NaN
60.2400082919;NaN;NaN;-0.8561592770;NaN;NaN;NaN;NaN;0.0326037901;NaN;NaN
60.2500082905;NaN;NaN;-0.8383769721;NaN;NaN;NaN;NaN;0.0326037901;NaN;NaN
60.2600082891;NaN;NaN;-0.8561592848;NaN;NaN;NaN;NaN;0.0326037901;NaN;NaN
60.2700082878;NaN;NaN;-0.8383533254;NaN;NaN;NaN;NaN;0.0316037923;NaN;NaN
60.2800082864;NaN;NaN;-0.8383533254;NaN;NaN;NaN;NaN;0.0316037923;NaN;NaN
60.2900082850;NaN;NaN;-0.8383769564;NaN;NaN;NaN;NaN;0.0316037923;NaN;NaN
60.3000082836;NaN;NaN;-0.8383769525;NaN;NaN;NaN;NaN;0.0316037923;NaN;NaN
60.3100082823;NaN;NaN;-0.8383769486;NaN;NaN;NaN;NaN;0.0316037923;NaN;NaN
60.3200082809;NaN;NaN;-0.8561593083;NaN;NaN;NaN;NaN;0.0316037923;NaN;NaN
60.3300082795;NaN;NaN;-0.8383533254;NaN;NaN;NaN;NaN;0.0316037923;NaN;NaN
60.3400082781;NaN;NaN;-0.8383769369;NaN;NaN;NaN;NaN;0.0316037923;NaN;NaN
60.3500082768;NaN;NaN;-0.8561829276;NaN;NaN;NaN;NaN;0.0316037923;NaN;NaN
60.3600082754;NaN;NaN;-0.8561593240;NaN;NaN;NaN;NaN;0.0316037923;NaN;NaN
60.3700082740;NaN;NaN;-0.8383533254;NaN;NaN;NaN;NaN;0.0316037923;NaN;NaN
60.3800082727;NaN;NaN;-0.8383769213;NaN;NaN;NaN;NaN;0.0316037923;NaN;NaN
60.3900082713;NaN;NaN;-0.8561829276;NaN;NaN;NaN;NaN;0.0316037923;NaN;NaN
60.4000082699;NaN;NaN;-0.8561593396;NaN;NaN;NaN;NaN;0.0316037923;NaN;NaN
60.4100082686;NaN;NaN;-0.8561593435;NaN;NaN;NaN;NaN;0.0316037923;NaN;NaN
60.4200082672;NaN;NaN;-0.8383769056;NaN;NaN;NaN;NaN;0.0316037923;NaN;NaN
60.4300082658;NaN;NaN;-0.8383533254;NaN;NaN;NaN;NaN;0.0316037923;NaN;NaN
60.4400082645;NaN;NaN;-0.8383533254;NaN;NaN;NaN;NaN;0.0316037923;NaN;NaN
60.4500082631;NaN;NaN;-0.8383533254;NaN;NaN;NaN;NaN;0.0316037923;NaN;NaN
60.4600082617;NaN;NaN;-0.8383533254;NaN;NaN;NaN;NaN;0.0316037923;NaN;NaN
60.4700082604;NaN;NaN;-0.8383533254;NaN;NaN;NaN;NaN;0.0316037923;NaN;NaN
60.4800082590;NaN;NaN;-0.8383533254;NaN;NaN;NaN;NaN;0.0316037923;NaN;NaN
60.4900082576;NaN;NaN;-0.8383533254;NaN;NaN;NaN;NaN;0.0316037923;NaN;NaN
60.5000082563;NaN;NaN;-0.8383533254;NaN;NaN;NaN;NaN;0.0316037923;NaN;NaN
60.5100082549;NaN;NaN;-0.8383533254;NaN;NaN;NaN;NaN;0.0316037923;NaN;NaN
60.5200082535;NaN;NaN;-0.8383533254;NaN;NaN;NaN;NaN;0.0316037923;NaN;NaN
60.5300082522;NaN;NaN;-0.8383533254;NaN;NaN;NaN;NaN;0.0316037923;NaN;NaN
60.5400082508;NaN;NaN;-0.8383533254;NaN;NaN;NaN;NaN;0.0316037923;NaN;NaN
60.5500082495;NaN;NaN;-0.8383533254;NaN;NaN;NaN;NaN;0.0316037923;NaN;NaN
60.5600082481;NaN;NaN;-0.8383533254;NaN;NaN;NaN;NaN;0.0316037923;NaN;NaN
60.5700082467;NaN;NaN;-0.8383533254;NaN;NaN;NaN;NaN;0.0316037923;NaN;NaN
60.5800082454;NaN;NaN;-0.8205472412;NaN;NaN;NaN;NaN;0.0306037987;NaN;NaN
60.5900082440;NaN;NaN;-0.8383533254;NaN;NaN;NaN;NaN;0.0306037987;NaN;NaN
60.6000082427;NaN;NaN;-0.8383533254;NaN;NaN;NaN;NaN;0.0306037987;NaN;NaN
60.6100082413;NaN;NaN;-0.8383533254;NaN;NaN;NaN;NaN;0.0306037987;NaN;NaN
60.6200082399;NaN;NaN;-0.8383298229;NaN;NaN;NaN;NaN;0.0306037987;NaN;NaN
60.6300082386;NaN;NaN;-0.8383533254;NaN;NaN;NaN;NaN;0.0306037987;NaN;NaN
60.6400082372;NaN;NaN;-0.8383298306;NaN;NaN;NaN;NaN;0.0306037987;NaN;NaN
60.6500082359;NaN;NaN;-0.8383533254;NaN;NaN;NaN;NaN;0.0306037987;NaN;NaN
60.6600082345;NaN;NaN;-0.8383533254;NaN;NaN;NaN;NaN;0.0306037987;NaN;NaN
60.6700082332;NaN;NaN;-0.8383298422;NaN;NaN;NaN;NaN;0.0306037987;NaN;NaN
60.6800082318;NaN;NaN;-0.8383533254;NaN;NaN;NaN;NaN;0.0306037987;NaN;NaN
60.6900082305;NaN;NaN;-0.8205471987;NaN;NaN;NaN;NaN;0.0306037987;NaN;NaN
60.7000082291;NaN;NaN;-0.8205471948;NaN;NaN;NaN;NaN;0.0306037987;NaN;NaN
60.7100082277;NaN;NaN;-0.8205237232;NaN;NaN;NaN;NaN;0.0306037987;NaN;NaN
60.7200082264;NaN;NaN;-0.8383533254;NaN;NaN;NaN;NaN;0.0306037987;NaN;NaN
60.7300082250;NaN;NaN;-0.8205471832;NaN;NaN;NaN;NaN;0.0306037987;NaN;NaN
60.7400082237;NaN;NaN;-0.8205471794;NaN;NaN;NaN;NaN;0.0306037987;NaN;NaN
60.7500082223;NaN;NaN;-0.8383533254;NaN;NaN;NaN;NaN;0.0306037987;NaN;NaN
60.7600082210;NaN;NaN;-0.8205471717;NaN;NaN;NaN;NaN;0.0306037987;NaN;NaN
60.7700082196;NaN;NaN;-0.8383298808;NaN;NaN;NaN;NaN;0.0306037987;NaN;NaN
60.7800082183;NaN;NaN;-0.8205237232;NaN;NaN;NaN;NaN;0.0306037987;NaN;NaN
60.7900082169;NaN;NaN;-0.8383533254;NaN;NaN;NaN;NaN;0.0306037987;NaN;NaN
60.8000082156;NaN;NaN;-0.8205237232;NaN;NaN;NaN;NaN;0.0306037987;NaN;NaN
60.8100082142;NaN;NaN;-0.8205471524;NaN;NaN;NaN;NaN;0.0306037987;NaN;NaN
60.8200082129;NaN;NaN;-0.8383533254;NaN;NaN;NaN;NaN;0.0306037987;NaN;NaN
60.8300082115;NaN;NaN;-0.8205237232;NaN;NaN;NaN;NaN;0.0306037987;NaN;NaN
60.8400082102;NaN;NaN;-0.8205471409;NaN;NaN;NaN;NaN;0.0306037987;NaN;NaN
60.8500082088;NaN;NaN;-0.8205237232;NaN;NaN;NaN;NaN;0.0306037987;NaN;NaN
60.8600082075;NaN;NaN;-0.8205471332;NaN;NaN;NaN;NaN;0.0306037987;NaN;NaN
60.8700082061;NaN;NaN;-0.8383533254;NaN;NaN;NaN;NaN;0.0306037987;NaN;NaN
60.8800082048;NaN;NaN;-0.8205237232;NaN;NaN;NaN;NaN;0.0306037987;NaN;NaN
60.8900082034;NaN;NaN;-0.8205237232;NaN;NaN;NaN;NaN;0.0306037987;NaN;NaN
60.9000082021;NaN;NaN;-0.8205237232;NaN;NaN;NaN;NaN;0.0306037987;NaN;NaN
60.9100082008;NaN;NaN;-0.8205237232;NaN;NaN;NaN;NaN;0.0296038096;NaN;NaN
60.9200081994;NaN;NaN;-0.8205237232;NaN;NaN;NaN;NaN;0.0296038096;NaN;NaN
60.9300081981;NaN;NaN;-0.8205237232;NaN;NaN;NaN;NaN;0.0296038096;NaN;NaN
60.9400081967;NaN;NaN;-0.8383299462;NaN;NaN;NaN;NaN;0.0296038096;NaN;NaN
60.9500081954;NaN;NaN;-0.8205237232;NaN;NaN;NaN;NaN;0.0296038096;NaN;NaN
60.9600081940;NaN;NaN;-0.8205470948;NaN;NaN;NaN;NaN;0.0296038096;NaN;NaN
60.9700081927;NaN;NaN;-0.8205237232;NaN;NaN;NaN;NaN;0.0296038096;NaN;NaN
60.9800081913;NaN;NaN;-0.8205237232;NaN;NaN;NaN;NaN;0.0296038096;NaN;NaN
60.9900081900;NaN;NaN;-0.8205237232;NaN;NaN;NaN;NaN;0.0296038096;NaN;NaN
61.0000081887;NaN;NaN;-0.8205237232;NaN;NaN;NaN;NaN;0.0296038096;NaN;NaN
61.0100081873;NaN;NaN;-0.8205003708;NaN;NaN;NaN;NaN;0.0296038096;NaN;NaN
61.0200081860;NaN;NaN;-0.8205237232;NaN;NaN;NaN;NaN;0.0286038219;NaN;NaN
61.0300081846;NaN;NaN;-0.8205003784;NaN;NaN;NaN;NaN;0.0286038219;NaN;NaN
61.0400081833;NaN;NaN;-0.8205003822;NaN;NaN;NaN;NaN;0.0286038219;NaN;NaN
61.0500081820;NaN;NaN;-0.8026941210;NaN;NaN;NaN;NaN;0.0286038219;NaN;NaN
61.0600081806;NaN;NaN;-0.8027174544;NaN;NaN;NaN;NaN;0.0286038219;NaN;NaN
61.0700081793;NaN;NaN;-0.8205003937;NaN;NaN;NaN;NaN;0.0286038219;NaN;NaN
61.0800081780;NaN;NaN;-0.8027174468;NaN;NaN;NaN;NaN;0.0286038219;NaN;NaN
61.0900081766;NaN;NaN;-0.8027174429;NaN;NaN;NaN;NaN;0.0286038219;NaN;NaN
61.1000081753;NaN;NaN;-0.8026941210;NaN;NaN;NaN;NaN;0.0286038219;NaN;NaN
61.1100081739;NaN;NaN;-0.8205237232;NaN;NaN;NaN;NaN;0.0286038219;NaN;NaN
61.1200081726;NaN;NaN;-0.8026941210;NaN;NaN;NaN;NaN;0.0286038219;NaN;NaN
61.1300081713;NaN;NaN;-0.8205004166;NaN;NaN;NaN;NaN;0.0286038219;NaN;NaN
61.1400081699;NaN;NaN;-0.8027174239;NaN;NaN;NaN;NaN;0.0286038219;NaN;NaN
61.1500081686;NaN;NaN;-0.8205004242;NaN;NaN;NaN;NaN;0.0286038219;NaN;NaN
61.1600081673;NaN;NaN;-0.8027174163;NaN;NaN;NaN;NaN;0.0286038219;NaN;NaN
61.1700081659;NaN;NaN;-0.8027174125;NaN;NaN;NaN;NaN;0.0286038219;NaN;NaN
61.1800081646;NaN;NaN;-0.8026941210;NaN;NaN;NaN;NaN;0.0286038219;NaN;NaN
61.1900081633;NaN;NaN;-0.8027174049;NaN;NaN;NaN;NaN;0.0286038219;NaN;NaN
61.2000081619;NaN;NaN;-0.8026941210;NaN;NaN;NaN;NaN;0.0286038219;NaN;NaN
61.2100081606;NaN;NaN;-0.8026941210;NaN;NaN;NaN;NaN;0.0286038219;NaN;NaN
61.2200081593;NaN;NaN;-0.8027173935;NaN;NaN;NaN;NaN;0.0286038219;NaN;NaN
61.2300081579;NaN;NaN;-0.8026941210;NaN;NaN;NaN;NaN;0.0286038219;NaN;NaN
61.2400081566;NaN;NaN;-0.8026941210;NaN;NaN;NaN;NaN;0.0286038219;NaN;NaN
61.2500081553;NaN;NaN;-0.8026941210;NaN;NaN;NaN;NaN;0.0286038219;NaN;NaN
61.2600081539;NaN;NaN;-0.8026941210;NaN;NaN;NaN;NaN;0.0286038219;NaN;NaN
61.2700081526;NaN;NaN;-0.8026941210;NaN;NaN;NaN;NaN;0.0286038219;NaN;NaN
61.2800081513;NaN;NaN;-0.8027173707;NaN;NaN;NaN;NaN;0.0286038219;NaN;NaN
61.2900081500;NaN;NaN;-0.8026941210;NaN;NaN;NaN;NaN;0.0286038219;NaN;NaN
61.3000081486;NaN;NaN;-0.8027173631;NaN;NaN;NaN;NaN;0.0286038219;NaN;NaN
61.3100081473;NaN;NaN;-0.8026941210;NaN;NaN;NaN;NaN;0.0286038219;NaN;NaN
61.3200081460;NaN;NaN;-0.8026941210;NaN;NaN;NaN;NaN;0.0286038219;NaN;NaN
61.3300081446;NaN;NaN;-0.8026941210;NaN;NaN;NaN;NaN;0.0286038219;NaN;NaN
61.3400081433;NaN;NaN;-0.8205004963;NaN;NaN;NaN;NaN;0.0286038219;NaN;NaN
61.3500081420;NaN;NaN;-0.8026941210;NaN;NaN;NaN;NaN;0.0286038219;NaN;NaN
61.3600081407;NaN;NaN;-0.8026941210;NaN;NaN;NaN;NaN;0.0286038219;NaN;NaN
61.3700081393;NaN;NaN;-0.8026941210;NaN;NaN;NaN;NaN;0.0286038219;NaN;NaN
61.3800081380;NaN;NaN;-0.8026941210;NaN;NaN;NaN;NaN;0.0286038219;NaN;NaN
61.3900081367;NaN;NaN;-0.8205237232;NaN;NaN;NaN;NaN;0.0286038219;NaN;NaN
61.4000081354;NaN;NaN;-0.8026941210;NaN;NaN;NaN;NaN;0.0286038219;NaN;NaN
61.4100081340;NaN;NaN;-0.8026941210;NaN;NaN;NaN;NaN;0.0286038219;NaN;NaN
61.4200081327;NaN;NaN;-0.8026941210;NaN;NaN;NaN;NaN;0.0286038219;NaN;NaN
61.4300081314;NaN;NaN;-0.8026941210;NaN;NaN;NaN;NaN;0.0286038219;NaN;NaN
61.4400081301;NaN;NaN;-0.8026941210;NaN;NaN;NaN;NaN;0.0286038219;NaN;NaN
61.4500081288;NaN;NaN;-0.8026941210;NaN;NaN;NaN;NaN;0.0286038219;NaN;NaN
61.4600081274;NaN;NaN;-0.8026941210;NaN;NaN;NaN;NaN;0.0286038219;NaN;NaN
61.4700081261;NaN;NaN;-0.8026941210;NaN;NaN;NaN;NaN;0.0286038219;NaN;NaN
61.4800081248;NaN;NaN;-0.8026941210;NaN;NaN;NaN;NaN;0.0286038219;NaN;NaN
61.4900081235;NaN;NaN;-0.8026941210;NaN;NaN;NaN;NaN;0.0286038219;NaN;NaN
61.5000081222;NaN;NaN;-0.8026941210;NaN;NaN;NaN;NaN;0.0286038219;NaN;NaN
61.5100081208;NaN;NaN;-0.8026941210;NaN;NaN;NaN;NaN;0.0286038219;NaN;NaN
61.5200081195;NaN;NaN;-0.8026941210;NaN;NaN;NaN;NaN;0.0286038219;NaN;NaN
61.5300081182;NaN;NaN;-0.8026941210;NaN;NaN;NaN;NaN;0.0286038219;NaN;NaN
61.5400081169;NaN;NaN;-0.8026941210;NaN;NaN;NaN;NaN;0.0286038219;NaN;NaN
61.5500081156;NaN;NaN;-0.8026941210;NaN;NaN;NaN;NaN;0.0286038219;NaN;NaN
61.5600081142;NaN;NaN;-0.8026941210;NaN;NaN;NaN;NaN;0.0286038219;NaN;NaN
61.5700081129;NaN;NaN;-0.8026941210;NaN;NaN;NaN;NaN;0.0286038219;NaN;NaN
61.5800081116;NaN;NaN;-0.8026941210;NaN;NaN;NaN;NaN;0.0286038219;NaN;NaN
61.5900081103;NaN;NaN;-0.8026941210;NaN;NaN;NaN;NaN;0.0286038219;NaN;NaN
61.6000081090;NaN;NaN;-0.7848876479;NaN;NaN;NaN;NaN;0.0286038219;NaN;NaN
61.6100081077;NaN;NaN;-0.7848876441;NaN;NaN;NaN;NaN;0.0286038219;NaN;NaN
61.6200081064;NaN;NaN;-0.7848876404;NaN;NaN;NaN;NaN;0.0286038219;NaN;NaN
61.6300081050;NaN;NaN;-0.7848876366;NaN;NaN;NaN;NaN;0.0286038219;NaN;NaN
61.6400081037;NaN;NaN;-0.8026941210;NaN;NaN;NaN;NaN;0.0286038219;NaN;NaN
61.6500081024;NaN;NaN;-0.8026941210;NaN;NaN;NaN;NaN;0.0286038219;NaN;NaN
61.6600081011;NaN;NaN;-0.8026941210;NaN;NaN;NaN;NaN;0.0286038219;NaN;NaN
61.6700080998;NaN;NaN;-0.8026941210;NaN;NaN;NaN;NaN;0.0286038219;NaN;NaN
61.6800080985;NaN;NaN;-0.7848876179;NaN;NaN;NaN;NaN;0.0286038219;NaN;NaN
61.6900080972;NaN;NaN;-0.8026710257;NaN;NaN;NaN;NaN;0.0286038219;NaN;NaN
61.7000080959;NaN;NaN;-0.7848645188;NaN;NaN;NaN;NaN;0.0286038219;NaN;NaN
61.7100080945;NaN;NaN;-0.7848645188;NaN;NaN;NaN;NaN;0.0286038219;NaN;NaN
61.7200080932;NaN;NaN;-0.8026941210;NaN;NaN;NaN;NaN;0.0286038219;NaN;NaN
61.7300080919;NaN;NaN;-0.8026941210;NaN;NaN;NaN;NaN;0.0286038219;NaN;NaN
61.7400080906;NaN;NaN;-0.8026941210;NaN;NaN;NaN;NaN;0.0286038219;NaN;NaN
61.7500080893;NaN;NaN;-0.8026941210;NaN;NaN;NaN;NaN;0.0286038219;NaN;NaN
61.7600080880;NaN;NaN;-0.7848645188;NaN;NaN;NaN;NaN;0.0286038219;NaN;NaN
61.7700080867;NaN;NaN;-0.8026710556;NaN;NaN;NaN;NaN;0.0276038442;NaN;NaN
61.7800080854;NaN;NaN;-0.7848645188;NaN;NaN;NaN;NaN;0.0276038442;NaN;NaN
61.7900080841;NaN;NaN;-0.7848645188;NaN;NaN;NaN;NaN;0.0276038442;NaN;NaN
61.8000080828;NaN;NaN;-0.8026710668;NaN;NaN;NaN;NaN;0.0276038442;NaN;NaN
61.8100080815;NaN;NaN;-0.8026710705;NaN;NaN;NaN;NaN;0.0276038442;NaN;NaN
61.8200080802;NaN;NaN;-0.7848645188;NaN;NaN;NaN;NaN;0.0276038442;NaN;NaN
61.8300080788;NaN;NaN;-0.8026941210;NaN;NaN;NaN;NaN;0.0276038442;NaN;NaN
61.8400080775;NaN;NaN;-0.7848645188;NaN;NaN;NaN;NaN;0.0276038442;NaN;NaN
61.8500080762;NaN;NaN;-0.7848645188;NaN;NaN;NaN;NaN;0.0276038442;NaN;NaN
61.8600080749;NaN;NaN;-0.7848645188;NaN;NaN;NaN;NaN;0.0276038442;NaN;NaN
61.8700080736;NaN;NaN;-0.7848645188;NaN;NaN;NaN;NaN;0.0276038442;NaN;NaN
61.8800080723;NaN;NaN;-0.7848645188;NaN;NaN;NaN;NaN;0.0276038442;NaN;NaN
61.8900080710;NaN;NaN;-0.7848875396;NaN;NaN;NaN;NaN;0.0276038442;NaN;NaN
61.9000080697;NaN;NaN;-0.7848645188;NaN;NaN;NaN;NaN;0.0276038442;NaN;NaN
61.9100080684;NaN;NaN;-0.7848645188;NaN;NaN;NaN;NaN;0.0276038442;NaN;NaN
61.9200080671;NaN;NaN;-0.7848645188;NaN;NaN;NaN;NaN;0.0266038685;NaN;NaN
61.9300080658;NaN;NaN;-0.7848645188;NaN;NaN;NaN;NaN;0.0266038685;NaN;NaN
61.9400080645;NaN;NaN;-0.7848645188;NaN;NaN;NaN;NaN;0.0266038685;NaN;NaN
61.9500080632;NaN;NaN;-0.7670579152;NaN;NaN;NaN;NaN;0.0266038685;NaN;NaN
61.9600080619;NaN;NaN;-0.7670579115;NaN;NaN;NaN;NaN;0.0266038685;NaN;NaN
61.9700080606;NaN;NaN;-0.7848645188;NaN;NaN;NaN;NaN;0.0266038685;NaN;NaN
61.9800080593;NaN;NaN;-0.7848645188;NaN;NaN;NaN;NaN;0.0266038685;NaN;NaN
61.9900080580;NaN;NaN;-0.7848645188;NaN;NaN;NaN;NaN;0.0266038685;NaN;NaN
62.0000080567;NaN;NaN;-0.7670578966;NaN;NaN;NaN;NaN;0.0266038685;NaN;NaN
62.0100080554;NaN;NaN;-0.7848645188;NaN;NaN;NaN;NaN;0.0266038685;NaN;NaN
62.0200080541;NaN;NaN;-0.7848415462;NaN;NaN;NaN;NaN;0.0266038685;NaN;NaN
62.0300080528;NaN;NaN;-0.7848645188;NaN;NaN;NaN;NaN;0.0266038685;NaN;NaN
62.0400080515;NaN;NaN;-0.7848645188;NaN;NaN;NaN;NaN;0.0256038943;NaN;NaN
62.0500080502;NaN;NaN;-0.7670578781;NaN;NaN;NaN;NaN;0.0256038943;NaN;NaN
62.0600080489;NaN;NaN;-0.7848415610;NaN;NaN;NaN;NaN;0.0256038943;NaN;NaN
62.0700080476;NaN;NaN;-0.7848645188;NaN;NaN;NaN;NaN;0.0256038943;NaN;NaN
62.0800080463;NaN;NaN;-0.7670349166;NaN;NaN;NaN;NaN;0.0256038943;NaN;NaN
62.0900080451;NaN;NaN;-0.7670349166;NaN;NaN;NaN;NaN;0.0256038943;NaN;NaN
62.1000080438;NaN;NaN;-0.7670349166;NaN;NaN;NaN;NaN;0.0256038943;NaN;NaN
62.1100080425;NaN;NaN;-0.7670349166;NaN;NaN;NaN;NaN;0.0256038943;NaN;NaN
62.1200080412;NaN;NaN;-0.7670349166;NaN;NaN;NaN;NaN;0.0256038943;NaN;NaN
62.1300080399;NaN;NaN;-0.7670349166;NaN;NaN;NaN;NaN;0.0256038943;NaN;NaN
62.1400080386;NaN;NaN;-0.7670349166;NaN;NaN;NaN;NaN;0.0256038943;NaN;NaN
62.1500080373;NaN;NaN;-0.7670349166;NaN;NaN;NaN;NaN;0.0256038943;NaN;NaN
62.1600080360;NaN;NaN;-0.7670349166;NaN;NaN;NaN;NaN;0.0256038943;NaN;NaN
62.1700080347;NaN;NaN;-0.7670349166;NaN;NaN;NaN;NaN;0.0256038943;NaN;NaN
62.1800080334;NaN;NaN;-0.7670349166;NaN;NaN;NaN;NaN;0.0256038943;NaN;NaN
62.1900080321;NaN;NaN;-0.7670349166;NaN;NaN;NaN;NaN;0.0246039220;NaN;NaN
62.2000080308;NaN;NaN;-0.7670349166;NaN;NaN;NaN;NaN;0.0246039220;NaN;NaN
62.2100080295;NaN;NaN;-0.7670349166;NaN;NaN;NaN;NaN;0.0246039220;NaN;NaN
62.2200080283;NaN;NaN;-0.7492282133;NaN;NaN;NaN;NaN;0.0246039220;NaN;NaN
62.2300080270;NaN;NaN;-0.7492053145;NaN;NaN;NaN;NaN;0.0246039220;NaN;NaN
62.2400080257;NaN;NaN;-0.7670349166;NaN;NaN;NaN;NaN;0.0246039220;NaN;NaN
62.2500080244;NaN;NaN;-0.7670349166;NaN;NaN;NaN;NaN;0.0246039220;NaN;NaN
62.2600080231;NaN;NaN;-0.7492281986;NaN;NaN;NaN;NaN;0.0246039220;NaN;NaN
62.2700080218;NaN;NaN;-0.7670349166;NaN;NaN;NaN;NaN;0.0246039220;NaN;NaN
62.2800080205;NaN;NaN;-0.7670349166;NaN;NaN;NaN;NaN;0.0246039220;NaN;NaN
62.2900080192;NaN;NaN;-0.7492281876;NaN;NaN;NaN;NaN;0.0246039220;NaN;NaN
62.3000080180;NaN;NaN;-0.7670120472;NaN;NaN;NaN;NaN;0.0246039220;NaN;NaN
62.3100080167;NaN;NaN;-0.7670349166;NaN;NaN;NaN;NaN;0.0246039220;NaN;NaN
62.3200080154;NaN;NaN;-0.7670349166;NaN;NaN;NaN;NaN;0.0246039220;NaN;NaN
62.3300080141;NaN;NaN;-0.7670349166;NaN;NaN;NaN;NaN;0.0246039220;NaN;NaN
62.3400080128;NaN;NaN;-0.7492053145;NaN;NaN;NaN;NaN;0.0246039220;NaN;NaN
62.3500080115;NaN;NaN;-0.7670120655;NaN;NaN;NaN;NaN;0.0246039220;NaN;NaN
62.3600080103;NaN;NaN;-0.7492053145;NaN;NaN;NaN;NaN;0.0246039220;NaN;NaN
62.3700080090;NaN;NaN;-0.7670349166;NaN;NaN;NaN;NaN;0.0246039220;NaN;NaN
62.3800080077;NaN;NaN;-0.7492281546;NaN;NaN;NaN;NaN;0.0246039220;NaN;NaN
62.3900080064;NaN;NaN;-0.7670120801;NaN;NaN;NaN;NaN;0.0246039220;NaN;NaN
62.4000080051;NaN;NaN;-0.7492053145;NaN;NaN;NaN;NaN;0.0246039220;NaN;NaN
62.4100080038;NaN;NaN;-0.7670120875;NaN;NaN;NaN;NaN;0.0246039220;NaN;NaN
62.4200080026;NaN;NaN;-0.7492281400;NaN;NaN;NaN;NaN;0.0246039220;NaN;NaN
62.4300080013;NaN;NaN;-0.7670349166;NaN;NaN;NaN;NaN;0.0246039220;NaN;NaN
62.4400080000;NaN;NaN;-0.7670349166;NaN;NaN;NaN;NaN;0.0246039220;NaN;NaN
62.4500079987;NaN;NaN;-0.7492281290;NaN;NaN;NaN;NaN;0.0246039220;NaN;NaN
62.4600079974;NaN;NaN;-0.7670121057;NaN;NaN;NaN;NaN;0.0246039220;NaN;NaN
62.4700079962;NaN;NaN;-0.7670349166;NaN;NaN;NaN;NaN;0.0246039220;NaN;NaN
62.4800079949;NaN;NaN;-0.7492053145;NaN;NaN;NaN;NaN;0.0246039220;NaN;NaN
62.4900079936;NaN;NaN;-0.7492053145;NaN;NaN;NaN;NaN;0.0246039220;NaN;NaN
62.5000079923;NaN;NaN;-0.7492053145;NaN;NaN;NaN;NaN;0.0246039220;NaN;NaN
62.5100079911;NaN;NaN;-0.7670121239;NaN;NaN;NaN;NaN;0.0246039220;NaN;NaN
62.5200079898;NaN;NaN;-0.7492281035;NaN;NaN;NaN;NaN;0.0246039220;NaN;NaN
62.5300079885;NaN;NaN;-0.7492053145;NaN;NaN;NaN;NaN;0.0246039220;NaN;NaN
62.5400079872;NaN;NaN;-0.7492280963;NaN;NaN;NaN;NaN;0.0246039220;NaN;NaN
62.5500079859;NaN;NaN;-0.7492053145;NaN;NaN;NaN;NaN;0.0246039220;NaN;NaN
62.5600079847;NaN;NaN;-0.7670349166;NaN;NaN;NaN;NaN;0.0246039220;NaN;NaN
62.5700079834;NaN;NaN;-0.7492053145;NaN;NaN;NaN;NaN;0.0246039220;NaN;NaN
62.5800079821;NaN;NaN;-0.7492053145;NaN;NaN;NaN;NaN;0.0246039220;NaN;NaN
62.5900079808;NaN;NaN;-0.7492053145;NaN;NaN;NaN;NaN;0.0246039220;NaN;NaN
62.6000079796;NaN;NaN;-0.7492280744;NaN;NaN;NaN;NaN;0.0246039220;NaN;NaN
62.6100079783;NaN;NaN;-0.7491825581;NaN;NaN;NaN;NaN;0.0246039220;NaN;NaN
62.6200079770;NaN;NaN;-0.7492053145;NaN;NaN;NaN;NaN;0.0246039220;NaN;NaN
62.6300079758;NaN;NaN;-0.7492053145;NaN;NaN;NaN;NaN;0.0246039220;NaN;NaN
62.6400079745;NaN;NaN;-0.7492053145;NaN;NaN;NaN;NaN;0.0246039220;NaN;NaN
62.6500079732;NaN;NaN;-0.7492280563;NaN;NaN;NaN;NaN;0.0246039220;NaN;NaN
62.6600079719;NaN;NaN;-0.7492053145;NaN;NaN;NaN;NaN;0.0246039220;NaN;NaN
62.6700079707;NaN;NaN;-0.7492053145;NaN;NaN;NaN;NaN;0.0246039220;NaN;NaN
62.6800079694;NaN;NaN;-0.7492053145;NaN;NaN;NaN;NaN;0.0246039220;NaN;NaN
62.6900079681;NaN;NaN;-0.7492053145;NaN;NaN;NaN;NaN;0.0246039220;NaN;NaN
62.7000079669;NaN;NaN;-0.7492053145;NaN;NaN;NaN;NaN;0.0246039220;NaN;NaN
62.7100079656;NaN;NaN;-0.7492053145;NaN;NaN;NaN;NaN;0.0246039220;NaN;NaN
62.7200079643;NaN;NaN;-0.7313984287;NaN;NaN;NaN;NaN;0.0246039220;NaN;NaN
62.7300079631;NaN;NaN;-0.7492053145;NaN;NaN;NaN;NaN;0.0246039220;NaN;NaN
62.7400079618;NaN;NaN;-0.7491826052;NaN;NaN;NaN;NaN;0.0246039220;NaN;NaN
62.7500079605;NaN;NaN;-0.7313984179;NaN;NaN;NaN;NaN;0.0246039220;NaN;NaN
62.7600079592;NaN;NaN;-0.7492053145;NaN;NaN;NaN;NaN;0.0246039220;NaN;NaN
62.7700079580;NaN;NaN;-0.7492053145;NaN;NaN;NaN;NaN;0.0246039220;NaN;NaN
62.7800079567;NaN;NaN;-0.7491826197;NaN;NaN;NaN;NaN;0.0246039220;NaN;NaN
62.7900079554;NaN;NaN;-0.7492053145;NaN;NaN;NaN;NaN;0.0246039220;NaN;NaN
62.8000079542;NaN;NaN;-0.7492053145;NaN;NaN;NaN;NaN;0.0246039220;NaN;NaN
62.8100079529;NaN;NaN;-0.7313757123;NaN;NaN;NaN;NaN;0.0246039220;NaN;NaN
62.8200079517;NaN;NaN;-0.7492053145;NaN;NaN;NaN;NaN;0.0246039220;NaN;NaN
62.8300079504;NaN;NaN;-0.7492053145;NaN;NaN;NaN;NaN;0.0246039220;NaN;NaN
62.8400079491;NaN;NaN;-0.7313983854;NaN;NaN;NaN;NaN;0.0246039220;NaN;NaN
62.8500079479;NaN;NaN;-0.7492053145;NaN;NaN;NaN;NaN;0.0246039220;NaN;NaN
62.8600079466;NaN;NaN;-0.7492053145;NaN;NaN;NaN;NaN;0.0246039220;NaN;NaN
62.8700079453;NaN;NaN;-0.7313757123;NaN;NaN;NaN;NaN;0.0236039585;NaN;NaN
62.8800079441;NaN;NaN;-0.7313757123;NaN;NaN;NaN;NaN;0.0236039585;NaN;NaN
62.8900079428;NaN;NaN;-0.7313757123;NaN;NaN;NaN;NaN;0.0236039585;NaN;NaN
62.9000079416;NaN;NaN;-0.7313757123;NaN;NaN;NaN;NaN;0.0236039585;NaN;NaN
62.9100079403;NaN;NaN;-0.7492053145;NaN;NaN;NaN;NaN;0.0236039585;NaN;NaN
62.9200079390;NaN;NaN;-0.7492053145;NaN;NaN;NaN;NaN;0.0236039585;NaN;NaN
62.9300079378;NaN;NaN;-0.7492053145;NaN;NaN;NaN;NaN;0.0236039585;NaN;NaN
62.9400079365;NaN;NaN;-0.7491826773;NaN;NaN;NaN;NaN;0.0236039585;NaN;NaN
62.9500079352;NaN;NaN;-0.7313983458;NaN;NaN;NaN;NaN;0.0236039585;NaN;NaN
62.9600079340;NaN;NaN;-0.7313757123;NaN;NaN;NaN;NaN;0.0236039585;NaN;NaN
62.9700079327;NaN;NaN;-0.7313757123;NaN;NaN;NaN;NaN;0.0236039585;NaN;NaN
62.9800079315;NaN;NaN;-0.7313757123;NaN;NaN;NaN;NaN;0.0236039585;NaN;NaN
62.9900079302;NaN;NaN;-0.7313757123;NaN;NaN;NaN;NaN;0.0236039585;NaN;NaN
63.0000079290;NaN;NaN;-0.7313757123;NaN;NaN;NaN;NaN;0.0236039585;NaN;NaN
63.0100079277;NaN;NaN;-0.7313757123;NaN;NaN;NaN;NaN;0.0236039585;NaN;NaN
63.0200079264;NaN;NaN;-0.7492053145;NaN;NaN;NaN;NaN;0.0236039585;NaN;NaN
63.0300079252;NaN;NaN;-0.7313757123;NaN;NaN;NaN;NaN;0.0236039585;NaN;NaN
63.0400079239;NaN;NaN;-0.7313757123;NaN;NaN;NaN;NaN;0.0236039585;NaN;NaN
63.0500079227;NaN;NaN;-0.7313757123;NaN;NaN;NaN;NaN;0.0226039972;NaN;NaN
63.0600079214;NaN;NaN;-0.7313757123;NaN;NaN;NaN;NaN;0.0226039972;NaN;NaN
63.0700079202;NaN;NaN;-0.7313531217;NaN;NaN;NaN;NaN;0.0226039972;NaN;NaN
63.0800079189;NaN;NaN;-0.7313757123;NaN;NaN;NaN;NaN;0.0226039972;NaN;NaN
63.0900079177;NaN;NaN;-0.7313757123;NaN;NaN;NaN;NaN;0.0226039972;NaN;NaN
63.1000079164;NaN;NaN;-0.7313757123;NaN;NaN;NaN;NaN;0.0226039972;NaN;NaN
63.1100079151;NaN;NaN;-0.7313757123;NaN;NaN;NaN;NaN;0.0226039972;NaN;NaN
63.1200079139;NaN;NaN;-0.7313531396;NaN;NaN;NaN;NaN;0.0226039972;NaN;NaN
63.1300079126;NaN;NaN;-0.7313757123;NaN;NaN;NaN;NaN;0.0226039972;NaN;NaN
63.1400079114;NaN;NaN;-0.7135686756;NaN;NaN;NaN;NaN;0.0226039972;NaN;NaN
63.1500079101;NaN;NaN;-0.7313757123;NaN;NaN;NaN;NaN;0.0226039972;NaN;NaN
63.1600079089;NaN;NaN;-0.7313757123;NaN;NaN;NaN;NaN;0.0226039972;NaN;NaN
63.1700079076;NaN;NaN;-0.7313531574;NaN;NaN;NaN;NaN;0.0226039972;NaN;NaN
63.1800079064;NaN;NaN;-0.7313757123;NaN;NaN;NaN;NaN;0.0226039972;NaN;NaN
63.1900079051;NaN;NaN;-0.7135686578;NaN;NaN;NaN;NaN;0.0226039972;NaN;NaN
63.2000079039;NaN;NaN;-0.7313757123;NaN;NaN;NaN;NaN;0.0226039972;NaN;NaN
63.2100079026;NaN;NaN;-0.7135686507;NaN;NaN;NaN;NaN;0.0226039972;NaN;NaN
63.2200079014;NaN;NaN;-0.7313531752;NaN;NaN;NaN;NaN;0.0226039972;NaN;NaN
63.2300079001;NaN;NaN;-0.7135686435;NaN;NaN;NaN;NaN;0.0226039972;NaN;NaN
63.2400078989;NaN;NaN;-0.7135686400;NaN;NaN;NaN;NaN;0.0226039972;NaN;NaN
63.2500078976;NaN;NaN;-0.7313757123;NaN;NaN;NaN;NaN;0.0226039972;NaN;NaN
63.2600078964;NaN;NaN;-0.7135686329;NaN;NaN;NaN;NaN;0.0226039972;NaN;NaN
63.2700078952;NaN;NaN;-0.7135686293;NaN;NaN;NaN;NaN;0.0216040386;NaN;NaN
63.2800078939;NaN;NaN;-0.7135686257;NaN;NaN;NaN;NaN;0.0216040386;NaN;NaN
63.2900078927;NaN;NaN;-0.7313532001;NaN;NaN;NaN;NaN;0.0216040386;NaN;NaN
63.3000078914;NaN;NaN;-0.7313532037;NaN;NaN;NaN;NaN;0.0216040386;NaN;NaN
63.3100078902;NaN;NaN;-0.7313532072;NaN;NaN;NaN;NaN;0.0216040386;NaN;NaN
63.3200078889;NaN;NaN;-0.7313757123;NaN;NaN;NaN;NaN;0.0216040386;NaN;NaN
63.3300078877;NaN;NaN;-0.7313532143;NaN;NaN;NaN;NaN;0.0216040386;NaN;NaN
63.3400078864;NaN;NaN;-0.7135461101;NaN;NaN;NaN;NaN;0.0216040386;NaN;NaN
63.3500078852;NaN;NaN;-0.7135686009;NaN;NaN;NaN;NaN;0.0216040386;NaN;NaN
63.3600078839;NaN;NaN;-0.7313532250;NaN;NaN;NaN;NaN;0.0216040386;NaN;NaN
63.3700078827;NaN;NaN;-0.7135685938;NaN;NaN;NaN;NaN;0.0216040386;NaN;NaN
63.3800078815;NaN;NaN;-0.7313532321;NaN;NaN;NaN;NaN;0.0216040386;NaN;NaN
63.3900078802;NaN;NaN;-0.7135461101;NaN;NaN;NaN;NaN;0.0216040386;NaN;NaN
63.4000078790;NaN;NaN;-0.7135461101;NaN;NaN;NaN;NaN;0.0216040386;NaN;NaN
63.4100078777;NaN;NaN;-0.6957614470;NaN;NaN;NaN;NaN;0.0216040386;NaN;NaN
63.4200078765;NaN;NaN;-0.7135461101;NaN;NaN;NaN;NaN;0.0216040386;NaN;NaN
63.4300078753;NaN;NaN;-0.7135461101;NaN;NaN;NaN;NaN;0.0216040386;NaN;NaN
63.4400078740;NaN;NaN;-0.7135461101;NaN;NaN;NaN;NaN;0.0216040386;NaN;NaN
63.4500078728;NaN;NaN;-0.7135461101;NaN;NaN;NaN;NaN;0.0216040386;NaN;NaN
63.4600078715;NaN;NaN;-0.7135461101;NaN;NaN;NaN;NaN;0.0216040386;NaN;NaN
63.4700078703;NaN;NaN;-0.7135461101;NaN;NaN;NaN;NaN;0.0216040386;NaN;NaN
63.4800078691;NaN;NaN;-0.7135461101;NaN;NaN;NaN;NaN;0.0216040386;NaN;NaN
63.4900078678;NaN;NaN;-0.7135461101;NaN;NaN;NaN;NaN;0.0216040386;NaN;NaN
63.5000078666;NaN;NaN;-0.7135236723;NaN;NaN;NaN;NaN;0.0216040386;NaN;NaN
63.5100078653;NaN;NaN;-0.7135236758;NaN;NaN;NaN;NaN;0.0216040386;NaN;NaN
63.5200078641;NaN;NaN;-0.6957389386;NaN;NaN;NaN;NaN;0.0206040832;NaN;NaN
63.5300078629;NaN;NaN;-0.7135461101;NaN;NaN;NaN;NaN;0.0206040832;NaN;NaN
63.5400078616;NaN;NaN;-0.6957389315;NaN;NaN;NaN;NaN;0.0206040832;NaN;NaN
63.5500078604;NaN;NaN;-0.6957389280;NaN;NaN;NaN;NaN;0.0206040832;NaN;NaN
63.5600078592;NaN;NaN;-0.7135461101;NaN;NaN;NaN;NaN;0.0206040832;NaN;NaN
63.5700078579;NaN;NaN;-0.7135461101;NaN;NaN;NaN;NaN;0.0206040832;NaN;NaN
63.5800078567;NaN;NaN;-0.7135461101;NaN;NaN;NaN;NaN;0.0206040832;NaN;NaN
63.5900078555;NaN;NaN;-0.7135237040;NaN;NaN;NaN;NaN;0.0206040832;NaN;NaN
63.6000078542;NaN;NaN;-0.7135237076;NaN;NaN;NaN;NaN;0.0206040832;NaN;NaN
63.6100078530;NaN;NaN;-0.6957165079;NaN;NaN;NaN;NaN;0.0206040832;NaN;NaN
63.6200078518;NaN;NaN;-0.6957165079;NaN;NaN;NaN;NaN;0.0206040832;NaN;NaN
63.6300078505;NaN;NaN;-0.6957388998;NaN;NaN;NaN;NaN;0.0206040832;NaN;NaN
63.6400078493;NaN;NaN;-0.6957165079;NaN;NaN;NaN;NaN;0.0206040832;NaN;NaN
63.6500078481;NaN;NaN;-0.6957165079;NaN;NaN;NaN;NaN;0.0206040832;NaN;NaN
63.6600078468;NaN;NaN;-0.6957165079;NaN;NaN;NaN;NaN;0.0206040832;NaN;NaN
63.6700078456;NaN;NaN;-0.7135237322;NaN;NaN;NaN;NaN;0.0206040832;NaN;NaN
63.6800078444;NaN;NaN;-0.6957165079;NaN;NaN;NaN;NaN;0.0206040832;NaN;NaN
63.6900078431;NaN;NaN;-0.6957165079;NaN;NaN;NaN;NaN;0.0206040832;NaN;NaN
63.7000078419;NaN;NaN;-0.6957165079;NaN;NaN;NaN;NaN;0.0206040832;NaN;NaN
63.7100078407;NaN;NaN;-0.6957165079;NaN;NaN;NaN;NaN;0.0206040832;NaN;NaN
63.7200078394;NaN;NaN;-0.6957165079;NaN;NaN;NaN;NaN;0.0206040832;NaN;NaN
63.7300078382;NaN;NaN;-0.7135237532;NaN;NaN;NaN;NaN;0.0206040832;NaN;NaN
63.7400078370;NaN;NaN;-0.6957165079;NaN;NaN;NaN;NaN;0.0206040832;NaN;NaN
63.7500078358;NaN;NaN;-0.6957165079;NaN;NaN;NaN;NaN;0.0206040832;NaN;NaN
63.7600078345;NaN;NaN;-0.6957165079;NaN;NaN;NaN;NaN;0.0206040832;NaN;NaN
63.7700078333;NaN;NaN;-0.6957165079;NaN;NaN;NaN;NaN;0.0206040832;NaN;NaN
63.7800078321;NaN;NaN;-0.6957165079;NaN;NaN;NaN;NaN;0.0206040832;NaN;NaN
63.7900078309;NaN;NaN;-0.6957165079;NaN;NaN;NaN;NaN;0.0206040832;NaN;NaN
63.8000078296;NaN;NaN;-0.6957388402;NaN;NaN;NaN;NaN;0.0206040832;NaN;NaN
63.8100078284;NaN;NaN;-0.6957165079;NaN;NaN;NaN;NaN;0.0206040832;NaN;NaN
63.8200078272;NaN;NaN;-0.6957165079;NaN;NaN;NaN;NaN;0.0206040832;NaN;NaN
63.8300078260;NaN;NaN;-0.6957165079;NaN;NaN;NaN;NaN;0.0206040832;NaN;NaN
63.8400078247;NaN;NaN;-0.6956941895;NaN;NaN;NaN;NaN;0.0206040832;NaN;NaN
63.8500078235;NaN;NaN;-0.6957165079;NaN;NaN;NaN;NaN;0.0206040832;NaN;NaN
63.8600078223;NaN;NaN;-0.6957165079;NaN;NaN;NaN;NaN;0.0206040832;NaN;NaN
63.8700078211;NaN;NaN;-0.6957165079;NaN;NaN;NaN;NaN;0.0206040832;NaN;NaN
63.8800078198;NaN;NaN;-0.6957165079;NaN;NaN;NaN;NaN;0.0206040832;NaN;NaN
63.8900078186;NaN;NaN;-0.6957165079;NaN;NaN;NaN;NaN;0.0206040832;NaN;NaN
63.9000078174;NaN;NaN;-0.7135238126;NaN;NaN;NaN;NaN;0.0206040832;NaN;NaN
63.9100078162;NaN;NaN;-0.6957165079;NaN;NaN;NaN;NaN;0.0206040832;NaN;NaN
63.9200078149;NaN;NaN;-0.6957165079;NaN;NaN;NaN;NaN;0.0206040832;NaN;NaN
63.9300078137;NaN;NaN;-0.6957165079;NaN;NaN;NaN;NaN;0.0206040832;NaN;NaN
63.9400078125;NaN;NaN;-0.6957165079;NaN;NaN;NaN;NaN;0.0206040832;NaN;NaN
63.9500078113;NaN;NaN;-0.6957165079;NaN;NaN;NaN;NaN;0.0206040832;NaN;NaN
63.9600078101;NaN;NaN;-0.6957165079;NaN;NaN;NaN;NaN;0.0206040832;NaN;NaN
63.9700078088;NaN;NaN;-0.6957165079;NaN;NaN;NaN;NaN;0.0206040832;NaN;NaN
63.9800078076;NaN;NaN;-0.6957165079;NaN;NaN;NaN;NaN;0.0206040832;NaN;NaN
63.9900078064;NaN;NaN;-0.6957165079;NaN;NaN;NaN;NaN;0.0206040832;NaN;NaN
64.0000078052;NaN;NaN;-0.6779091683;NaN;NaN;NaN;NaN;0.0206040832;NaN;NaN
64.0100078040;NaN;NaN;-0.6957165079;NaN;NaN;NaN;NaN;0.0206040832;NaN;NaN
64.0200078027;NaN;NaN;-0.6957165079;NaN;NaN;NaN;NaN;0.0206040832;NaN;NaN
64.0300078015;NaN;NaN;-0.6778869057;NaN;NaN;NaN;NaN;0.0206040832;NaN;NaN
64.0400078003;NaN;NaN;-0.6778869057;NaN;NaN;NaN;NaN;0.0206040832;NaN;NaN
64.0500077991;NaN;NaN;-0.6957165079;NaN;NaN;NaN;NaN;0.0206040832;NaN;NaN
64.0600077979;NaN;NaN;-0.6956942661;NaN;NaN;NaN;NaN;0.0196041344;NaN;NaN
64.0700077967;NaN;NaN;-0.6957165079;NaN;NaN;NaN;NaN;0.0196041344;NaN;NaN
64.0800077954;NaN;NaN;-0.6957165079;NaN;NaN;NaN;NaN;0.0196041344;NaN;NaN
64.0900077942;NaN;NaN;-0.6779091371;NaN;NaN;NaN;NaN;0.0196041344;NaN;NaN
64.1000077930;NaN;NaN;-0.6778869057;NaN;NaN;NaN;NaN;0.0196041344;NaN;NaN
64.1100077918;NaN;NaN;-0.6957165079;NaN;NaN;NaN;NaN;0.0196041344;NaN;NaN
64.1200077906;NaN;NaN;-0.6956942868;NaN;NaN;NaN;NaN;0.0196041344;NaN;NaN
64.1300077894;NaN;NaN;-0.6956942903;NaN;NaN;NaN;NaN;0.0196041344;NaN;NaN
64.1400077882;NaN;NaN;-0.6778869057;NaN;NaN;NaN;NaN;0.0196041344;NaN;NaN
64.1500077869;NaN;NaN;-0.6778869057;NaN;NaN;NaN;NaN;0.0196041344;NaN;NaN
64.1600077857;NaN;NaN;-0.6778869057;NaN;NaN;NaN;NaN;0.0196041344;NaN;NaN
64.1700077845;NaN;NaN;-0.6778869057;NaN;NaN;NaN;NaN;0.0196041344;NaN;NaN
64.1800077833;NaN;NaN;-0.6956943076;NaN;NaN;NaN;NaN;0.0196041344;NaN;NaN
64.1900077821;NaN;NaN;-0.6779091025;NaN;NaN;NaN;NaN;0.0196041344;NaN;NaN
64.2000077809;NaN;NaN;-0.6779090991;NaN;NaN;NaN;NaN;0.0196041344;NaN;NaN
64.2100077797;NaN;NaN;-0.6778869057;NaN;NaN;NaN;NaN;0.0196041344;NaN;NaN
64.2200077785;NaN;NaN;-0.6778869057;NaN;NaN;NaN;NaN;0.0196041344;NaN;NaN
64.2300077773;NaN;NaN;-0.6779090887;NaN;NaN;NaN;NaN;0.0196041344;NaN;NaN
64.2400077760;NaN;NaN;-0.6778869057;NaN;NaN;NaN;NaN;0.0196041344;NaN;NaN
64.2500077748;NaN;NaN;-0.6778869057;NaN;NaN;NaN;NaN;0.0196041344;NaN;NaN
64.2600077736;NaN;NaN;-0.6600794762;NaN;NaN;NaN;NaN;0.0196041344;NaN;NaN
64.2700077724;NaN;NaN;-0.6600794727;NaN;NaN;NaN;NaN;0.0186041881;NaN;NaN
64.2800077712;NaN;NaN;-0.6778869057;NaN;NaN;NaN;NaN;0.0186041881;NaN;NaN
64.2900077700;NaN;NaN;-0.6778869057;NaN;NaN;NaN;NaN;0.0186041881;NaN;NaN
64.3000077688;NaN;NaN;-0.6600573035;NaN;NaN;NaN;NaN;0.0186041881;NaN;NaN
64.3100077676;NaN;NaN;-0.6600794589;NaN;NaN;NaN;NaN;0.0186041881;NaN;NaN
64.3200077664;NaN;NaN;-0.6600794555;NaN;NaN;NaN;NaN;0.0186041881;NaN;NaN
64.3300077652;NaN;NaN;-0.6600573035;NaN;NaN;NaN;NaN;0.0186041881;NaN;NaN
64.3400077640;NaN;NaN;-0.6600573035;NaN;NaN;NaN;NaN;0.0186041881;NaN;NaN
64.3500077628;NaN;NaN;-0.6778869057;NaN;NaN;NaN;NaN;0.0186041881;NaN;NaN
64.3600077616;NaN;NaN;-0.6600573035;NaN;NaN;NaN;NaN;0.0186041881;NaN;NaN
64.3700077604;NaN;NaN;-0.6778647709;NaN;NaN;NaN;NaN;0.0186041881;NaN;NaN
64.3800077592;NaN;NaN;-0.6600794349;NaN;NaN;NaN;NaN;0.0186041881;NaN;NaN
64.3900077580;NaN;NaN;-0.6600573035;NaN;NaN;NaN;NaN;0.0186041881;NaN;NaN
64.4000077567;NaN;NaN;-0.6600573035;NaN;NaN;NaN;NaN;0.0176042434;NaN;NaN
64.4100077555;NaN;NaN;-0.6600573035;NaN;NaN;NaN;NaN;0.0176042434;NaN;NaN
64.4200077543;NaN;NaN;-0.6600573035;NaN;NaN;NaN;NaN;0.0176042434;NaN;NaN
64.4300077531;NaN;NaN;-0.6600573035;NaN;NaN;NaN;NaN;0.0176042434;NaN;NaN
64.4400077519;NaN;NaN;-0.6600573035;NaN;NaN;NaN;NaN;0.0176042434;NaN;NaN
64.4500077507;NaN;NaN;-0.6600573035;NaN;NaN;NaN;NaN;0.0176042434;NaN;NaN
64.4600077495;NaN;NaN;-0.6600573035;NaN;NaN;NaN;NaN;0.0176042434;NaN;NaN
64.4700077483;NaN;NaN;-0.6600573035;NaN;NaN;NaN;NaN;0.0176042434;NaN;NaN
64.4800077471;NaN;NaN;-0.6600573035;NaN;NaN;NaN;NaN;0.0176042434;NaN;NaN
64.4900077459;NaN;NaN;-0.6600573035;NaN;NaN;NaN;NaN;0.0176042434;NaN;NaN
64.5000077447;NaN;NaN;-0.6600573035;NaN;NaN;NaN;NaN;0.0176042434;NaN;NaN
64.5100077435;NaN;NaN;-0.6600573035;NaN;NaN;NaN;NaN;0.0176042434;NaN;NaN
64.5200077423;NaN;NaN;-0.6600573035;NaN;NaN;NaN;NaN;0.0176042434;NaN;NaN
64.5300077411;NaN;NaN;-0.6600573035;NaN;NaN;NaN;NaN;0.0176042434;NaN;NaN
64.5400077399;NaN;NaN;-0.6600573035;NaN;NaN;NaN;NaN;0.0176042434;NaN;NaN
64.5500077387;NaN;NaN;-0.6600573035;NaN;NaN;NaN;NaN;0.0176042434;NaN;NaN
64.5600077375;NaN;NaN;-0.6600573035;NaN;NaN;NaN;NaN;0.0176042434;NaN;NaN
64.5700077363;NaN;NaN;-0.6600573035;NaN;NaN;NaN;NaN;0.0176042434;NaN;NaN
64.5800077351;NaN;NaN;-0.6600573035;NaN;NaN;NaN;NaN;0.0176042434;NaN;NaN
64.5900077340;NaN;NaN;-0.6422497608;NaN;NaN;NaN;NaN;0.0176042434;NaN;NaN
64.6000077328;NaN;NaN;-0.6600573035;NaN;NaN;NaN;NaN;0.0176042434;NaN;NaN
64.6100077316;NaN;NaN;-0.6600573035;NaN;NaN;NaN;NaN;0.0176042434;NaN;NaN
64.6200077304;NaN;NaN;-0.6600573035;NaN;NaN;NaN;NaN;0.0176042434;NaN;NaN
64.6300077292;NaN;NaN;-0.6600573035;NaN;NaN;NaN;NaN;0.0176042434;NaN;NaN
64.6400077280;NaN;NaN;-0.6600573035;NaN;NaN;NaN;NaN;0.0166043016;NaN;NaN
64.6500077268;NaN;NaN;-0.6600352644;NaN;NaN;NaN;NaN;0.0166043016;NaN;NaN
64.6600077256;NaN;NaN;-0.6600573035;NaN;NaN;NaN;NaN;0.0166043016;NaN;NaN
64.6700077244;NaN;NaN;-0.6422277013;NaN;NaN;NaN;NaN;0.0166043016;NaN;NaN
64.6800077232;NaN;NaN;-0.6600573035;NaN;NaN;NaN;NaN;0.0166043016;NaN;NaN
64.6900077220;NaN;NaN;-0.6600352780;NaN;NaN;NaN;NaN;0.0166043016;NaN;NaN
64.7000077208;NaN;NaN;-0.6600352814;NaN;NaN;NaN;NaN;0.0166043016;NaN;NaN
64.7100077196;NaN;NaN;-0.6600352848;NaN;NaN;NaN;NaN;0.0166043016;NaN;NaN
64.7200077184;NaN;NaN;-0.6600573035;NaN;NaN;NaN;NaN;0.0166043016;NaN;NaN
64.7300077172;NaN;NaN;-0.6600573035;NaN;NaN;NaN;NaN;0.0166043016;NaN;NaN
64.7400077160;NaN;NaN;-0.6600573035;NaN;NaN;NaN;NaN;0.0166043016;NaN;NaN
64.7500077149;NaN;NaN;-0.6600573035;NaN;NaN;NaN;NaN;0.0166043016;NaN;NaN
64.7600077137;NaN;NaN;-0.6600353018;NaN;NaN;NaN;NaN;0.0166043016;NaN;NaN
64.7700077125;NaN;NaN;-0.6600353052;NaN;NaN;NaN;NaN;0.0166043016;NaN;NaN
64.7800077113;NaN;NaN;-0.6422496962;NaN;NaN;NaN;NaN;0.0166043016;NaN;NaN
64.7900077101;NaN;NaN;-0.6422496928;NaN;NaN;NaN;NaN;0.0166043016;NaN;NaN
64.8000077089;NaN;NaN;-0.6600353154;NaN;NaN;NaN;NaN;0.0166043016;NaN;NaN
64.8100077077;NaN;NaN;-0.6600573035;NaN;NaN;NaN;NaN;0.0166043016;NaN;NaN
64.8200077065;NaN;NaN;-0.6600353222;NaN;NaN;NaN;NaN;0.0166043016;NaN;NaN
64.8300077053;NaN;NaN;-0.6600573035;NaN;NaN;NaN;NaN;0.0166043016;NaN;NaN
64.8400077042;NaN;NaN;-0.6422277013;NaN;NaN;NaN;NaN;0.0166043016;NaN;NaN
64.8500077030;NaN;NaN;-0.6600573035;NaN;NaN;NaN;NaN;0.0166043016;NaN;NaN
64.8600077018;NaN;NaN;-0.6422496691;NaN;NaN;NaN;NaN;0.0166043016;NaN;NaN
64.8700077006;NaN;NaN;-0.6422277013;NaN;NaN;NaN;NaN;0.0166043016;NaN;NaN
64.8800076994;NaN;NaN;-0.6422496623;NaN;NaN;NaN;NaN;0.0166043016;NaN;NaN
64.8900076982;NaN;NaN;-0.6600353459;NaN;NaN;NaN;NaN;0.0166043016;NaN;NaN
64.9000076970;NaN;NaN;-0.6600573035;NaN;NaN;NaN;NaN;0.0166043016;NaN;NaN
64.9100076959;NaN;NaN;-0.6422277013;NaN;NaN;NaN;NaN;0.0166043016;NaN;NaN
64.9200076947;NaN;NaN;-0.6422496488;NaN;NaN;NaN;NaN;0.0166043016;NaN;NaN
64.9300076935;NaN;NaN;-0.6422496454;NaN;NaN;NaN;NaN;0.0166043016;NaN;NaN
64.9400076923;NaN;NaN;-0.6600353627;NaN;NaN;NaN;NaN;0.0166043016;NaN;NaN
64.9500076911;NaN;NaN;-0.6422277013;NaN;NaN;NaN;NaN;0.0166043016;NaN;NaN
64.9600076899;NaN;NaN;-0.6422277013;NaN;NaN;NaN;NaN;0.0166043016;NaN;NaN
64.9700076888;NaN;NaN;-0.6600353729;NaN;NaN;NaN;NaN;0.0166043016;NaN;NaN
64.9800076876;NaN;NaN;-0.6422277013;NaN;NaN;NaN;NaN;0.0166043016;NaN;NaN
64.9900076864;NaN;NaN;-0.6422277013;NaN;NaN;NaN;NaN;0.0166043016;NaN;NaN
65.0000076852;NaN;NaN;-0.6422277013;NaN;NaN;NaN;NaN;0.0166043016;NaN;NaN
65.0100076840;NaN;NaN;-0.6422277013;NaN;NaN;NaN;NaN;0.0166043016;NaN;NaN
65.0200076829;NaN;NaN;-0.6422277013;NaN;NaN;NaN;NaN;0.0166043016;NaN;NaN
65.0300076817;NaN;NaN;-0.6600353931;NaN;NaN;NaN;NaN;0.0156043644;NaN;NaN
65.0400076805;NaN;NaN;-0.6600353964;NaN;NaN;NaN;NaN;0.0156043644;NaN;NaN
65.0500076793;NaN;NaN;-0.6422277013;NaN;NaN;NaN;NaN;0.0156043644;NaN;NaN
65.0600076781;NaN;NaN;-0.6422277013;NaN;NaN;NaN;NaN;0.0156043644;NaN;NaN
65.0700076770;NaN;NaN;-0.6422058043;NaN;NaN;NaN;NaN;0.0156043644;NaN;NaN
65.0800076758;NaN;NaN;-0.6422495949;NaN;NaN;NaN;NaN;0.0156043644;NaN;NaN
65.0900076746;NaN;NaN;-0.6422058111;NaN;NaN;NaN;NaN;0.0156043644;NaN;NaN
65.1000076734;NaN;NaN;-0.6244199860;NaN;NaN;NaN;NaN;0.0156043644;NaN;NaN
65.1100076722;NaN;NaN;-0.6243980991;NaN;NaN;NaN;NaN;0.0156043644;NaN;NaN
65.1200076711;NaN;NaN;-0.6244199793;NaN;NaN;NaN;NaN;0.0156043644;NaN;NaN
65.1300076699;NaN;NaN;-0.6244199759;NaN;NaN;NaN;NaN;0.0156043644;NaN;NaN
65.1400076687;NaN;NaN;-0.6243980991;NaN;NaN;NaN;NaN;0.0156043644;NaN;NaN
65.1500076675;NaN;NaN;-0.6243980991;NaN;NaN;NaN;NaN;0.0156043644;NaN;NaN
65.1600076664;NaN;NaN;-0.6422058346;NaN;NaN;NaN;NaN;0.0156043644;NaN;NaN
65.1700076652;NaN;NaN;-0.6243980991;NaN;NaN;NaN;NaN;0.0156043644;NaN;NaN
65.1800076640;NaN;NaN;-0.6243980991;NaN;NaN;NaN;NaN;0.0156043644;NaN;NaN
65.1900076628;NaN;NaN;-0.6422058446;NaN;NaN;NaN;NaN;0.0156043644;NaN;NaN
65.2000076617;NaN;NaN;-0.6244199525;NaN;NaN;NaN;NaN;0.0156043644;NaN;NaN
65.2100076605;NaN;NaN;-0.6243980991;NaN;NaN;NaN;NaN;0.0156043644;NaN;NaN
65.2200076593;NaN;NaN;-0.6243980991;NaN;NaN;NaN;NaN;0.0156043644;NaN;NaN
65.2300076581;NaN;NaN;-0.6422277013;NaN;NaN;NaN;NaN;0.0156043644;NaN;NaN
65.2400076570;NaN;NaN;-0.6244199391;NaN;NaN;NaN;NaN;0.0156043644;NaN;NaN
65.2500076558;NaN;NaN;-0.6422058647;NaN;NaN;NaN;NaN;0.0156043644;NaN;NaN
65.2600076546;NaN;NaN;-0.6243980991;NaN;NaN;NaN;NaN;0.0156043644;NaN;NaN
65.2700076535;NaN;NaN;-0.6243980991;NaN;NaN;NaN;NaN;0.0156043644;NaN;NaN
65.2800076523;NaN;NaN;-0.6422058747;NaN;NaN;NaN;NaN;0.0156043644;NaN;NaN
65.2900076511;NaN;NaN;-0.6243980991;NaN;NaN;NaN;NaN;0.0156043644;NaN;NaN
65.3000076499;NaN;NaN;-0.6243980991;NaN;NaN;NaN;NaN;0.0156043644;NaN;NaN
65.3100076488;NaN;NaN;-0.6422277013;NaN;NaN;NaN;NaN;0.0156043644;NaN;NaN
65.3200076476;NaN;NaN;-0.6243980991;NaN;NaN;NaN;NaN;0.0156043644;NaN;NaN
65.3300076464;NaN;NaN;-0.6243980991;NaN;NaN;NaN;NaN;0.0156043644;NaN;NaN
65.3400076453;NaN;NaN;-0.6243980991;NaN;NaN;NaN;NaN;0.0156043644;NaN;NaN
65.3500076441;NaN;NaN;-0.6244199024;NaN;NaN;NaN;NaN;0.0156043644;NaN;NaN
65.3600076429;NaN;NaN;-0.6243980991;NaN;NaN;NaN;NaN;0.0156043644;NaN;NaN
65.3700076418;NaN;NaN;-0.6243980991;NaN;NaN;NaN;NaN;0.0156043644;NaN;NaN
65.3800076406;NaN;NaN;-0.6243980991;NaN;NaN;NaN;NaN;0.0146044313;NaN;NaN
65.3900076394;NaN;NaN;-0.6244198890;NaN;NaN;NaN;NaN;0.0146044313;NaN;NaN
65.4000076383;NaN;NaN;-0.6243980991;NaN;NaN;NaN;NaN;0.0146044313;NaN;NaN
65.4100076371;NaN;NaN;-0.6243980991;NaN;NaN;NaN;NaN;0.0146044313;NaN;NaN
65.4200076359;NaN;NaN;-0.6243763192;NaN;NaN;NaN;NaN;0.0146044313;NaN;NaN
65.4300076348;NaN;NaN;-0.6243980991;NaN;NaN;NaN;NaN;0.0146044313;NaN;NaN
65.4400076336;NaN;NaN;-0.6243980991;NaN;NaN;NaN;NaN;0.0146044313;NaN;NaN
65.4500076324;NaN;NaN;-0.6243980991;NaN;NaN;NaN;NaN;0.0146044313;NaN;NaN
65.4600076313;NaN;NaN;-0.6243763325;NaN;NaN;NaN;NaN;0.0146044313;NaN;NaN
65.4700076301;NaN;NaN;-0.6243980991;NaN;NaN;NaN;NaN;0.0146044313;NaN;NaN
65.4800076289;NaN;NaN;-0.6243980991;NaN;NaN;NaN;NaN;0.0146044313;NaN;NaN
65.4900076278;NaN;NaN;-0.6243980991;NaN;NaN;NaN;NaN;0.0146044313;NaN;NaN
65.5000076266;NaN;NaN;-0.6065902503;NaN;NaN;NaN;NaN;0.0146044313;NaN;NaN
65.5100076254;NaN;NaN;-0.6243980991;NaN;NaN;NaN;NaN;0.0146044313;NaN;NaN
65.5200076243;NaN;NaN;-0.6243980991;NaN;NaN;NaN;NaN;0.0146044313;NaN;NaN
65.5300076231;NaN;NaN;-0.6243980991;NaN;NaN;NaN;NaN;0.0146044313;NaN;NaN
65.5400076220;NaN;NaN;-0.6243980991;NaN;NaN;NaN;NaN;0.0146044313;NaN;NaN
65.5500076208;NaN;NaN;-0.6243980991;NaN;NaN;NaN;NaN;0.0146044313;NaN;NaN
65.5600076196;NaN;NaN;-0.6243980991;NaN;NaN;NaN;NaN;0.0146044313;NaN;NaN
65.5700076185;NaN;NaN;-0.6243980991;NaN;NaN;NaN;NaN;0.0146044313;NaN;NaN
65.5800076173;NaN;NaN;-0.6243980991;NaN;NaN;NaN;NaN;0.0146044313;NaN;NaN
65.5900076161;NaN;NaN;-0.6243980991;NaN;NaN;NaN;NaN;0.0146044313;NaN;NaN
65.6000076150;NaN;NaN;-0.6243980991;NaN;NaN;NaN;NaN;0.0146044313;NaN;NaN
65.6100076138;NaN;NaN;-0.6243763822;NaN;NaN;NaN;NaN;0.0146044313;NaN;NaN
65.6200076127;NaN;NaN;-0.6243980991;NaN;NaN;NaN;NaN;0.0146044313;NaN;NaN
65.6300076115;NaN;NaN;-0.6243980991;NaN;NaN;NaN;NaN;0.0146044313;NaN;NaN
65.6400076104;NaN;NaN;-0.6243980991;NaN;NaN;NaN;NaN;0.0146044313;NaN;NaN
65.6500076092;NaN;NaN;-0.6243980991;NaN;NaN;NaN;NaN;0.0146044313;NaN;NaN
65.6600076080;NaN;NaN;-0.6243763987;NaN;NaN;NaN;NaN;0.0146044313;NaN;NaN
65.6700076069;NaN;NaN;-0.6243980991;NaN;NaN;NaN;NaN;0.0146044313;NaN;NaN
65.6800076057;NaN;NaN;-0.6243980991;NaN;NaN;NaN;NaN;0.0146044313;NaN;NaN
65.6900076046;NaN;NaN;-0.6243980991;NaN;NaN;NaN;NaN;0.0146044313;NaN;NaN
65.7000076034;NaN;NaN;-0.6243980991;NaN;NaN;NaN;NaN;0.0146044313;NaN;NaN
65.7100076023;NaN;NaN;-0.6243980991;NaN;NaN;NaN;NaN;0.0146044313;NaN;NaN
65.7200076011;NaN;NaN;-0.6243980991;NaN;NaN;NaN;NaN;0.0146044313;NaN;NaN
65.7300075999;NaN;NaN;-0.6243980991;NaN;NaN;NaN;NaN;0.0146044313;NaN;NaN
65.7400075988;NaN;NaN;-0.6243764251;NaN;NaN;NaN;NaN;0.0146044313;NaN;NaN
65.7500075976;NaN;NaN;-0.6243764284;NaN;NaN;NaN;NaN;0.0146044313;NaN;NaN
65.7600075965;NaN;NaN;-0.6065901644;NaN;NaN;NaN;NaN;0.0146044313;NaN;NaN
65.7700075953;NaN;NaN;-0.6065684969;NaN;NaN;NaN;NaN;0.0136045028;NaN;NaN
65.7800075942;NaN;NaN;-0.6065684969;NaN;NaN;NaN;NaN;0.0136045028;NaN;NaN
65.7900075930;NaN;NaN;-0.6065684969;NaN;NaN;NaN;NaN;0.0136045028;NaN;NaN
65.8000075919;NaN;NaN;-0.6065684969;NaN;NaN;NaN;NaN;0.0136045028;NaN;NaN
65.8100075907;NaN;NaN;-0.6065901479;NaN;NaN;NaN;NaN;0.0136045028;NaN;NaN
65.8200075896;NaN;NaN;-0.6065684969;NaN;NaN;NaN;NaN;0.0136045028;NaN;NaN
65.8300075884;NaN;NaN;-0.6243764547;NaN;NaN;NaN;NaN;0.0136045028;NaN;NaN
65.8400075873;NaN;NaN;-0.6065684969;NaN;NaN;NaN;NaN;0.0136045028;NaN;NaN
65.8500075861;NaN;NaN;-0.6243980991;NaN;NaN;NaN;NaN;0.0136045028;NaN;NaN
65.8600075850;NaN;NaN;-0.6065684969;NaN;NaN;NaN;NaN;0.0136045028;NaN;NaN
65.8700075838;NaN;NaN;-0.6065468656;NaN;NaN;NaN;NaN;0.0136045028;NaN;NaN
65.8800075827;NaN;NaN;-0.6065684969;NaN;NaN;NaN;NaN;0.0136045028;NaN;NaN
65.8900075815;NaN;NaN;-0.6065684969;NaN;NaN;NaN;NaN;0.0136045028;NaN;NaN
65.9000075804;NaN;NaN;-0.6065684969;NaN;NaN;NaN;NaN;0.0136045028;NaN;NaN
65.9100075792;NaN;NaN;-0.6065684969;NaN;NaN;NaN;NaN;0.0136045028;NaN;NaN
65.9200075781;NaN;NaN;-0.6065684969;NaN;NaN;NaN;NaN;0.0136045028;NaN;NaN
65.9300075769;NaN;NaN;-0.6065684969;NaN;NaN;NaN;NaN;0.0136045028;NaN;NaN
65.9400075758;NaN;NaN;-0.6065684969;NaN;NaN;NaN;NaN;0.0136045028;NaN;NaN
65.9500075746;NaN;NaN;-0.6065684969;NaN;NaN;NaN;NaN;0.0136045028;NaN;NaN
65.9600075735;NaN;NaN;-0.6065684969;NaN;NaN;NaN;NaN;0.0136045028;NaN;NaN
65.9700075723;NaN;NaN;-0.6065684969;NaN;NaN;NaN;NaN;0.0136045028;NaN;NaN
65.9800075712;NaN;NaN;-0.6065469016;NaN;NaN;NaN;NaN;0.0136045028;NaN;NaN
65.9900075700;NaN;NaN;-0.6065684969;NaN;NaN;NaN;NaN;0.0136045028;NaN;NaN
66.0000075689;NaN;NaN;-0.6065684969;NaN;NaN;NaN;NaN;0.0136045028;NaN;NaN
66.0100075677;NaN;NaN;-0.6065684969;NaN;NaN;NaN;NaN;0.0136045028;NaN;NaN
66.0200075666;NaN;NaN;-0.6065684969;NaN;NaN;NaN;NaN;0.0136045028;NaN;NaN
66.0300075654;NaN;NaN;-0.6065684969;NaN;NaN;NaN;NaN;0.0126045772;NaN;NaN
66.0400075643;NaN;NaN;-0.6065684969;NaN;NaN;NaN;NaN;0.0126045772;NaN;NaN
66.0500075632;NaN;NaN;-0.6065684969;NaN;NaN;NaN;NaN;0.0126045772;NaN;NaN
66.0600075620;NaN;NaN;-0.6065469278;NaN;NaN;NaN;NaN;0.0126045772;NaN;NaN
66.0700075609;NaN;NaN;-0.6065684969;NaN;NaN;NaN;NaN;0.0126045772;NaN;NaN
66.0800075597;NaN;NaN;-0.6065684969;NaN;NaN;NaN;NaN;0.0126045772;NaN;NaN
66.0900075586;NaN;NaN;-0.6065684969;NaN;NaN;NaN;NaN;0.0126045772;NaN;NaN
66.1000075574;NaN;NaN;-0.6065469408;NaN;NaN;NaN;NaN;0.0126045772;NaN;NaN
66.1100075563;NaN;NaN;-0.5887604476;NaN;NaN;NaN;NaN;0.0126045772;NaN;NaN
66.1200075552;NaN;NaN;-0.6065684969;NaN;NaN;NaN;NaN;0.0126045772;NaN;NaN
66.1300075540;NaN;NaN;-0.6065684969;NaN;NaN;NaN;NaN;0.0126045772;NaN;NaN
66.1400075529;NaN;NaN;-0.6065684969;NaN;NaN;NaN;NaN;0.0126045772;NaN;NaN
66.1500075517;NaN;NaN;-0.5887388947;NaN;NaN;NaN;NaN;0.0126045772;NaN;NaN
66.1600075506;NaN;NaN;-0.5887604313;NaN;NaN;NaN;NaN;0.0126045772;NaN;NaN
66.1700075494;NaN;NaN;-0.6065469636;NaN;NaN;NaN;NaN;0.0126045772;NaN;NaN
66.1800075483;NaN;NaN;-0.5887388947;NaN;NaN;NaN;NaN;0.0126045772;NaN;NaN
66.1900075472;NaN;NaN;-0.6065684969;NaN;NaN;NaN;NaN;0.0126045772;NaN;NaN
66.2000075460;NaN;NaN;-0.5887388947;NaN;NaN;NaN;NaN;0.0126045772;NaN;NaN
66.2100075449;NaN;NaN;-0.6065469766;NaN;NaN;NaN;NaN;0.0126045772;NaN;NaN
66.2200075438;NaN;NaN;-0.5887388947;NaN;NaN;NaN;NaN;0.0126045772;NaN;NaN
66.2300075426;NaN;NaN;-0.5887388947;NaN;NaN;NaN;NaN;0.0126045772;NaN;NaN
66.2400075415;NaN;NaN;-0.6065684969;NaN;NaN;NaN;NaN;0.0126045772;NaN;NaN
66.2500075403;NaN;NaN;-0.6065469896;NaN;NaN;NaN;NaN;0.0126045772;NaN;NaN
66.2600075392;NaN;NaN;-0.5887388947;NaN;NaN;NaN;NaN;0.0126045772;NaN;NaN
66.2700075381;NaN;NaN;-0.5887388947;NaN;NaN;NaN;NaN;0.0126045772;NaN;NaN
66.2800075369;NaN;NaN;-0.5887388947;NaN;NaN;NaN;NaN;0.0126045772;NaN;NaN
66.2900075358;NaN;NaN;-0.6065684969;NaN;NaN;NaN;NaN;0.0126045772;NaN;NaN
66.3000075347;NaN;NaN;-0.5887388947;NaN;NaN;NaN;NaN;0.0126045772;NaN;NaN
66.3100075335;NaN;NaN;-0.5887388947;NaN;NaN;NaN;NaN;0.0126045772;NaN;NaN
66.3200075324;NaN;NaN;-0.5887603794;NaN;NaN;NaN;NaN;0.0126045772;NaN;NaN
66.3300075313;NaN;NaN;-0.6065470155;NaN;NaN;NaN;NaN;0.0126045772;NaN;NaN
66.3400075301;NaN;NaN;-0.5887388947;NaN;NaN;NaN;NaN;0.0126045772;NaN;NaN
66.3500075290;NaN;NaN;-0.5887603697;NaN;NaN;NaN;NaN;0.0126045772;NaN;NaN
66.3600075279;NaN;NaN;-0.5887388947;NaN;NaN;NaN;NaN;0.0126045772;NaN;NaN
66.3700075267;NaN;NaN;-0.6065470284;NaN;NaN;NaN;NaN;0.0126045772;NaN;NaN
66.3800075256;NaN;NaN;-0.5887603600;NaN;NaN;NaN;NaN;0.0126045772;NaN;NaN
66.3900075245;NaN;NaN;-0.5887388947;NaN;NaN;NaN;NaN;0.0126045772;NaN;NaN
66.4000075233;NaN;NaN;-0.5887388947;NaN;NaN;NaN;NaN;0.0126045772;NaN;NaN
66.4100075222;NaN;NaN;-0.6065684969;NaN;NaN;NaN;NaN;0.0126045772;NaN;NaN
66.4200075211;NaN;NaN;-0.5887388947;NaN;NaN;NaN;NaN;0.0126045772;NaN;NaN
66.4300075199;NaN;NaN;-0.6065470478;NaN;NaN;NaN;NaN;0.0126045772;NaN;NaN
66.4400075188;NaN;NaN;-0.5887388947;NaN;NaN;NaN;NaN;0.0126045772;NaN;NaN
66.4500075177;NaN;NaN;-0.5887388947;NaN;NaN;NaN;NaN;0.0126045772;NaN;NaN
66.4600075165;NaN;NaN;-0.5887388947;NaN;NaN;NaN;NaN;0.0126045772;NaN;NaN
66.4700075154;NaN;NaN;-0.5709307288;NaN;NaN;NaN;NaN;0.0126045772;NaN;NaN
66.4800075143;NaN;NaN;-0.5887388947;NaN;NaN;NaN;NaN;0.0126045772;NaN;NaN
66.4900075131;NaN;NaN;-0.5887388947;NaN;NaN;NaN;NaN;0.0126045772;NaN;NaN
66.5000075120;NaN;NaN;-0.5887388947;NaN;NaN;NaN;NaN;0.0126045772;NaN;NaN
66.5100075109;NaN;NaN;-0.5887388947;NaN;NaN;NaN;NaN;0.0126045772;NaN;NaN
66.5200075098;NaN;NaN;-0.5887388947;NaN;NaN;NaN;NaN;0.0126045772;NaN;NaN
66.5300075086;NaN;NaN;-0.5887388947;NaN;NaN;NaN;NaN;0.0126045772;NaN;NaN
66.5400075075;NaN;NaN;-0.5887388947;NaN;NaN;NaN;NaN;0.0126045772;NaN;NaN
66.5500075064;NaN;NaN;-0.5887388947;NaN;NaN;NaN;NaN;0.0126045772;NaN;NaN
66.5600075053;NaN;NaN;-0.5887388947;NaN;NaN;NaN;NaN;0.0126045772;NaN;NaN
66.5700075041;NaN;NaN;-0.5887388947;NaN;NaN;NaN;NaN;0.0126045772;NaN;NaN
66.5800075030;NaN;NaN;-0.5887388947;NaN;NaN;NaN;NaN;0.0126045772;NaN;NaN
66.5900075019;NaN;NaN;-0.5887388947;NaN;NaN;NaN;NaN;0.0126045772;NaN;NaN
66.6000075008;NaN;NaN;-0.5887388947;NaN;NaN;NaN;NaN;0.0126045772;NaN;NaN
66.6100074996;NaN;NaN;-0.5887388947;NaN;NaN;NaN;NaN;0.0126045772;NaN;NaN
66.6200074985;NaN;NaN;-0.5887388947;NaN;NaN;NaN;NaN;0.0126045772;NaN;NaN
66.6300074974;NaN;NaN;-0.5887388947;NaN;NaN;NaN;NaN;0.0126045772;NaN;NaN
66.6400074963;NaN;NaN;-0.5887388947;NaN;NaN;NaN;NaN;0.0126045772;NaN;NaN
66.6500074951;NaN;NaN;-0.5887388947;NaN;NaN;NaN;NaN;0.0126045772;NaN;NaN
66.6600074940;NaN;NaN;-0.5887175195;NaN;NaN;NaN;NaN;0.0116046588;NaN;NaN
66.6700074929;NaN;NaN;-0.5887175227;NaN;NaN;NaN;NaN;0.0116046588;NaN;NaN
66.6800074918;NaN;NaN;-0.5887388947;NaN;NaN;NaN;NaN;0.0116046588;NaN;NaN
66.6900074906;NaN;NaN;-0.5887388947;NaN;NaN;NaN;NaN;0.0116046588;NaN;NaN
66.7000074895;NaN;NaN;-0.5887388947;NaN;NaN;NaN;NaN;0.0116046588;NaN;NaN
66.7100074884;NaN;NaN;-0.5887388947;NaN;NaN;NaN;NaN;0.0116046588;NaN;NaN
66.7200074873;NaN;NaN;-0.5887175387;NaN;NaN;NaN;NaN;0.0116046588;NaN;NaN
66.7300074862;NaN;NaN;-0.5709306453;NaN;NaN;NaN;NaN;0.0116046588;NaN;NaN
66.7400074850;NaN;NaN;-0.5887388947;NaN;NaN;NaN;NaN;0.0116046588;NaN;NaN
66.7500074839;NaN;NaN;-0.5887388947;NaN;NaN;NaN;NaN;0.0116046588;NaN;NaN
66.7600074828;NaN;NaN;-0.5709092925;NaN;NaN;NaN;NaN;0.0116046588;NaN;NaN
66.7700074817;NaN;NaN;-0.5709306326;NaN;NaN;NaN;NaN;0.0116046588;NaN;NaN
66.7800074806;NaN;NaN;-0.5887175579;NaN;NaN;NaN;NaN;0.0116046588;NaN;NaN
66.7900074794;NaN;NaN;-0.5709306262;NaN;NaN;NaN;NaN;0.0116046588;NaN;NaN
66.8000074783;NaN;NaN;-0.5887175643;NaN;NaN;NaN;NaN;0.0116046588;NaN;NaN
66.8100074772;NaN;NaN;-0.5887175674;NaN;NaN;NaN;NaN;0.0116046588;NaN;NaN
66.8200074761;NaN;NaN;-0.5887175706;NaN;NaN;NaN;NaN;0.0116046588;NaN;NaN
66.8300074750;NaN;NaN;-0.5709092925;NaN;NaN;NaN;NaN;0.0116046588;NaN;NaN
66.8400074738;NaN;NaN;-0.5887388947;NaN;NaN;NaN;NaN;0.0116046588;NaN;NaN
66.8500074727;NaN;NaN;-0.5887175802;NaN;NaN;NaN;NaN;0.0116046588;NaN;NaN
66.8600074716;NaN;NaN;-0.5709092925;NaN;NaN;NaN;NaN;0.0116046588;NaN;NaN
66.8700074705;NaN;NaN;-0.5709092925;NaN;NaN;NaN;NaN;0.0116046588;NaN;NaN
66.8800074694;NaN;NaN;-0.5887388947;NaN;NaN;NaN;NaN;0.0116046588;NaN;NaN
66.8900074683;NaN;NaN;-0.5709305943;NaN;NaN;NaN;NaN;0.0116046588;NaN;NaN
66.9000074671;NaN;NaN;-0.5709305911;NaN;NaN;NaN;NaN;0.0116046588;NaN;NaN
66.9100074660;NaN;NaN;-0.5709092925;NaN;NaN;NaN;NaN;0.0116046588;NaN;NaN
66.9200074649;NaN;NaN;-0.5887388947;NaN;NaN;NaN;NaN;0.0116046588;NaN;NaN
66.9300074638;NaN;NaN;-0.5709092925;NaN;NaN;NaN;NaN;0.0116046588;NaN;NaN
66.9400074627;NaN;NaN;-0.5709092925;NaN;NaN;NaN;NaN;0.0116046588;NaN;NaN
66.9500074616;NaN;NaN;-0.5887388947;NaN;NaN;NaN;NaN;0.0116046588;NaN;NaN
66.9600074605;NaN;NaN;-0.5887388947;NaN;NaN;NaN;NaN;0.0116046588;NaN;NaN
66.9700074593;NaN;NaN;-0.5887388947;NaN;NaN;NaN;NaN;0.0116046588;NaN;NaN
66.9800074582;NaN;NaN;-0.5887176215;NaN;NaN;NaN;NaN;0.0116046588;NaN;NaN
66.9900074571;NaN;NaN;-0.5709092925;NaN;NaN;NaN;NaN;0.0116046588;NaN;NaN
67.0000074560;NaN;NaN;-0.5709092925;NaN;NaN;NaN;NaN;0.0116046588;NaN;NaN
67.0100074549;NaN;NaN;-0.5709305562;NaN;NaN;NaN;NaN;0.0116046588;NaN;NaN
67.0200074538;NaN;NaN;-0.5709092925;NaN;NaN;NaN;NaN;0.0116046588;NaN;NaN
67.0300074527;NaN;NaN;-0.5709092925;NaN;NaN;NaN;NaN;0.0116046588;NaN;NaN
67.0400074516;NaN;NaN;-0.5709092925;NaN;NaN;NaN;NaN;0.0116046588;NaN;NaN
67.0500074505;NaN;NaN;-0.5709092925;NaN;NaN;NaN;NaN;0.0116046588;NaN;NaN
67.0600074493;NaN;NaN;-0.5709305404;NaN;NaN;NaN;NaN;0.0116046588;NaN;NaN
67.0700074482;NaN;NaN;-0.5709092925;NaN;NaN;NaN;NaN;0.0116046588;NaN;NaN
67.0800074471;NaN;NaN;-0.5709092925;NaN;NaN;NaN;NaN;0.0116046588;NaN;NaN
67.0900074460;NaN;NaN;-0.5887388947;NaN;NaN;NaN;NaN;0.0116046588;NaN;NaN
67.1000074449;NaN;NaN;-0.5709305277;NaN;NaN;NaN;NaN;0.0116046588;NaN;NaN
67.1100074438;NaN;NaN;-0.5709305246;NaN;NaN;NaN;NaN;0.0116046588;NaN;NaN
67.1200074427;NaN;NaN;-0.5709305214;NaN;NaN;NaN;NaN;0.0116046588;NaN;NaN
67.1300074416;NaN;NaN;-0.5709092925;NaN;NaN;NaN;NaN;0.0116046588;NaN;NaN
67.1400074405;NaN;NaN;-0.5709092925;NaN;NaN;NaN;NaN;0.0116046588;NaN;NaN
67.1500074394;NaN;NaN;-0.5709305119;NaN;NaN;NaN;NaN;0.0116046588;NaN;NaN
67.1600074383;NaN;NaN;-0.5709305088;NaN;NaN;NaN;NaN;0.0116046588;NaN;NaN
67.1700074372;NaN;NaN;-0.5708880794;NaN;NaN;NaN;NaN;0.0116046588;NaN;NaN
67.1800074360;NaN;NaN;-0.5709092925;NaN;NaN;NaN;NaN;0.0116046588;NaN;NaN
67.1900074349;NaN;NaN;-0.5709092925;NaN;NaN;NaN;NaN;0.0116046588;NaN;NaN
67.2000074338;NaN;NaN;-0.5709092925;NaN;NaN;NaN;NaN;0.0116046588;NaN;NaN
67.2100074327;NaN;NaN;-0.5709092925;NaN;NaN;NaN;NaN;0.0116046588;NaN;NaN
67.2200074316;NaN;NaN;-0.5709092925;NaN;NaN;NaN;NaN;0.0116046588;NaN;NaN
67.2300074305;NaN;NaN;-0.5709092925;NaN;NaN;NaN;NaN;0.0116046588;NaN;NaN
67.2400074294;NaN;NaN;-0.5709092925;NaN;NaN;NaN;NaN;0.0116046588;NaN;NaN
67.2500074283;NaN;NaN;-0.5709092925;NaN;NaN;NaN;NaN;0.0116046588;NaN;NaN
67.2600074272;NaN;NaN;-0.5708881078;NaN;NaN;NaN;NaN;0.0106047471;NaN;NaN
67.2700074261;NaN;NaN;-0.5709092925;NaN;NaN;NaN;NaN;0.0106047471;NaN;NaN
67.2800074250;NaN;NaN;-0.5709092925;NaN;NaN;NaN;NaN;0.0106047471;NaN;NaN
67.2900074239;NaN;NaN;-0.5709092925;NaN;NaN;NaN;NaN;0.0106047471;NaN;NaN
67.3000074228;NaN;NaN;-0.5709092925;NaN;NaN;NaN;NaN;0.0106047471;NaN;NaN
67.3100074217;NaN;NaN;-0.5709092925;NaN;NaN;NaN;NaN;0.0106047471;NaN;NaN
67.3200074206;NaN;NaN;-0.5530796903;NaN;NaN;NaN;NaN;0.0106047471;NaN;NaN
67.3300074195;NaN;NaN;-0.5709092925;NaN;NaN;NaN;NaN;0.0106047471;NaN;NaN
67.3400074184;NaN;NaN;-0.5708881329;NaN;NaN;NaN;NaN;0.0106047471;NaN;NaN
67.3500074173;NaN;NaN;-0.5531008468;NaN;NaN;NaN;NaN;0.0106047471;NaN;NaN
67.3600074162;NaN;NaN;-0.5531008437;NaN;NaN;NaN;NaN;0.0106047471;NaN;NaN
67.3700074151;NaN;NaN;-0.5531008405;NaN;NaN;NaN;NaN;0.0106047471;NaN;NaN
67.3800074140;NaN;NaN;-0.5708881455;NaN;NaN;NaN;NaN;0.0106047471;NaN;NaN
67.3900074129;NaN;NaN;-0.5531008343;NaN;NaN;NaN;NaN;0.0106047471;NaN;NaN
67.4000074118;NaN;NaN;-0.5530796903;NaN;NaN;NaN;NaN;0.0106047471;NaN;NaN
67.4100074107;NaN;NaN;-0.5531008280;NaN;NaN;NaN;NaN;0.0106047471;NaN;NaN
67.4200074096;NaN;NaN;-0.5531008249;NaN;NaN;NaN;NaN;0.0106047471;NaN;NaN
67.4300074085;NaN;NaN;-0.5530796903;NaN;NaN;NaN;NaN;0.0106047471;NaN;NaN
67.4400074074;NaN;NaN;-0.5530796903;NaN;NaN;NaN;NaN;0.0106047471;NaN;NaN
67.4500074063;NaN;NaN;-0.5708881674;NaN;NaN;NaN;NaN;0.0106047471;NaN;NaN
67.4600074052;NaN;NaN;-0.5709092925;NaN;NaN;NaN;NaN;0.0106047471;NaN;NaN
67.4700074041;NaN;NaN;-0.5708881737;NaN;NaN;NaN;NaN;0.0106047471;NaN;NaN
67.4800074030;NaN;NaN;-0.5530796903;NaN;NaN;NaN;NaN;0.0106047471;NaN;NaN
67.4900074019;NaN;NaN;-0.5530796903;NaN;NaN;NaN;NaN;0.0106047471;NaN;NaN
67.5000074008;NaN;NaN;-0.5531007998;NaN;NaN;NaN;NaN;0.0106047471;NaN;NaN
67.5100073997;NaN;NaN;-0.5531007967;NaN;NaN;NaN;NaN;0.0096048381;NaN;NaN
67.5200073986;NaN;NaN;-0.5708881893;NaN;NaN;NaN;NaN;0.0096048381;NaN;NaN
67.5300073975;NaN;NaN;-0.5530796903;NaN;NaN;NaN;NaN;0.0096048381;NaN;NaN
67.5400073964;NaN;NaN;-0.5531007873;NaN;NaN;NaN;NaN;0.0096048381;NaN;NaN
67.5500073954;NaN;NaN;-0.5708881987;NaN;NaN;NaN;NaN;0.0096048381;NaN;NaN
67.5600073943;NaN;NaN;-0.5708882018;NaN;NaN;NaN;NaN;0.0096048381;NaN;NaN
67.5700073932;NaN;NaN;-0.5530796903;NaN;NaN;NaN;NaN;0.0096048381;NaN;NaN
67.5800073921;NaN;NaN;-0.5708882080;NaN;NaN;NaN;NaN;0.0096048381;NaN;NaN
67.5900073910;NaN;NaN;-0.5530796903;NaN;NaN;NaN;NaN;0.0096048381;NaN;NaN
67.6000073899;NaN;NaN;-0.5708882142;NaN;NaN;NaN;NaN;0.0096048381;NaN;NaN
67.6100073888;NaN;NaN;-0.5530796903;NaN;NaN;NaN;NaN;0.0096048381;NaN;NaN
67.6200073877;NaN;NaN;-0.5530796903;NaN;NaN;NaN;NaN;0.0096048381;NaN;NaN
67.6300073866;NaN;NaN;-0.5530796903;NaN;NaN;NaN;NaN;0.0096048381;NaN;NaN
67.6400073855;NaN;NaN;-0.5530796903;NaN;NaN;NaN;NaN;0.0096048381;NaN;NaN
67.6500073844;NaN;NaN;-0.5530796903;NaN;NaN;NaN;NaN;0.0096048381;NaN;NaN
67.6600073833;NaN;NaN;-0.5530796903;NaN;NaN;NaN;NaN;0.0096048381;NaN;NaN
67.6700073823;NaN;NaN;-0.5530796903;NaN;NaN;NaN;NaN;0.0096048381;NaN;NaN
67.6800073812;NaN;NaN;-0.5530796903;NaN;NaN;NaN;NaN;0.0096048381;NaN;NaN
67.6900073801;NaN;NaN;-0.5530796903;NaN;NaN;NaN;NaN;0.0096048381;NaN;NaN
67.7000073790;NaN;NaN;-0.5530796903;NaN;NaN;NaN;NaN;0.0096048381;NaN;NaN
67.7100073779;NaN;NaN;-0.5530796903;NaN;NaN;NaN;NaN;0.0096048381;NaN;NaN
67.7200073768;NaN;NaN;-0.5352711291;NaN;NaN;NaN;NaN;0.0096048381;NaN;NaN
67.7300073757;NaN;NaN;-0.5352711260;NaN;NaN;NaN;NaN;0.0096048381;NaN;NaN
67.7400073746;NaN;NaN;-0.5530796903;NaN;NaN;NaN;NaN;0.0096048381;NaN;NaN
67.7500073735;NaN;NaN;-0.5352711198;NaN;NaN;NaN;NaN;0.0096048381;NaN;NaN
67.7600073725;NaN;NaN;-0.5530796903;NaN;NaN;NaN;NaN;0.0096048381;NaN;NaN
67.7700073714;NaN;NaN;-0.5352711136;NaN;NaN;NaN;NaN;0.0096048381;NaN;NaN
67.7800073703;NaN;NaN;-0.5530796903;NaN;NaN;NaN;NaN;0.0086049321;NaN;NaN
67.7900073692;NaN;NaN;-0.5530796903;NaN;NaN;NaN;NaN;0.0086049321;NaN;NaN
67.8000073681;NaN;NaN;-0.5530796903;NaN;NaN;NaN;NaN;0.0086049321;NaN;NaN
67.8100073670;NaN;NaN;-0.5530586773;NaN;NaN;NaN;NaN;0.0086049321;NaN;NaN
67.8200073659;NaN;NaN;-0.5530796903;NaN;NaN;NaN;NaN;0.0086049321;NaN;NaN
67.8300073649;NaN;NaN;-0.5530796903;NaN;NaN;NaN;NaN;0.0086049321;NaN;NaN
67.8400073638;NaN;NaN;-0.5352710919;NaN;NaN;NaN;NaN;0.0086049321;NaN;NaN
67.8500073627;NaN;NaN;-0.5352710889;NaN;NaN;NaN;NaN;0.0086049321;NaN;NaN
67.8600073616;NaN;NaN;-0.5530796903;NaN;NaN;NaN;NaN;0.0086049321;NaN;NaN
67.8700073605;NaN;NaN;-0.5530796903;NaN;NaN;NaN;NaN;0.0086049321;NaN;NaN
67.8800073594;NaN;NaN;-0.5352710796;NaN;NaN;NaN;NaN;0.0086049321;NaN;NaN
67.8900073584;NaN;NaN;-0.5530796903;NaN;NaN;NaN;NaN;0.0086049321;NaN;NaN
67.9000073573;NaN;NaN;-0.5530796903;NaN;NaN;NaN;NaN;0.0086049321;NaN;NaN
67.9100073562;NaN;NaN;-0.5530796903;NaN;NaN;NaN;NaN;0.0086049321;NaN;NaN
67.9200073551;NaN;NaN;-0.5530560889;NaN;NaN;NaN;NaN;0.0086049321;NaN;NaN
67.9300073540;NaN;NaN;-0.5530796903;NaN;NaN;NaN;NaN;0.0086049321;NaN;NaN
67.9400073529;NaN;NaN;-0.5352710611;NaN;NaN;NaN;NaN;0.0086049321;NaN;NaN
67.9500073519;NaN;NaN;-0.5530796903;NaN;NaN;NaN;NaN;0.0086049321;NaN;NaN
67.9600073508;NaN;NaN;-0.5530796903;NaN;NaN;NaN;NaN;0.0086049321;NaN;NaN
67.9700073497;NaN;NaN;-0.5530796903;NaN;NaN;NaN;NaN;0.0086049321;NaN;NaN
67.9800073486;NaN;NaN;-0.5352500881;NaN;NaN;NaN;NaN;0.0086049321;NaN;NaN
67.9900073475;NaN;NaN;-0.5352710457;NaN;NaN;NaN;NaN;0.0086049321;NaN;NaN
68.0000073465;NaN;NaN;-0.5352710426;NaN;NaN;NaN;NaN;0.0086049321;NaN;NaN
68.0100073454;NaN;NaN;-0.5530587390;NaN;NaN;NaN;NaN;0.0086049321;NaN;NaN
68.0200073443;NaN;NaN;-0.5352710364;NaN;NaN;NaN;NaN;0.0086049321;NaN;NaN
68.0300073432;NaN;NaN;-0.5530796903;NaN;NaN;NaN;NaN;0.0086049321;NaN;NaN
68.0400073421;NaN;NaN;-0.5352500881;NaN;NaN;NaN;NaN;0.0086049321;NaN;NaN
68.0500073411;NaN;NaN;-0.5352500881;NaN;NaN;NaN;NaN;0.0086049321;NaN;NaN
68.0600073400;NaN;NaN;-0.5530796903;NaN;NaN;NaN;NaN;0.0086049321;NaN;NaN
68.0700073389;NaN;NaN;-0.5530587574;NaN;NaN;NaN;NaN;0.0086049321;NaN;NaN
68.0800073378;NaN;NaN;-0.5352500881;NaN;NaN;NaN;NaN;0.0086049321;NaN;NaN
68.0900073368;NaN;NaN;-0.5352500881;NaN;NaN;NaN;NaN;0.0086049321;NaN;NaN
68.1000073357;NaN;NaN;-0.5352500881;NaN;NaN;NaN;NaN;0.0086049321;NaN;NaN
68.1100073346;NaN;NaN;-0.5530796903;NaN;NaN;NaN;NaN;0.0086049321;NaN;NaN
68.1200073335;NaN;NaN;-0.5352500881;NaN;NaN;NaN;NaN;0.0086049321;NaN;NaN
68.1300073325;NaN;NaN;-0.5530796903;NaN;NaN;NaN;NaN;0.0086049321;NaN;NaN
68.1400073314;NaN;NaN;-0.5352500881;NaN;NaN;NaN;NaN;0.0086049321;NaN;NaN
68.1500073303;NaN;NaN;-0.5352500881;NaN;NaN;NaN;NaN;0.0086049321;NaN;NaN
68.1600073292;NaN;NaN;-0.5530587850;NaN;NaN;NaN;NaN;0.0086049321;NaN;NaN
68.1700073282;NaN;NaN;-0.5530587881;NaN;NaN;NaN;NaN;0.0086049321;NaN;NaN
68.1800073271;NaN;NaN;-0.5352500881;NaN;NaN;NaN;NaN;0.0086049321;NaN;NaN
68.1900073260;NaN;NaN;-0.5352500881;NaN;NaN;NaN;NaN;0.0086049321;NaN;NaN
68.2000073249;NaN;NaN;-0.5352500881;NaN;NaN;NaN;NaN;0.0086049321;NaN;NaN
68.2100073239;NaN;NaN;-0.5352500881;NaN;NaN;NaN;NaN;0.0086049321;NaN;NaN
68.2200073228;NaN;NaN;-0.5352500881;NaN;NaN;NaN;NaN;0.0086049321;NaN;NaN
68.2300073217;NaN;NaN;-0.5352500881;NaN;NaN;NaN;NaN;0.0086049321;NaN;NaN
68.2400073206;NaN;NaN;-0.5530588095;NaN;NaN;NaN;NaN;0.0086049321;NaN;NaN
68.2500073196;NaN;NaN;-0.5352292104;NaN;NaN;NaN;NaN;0.0086049321;NaN;NaN
68.2600073185;NaN;NaN;-0.5352500881;NaN;NaN;NaN;NaN;0.0086049321;NaN;NaN
68.2700073174;NaN;NaN;-0.5352500881;NaN;NaN;NaN;NaN;0.0086049321;NaN;NaN
68.2800073164;NaN;NaN;-0.5352500881;NaN;NaN;NaN;NaN;0.0086049321;NaN;NaN
68.2900073153;NaN;NaN;-0.5352500881;NaN;NaN;NaN;NaN;0.0086049321;NaN;NaN
68.3000073142;NaN;NaN;-0.5352500881;NaN;NaN;NaN;NaN;0.0086049321;NaN;NaN
68.3100073131;NaN;NaN;-0.5352500881;NaN;NaN;NaN;NaN;0.0086049321;NaN;NaN
68.3200073121;NaN;NaN;-0.5352500881;NaN;NaN;NaN;NaN;0.0086049321;NaN;NaN
68.3300073110;NaN;NaN;-0.5352500881;NaN;NaN;NaN;NaN;0.0086049321;NaN;NaN
68.3400073099;NaN;NaN;-0.5352500881;NaN;NaN;NaN;NaN;0.0086049321;NaN;NaN
68.3500073089;NaN;NaN;-0.5352500881;NaN;NaN;NaN;NaN;0.0086049321;NaN;NaN
68.3600073078;NaN;NaN;-0.5352500881;NaN;NaN;NaN;NaN;0.0086049321;NaN;NaN
68.3700073067;NaN;NaN;-0.5352500881;NaN;NaN;NaN;NaN;0.0086049321;NaN;NaN
68.3800073057;NaN;NaN;-0.5352500881;NaN;NaN;NaN;NaN;0.0086049321;NaN;NaN
68.3900073046;NaN;NaN;-0.5352500881;NaN;NaN;NaN;NaN;0.0086049321;NaN;NaN
68.4000073035;NaN;NaN;-0.5174413180;NaN;NaN;NaN;NaN;0.0086049321;NaN;NaN
68.4100073025;NaN;NaN;-0.5352500881;NaN;NaN;NaN;NaN;0.0086049321;NaN;NaN
68.4200073014;NaN;NaN;-0.5174413119;NaN;NaN;NaN;NaN;0.0086049321;NaN;NaN
68.4300073003;NaN;NaN;-0.5352500881;NaN;NaN;NaN;NaN;0.0086049321;NaN;NaN
68.4400072993;NaN;NaN;-0.5352500881;NaN;NaN;NaN;NaN;0.0086049321;NaN;NaN
68.4500072982;NaN;NaN;-0.5352500881;NaN;NaN;NaN;NaN;0.0086049321;NaN;NaN
68.4600072971;NaN;NaN;-0.5352500881;NaN;NaN;NaN;NaN;0.0086049321;NaN;NaN
68.4700072961;NaN;NaN;-0.5174412967;NaN;NaN;NaN;NaN;0.0086049321;NaN;NaN
68.4800072950;NaN;NaN;-0.5352500881;NaN;NaN;NaN;NaN;0.0086049321;NaN;NaN
68.4900072939;NaN;NaN;-0.5352500881;NaN;NaN;NaN;NaN;0.0086049321;NaN;NaN
68.5000072929;NaN;NaN;-0.5174412876;NaN;NaN;NaN;NaN;0.0086049321;NaN;NaN
68.5100072918;NaN;NaN;-0.5352500881;NaN;NaN;NaN;NaN;0.0086049321;NaN;NaN
68.5200072908;NaN;NaN;-0.5174204860;NaN;NaN;NaN;NaN;0.0076050340;NaN;NaN
68.5300072897;NaN;NaN;-0.5174204860;NaN;NaN;NaN;NaN;0.0076050340;NaN;NaN
68.5400072886;NaN;NaN;-0.5174204860;NaN;NaN;NaN;NaN;0.0076050340;NaN;NaN
68.5500072876;NaN;NaN;-0.5174204860;NaN;NaN;NaN;NaN;0.0076050340;NaN;NaN
68.5600072865;NaN;NaN;-0.5174204860;NaN;NaN;NaN;NaN;0.0076050340;NaN;NaN
68.5700072854;NaN;NaN;-0.5174204860;NaN;NaN;NaN;NaN;0.0076050340;NaN;NaN
68.5800072844;NaN;NaN;-0.5174204860;NaN;NaN;NaN;NaN;0.0076050340;NaN;NaN
68.5900072833;NaN;NaN;-0.5174204860;NaN;NaN;NaN;NaN;0.0076050340;NaN;NaN
68.6000072823;NaN;NaN;-0.5174204860;NaN;NaN;NaN;NaN;0.0076050340;NaN;NaN
68.6100072812;NaN;NaN;-0.5174204860;NaN;NaN;NaN;NaN;0.0076050340;NaN;NaN
68.6200072801;NaN;NaN;-0.5174204860;NaN;NaN;NaN;NaN;0.0076050340;NaN;NaN
68.6300072791;NaN;NaN;-0.5174204860;NaN;NaN;NaN;NaN;0.0076050340;NaN;NaN
68.6400072780;NaN;NaN;-0.5174204860;NaN;NaN;NaN;NaN;0.0076050340;NaN;NaN
68.6500072770;NaN;NaN;-0.5174204860;NaN;NaN;NaN;NaN;0.0076050340;NaN;NaN
68.6600072759;NaN;NaN;-0.5174204860;NaN;NaN;NaN;NaN;0.0076050340;NaN;NaN
68.6700072748;NaN;NaN;-0.5174204860;NaN;NaN;NaN;NaN;0.0076050340;NaN;NaN
68.6800072738;NaN;NaN;-0.5174204860;NaN;NaN;NaN;NaN;0.0076050340;NaN;NaN
68.6900072727;NaN;NaN;-0.5174204860;NaN;NaN;NaN;NaN;0.0076050340;NaN;NaN
68.7000072717;NaN;NaN;-0.5174204860;NaN;NaN;NaN;NaN;0.0076050340;NaN;NaN
68.7100072706;NaN;NaN;-0.5174204860;NaN;NaN;NaN;NaN;0.0076050340;NaN;NaN
68.7200072696;NaN;NaN;-0.5174204860;NaN;NaN;NaN;NaN;0.0066051380;NaN;NaN
68.7300072685;NaN;NaN;-0.5174204860;NaN;NaN;NaN;NaN;0.0066051380;NaN;NaN
68.7400072674;NaN;NaN;-0.5173997569;NaN;NaN;NaN;NaN;0.0066051380;NaN;NaN
68.7500072664;NaN;NaN;-0.5174204860;NaN;NaN;NaN;NaN;0.0066051380;NaN;NaN
68.7600072653;NaN;NaN;-0.5174204860;NaN;NaN;NaN;NaN;0.0066051380;NaN;NaN
68.7700072643;NaN;NaN;-0.5174204860;NaN;NaN;NaN;NaN;0.0066051380;NaN;NaN
68.7800072632;NaN;NaN;-0.5174204860;NaN;NaN;NaN;NaN;0.0066051380;NaN;NaN
68.7900072622;NaN;NaN;-0.5174204860;NaN;NaN;NaN;NaN;0.0066051380;NaN;NaN
68.8000072611;NaN;NaN;-0.4996115948;NaN;NaN;NaN;NaN;0.0066051380;NaN;NaN
68.8100072601;NaN;NaN;-0.5174204860;NaN;NaN;NaN;NaN;0.0066051380;NaN;NaN
68.8200072590;NaN;NaN;-0.5174204860;NaN;NaN;NaN;NaN;0.0066051380;NaN;NaN
68.8300072579;NaN;NaN;-0.4995908838;NaN;NaN;NaN;NaN;0.0066051380;NaN;NaN
68.8400072569;NaN;NaN;-0.4995908838;NaN;NaN;NaN;NaN;0.0066051380;NaN;NaN
68.8500072558;NaN;NaN;-0.5173997900;NaN;NaN;NaN;NaN;0.0066051380;NaN;NaN
68.8600072548;NaN;NaN;-0.5174204860;NaN;NaN;NaN;NaN;0.0066051380;NaN;NaN
68.8700072537;NaN;NaN;-0.4996115738;NaN;NaN;NaN;NaN;0.0066051380;NaN;NaN
68.8800072527;NaN;NaN;-0.4996477685;NaN;NaN;NaN;NaN;0.0066051380;NaN;NaN
68.8800174014;NaN;NaN;-0.4995908838;NaN;NaN;NaN;NaN;0.0056050987;NaN;NaN
68.8900087007;NaN;NaN;-0.4995908838;NaN;NaN;NaN;NaN;0.0056050987;NaN;NaN
68.9100072495;NaN;NaN;-0.4995908838;NaN;NaN;NaN;NaN;0.0056050987;NaN;NaN
68.9200072485;NaN;NaN;-0.4995908838;NaN;NaN;NaN;NaN;0.0056050987;NaN;NaN
68.9300072474;NaN;NaN;-0.4995908838;NaN;NaN;NaN;NaN;0.0056050987;NaN;NaN
68.9400072464;NaN;NaN;-0.4995908838;NaN;NaN;NaN;NaN;0.0056050987;NaN;NaN
68.9500072453;NaN;NaN;-0.4995908838;NaN;NaN;NaN;NaN;0.0056050987;NaN;NaN
68.9600072443;NaN;NaN;-0.4995908838;NaN;NaN;NaN;NaN;0.0056050987;NaN;NaN
68.9700072432;NaN;NaN;-0.5173998259;NaN;NaN;NaN;NaN;0.0056050987;NaN;NaN
68.9800072422;NaN;NaN;-0.4995908838;NaN;NaN;NaN;NaN;0.0056050987;NaN;NaN
68.9900072411;NaN;NaN;-0.4995702297;NaN;NaN;NaN;NaN;0.0056050987;NaN;NaN
69.0000072401;NaN;NaN;-0.4995908838;NaN;NaN;NaN;NaN;0.0056050987;NaN;NaN
69.0100072390;NaN;NaN;-0.4995908838;NaN;NaN;NaN;NaN;0.0056050987;NaN;NaN
69.0200072380;NaN;NaN;-0.4995908838;NaN;NaN;NaN;NaN;0.0056050987;NaN;NaN
69.0300072369;NaN;NaN;-0.4995702417;NaN;NaN;NaN;NaN;0.0056050987;NaN;NaN
69.0400072359;NaN;NaN;-0.4995908838;NaN;NaN;NaN;NaN;0.0056050987;NaN;NaN
69.0500072348;NaN;NaN;-0.4995908838;NaN;NaN;NaN;NaN;0.0056050987;NaN;NaN
69.0600072338;NaN;NaN;-0.4817612816;NaN;NaN;NaN;NaN;0.0056050987;NaN;NaN
69.0700072327;NaN;NaN;-0.4995908838;NaN;NaN;NaN;NaN;0.0056050987;NaN;NaN
69.0800072317;NaN;NaN;-0.4995908838;NaN;NaN;NaN;NaN;0.0056050987;NaN;NaN
69.0900072307;NaN;NaN;-0.4995908838;NaN;NaN;NaN;NaN;0.0056050987;NaN;NaN
69.1000072296;NaN;NaN;-0.4995908838;NaN;NaN;NaN;NaN;0.0056050987;NaN;NaN
69.1100072286;NaN;NaN;-0.4817612816;NaN;NaN;NaN;NaN;0.0056050987;NaN;NaN
69.1200072275;NaN;NaN;-0.4995908838;NaN;NaN;NaN;NaN;0.0056050987;NaN;NaN
69.1300072265;NaN;NaN;-0.4995908838;NaN;NaN;NaN;NaN;0.0056050987;NaN;NaN
69.1400072254;NaN;NaN;-0.4906641682;NaN;NaN;NaN;NaN;0.0056050987;NaN;NaN
69.1500072244;NaN;NaN;-0.4817844637;NaN;NaN;NaN;NaN;0.0056050987;NaN;NaN
69.1600072233;NaN;NaN;-0.4995908838;NaN;NaN;NaN;NaN;0.0056050987;NaN;NaN
69.1700072223;NaN;NaN;-0.4817818819;NaN;NaN;NaN;NaN;0.0056050987;NaN;NaN
69.1800072213;NaN;NaN;-0.4995908838;NaN;NaN;NaN;NaN;0.0056050987;NaN;NaN
69.1900072202;NaN;NaN;-0.4995908838;NaN;NaN;NaN;NaN;0.0056050987;NaN;NaN
69.2000072192;NaN;NaN;-0.4995908838;NaN;NaN;NaN;NaN;0.0056050987;NaN;NaN
69.2100072181;NaN;NaN;-0.4817818700;NaN;NaN;NaN;NaN;0.0056050987;NaN;NaN
69.2200072171;NaN;NaN;-0.4995908838;NaN;NaN;NaN;NaN;0.0056050987;NaN;NaN
69.2300072160;NaN;NaN;-0.4817818641;NaN;NaN;NaN;NaN;0.0056050987;NaN;NaN
69.2400072150;NaN;NaN;-0.4995703042;NaN;NaN;NaN;NaN;0.0056050987;NaN;NaN
69.2500072140;NaN;NaN;-0.4995908838;NaN;NaN;NaN;NaN;0.0056050987;NaN;NaN
69.2600072129;NaN;NaN;-0.4995908838;NaN;NaN;NaN;NaN;0.0056050987;NaN;NaN
69.2700072119;NaN;NaN;-0.4995908838;NaN;NaN;NaN;NaN;0.0056050987;NaN;NaN
69.2800072108;NaN;NaN;-0.4995908838;NaN;NaN;NaN;NaN;0.0056050987;NaN;NaN
69.2900072098;NaN;NaN;-0.4995703191;NaN;NaN;NaN;NaN;0.0056050987;NaN;NaN
69.3000072088;NaN;NaN;-0.4995703220;NaN;NaN;NaN;NaN;0.0056050987;NaN;NaN
69.3100072077;NaN;NaN;-0.4817818404;NaN;NaN;NaN;NaN;0.0046052090;NaN;NaN
69.3200072067;NaN;NaN;-0.4995908838;NaN;NaN;NaN;NaN;0.0046052090;NaN;NaN
69.3300072056;NaN;NaN;-0.4817818344;NaN;NaN;NaN;NaN;0.0046052090;NaN;NaN
69.3400072046;NaN;NaN;-0.4817818315;NaN;NaN;NaN;NaN;0.0046052090;NaN;NaN
69.3500072036;NaN;NaN;-0.4995908838;NaN;NaN;NaN;NaN;0.0046052090;NaN;NaN
69.3600072025;NaN;NaN;-0.5173999420;NaN;NaN;NaN;NaN;0.0046052090;NaN;NaN
69.3700072015;NaN;NaN;-0.4995908838;NaN;NaN;NaN;NaN;0.0046052090;NaN;NaN
69.3800072005;NaN;NaN;-0.4817818196;NaN;NaN;NaN;NaN;0.0046052090;NaN;NaN
69.3900071994;NaN;NaN;-0.4817612816;NaN;NaN;NaN;NaN;0.0046052090;NaN;NaN
69.4000071984;NaN;NaN;-0.4817612816;NaN;NaN;NaN;NaN;0.0046052090;NaN;NaN
69.4100071974;NaN;NaN;-0.4817818108;NaN;NaN;NaN;NaN;0.0046052090;NaN;NaN
69.4200071963;NaN;NaN;-0.4995703575;NaN;NaN;NaN;NaN;0.0046052090;NaN;NaN
69.4300071953;NaN;NaN;-0.4995703605;NaN;NaN;NaN;NaN;0.0046052090;NaN;NaN
69.4400071942;NaN;NaN;-0.4817818019;NaN;NaN;NaN;NaN;0.0046052090;NaN;NaN
69.4500071932;NaN;NaN;-0.4817817989;NaN;NaN;NaN;NaN;0.0046052090;NaN;NaN
69.4600071922;NaN;NaN;-0.4817612816;NaN;NaN;NaN;NaN;0.0046052090;NaN;NaN
69.4700071911;NaN;NaN;-0.4995703723;NaN;NaN;NaN;NaN;0.0046052090;NaN;NaN
69.4800071901;NaN;NaN;-0.4817612816;NaN;NaN;NaN;NaN;0.0046052090;NaN;NaN
69.4900071891;NaN;NaN;-0.4817612816;NaN;NaN;NaN;NaN;0.0046052090;NaN;NaN
69.5000071880;NaN;NaN;-0.4817612816;NaN;NaN;NaN;NaN;0.0046052090;NaN;NaN
69.5100071870;NaN;NaN;-0.4817612816;NaN;NaN;NaN;NaN;0.0046052090;NaN;NaN
69.5200071860;NaN;NaN;-0.4817612816;NaN;NaN;NaN;NaN;0.0046052090;NaN;NaN
69.5300071849;NaN;NaN;-0.4817407878;NaN;NaN;NaN;NaN;0.0046052090;NaN;NaN
69.5400071839;NaN;NaN;-0.4817612816;NaN;NaN;NaN;NaN;0.0046052090;NaN;NaN
69.5500071829;NaN;NaN;-0.4817612816;NaN;NaN;NaN;NaN;0.0046052090;NaN;NaN
69.5600071818;NaN;NaN;-0.4817612816;NaN;NaN;NaN;NaN;0.0046052090;NaN;NaN
69.5700071808;NaN;NaN;-0.4817612816;NaN;NaN;NaN;NaN;0.0046052090;NaN;NaN
69.5700172290;NaN;NaN;-0.4817356827;NaN;NaN;NaN;NaN;0.0046052090;NaN;NaN
69.5800086145;NaN;NaN;-0.4639316794;NaN;NaN;NaN;NaN;0.0046052090;NaN;NaN
69.6000071777;NaN;NaN;-0.4817612816;NaN;NaN;NaN;NaN;0.0046052090;NaN;NaN
69.6100071767;NaN;NaN;-0.4639316794;NaN;NaN;NaN;NaN;0.0046052090;NaN;NaN
69.6200071757;NaN;NaN;-0.4817408142;NaN;NaN;NaN;NaN;0.0046052090;NaN;NaN
69.6300071746;NaN;NaN;-0.4639316794;NaN;NaN;NaN;NaN;0.0046052090;NaN;NaN
69.6400071736;NaN;NaN;-0.4639316794;NaN;NaN;NaN;NaN;0.0046052090;NaN;NaN
69.6500071726;NaN;NaN;-0.4639316794;NaN;NaN;NaN;NaN;0.0046052090;NaN;NaN
69.6600071715;NaN;NaN;-0.4639316794;NaN;NaN;NaN;NaN;0.0046052090;NaN;NaN
69.6700071705;NaN;NaN;-0.4817408289;NaN;NaN;NaN;NaN;0.0046052090;NaN;NaN
69.6800071695;NaN;NaN;-0.4817612816;NaN;NaN;NaN;NaN;0.0046052090;NaN;NaN
69.6900071685;NaN;NaN;-0.4639316794;NaN;NaN;NaN;NaN;0.0046052090;NaN;NaN
69.7000071674;NaN;NaN;-0.4639316794;NaN;NaN;NaN;NaN;0.0046052090;NaN;NaN
69.7100071664;NaN;NaN;-0.4639316794;NaN;NaN;NaN;NaN;0.0046052090;NaN;NaN
69.7200071654;NaN;NaN;-0.4639521174;NaN;NaN;NaN;NaN;0.0046052090;NaN;NaN
69.7300071644;NaN;NaN;-0.4817408465;NaN;NaN;NaN;NaN;0.0046052090;NaN;NaN
69.7400071633;NaN;NaN;-0.4639316794;NaN;NaN;NaN;NaN;0.0046052090;NaN;NaN
69.7500071623;NaN;NaN;-0.4639316794;NaN;NaN;NaN;NaN;0.0046052090;NaN;NaN
69.7500171846;NaN;NaN;-0.4639572122;NaN;NaN;NaN;NaN;0.0046052090;NaN;NaN
69.7600085923;NaN;NaN;-0.4817612816;NaN;NaN;NaN;NaN;0.0046052090;NaN;NaN
69.7800071592;NaN;NaN;-0.4817612816;NaN;NaN;NaN;NaN;0.0046052090;NaN;NaN
69.7900071582;NaN;NaN;-0.4817408640;NaN;NaN;NaN;NaN;0.0046052090;NaN;NaN
69.8000071572;NaN;NaN;-0.4639520940;NaN;NaN;NaN;NaN;0.0046052090;NaN;NaN
69.8100071561;NaN;NaN;-0.4817612816;NaN;NaN;NaN;NaN;0.0046052090;NaN;NaN
69.8200071551;NaN;NaN;-0.4817408728;NaN;NaN;NaN;NaN;0.0046052090;NaN;NaN
69.8300071541;NaN;NaN;-0.4639316794;NaN;NaN;NaN;NaN;0.0046052090;NaN;NaN
69.8400071531;NaN;NaN;-0.4817612816;NaN;NaN;NaN;NaN;0.0046052090;NaN;NaN
69.8500071521;NaN;NaN;-0.4817612816;NaN;NaN;NaN;NaN;0.0046052090;NaN;NaN
69.8600071510;NaN;NaN;-0.4817612816;NaN;NaN;NaN;NaN;0.0046052090;NaN;NaN
69.8700071500;NaN;NaN;-0.4639520735;NaN;NaN;NaN;NaN;0.0046052090;NaN;NaN
69.8800071490;NaN;NaN;-0.4639316794;NaN;NaN;NaN;NaN;0.0046052090;NaN;NaN
69.8900071480;NaN;NaN;-0.4639316794;NaN;NaN;NaN;NaN;0.0046052090;NaN;NaN
69.9000071469;NaN;NaN;-0.4639520648;NaN;NaN;NaN;NaN;0.0046052090;NaN;NaN
69.9100071459;NaN;NaN;-0.4639520619;NaN;NaN;NaN;NaN;0.0046052090;NaN;NaN
69.9200071449;NaN;NaN;-0.4639316794;NaN;NaN;NaN;NaN;0.0046052090;NaN;NaN
69.9300071439;NaN;NaN;-0.4639520561;NaN;NaN;NaN;NaN;0.0046052090;NaN;NaN
69.9400071429;NaN;NaN;-0.4639520532;NaN;NaN;NaN;NaN;0.0046052090;NaN;NaN
69.9500071418;NaN;NaN;-0.4639520502;NaN;NaN;NaN;NaN;0.0046052090;NaN;NaN
69.9600071408;NaN;NaN;-0.4639316794;NaN;NaN;NaN;NaN;0.0046052090;NaN;NaN
69.9700071398;NaN;NaN;-0.4817612816;NaN;NaN;NaN;NaN;0.0046052090;NaN;NaN
69.9800071388;NaN;NaN;-0.4817409194;NaN;NaN;NaN;NaN;0.0046052090;NaN;NaN
69.9900071378;NaN;NaN;-0.4817409223;NaN;NaN;NaN;NaN;0.0046052090;NaN;NaN
70.0000071367;NaN;NaN;-0.4639316794;NaN;NaN;NaN;NaN;0.0046052090;NaN;NaN
70.0100071357;NaN;NaN;-0.4639520328;NaN;NaN;NaN;NaN;0.0046052090;NaN;NaN
70.0200071347;NaN;NaN;-0.4639316794;NaN;NaN;NaN;NaN;0.0046052090;NaN;NaN
70.0300071337;NaN;NaN;-0.4639520270;NaN;NaN;NaN;NaN;0.0046052090;NaN;NaN
70.0400071327;NaN;NaN;-0.4639520241;NaN;NaN;NaN;NaN;0.0046052090;NaN;NaN
70.0500071317;NaN;NaN;-0.4639316794;NaN;NaN;NaN;NaN;0.0046052090;NaN;NaN
70.0600071306;NaN;NaN;-0.4817612816;NaN;NaN;NaN;NaN;0.0046052090;NaN;NaN
70.0700071296;NaN;NaN;-0.4639520154;NaN;NaN;NaN;NaN;0.0046052090;NaN;NaN
70.0800071286;NaN;NaN;-0.4817612816;NaN;NaN;NaN;NaN;0.0046052090;NaN;NaN
70.0900071276;NaN;NaN;-0.4817612816;NaN;NaN;NaN;NaN;0.0046052090;NaN;NaN
70.1000071266;NaN;NaN;-0.4639520067;NaN;NaN;NaN;NaN;0.0046052090;NaN;NaN
70.1100071256;NaN;NaN;-0.4639316794;NaN;NaN;NaN;NaN;0.0046052090;NaN;NaN
70.1200071245;NaN;NaN;-0.4817409600;NaN;NaN;NaN;NaN;0.0046052090;NaN;NaN
70.1300071235;NaN;NaN;-0.4817409629;NaN;NaN;NaN;NaN;0.0046052090;NaN;NaN
70.1400071225;NaN;NaN;-0.4817612816;NaN;NaN;NaN;NaN;0.0046052090;NaN;NaN
70.1500071215;NaN;NaN;-0.4817612816;NaN;NaN;NaN;NaN;0.0046052090;NaN;NaN
70.1600071205;NaN;NaN;-0.4817409716;NaN;NaN;NaN;NaN;0.0046052090;NaN;NaN
70.1700071195;NaN;NaN;-0.4639316794;NaN;NaN;NaN;NaN;0.0046052090;NaN;NaN
70.1800071185;NaN;NaN;-0.4639316794;NaN;NaN;NaN;NaN;0.0046052090;NaN;NaN
70.1900071174;NaN;NaN;-0.4639519807;NaN;NaN;NaN;NaN;0.0046052090;NaN;NaN
70.2000071164;NaN;NaN;-0.4639519778;NaN;NaN;NaN;NaN;0.0046052090;NaN;NaN
70.2100071154;NaN;NaN;-0.4817409861;NaN;NaN;NaN;NaN;0.0046052090;NaN;NaN
70.2200071144;NaN;NaN;-0.4639519720;NaN;NaN;NaN;NaN;0.0046052090;NaN;NaN
70.2300071134;NaN;NaN;-0.4817409918;NaN;NaN;NaN;NaN;0.0046052090;NaN;NaN
70.2400071124;NaN;NaN;-0.4639316794;NaN;NaN;NaN;NaN;0.0046052090;NaN;NaN
70.2500071114;NaN;NaN;-0.4817409976;NaN;NaN;NaN;NaN;0.0046052090;NaN;NaN
70.2600071104;NaN;NaN;-0.4639316794;NaN;NaN;NaN;NaN;0.0046052090;NaN;NaN
70.2700071093;NaN;NaN;-0.4639519576;NaN;NaN;NaN;NaN;0.0046052090;NaN;NaN
70.2800071083;NaN;NaN;-0.4817410063;NaN;NaN;NaN;NaN;0.0046052090;NaN;NaN
70.2900071073;NaN;NaN;-0.4639519518;NaN;NaN;NaN;NaN;0.0046052090;NaN;NaN
70.3000071063;NaN;NaN;-0.4639316794;NaN;NaN;NaN;NaN;0.0046052090;NaN;NaN
70.3100071053;NaN;NaN;-0.4817612816;NaN;NaN;NaN;NaN;0.0046052090;NaN;NaN
70.3200071043;NaN;NaN;-0.4639316794;NaN;NaN;NaN;NaN;0.0046052090;NaN;NaN
70.3300071033;NaN;NaN;-0.4639316794;NaN;NaN;NaN;NaN;0.0046052090;NaN;NaN
70.3400071023;NaN;NaN;-0.4817410235;NaN;NaN;NaN;NaN;0.0046052090;NaN;NaN
70.3500071013;NaN;NaN;-0.4817410264;NaN;NaN;NaN;NaN;0.0046052090;NaN;NaN
70.3600071003;NaN;NaN;-0.4728581886;NaN;NaN;NaN;NaN;0.0046052090;NaN;NaN
70.3700070992;NaN;NaN;-0.4817612816;NaN;NaN;NaN;NaN;0.0046052090;NaN;NaN
70.3800070982;NaN;NaN;-0.4817385042;NaN;NaN;NaN;NaN;0.0046052090;NaN;NaN
70.3900070972;NaN;NaN;-0.4639519230;NaN;NaN;NaN;NaN;0.0046052090;NaN;NaN
70.4000070962;NaN;NaN;-0.4817612816;NaN;NaN;NaN;NaN;0.0046052090;NaN;NaN
70.4100070952;NaN;NaN;-0.4817612816;NaN;NaN;NaN;NaN;0.0046052090;NaN;NaN
70.4200070942;NaN;NaN;-0.4639519144;NaN;NaN;NaN;NaN;0.0046052090;NaN;NaN
70.4300070932;NaN;NaN;-0.4639316794;NaN;NaN;NaN;NaN;0.0046052090;NaN;NaN
70.4400070922;NaN;NaN;-0.4639316794;NaN;NaN;NaN;NaN;0.0046052090;NaN;NaN
70.4500070912;NaN;NaN;-0.4817410551;NaN;NaN;NaN;NaN;0.0046052090;NaN;NaN
70.4600070902;NaN;NaN;-0.4817410580;NaN;NaN;NaN;NaN;0.0046052090;NaN;NaN
70.4700070892;NaN;NaN;-0.4639519001;NaN;NaN;NaN;NaN;0.0046052090;NaN;NaN
70.4800070882;NaN;NaN;-0.4639316794;NaN;NaN;NaN;NaN;0.0046052090;NaN;NaN
70.4900070872;NaN;NaN;-0.4817612816;NaN;NaN;NaN;NaN;0.0046052090;NaN;NaN
70.5000070862;NaN;NaN;-0.4639518915;NaN;NaN;NaN;NaN;0.0046052090;NaN;NaN
70.5100070852;NaN;NaN;-0.4817410723;NaN;NaN;NaN;NaN;0.0046052090;NaN;NaN
70.5200070842;NaN;NaN;-0.4639518858;NaN;NaN;NaN;NaN;0.0046052090;NaN;NaN
70.5300070832;NaN;NaN;-0.4817612816;NaN;NaN;NaN;NaN;0.0046052090;NaN;NaN
70.5400070822;NaN;NaN;-0.4817612816;NaN;NaN;NaN;NaN;0.0046052090;NaN;NaN
70.5500070811;NaN;NaN;-0.4817612816;NaN;NaN;NaN;NaN;0.0046052090;NaN;NaN
70.5600070801;NaN;NaN;-0.4639518743;NaN;NaN;NaN;NaN;0.0046052090;NaN;NaN
70.5700070791;NaN;NaN;-0.4817612816;NaN;NaN;NaN;NaN;0.0046052090;NaN;NaN
70.5800070781;NaN;NaN;-0.4817612816;NaN;NaN;NaN;NaN;0.0046052090;NaN;NaN
70.5900070771;NaN;NaN;-0.4639518657;NaN;NaN;NaN;NaN;0.0046052090;NaN;NaN
70.6000070761;NaN;NaN;-0.4639518629;NaN;NaN;NaN;NaN;0.0046052090;NaN;NaN
70.6100070751;NaN;NaN;-0.4817411009;NaN;NaN;NaN;NaN;0.0046052090;NaN;NaN
70.6200070741;NaN;NaN;-0.4817612816;NaN;NaN;NaN;NaN;0.0046052090;NaN;NaN
70.6300070731;NaN;NaN;-0.4817411066;NaN;NaN;NaN;NaN;0.0046052090;NaN;NaN
70.6400070721;NaN;NaN;-0.4639518515;NaN;NaN;NaN;NaN;0.0046052090;NaN;NaN
70.6500070711;NaN;NaN;-0.4817411123;NaN;NaN;NaN;NaN;0.0046052090;NaN;NaN
70.6600070701;NaN;NaN;-0.4817612816;NaN;NaN;NaN;NaN;0.0046052090;NaN;NaN
70.6700070691;NaN;NaN;-0.4817612816;NaN;NaN;NaN;NaN;0.0046052090;NaN;NaN
70.6800070681;NaN;NaN;-0.4639518401;NaN;NaN;NaN;NaN;0.0046052090;NaN;NaN
70.6900070671;NaN;NaN;-0.4639316794;NaN;NaN;NaN;NaN;0.0046052090;NaN;NaN
70.7000070661;NaN;NaN;-0.4639316794;NaN;NaN;NaN;NaN;0.0046052090;NaN;NaN
70.7100070651;NaN;NaN;-0.4817411294;NaN;NaN;NaN;NaN;0.0046052090;NaN;NaN
70.7200070641;NaN;NaN;-0.4817411323;NaN;NaN;NaN;NaN;0.0046052090;NaN;NaN
70.7300070631;NaN;NaN;-0.4817411351;NaN;NaN;NaN;NaN;0.0046052090;NaN;NaN
70.7400070621;NaN;NaN;-0.4639518230;NaN;NaN;NaN;NaN;0.0046052090;NaN;NaN
70.7500070611;NaN;NaN;-0.4817411408;NaN;NaN;NaN;NaN;0.0046052090;NaN;NaN
70.7600070602;NaN;NaN;-0.4639316794;NaN;NaN;NaN;NaN;0.0046052090;NaN;NaN
70.7700070592;NaN;NaN;-0.4639316794;NaN;NaN;NaN;NaN;0.0046052090;NaN;NaN
70.7800070582;NaN;NaN;-0.4639316794;NaN;NaN;NaN;NaN;0.0046052090;NaN;NaN
70.7900070572;NaN;NaN;-0.4817411522;NaN;NaN;NaN;NaN;0.0046052090;NaN;NaN
70.8000070562;NaN;NaN;-0.4639316794;NaN;NaN;NaN;NaN;0.0046052090;NaN;NaN
70.8100070552;NaN;NaN;-0.4817612816;NaN;NaN;NaN;NaN;0.0046052090;NaN;NaN
70.8200070542;NaN;NaN;-0.4817411607;NaN;NaN;NaN;NaN;0.0046052090;NaN;NaN
70.8300070532;NaN;NaN;-0.4639316794;NaN;NaN;NaN;NaN;0.0046052090;NaN;NaN
70.8400070522;NaN;NaN;-0.4817411664;NaN;NaN;NaN;NaN;0.0046052090;NaN;NaN
70.8500070512;NaN;NaN;-0.4817411692;NaN;NaN;NaN;NaN;0.0046052090;NaN;NaN
70.8600070502;NaN;NaN;-0.4817411721;NaN;NaN;NaN;NaN;0.0046052090;NaN;NaN
70.8700070492;NaN;NaN;-0.4639517861;NaN;NaN;NaN;NaN;0.0046052090;NaN;NaN
70.8800070482;NaN;NaN;-0.4817612816;NaN;NaN;NaN;NaN;0.0046052090;NaN;NaN
70.8900070472;NaN;NaN;-0.4817612816;NaN;NaN;NaN;NaN;0.0046052090;NaN;NaN
70.9000070462;NaN;NaN;-0.4817612816;NaN;NaN;NaN;NaN;0.0046052090;NaN;NaN
70.9100070452;NaN;NaN;-0.4639316794;NaN;NaN;NaN;NaN;0.0046052090;NaN;NaN
70.9200070442;NaN;NaN;-0.4817612816;NaN;NaN;NaN;NaN;0.0046052090;NaN;NaN
70.9300070432;NaN;NaN;-0.4817612816;NaN;NaN;NaN;NaN;0.0046052090;NaN;NaN
70.9400070423;NaN;NaN;-0.4817612816;NaN;NaN;NaN;NaN;0.0046052090;NaN;NaN
70.9500070413;NaN;NaN;-0.4817612816;NaN;NaN;NaN;NaN;0.0046052090;NaN;NaN
70.9600070403;NaN;NaN;-0.4639316794;NaN;NaN;NaN;NaN;0.0046052090;NaN;NaN
70.9700070393;NaN;NaN;-0.4639116010;NaN;NaN;NaN;NaN;0.0046052090;NaN;NaN
70.9800070383;NaN;NaN;-0.4550284842;NaN;NaN;NaN;NaN;0.0046052090;NaN;NaN
70.9900070373;NaN;NaN;-0.4639316794;NaN;NaN;NaN;NaN;0.0046052090;NaN;NaN
71.0000070363;NaN;NaN;-0.4817387029;NaN;NaN;NaN;NaN;0.0046052090;NaN;NaN
71.0100070353;NaN;NaN;-0.4639316794;NaN;NaN;NaN;NaN;0.0046052090;NaN;NaN
71.0200070343;NaN;NaN;-0.4639316794;NaN;NaN;NaN;NaN;0.0046052090;NaN;NaN
71.0300070333;NaN;NaN;-0.4639316794;NaN;NaN;NaN;NaN;0.0046052090;NaN;NaN
71.0400070323;NaN;NaN;-0.4639517380;NaN;NaN;NaN;NaN;0.0046052090;NaN;NaN
71.0500070314;NaN;NaN;-0.4639316794;NaN;NaN;NaN;NaN;0.0046052090;NaN;NaN
71.0600070304;NaN;NaN;-0.4639316794;NaN;NaN;NaN;NaN;0.0046052090;NaN;NaN
71.0700070294;NaN;NaN;-0.4639316794;NaN;NaN;NaN;NaN;0.0046052090;NaN;NaN
71.0800070284;NaN;NaN;-0.4639316794;NaN;NaN;NaN;NaN;0.0046052090;NaN;NaN
71.0900070274;NaN;NaN;-0.4817612816;NaN;NaN;NaN;NaN;0.0046052090;NaN;NaN
71.1000070264;NaN;NaN;-0.4639316794;NaN;NaN;NaN;NaN;0.0046052090;NaN;NaN
71.1100070254;NaN;NaN;-0.4639316794;NaN;NaN;NaN;NaN;0.0046052090;NaN;NaN
71.1200070244;NaN;NaN;-0.4817412455;NaN;NaN;NaN;NaN;0.0046052090;NaN;NaN
71.1300070235;NaN;NaN;-0.4639517126;NaN;NaN;NaN;NaN;0.0046052090;NaN;NaN
71.1400070225;NaN;NaN;-0.4639316794;NaN;NaN;NaN;NaN;0.0046052090;NaN;NaN
71.1500070215;NaN;NaN;-0.4817412539;NaN;NaN;NaN;NaN;0.0046052090;NaN;NaN
71.1600070205;NaN;NaN;-0.4817412567;NaN;NaN;NaN;NaN;0.0046052090;NaN;NaN
71.1700070195;NaN;NaN;-0.4639316794;NaN;NaN;NaN;NaN;0.0046052090;NaN;NaN
71.1800070185;NaN;NaN;-0.4639316794;NaN;NaN;NaN;NaN;0.0046052090;NaN;NaN
71.1900070175;NaN;NaN;-0.4639316794;NaN;NaN;NaN;NaN;0.0046052090;NaN;NaN
71.2000070166;NaN;NaN;-0.4817412680;NaN;NaN;NaN;NaN;0.0046052090;NaN;NaN
71.2100070156;NaN;NaN;-0.4817412708;NaN;NaN;NaN;NaN;0.0046052090;NaN;NaN
71.2200070146;NaN;NaN;-0.4639316794;NaN;NaN;NaN;NaN;0.0046052090;NaN;NaN
71.2300070136;NaN;NaN;-0.4817412764;NaN;NaN;NaN;NaN;0.0046052090;NaN;NaN
71.2400070126;NaN;NaN;-0.4817412792;NaN;NaN;NaN;NaN;0.0046052090;NaN;NaN
71.2500070116;NaN;NaN;-0.4639316794;NaN;NaN;NaN;NaN;0.0046052090;NaN;NaN
71.2600070107;NaN;NaN;-0.4639316794;NaN;NaN;NaN;NaN;0.0046052090;NaN;NaN
71.2700070097;NaN;NaN;-0.4639316794;NaN;NaN;NaN;NaN;0.0046052090;NaN;NaN
71.2800070087;NaN;NaN;-0.4817612816;NaN;NaN;NaN;NaN;0.0046052090;NaN;NaN
71.2900070077;NaN;NaN;-0.4639316794;NaN;NaN;NaN;NaN;0.0046052090;NaN;NaN
71.3000070067;NaN;NaN;-0.4639316794;NaN;NaN;NaN;NaN;0.0046052090;NaN;NaN
71.3100070057;NaN;NaN;-0.4817412988;NaN;NaN;NaN;NaN;0.0046052090;NaN;NaN
71.3200070048;NaN;NaN;-0.4639316794;NaN;NaN;NaN;NaN;0.0046052090;NaN;NaN
71.3300070038;NaN;NaN;-0.4639316794;NaN;NaN;NaN;NaN;0.0046052090;NaN;NaN
71.3400070028;NaN;NaN;-0.4639516537;NaN;NaN;NaN;NaN;0.0046052090;NaN;NaN
71.3500070018;NaN;NaN;-0.4639316794;NaN;NaN;NaN;NaN;0.0046052090;NaN;NaN
71.3600070008;NaN;NaN;-0.4639316794;NaN;NaN;NaN;NaN;0.0046052090;NaN;NaN
71.3700069999;NaN;NaN;-0.4639316794;NaN;NaN;NaN;NaN;0.0046052090;NaN;NaN
71.3800069989;NaN;NaN;-0.4639316794;NaN;NaN;NaN;NaN;0.0046052090;NaN;NaN
71.3900069979;NaN;NaN;-0.4639316794;NaN;NaN;NaN;NaN;0.0046052090;NaN;NaN
71.4000069969;NaN;NaN;-0.4639316794;NaN;NaN;NaN;NaN;0.0046052090;NaN;NaN
71.4100069959;NaN;NaN;-0.4639516342;NaN;NaN;NaN;NaN;0.0046052090;NaN;NaN
71.4200069950;NaN;NaN;-0.4639516314;NaN;NaN;NaN;NaN;0.0046052090;NaN;NaN
71.4300069940;NaN;NaN;-0.4817413324;NaN;NaN;NaN;NaN;0.0046052090;NaN;NaN
71.4400069930;NaN;NaN;-0.4639516258;NaN;NaN;NaN;NaN;0.0046052090;NaN;NaN
71.4500069920;NaN;NaN;-0.4639316794;NaN;NaN;NaN;NaN;0.0046052090;NaN;NaN
71.4600069911;NaN;NaN;-0.4639316794;NaN;NaN;NaN;NaN;0.0046052090;NaN;NaN
71.4700069901;NaN;NaN;-0.4639316794;NaN;NaN;NaN;NaN;0.0046052090;NaN;NaN
71.4800069891;NaN;NaN;-0.4639316794;NaN;NaN;NaN;NaN;0.0046052090;NaN;NaN
71.4900069881;NaN;NaN;-0.4639316794;NaN;NaN;NaN;NaN;0.0046052090;NaN;NaN
71.5000069871;NaN;NaN;-0.4639316794;NaN;NaN;NaN;NaN;0.0046052090;NaN;NaN
71.5100069862;NaN;NaN;-0.4639316794;NaN;NaN;NaN;NaN;0.0046052090;NaN;NaN
71.5200069852;NaN;NaN;-0.4639316794;NaN;NaN;NaN;NaN;0.0046052090;NaN;NaN
71.5300069842;NaN;NaN;-0.4817413602;NaN;NaN;NaN;NaN;0.0046052090;NaN;NaN
71.5400069832;NaN;NaN;-0.4817612816;NaN;NaN;NaN;NaN;0.0046052090;NaN;NaN
71.5500069823;NaN;NaN;-0.4639316794;NaN;NaN;NaN;NaN;0.0046052090;NaN;NaN
71.5600069813;NaN;NaN;-0.4639316794;NaN;NaN;NaN;NaN;0.0046052090;NaN;NaN
71.5700069803;NaN;NaN;-0.4639316794;NaN;NaN;NaN;NaN;0.0046052090;NaN;NaN
71.5800069793;NaN;NaN;-0.4639316794;NaN;NaN;NaN;NaN;0.0046052090;NaN;NaN
71.5900069784;NaN;NaN;-0.4639316794;NaN;NaN;NaN;NaN;0.0046052090;NaN;NaN
71.6000069774;NaN;NaN;-0.4639092898;NaN;NaN;NaN;NaN;0.0046052090;NaN;NaN
71.6100069764;NaN;NaN;-0.4639316794;NaN;NaN;NaN;NaN;0.0046052090;NaN;NaN
71.6200069754;NaN;NaN;-0.4817612816;NaN;NaN;NaN;NaN;0.0046052090;NaN;NaN
71.6300069745;NaN;NaN;-0.4817413880;NaN;NaN;NaN;NaN;0.0046052090;NaN;NaN
71.6400069735;NaN;NaN;-0.4817413908;NaN;NaN;NaN;NaN;0.0046052090;NaN;NaN
71.6500069725;NaN;NaN;-0.4817413936;NaN;NaN;NaN;NaN;0.0046052090;NaN;NaN
71.6600069716;NaN;NaN;-0.4639316794;NaN;NaN;NaN;NaN;0.0046052090;NaN;NaN
71.6700069706;NaN;NaN;-0.4639316794;NaN;NaN;NaN;NaN;0.0046052090;NaN;NaN
71.6800069696;NaN;NaN;-0.4639316794;NaN;NaN;NaN;NaN;0.0046052090;NaN;NaN
71.6900069686;NaN;NaN;-0.4639316794;NaN;NaN;NaN;NaN;0.0046052090;NaN;NaN
71.7000069677;NaN;NaN;-0.4817414074;NaN;NaN;NaN;NaN;0.0046052090;NaN;NaN
71.7100069667;NaN;NaN;-0.4817612816;NaN;NaN;NaN;NaN;0.0046052090;NaN;NaN
71.7200069657;NaN;NaN;-0.4817414130;NaN;NaN;NaN;NaN;0.0046052090;NaN;NaN
71.7300069648;NaN;NaN;-0.4639515452;NaN;NaN;NaN;NaN;0.0046052090;NaN;NaN
71.7400069638;NaN;NaN;-0.4639316794;NaN;NaN;NaN;NaN;0.0046052090;NaN;NaN
71.7500069628;NaN;NaN;-0.4817612816;NaN;NaN;NaN;NaN;0.0046052090;NaN;NaN
71.7600069618;NaN;NaN;-0.4639316794;NaN;NaN;NaN;NaN;0.0046052090;NaN;NaN
71.7700069609;NaN;NaN;-0.4817612816;NaN;NaN;NaN;NaN;0.0046052090;NaN;NaN
71.7800069599;NaN;NaN;-0.4817612816;NaN;NaN;NaN;NaN;0.0046052090;NaN;NaN
71.7900069589;NaN;NaN;-0.4817612816;NaN;NaN;NaN;NaN;0.0046052090;NaN;NaN
71.8000069580;NaN;NaN;-0.4639316794;NaN;NaN;NaN;NaN;0.0046052090;NaN;NaN
71.8100069570;NaN;NaN;-0.4817414378;NaN;NaN;NaN;NaN;0.0046052090;NaN;NaN
71.8200069560;NaN;NaN;-0.4639515204;NaN;NaN;NaN;NaN;0.0046052090;NaN;NaN
71.8300069551;NaN;NaN;-0.4639515176;NaN;NaN;NaN;NaN;0.0046052090;NaN;NaN
71.8400069541;NaN;NaN;-0.4639316794;NaN;NaN;NaN;NaN;0.0046052090;NaN;NaN
71.8500069531;NaN;NaN;-0.4639316794;NaN;NaN;NaN;NaN;0.0046052090;NaN;NaN
71.8600069522;NaN;NaN;-0.4639316794;NaN;NaN;NaN;NaN;0.0046052090;NaN;NaN
71.8700069512;NaN;NaN;-0.4639316794;NaN;NaN;NaN;NaN;0.0046052090;NaN;NaN
71.8800069502;NaN;NaN;-0.4639316794;NaN;NaN;NaN;NaN;0.0046052090;NaN;NaN
71.8900069493;NaN;NaN;-0.4639316794;NaN;NaN;NaN;NaN;0.0046052090;NaN;NaN
71.9000069483;NaN;NaN;-0.4639514983;NaN;NaN;NaN;NaN;0.0046052090;NaN;NaN
71.9100069473;NaN;NaN;-0.4639514956;NaN;NaN;NaN;NaN;0.0046052090;NaN;NaN
71.9200069464;NaN;NaN;-0.4817612816;NaN;NaN;NaN;NaN;0.0046052090;NaN;NaN
71.9300069454;NaN;NaN;-0.4639316794;NaN;NaN;NaN;NaN;0.0046052090;NaN;NaN
71.9400069444;NaN;NaN;-0.4639514873;NaN;NaN;NaN;NaN;0.0046052090;NaN;NaN
71.9500069435;NaN;NaN;-0.4639514845;NaN;NaN;NaN;NaN;0.0046052090;NaN;NaN
71.9600069425;NaN;NaN;-0.4817414792;NaN;NaN;NaN;NaN;0.0046052090;NaN;NaN
71.9700069416;NaN;NaN;-0.4639316794;NaN;NaN;NaN;NaN;0.0046052090;NaN;NaN
71.9800069406;NaN;NaN;-0.4639514763;NaN;NaN;NaN;NaN;0.0046052090;NaN;NaN
71.9900069396;NaN;NaN;-0.4639514736;NaN;NaN;NaN;NaN;0.0046052090;NaN;NaN
72.0000069387;NaN;NaN;-0.4639514708;NaN;NaN;NaN;NaN;0.0046052090;NaN;NaN
72.0100069377;NaN;NaN;-0.4639514681;NaN;NaN;NaN;NaN;0.0046052090;NaN;NaN
72.0200069367;NaN;NaN;-0.4639514653;NaN;NaN;NaN;NaN;0.0046052090;NaN;NaN
72.0300069358;NaN;NaN;-0.4817414984;NaN;NaN;NaN;NaN;0.0046052090;NaN;NaN
72.0400069348;NaN;NaN;-0.4817415011;NaN;NaN;NaN;NaN;0.0046052090;NaN;NaN
72.0500069339;NaN;NaN;-0.4817612816;NaN;NaN;NaN;NaN;0.0046052090;NaN;NaN
72.0600069329;NaN;NaN;-0.4817415066;NaN;NaN;NaN;NaN;0.0046052090;NaN;NaN
72.0700069319;NaN;NaN;-0.4639316794;NaN;NaN;NaN;NaN;0.0046052090;NaN;NaN
72.0800069310;NaN;NaN;-0.4639316794;NaN;NaN;NaN;NaN;0.0046052090;NaN;NaN
72.0900069300;NaN;NaN;-0.4817415148;NaN;NaN;NaN;NaN;0.0046052090;NaN;NaN
72.1000069290;NaN;NaN;-0.4639514434;NaN;NaN;NaN;NaN;0.0046052090;NaN;NaN
72.1100069281;NaN;NaN;-0.4639316794;NaN;NaN;NaN;NaN;0.0046052090;NaN;NaN
72.1200069271;NaN;NaN;-0.4639514379;NaN;NaN;NaN;NaN;0.0046052090;NaN;NaN
72.1300069262;NaN;NaN;-0.4817612816;NaN;NaN;NaN;NaN;0.0046052090;NaN;NaN
72.1400069252;NaN;NaN;-0.4817612816;NaN;NaN;NaN;NaN;0.0046052090;NaN;NaN
72.1500069242;NaN;NaN;NaN;NaN;NaN;NaN;NaN;NaN;NaN;NaN